MDL,Attorney,Gold_Roles,LLM_Roles,Flag,LLM_Added,LLM_Missed
1431,Adam Hoeflich,LocalCounsel,Communications,disjoint,Communications,LocalCounsel
1431,Andy Birchfield,Management,Management,agree,,
1431,Charles Zimmerman,LeadCounsel,LeadCounsel; Management,llm_added_role,Management,
1431,Dale Larson,Communications,Communications,agree,,
1431,"Daniel E. Becnel, Jr.",,Management,llm_only_not_in_gold,Management,
1431,Daniel Bencel,Management,,gold_only_missed_by_llm,,Management
1431,Dianne Nast,Management,Management,agree,,
1431,Don Barrett,Management,Management,agree,,
1431,Don Hildre,Management,Management,agree,,
1431,Elizabeth Cabraser,Management,Management,agree,,
1431,Fred Magaziner,Communications; LeadCounsel,Communications; LeadCounsel,agree,,
1431,Frederic S. Fox,,Management,llm_only_not_in_gold,Management,
1431,Fredrick Fox,Management,,gold_only_missed_by_llm,,Management
1431,Hope Freiwald,LeadCounsel; LocalCounsel,Communications; LeadCounsel,partial_disagree,Communications,LocalCounsel
1431,James Dugan,Management,Management,agree,,
1431,John Climaco,Management,Management,agree,,
1431,Kenneth Moll,Management,Management,agree,,
1431,Michael Gallagher,Management,Management,agree,,
1431,Paul Geller,Management,Management,agree,,
1431,Peter Sipkins,LocalCounsel,Communications; LocalCounsel,llm_added_role,Communications,
1431,Philip Beck,LeadCounsel,LeadCounsel,agree,,
1431,Richard Lockridge,LeadCounsel,LeadCounsel; Management,llm_added_role,Management,
1431,Robert Limbacher,LeadCounsel; LocalCounsel,Communications; LeadCounsel,partial_disagree,Communications,LocalCounsel
1431,Samuel Heins,Management,Management,agree,,
1431,Scott Smith,LeadCounsel; LocalCounsel,Communications; LeadCounsel,partial_disagree,Communications,LocalCounsel
1431,Stanley Chesley,Management,Management,agree,,
1431,Susan Weber,LocalCounsel,Communications,disjoint,Communications,LocalCounsel
1431,Tracy Van Steenburgh,LeadCounsel; LocalCounsel,Communications; LeadCounsel,partial_disagree,Communications,LocalCounsel
1431,Turner Branch,Management,Management,agree,,
1431,W. Singleton,Management,Management,agree,,
1431,Walter Dumas,Management,Management,agree,,
1431,Will Kemp,Management,Management,agree,,
1566,None None,,ClassCounsel,llm_only_not_in_gold,ClassCounsel,
1566,Blake Harper,LeadCounsel,Communications; LeadCounsel,llm_added_role,Communications,
1566,Craig Corbitt,LeadCounsel,LeadCounsel,agree,,
1566,Marc Edelson,LeadCounsel,Communications; LeadCounsel,llm_added_role,Communications,
1566,Michael Boni,LeadCounsel,Communications; LeadCounsel,llm_added_role,Communications,
1566,Susan Kupfer,LeadCounsel,LeadCounsel,agree,,
1570,Allan Gerson,,Management,llm_only_not_in_gold,Management,
1570,Andrea Bierstein,Management,Management,agree,,
1570,Andrew Maloney,Management,Management,agree,,
1570,Bob Haefele,,Management,llm_only_not_in_gold,Management,
1570,Dennis Pantazis,Management,Management,agree,,
1570,Donald Migliori,Management,Management,agree,,
1570,Elliot Feldman,Management,Management,agree,,
1570,"Frank Granito, III",,Management,llm_only_not_in_gold,Management,
1570,Harry Huge,Management,Management,agree,,
1570,J. Tarbutton,Communications; Management,Communications; Management,agree,,
1570,Jack Cordray,,Management,llm_only_not_in_gold,Management,
1570,James Kreindler,Management,Management,agree,,
1570,Jayne Conroy,Management,Management,agree,,
1570,J.D. Lee,Management,Management,agree,,
1570,Jodi Flowers,Management,Management,agree,,
1570,Joshua Ambush,Management,Management,agree,,
1570,Justin Green,Communications; Management,Communications; Management,agree,,
1570,Ken Nolan,,Management,llm_only_not_in_gold,Management,
1570,Marc Moller,Management,Management,agree,,
1570,Marc D. Powers,,LeadCounsel,llm_only_not_in_gold,LeadCounsel,
1570,Mark Mullen,Management,Management,agree,,
1570,Michael Elsner,,Management,llm_only_not_in_gold,Management,
1570,Michel Baumeister,,Management,llm_only_not_in_gold,Management,
1570,Paul Hanley,Communications; Management,,gold_only_missed_by_llm,,Communications; Management
1570,"Paul J. Hanly, Jr.",,Communications; Management,llm_only_not_in_gold,Communications; Management,
1570,Richard Hailey,Management,Management,agree,,
1570,Ronald Motley,Management,Management,agree,,
1570,Sean Carter,Management,Management,agree,,
1570,Stephen Cozen,Management,Management,agree,,
1570,Thea Capone,,Management,llm_only_not_in_gold,Management,
1570,Thomas Mellon,Management,Management,agree,,
1570,Timothy B. Mills,,LeadCounsel,llm_only_not_in_gold,LeadCounsel,
1663,None None,,Communications; LeadCounsel; Management,llm_only_not_in_gold,Communications; LeadCounsel; Management,
1663,Edith Kallas,Communications,Communications,agree,,
1663,Jay Auslander,Communications,,gold_only_missed_by_llm,,Communications
1700,Chris Hollinger,Communications,Communications,agree,,
1700,J. Rudd,Management,Management,agree,,
1700,Jerald Cureton,Management,Management,agree,,
1700,John H. Beisner,,LeadCounsel,llm_only_not_in_gold,LeadCounsel,
1700,John Hamilton,Communications,Communications,agree,,
1700,Jordan Lewis,Management,Management,agree,,
1700,Lynn Faris,Communications; LeadCounsel,Communications; LeadCounsel; Management,llm_added_role,Management,
1700,Robert Harwood,Communications; LeadCounsel,Communications; LeadCounsel; Management,llm_added_role,Management,
1700,Robert Schwartz,Communications,Communications; LeadCounsel,llm_added_role,LeadCounsel,
1700,Susan Ellingstad,Communications; LeadCounsel,Communications; LeadCounsel; Management,llm_added_role,Management,
1700,Thomas J. Brunner,,Communications,llm_only_not_in_gold,Communications,
1720,None None,,ClassCounsel; Communications; LeadCounsel,llm_only_not_in_gold,ClassCounsel; Communications; LeadCounsel,
1738,None None,,Communications; LeadCounsel,llm_only_not_in_gold,Communications; LeadCounsel,
1836,Arthur Sherman,Bellwether,Trial,disjoint,Trial,Bellwether
1836,James Gray,LeadCounsel,LeadCounsel,agree,,
1836,Joseph Price,Communications,Communications,agree,,
1836,Michael Brown,LeadCounsel,LeadCounsel,agree,,
1836,Peter J. Goss,,Communications,llm_only_not_in_gold,Communications,
1836,Peter Gross,Communications,,gold_only_missed_by_llm,,Communications
1836,Philip Pfaffly,Bellwether,Trial,disjoint,Trial,Bellwether
1836,Scott Smith,Communications,Communications,agree,,
1836,Tara Sutton,Communications; LeadCounsel,Communications; LeadCounsel; Trial,llm_added_role,Trial,
1836,Tracy Van Steenburgh,Communications,Communications,agree,,
1869,None None,,ClassCounsel; LeadCounsel; Management,llm_only_not_in_gold,ClassCounsel; LeadCounsel; Management,
1869,Michael Hausfeld,,LeadCounsel,llm_only_not_in_gold,LeadCounsel,
1871,None None,,Communications,llm_only_not_in_gold,Communications,
1871,Andrew Chirls,Fees,,gold_only_missed_by_llm,,Fees
1871,Benedict Morelli,Management; SettlementAdministration,Management,llm_missed_role,,SettlementAdministration
1871,Bill Robins,Fees; Management,Fees; Management,agree,,
1871,Brian Aylstock,Management,,gold_only_missed_by_llm,,Management
1871,"Brian J. McCormick, Jr.",,Management,llm_only_not_in_gold,Management,
1871,"Brian McCormick, Jr.",Management,,gold_only_missed_by_llm,,Management
1871,Bryan Aylstock,Fees; Management,Fees; Management,agree,,
1871,Corr Stephen,Communications,,gold_only_missed_by_llm,,Communications
1871,David Matthews,Management,Management,agree,,
1871,Diane Nast,,Coordination,llm_only_not_in_gold,Coordination,
1871,Dianne Nast,Coordination; Fees; Management,Coordination; Fees; Management,agree,,
1871,Fred Thompson,Management,Management,agree,,
1871,J. Paul Sizemore,,Management,llm_only_not_in_gold,Management,
1871,James Shaughnessy,Management,Management,agree,,
1871,Joseph Zonies,Fees; Management,Fees; Management,agree,,
1871,Karen Menzies,Management,Management,agree,,
1871,Marc Grossman,Management,Management,agree,,
1871,Mark Lanier,Management,,gold_only_missed_by_llm,,Management
1871,Michael Miller,Management,Management,agree,,
1871,"Paul Kiesel,",Discovery; Fees; Management,Management,llm_missed_role,,Discovery; Fees
1871,Rachel Abrams,Management,Management,agree,,
1871,Samuel Fisher,Management,Management,agree,,
1871,Samuel Lanham,Management,Management,agree,,
1871,Shannon Medley,Management,Management,agree,,
1871,Sizemore J. Paul,Management,,gold_only_missed_by_llm,,Management
1871,Stephen Corr,Communications; Fees; Management,Communications; Fees; Management,agree,,
1871,Thomas Cartmell,Fees; Management,Fees; Management,agree,,
1871,Thomas Mellon,Communications; Management,Communications; Management,agree,,
1871,Tim Goss,SettlementAdministration,,gold_only_missed_by_llm,,SettlementAdministration
1871,Tom Mellon,,Communications,llm_only_not_in_gold,Communications,
1871,Tracy Rezvani,ClassCounsel; Management,Management,llm_missed_role,,ClassCounsel
1871,Turner Branch,Management,Management,agree,,
1871,Vance Andrus,Fees; Management,Fees; Management,agree,,
1871,W. Mark Lanier,,Management,llm_only_not_in_gold,Management,
1880,Steven J. Routh,,Communications,llm_only_not_in_gold,Communications,
1913,None None,,ClassCounsel,llm_only_not_in_gold,ClassCounsel,
1916,Arthur Leahy,LeadCounsel,LeadCounsel,agree,,
1916,Stuart Cohen,LeadCounsel,LeadCounsel,agree,,
1916,Terrance Collingsworth,LeadCounsel,,gold_only_missed_by_llm,,LeadCounsel
1916,Terrence Collingsworth,,LeadCounsel,llm_only_not_in_gold,LeadCounsel,
1917,None None,,ClassCounsel; LeadCounsel,llm_only_not_in_gold,ClassCounsel; LeadCounsel,
1917,Alioto Mario,ClassCounsel; LeadCounsel; Settlement,,gold_only_missed_by_llm,,ClassCounsel; LeadCounsel; Settlement
1917,Bonsignore Robert,ClassCounsel; LeadCounsel,,gold_only_missed_by_llm,,ClassCounsel; LeadCounsel
1917,Cooper Josef,Coordination; LeadCounsel; Settlement,,gold_only_missed_by_llm,,Coordination; LeadCounsel; Settlement
1917,Francis Scarpulla,Communications; LeadCounsel,Communications,llm_missed_role,,LeadCounsel
1917,Guido Saveri,LeadCounsel,ClassCounsel; LeadCounsel,llm_added_role,ClassCounsel,
1917,Mario N. Alioto,,ClassCounsel; LeadCounsel,llm_only_not_in_gold,ClassCounsel; LeadCounsel,
1917,Scarpulla Francis,Coordination; LeadCounsel; Settlement,,gold_only_missed_by_llm,,Coordination; LeadCounsel; Settlement
1917,Theresa Moore,LeadCounsel,,gold_only_missed_by_llm,,LeadCounsel
1964,Alejandro Alvarez,Management,Management,agree,,
1964,Andrew D’Arcy,Management,Management,agree,,
1964,Carmen Scott,Management,Management,agree,,
1964,Eric Roberson,Management,Management,agree,,
1964,Gregory McEwen,Management,Management,agree,,
1964,Hunter Shkolnik,LeadCounsel; Management; Settlement; SettlementAdministration,LeadCounsel; Management; Settlement,llm_missed_role,,SettlementAdministration
1964,John Kirtley,Management,Management,agree,,
1964,Jubal Hamil,Management,Management,agree,,
1964,Kristine Kraft,Communications; Management; Settlement; SettlementAdministration,Communications; LeadCounsel; Management; Settlement,partial_disagree,LeadCounsel,SettlementAdministration
1964,Mark Tate,Management,Management,agree,,
1964,Michael Johnson,Management,Management,agree,,
1964,Paul Rheingold,Communications; LeadCounsel,LeadCounsel; Management,partial_disagree,Management,Communications
1964,Rhett Klok,Management,Management,agree,,
1964,Richard Arsenault,Management,Management,agree,,
1964,Roger Denton,Management; Settlement; SettlementAdministration,Communications; LeadCounsel; Management; Settlement,partial_disagree,Communications; LeadCounsel,SettlementAdministration
1964,Steven Blau,LeadCounsel; Management,LeadCounsel; Management,agree,,
1964,Yvonne Flaherty,Management,Management,agree,,
2002,None None,,LeadCounsel,llm_only_not_in_gold,LeadCounsel,
2002,Jan Levine,Communications,Communications,agree,,
2002,Krishna Narine,Communications,Communications,agree,,
2002,Michael Hausfeld,LeadCounsel,LeadCounsel,agree,,
2002,Robin Sumner,,Communications,llm_only_not_in_gold,Communications,
2002,Stanley Bernstein,LeadCounsel,LeadCounsel,agree,,
2002,Stephen Susman,LeadCounsel,LeadCounsel,agree,,
2002,Steven Asher,Communications; LeadCounsel,Communications; LeadCounsel,agree,,
2009,None None,,Communications; LeadCounsel,llm_only_not_in_gold,Communications; LeadCounsel,
2020,None None,,Management,llm_only_not_in_gold,Management,
2020,Andrew Friedman,ClassCounsel; Settlement,ClassCounsel,llm_missed_role,,Settlement
2020,Christopher Burke,ClassCounsel; Settlement,ClassCounsel,llm_missed_role,,Settlement
2020,Christopher Ridout,ClassCounsel; Settlement,ClassCounsel,llm_missed_role,,Settlement
2020,D. Hufford,ClassCounsel; Settlement,ClassCounsel,llm_missed_role,,Settlement
2020,David Scott,ClassCounsel; Settlement,ClassCounsel,llm_missed_role,,Settlement
2020,Diogenes Kekatos,ClassCounsel; Settlement,ClassCounsel,llm_missed_role,,Settlement
2020,Edith Kallas,ClassCounsel; Settlement,ClassCounsel,llm_missed_role,,Settlement
2020,H. Hoffman,ClassCounsel; Settlement,ClassCounsel,llm_missed_role,,Settlement
2020,James Cecchi,ClassCounsel; Settlement,ClassCounsel,llm_missed_role,,Settlement
2020,Joe Whatley,ClassCounsel; Settlement,ClassCounsel,llm_missed_role,,Settlement
2020,Joseph Guglielmo,ClassCounsel; Settlement,ClassCounsel,llm_missed_role,,Settlement
2020,Kevin Roddy,ClassCounsel; Settlement,ClassCounsel,llm_missed_role,,Settlement
2020,Raymond Boucher,ClassCounsel; Settlement,ClassCounsel,llm_missed_role,,Settlement
2020,Robert Axelrod,ClassCounsel; Settlement,ClassCounsel,llm_missed_role,,Settlement
2020,Stephen Weiss,ClassCounsel; Settlement,ClassCounsel,llm_missed_role,,Settlement
2034,None None,,Communications; LeadCounsel; Management,llm_only_not_in_gold,Communications; LeadCounsel; Management,
2034,Dianne Nast,ClassCounsel,,gold_only_missed_by_llm,,ClassCounsel
2034,Kenneth Wexler,ClassCounsel,,gold_only_missed_by_llm,,ClassCounsel
2034,Stephen Corr,ClassCounsel,,gold_only_missed_by_llm,,ClassCounsel
2036,None None,,ClassCounsel; LeadCounsel; Management,llm_only_not_in_gold,ClassCounsel; LeadCounsel; Management,
2036,Aaron Podhurst,ClassCounsel; LeadCounsel; SettlementAdministration,LeadCounsel,llm_missed_role,,ClassCounsel; SettlementAdministration
2036,Andrew Friedman,ClassCounsel,,gold_only_missed_by_llm,,ClassCounsel
2036,Barbara  Olk,ClassCounsel; SettlementAdministration,,gold_only_missed_by_llm,,ClassCounsel; SettlementAdministration
2036,Barry Davidson,Communications,Communications,agree,,
2036,Bonny Sweeney,ClassCounsel; SettlementAdministration,,gold_only_missed_by_llm,,ClassCounsel; SettlementAdministration
2036,Bruce Rogow,ClassCounsel; LeadCounsel; SettlementAdministration,LeadCounsel; Management,partial_disagree,Management,ClassCounsel; SettlementAdministration
2036,Bruce Steckler,ClassCounsel; SettlementAdministration,,gold_only_missed_by_llm,,ClassCounsel; SettlementAdministration
2036,Burton  Finkelstein,ClassCounsel; SettlementAdministration,,gold_only_missed_by_llm,,ClassCounsel; SettlementAdministration
2036,Cory Fein,ClassCounsel; SettlementAdministration,,gold_only_missed_by_llm,,ClassCounsel; SettlementAdministration
2036,Darren Kaplan,ClassCounsel; SettlementAdministration,,gold_only_missed_by_llm,,ClassCounsel; SettlementAdministration
2036,David Lichter,ClassCounsel; SettlementAdministration,,gold_only_missed_by_llm,,ClassCounsel; SettlementAdministration
2036,David Pastor,ClassCounsel; SettlementAdministration,,gold_only_missed_by_llm,,ClassCounsel; SettlementAdministration
2036,David Stellings,ClassCounsel; SettlementAdministration,,gold_only_missed_by_llm,,ClassCounsel; SettlementAdministration
2036,Edward Webb,ClassCounsel; SettlementAdministration,,gold_only_missed_by_llm,,ClassCounsel; SettlementAdministration
2036,Elaine Ryan,ClassCounsel; SettlementAdministration,,gold_only_missed_by_llm,,ClassCounsel; SettlementAdministration
2036,Franklin Lemond,ClassCounsel; SettlementAdministration,,gold_only_missed_by_llm,,ClassCounsel; SettlementAdministration
2036,Hassan Zavareei,ClassCounsel; SettlementAdministration,,gold_only_missed_by_llm,,ClassCounsel; SettlementAdministration
2036,Jeff  Geraci,ClassCounsel; SettlementAdministration,,gold_only_missed_by_llm,,ClassCounsel; SettlementAdministration
2036,Jeffrey Ostrow,ClassCounsel; SettlementAdministration,,gold_only_missed_by_llm,,ClassCounsel; SettlementAdministration
2036,Jeremy  Alters,ClassCounsel; SettlementAdministration,,gold_only_missed_by_llm,,ClassCounsel; SettlementAdministration
2036,Joseph Sauder,ClassCounsel; SettlementAdministration,,gold_only_missed_by_llm,,ClassCounsel; SettlementAdministration
2036,Ken  Grunfeld,ClassCounsel; SettlementAdministration,,gold_only_missed_by_llm,,ClassCounsel; SettlementAdministration
2036,Mazin Sbaiti,ClassCounsel; SettlementAdministration,,gold_only_missed_by_llm,,ClassCounsel; SettlementAdministration
2036,Michael Sobol,ClassCounsel; SettlementAdministration,,gold_only_missed_by_llm,,ClassCounsel; SettlementAdministration
2036,Patricia Syverson,ClassCounsel,,gold_only_missed_by_llm,,ClassCounsel
2036,Patrick Sheehan,ClassCounsel; SettlementAdministration,,gold_only_missed_by_llm,,ClassCounsel; SettlementAdministration
2036,Peter Prieto,ClassCounsel; SettlementAdministration,,gold_only_missed_by_llm,,ClassCounsel; SettlementAdministration
2036,Rachel Jensen,ClassCounsel,,gold_only_missed_by_llm,,ClassCounsel
2036,Richard  Golomb,ClassCounsel; SettlementAdministration,,gold_only_missed_by_llm,,ClassCounsel; SettlementAdministration
2036,Richard McCune,ClassCounsel; SettlementAdministration,,gold_only_missed_by_llm,,ClassCounsel; SettlementAdministration
2036,Robert Gilbert,ClassCounsel; SettlementAdministration,Coordination,disjoint,Coordination,ClassCounsel; SettlementAdministration
2036,Ruben Honik,ClassCounsel; SettlementAdministration,,gold_only_missed_by_llm,,ClassCounsel; SettlementAdministration
2036,Russell Budd,ClassCounsel; SettlementAdministration,,gold_only_missed_by_llm,,ClassCounsel; SettlementAdministration
2036,Scott Gilchrist,ClassCounsel; SettlementAdministration,,gold_only_missed_by_llm,,ClassCounsel; SettlementAdministration
2036,Sean Matt,ClassCounsel; SettlementAdministration,,gold_only_missed_by_llm,,ClassCounsel; SettlementAdministration
2036,Stuart Grossman,ClassCounsel; SettlementAdministration,,gold_only_missed_by_llm,,ClassCounsel; SettlementAdministration
2036,Ted Trief,ClassCounsel; SettlementAdministration,,gold_only_missed_by_llm,,ClassCounsel; SettlementAdministration
2036,Todd Carpenter,ClassCounsel,,gold_only_missed_by_llm,,ClassCounsel
2036,William  Hearon,ClassCounsel; SettlementAdministration,,gold_only_missed_by_llm,,ClassCounsel; SettlementAdministration
2047,None None,,ClassCounsel,llm_only_not_in_gold,ClassCounsel,
2047,Adam Linkhorst,ClassCounsel; SettlementAdministration,ClassCounsel,llm_missed_role,,SettlementAdministration
2047,Adrianne Baumgartner,Management,Management,agree,,
2047,Alan Yacoubian,Management,Management,agree,,
2047,Allison Grant,Fees,,gold_only_missed_by_llm,,Fees
2047,Amanda Vonderhaar,Management,Management,agree,,
2047,Arnold Levin,ClassCounsel; LeadCounsel; Management; SettlementAdministration,ClassCounsel; Fees; LeadCounsel; Management; SettlementAdministration,llm_added_role,Fees,
2047,Ben Gordon,Management,Management,agree,,
2047,Bruce Steckler,Management; SettlementAdministration,Management,llm_missed_role,,SettlementAdministration
2047,Charles Chassaignac,Management,Management,agree,,
2047,Christopher Seeger,Management,Fees; Management,llm_added_role,Fees,
2047,Daniel Becnel,Management,Management,agree,,
2047,Daniel Bryson,Management,ClassCounsel; Management,llm_added_role,ClassCounsel,
2047,Dawn Barrios,Coordination; Management; SettlementAdministration,Coordination; Fees; Management; SettlementAdministration,llm_added_role,Fees,
2047,Donald Hayden,Coordination,Coordination,agree,,
2047,Dorothy Wimberly,SettlementAdministration,,gold_only_missed_by_llm,,SettlementAdministration
2047,Ervin Gonzalez,Coordination; Management,Coordination; Management,agree,,
2047,Gary Mason,ClassCounsel; SettlementAdministration,ClassCounsel,llm_missed_role,,SettlementAdministration
2047,Gary Russo,Management,Management,agree,,
2047,Gerald Meunier,Management; SettlementAdministration,Fees; Management,partial_disagree,Fees,SettlementAdministration
2047,Gregory Weiss,ClassCounsel; SettlementAdministration,ClassCounsel,llm_missed_role,,SettlementAdministration
2047,H. Pipes,Management,Management,agree,,
2047,Harry Rosenberg,Communications,Communications,agree,,
2047,Hilarie Bass,Coordination; SettlementAdministration,Coordination,llm_missed_role,,SettlementAdministration
2047,Hugh Lambert,Management,Management,agree,,
2047,James Reeves,Coordination; Management,Coordination; Management,agree,,
2047,Jan Atlas,Coordination,Coordination,agree,,
2047,Jay Sever,Management,Management,agree,,
2047,Jeffrey Backman,Coordination,Coordination,agree,,
2047,Jennifer McNamara,Management,Management,agree,,
2047,Jeremy Alters,Coordination,Coordination,agree,,
2047,Jerrold Parker,Management,Management,agree,,
2047,Jerry Saporito,Management,Management,agree,,
2047,Joe Cyr,,LeadCounsel; Management,llm_only_not_in_gold,LeadCounsel; Management,
2047,Joel Rhine,ClassCounsel; SettlementAdministration,ClassCounsel,llm_missed_role,,SettlementAdministration
2047,John Culotta,Management,Management,agree,,
2047,Judy Barrasso,LeadCounsel; Management,LeadCounsel; Management,agree,,
2047,Kerry Miller,Communications,Communications,agree,,
2047,Lenny Davis,Fees,,gold_only_missed_by_llm,,Fees
2047,Michael J. Ryan,,Fees,llm_only_not_in_gold,Fees,
2047,Minor Pipes,SettlementAdministration,,gold_only_missed_by_llm,,SettlementAdministration
2047,Neal Favret,Management,Management,agree,,
2047,Patrick Montoya,Fees,,gold_only_missed_by_llm,,Fees
2047,Ralph Hubbard,Management,LeadCounsel; Management,llm_added_role,LeadCounsel,
2047,Randy Evans,Management,Management,agree,,
2047,Richard Duplantier,Coordination; Management,Coordination; Management,agree,,
2047,Richard Lewis,SettlementAdministration,SettlementAdministration,agree,,
2047,Richard Oelsnar,Management,Management,agree,,
2047,Richard Serpe,Coordination; Management,Coordination; Fees; Management; SettlementAdministration,llm_added_role,Fees; SettlementAdministration,
2047,Richard C. Stanley,,LeadCounsel; Management,llm_only_not_in_gold,LeadCounsel; Management,
2047,Robert Darroch,Management,Management,agree,,
2047,Robert Fitzsimmons,LeadCounsel,LeadCounsel,agree,,
2047,Robert Josefsberg,Management,Management,agree,,
2047,Rodrigo Garcia,Management,Management,agree,,
2047,Russ Herman,ClassCounsel; Communications; Management; SettlementAdministration,ClassCounsel; Communications; Fees; Management; SettlementAdministration,llm_added_role,Fees,
2047,Sandra Duggan,Fees,,gold_only_missed_by_llm,,Fees
2047,Scott Weinstein,Coordination; Management,Coordination; Management,agree,,
2047,Seth A. Schmeeckle,,Management,llm_only_not_in_gold,Management,
2047,Skip Lambert,Fees,,gold_only_missed_by_llm,,Fees
2047,Stephen Berry,Management,Management,agree,,
2047,Stephen Marcellino,Management,Management,agree,,
2047,Steven Glickstein,SettlementAdministration,,gold_only_missed_by_llm,,SettlementAdministration
2047,Victor Diaz,Management,Management,agree,,
2047,Virginia Y. Trainor,,Management,llm_only_not_in_gold,Management,
2067,Christopher Coffin,Management,Management,agree,,
2067,James Dugan,ClassCounsel; Management,ClassCounsel; Management,agree,,
2067,Stephen Swedlow,ClassCounsel,ClassCounsel,agree,,
2067,Thomas Sobol,LeadCounsel; Management,Management,llm_missed_role,,LeadCounsel
2084,Bruce Gerstein,LeadCounsel,ClassCounsel; LeadCounsel,llm_added_role,ClassCounsel,
2084,David Sorensen,LeadCounsel,ClassCounsel; LeadCounsel,llm_added_role,ClassCounsel,
2084,Eric Cramer,LeadCounsel,ClassCounsel; LeadCounsel,llm_added_role,ClassCounsel,
2084,John Radice,LeadCounsel,ClassCounsel; LeadCounsel,llm_added_role,ClassCounsel,
2084,Joseph Opper,LeadCounsel,ClassCounsel; LeadCounsel,llm_added_role,ClassCounsel,
2084,Kenneth Canfield,Communications,Communications,agree,,
2084,Linda Nussbaum,LeadCounsel,ClassCounsel; LeadCounsel,llm_added_role,ClassCounsel,
2151,Benjamin Bailey,Management,Management,agree,,
2151,Brian Panish,Management,Communications; Management,llm_added_role,Communications,
2151,Cari Dawson,LeadCounsel,LeadCounsel,agree,,
2151,Dawn Barrios,Coordination; Management,Communications; Coordination,partial_disagree,Communications,Management
2151,Donald Slavik,Management,Communications; Management,llm_added_role,Communications,
2151,Elizabeth Cabraser,Discovery; Fees; LeadCounsel,Communications; Discovery; LeadCounsel; Management,partial_disagree,Communications; Management,Fees
2151,Eric Snyder,Management,Communications,disjoint,Communications,Management
2151,Frank Pitre,Discovery; LeadCounsel,Discovery; LeadCounsel; Management,llm_added_role,Management,
2151,Frank M. Pitre,LeadCounsel,,gold_only_missed_by_llm,,LeadCounsel
2151,Gretchen Nelson,Coordination,Coordination,agree,,
2151,Hunter Shkolnik,Management,Communications; Management,llm_added_role,Communications,
2151,Jayne Conroy,Management,Management,agree,,
2151,Jerome Ringler,Management,Management,agree,,
2151,Joel Smith,LeadCounsel,Communications; LeadCounsel,llm_added_role,Communications,
2151,Lewis Eidson,Management,Communications; Management,llm_added_role,Communications,
2151,Lisa Gilford,Coordination; LeadCounsel,Coordination; LeadCounsel,agree,,
2151,Marc Seltzer,Discovery; LeadCounsel,Discovery; LeadCounsel; Management,llm_added_role,Management,
2151,Mark Robinson,Discovery; Fees; LeadCounsel,Communications; Discovery; LeadCounsel; Management,partial_disagree,Communications; Management,Fees
2151,Michael Kelly,Management,Management,agree,,
2151,Monica Kelley,ClassCounsel; Motions,LeadCounsel,disjoint,LeadCounsel,ClassCounsel; Motions
2151,Monica R. Kelly,,Motions,llm_only_not_in_gold,Motions,
2151,Richard Arsenault,Management,Management,agree,,
2151,Richard McCune,Management,Communications; Management,llm_added_role,Communications,
2151,S. Scott West,,Communications,llm_only_not_in_gold,Communications,
2151,S. Scott West,Management,,gold_only_missed_by_llm,,Management
2151,Stanley Chesley,Management,Management,agree,,
2151,Steve Berman,Discovery; LeadCounsel,,gold_only_missed_by_llm,,Discovery; LeadCounsel
2151,Steven Berman,LeadCounsel,Discovery; LeadCounsel; Management,llm_added_role,Discovery; Management,
2151,Vince Galvin,Coordination; LeadCounsel,Communications; Coordination; LeadCounsel,llm_added_role,Communications,
2151,W. Lanier,Management,Communications; Management,llm_added_role,Communications,
2151,W. Miles,Management,Communications; Management,llm_added_role,Communications,
2151,W.B. Markovits,,Management,llm_only_not_in_gold,Management,
2151,W. Daniel Miles,Management,,gold_only_missed_by_llm,,Management
2151,Wylie Aitken,Coordination,Coordination,agree,,
2153,Jonathan Waller,LeadCounsel; Management,Management,llm_missed_role,,LeadCounsel
2153,Kirk Tresemer,Communications; LeadCounsel,ClassCounsel; Communications; LeadCounsel,llm_added_role,ClassCounsel,
2153,Matthew Geragos,Management,Management,agree,,
2153,Peter McNulty,Communications; LeadCounsel,ClassCounsel; Communications; LeadCounsel,llm_added_role,ClassCounsel,
2153,Scott Devereaux,LeadCounsel; Management,Management,llm_missed_role,,LeadCounsel
2158,Andrew Campbell,Communications,Communications,agree,,
2158,Christopher Seeger,Communications,Communications,agree,,
2158,Edward Fanning,,Communications,llm_only_not_in_gold,Communications,
2158,James Cecchi,Communications,Communications,agree,,
2158,John Schlafer,Communications,Communications,agree,,
2158,John Tanner,Communications,Communications,agree,,
2158,Wendy Fleishman,LeadCounsel,Communications,disjoint,Communications,LeadCounsel
2158,Zane Riester,,Communications,llm_only_not_in_gold,Communications,
2179,Alan Weigel,Management,Management,agree,,
2179,Alphonso Michael Espy,,Management,llm_only_not_in_gold,Management,
2179,Alphonso Michael Epsy,Management,,gold_only_missed_by_llm,,Management
2179,Alphonso Michael Espy,Management,,gold_only_missed_by_llm,,Management
2179,Arnold Levin,,Fees,llm_only_not_in_gold,Fees,
2179,Brian Barr,Management,Fees; Management,llm_added_role,Fees,
2179,Calvin Fayard,Management,Fees; Management,llm_added_role,Fees,
2179,Conrad Williams,Management,Management,agree,,
2179,Daniel Goforth,Management,Management,agree,,
2179,David Beck,Communications; Management,Communications; Management,agree,,
2179,Dawn M. Barrios,,Fees,llm_only_not_in_gold,Fees,
2179,Deborah Kuchler,Communications; Management,Communications; Management,agree,,
2179,Don Haycraft,Communications,Communications,agree,,
2179,Don Jackson,Management,Management,agree,,
2179,Donald E. Godwin,,Communications; Management,llm_only_not_in_gold,Communications; Management,
2179,Donald Goodwin,Communications; Management,,gold_only_missed_by_llm,,Communications; Management
2179,Elizabeth Cabraser,Management,Management,agree,,
2179,Ervin Gonzalez,Management,Management,agree,,
2179,Frances Bivens,Management,Management,agree,,
2179,Glenn Goodier,Management,Management,agree,,
2179,Hugh Tanner,Management,Management,agree,,
2179,J. Andrew Langan,,Communications; Management,llm_only_not_in_gold,Communications; Management,
2179,James D. “Buddy” Caldwell,,Coordination,llm_only_not_in_gold,Coordination,
2179,James Roy,ClassCounsel; Communications; Management,ClassCounsel; Communications; Fees; Management,llm_added_role,Fees,
2179,J. Andrew Langan,Communications; Management,,gold_only_missed_by_llm,,Communications; Management
2179,Jeffery Breit,Management,Management,agree,,
2179,Jeffrey Breit,Management,Management,agree,,
2179,Joseph Rice,Management,Management,agree,,
2179,Kerry Miller,Communications,Communications,agree,,
2179,Kirby Ky,Communications; Management,,gold_only_missed_by_llm,,Communications; Management
2179,Ky E. Kirby,,Communications; Management,llm_only_not_in_gold,Communications; Management,
2179,Luther Strange,,Coordination,llm_only_not_in_gold,Coordination,
2179,Mary Rose Alexander,,Management,llm_only_not_in_gold,Management,
2179,Mary Rose Alexander,Management,,gold_only_missed_by_llm,,Management
2179,Matthew Lundy,Management,Management,agree,,
2179,Michael Lyle,Communications; Management,Communications; Management,agree,,
2179,Michael Palmintier,Management,Management,agree,,
2179,Mikal Watts,Management,Management,agree,,
2179,Paul Sterbcow,Management,Management,agree,,
2179,Philip Cossich,Management,Management,agree,,
2179,Phillip Wittman,Communications,,gold_only_missed_by_llm,,Communications
2179,Phillip A. Wittmann,,Communications,llm_only_not_in_gold,Communications,
2179,R. Michael Underhill,,Coordination,llm_only_not_in_gold,Coordination,
2179,Rhon Jones,Management,Management,agree,,
2179,Robert Cunningham,Management,Fees; Management,llm_added_role,Fees,
2179,Robin Greenwald,Management,Fees; Management,llm_added_role,Fees,
2179,Sandra L. Duggan,,Fees,llm_only_not_in_gold,Fees,
2179,Scott Summy,Management,Management,agree,,
2179,Stephen Herman,ClassCounsel; Communications; Management,ClassCounsel; Communications; Fees; Management,llm_added_role,Fees,
2184,Daniel Small,ClassCounsel; LeadCounsel,ClassCounsel; LeadCounsel,agree,,
2184,Elizabeth Cabraser,ClassCounsel; Communications,ClassCounsel; Communications,agree,,
2184,Jeffrey Kodroff,ClassCounsel; LeadCounsel,ClassCounsel; LeadCounsel,agree,,
2185,None None,,ClassCounsel; Communications; LeadCounsel; Management,llm_only_not_in_gold,ClassCounsel; Communications; LeadCounsel; Management,
2187,A. De Bartolomeo,Management,Management,agree,,
2187,Aimee Wagstaff,Management,Management,agree,,
2187,A. J. De Bartolomeo,Management,,gold_only_missed_by_llm,,Management
2187,Alyson Oliver,Management,Management,agree,,
2187,Amiee Wagstaff,Management,Management,agree,,
2187,Amy Eskin,Management,Management,agree,,
2187,Archibald Lamb,Management,Management,agree,,
2187,Ben Anderson,Management,Management,agree,,
2187,Bill Robins,Management,Management,agree,,
2187,Bryan Aylstock,LeadCounsel; Management,LeadCounsel; Management,agree,,
2187,Carl Frankovitch,Communications; Fees; Management,Communications; Fees; Management,agree,,
2187,Chris Placitella,Management,Management,agree,,
2187,Clayton Clark,Fees; Management,Fees; Management,agree,,
2187,Dave Matthews,Management,Management,agree,,
2187,David Allen,Management,Management,agree,,
2187,Deborah Moeller,LeadCounsel,LeadCounsel,agree,,
2187,Derek Potts,LeadCounsel; Management,LeadCounsel; Management,agree,,
2187,Dianne Nast,Management,Management,agree,,
2187,Don Sensabaugh,LeadCounsel,LeadCounsel,agree,,
2187,Doug Monsour,Management,Management,agree,,
2187,Ed Blizzard,Management,Management,agree,,
2187,Edward Wallace,Management,Management,agree,,
2187,Eric Chaffin,Management,Management,agree,,
2187,Erik Walker,Management,Management,agree,,
2187,Erin Copeland,Management,Management,agree,,
2187,Fidelma Fitzpatrick,Management,Management,agree,,
2187,Fred Thompson,Communications; LeadCounsel; Management,Communications; LeadCounsel; Management,agree,,
2187,Harry Bell,Communications; Management,Communications; Management,agree,,
2187,Henry Garrard,Communications; Fees; LeadCounsel; Management,Communications; Fees; LeadCounsel; Management,agree,,
2187,Hunter Shkolnik,Management,Management,agree,,
2187,J Osborne,Management,Management,agree,,
2187,J. Rogers,Management,Management,agree,,
2187,Jayne Conroy,Management,Management,agree,,
2187,Jeff Grand,Management,Management,agree,,
2187,Jerry Parker,Management,Management,agree,,
2187,Joe Osborne,Management,,gold_only_missed_by_llm,,Management
2187,Joe Saunders,Management,Management,agree,,
2187,Joe Zanies,Management,,gold_only_missed_by_llm,,Management
2187,Joe Zonies,,Management,llm_only_not_in_gold,Management,
2187,John Foley,Management,Management,agree,,
2187,John Restaino,Management,Management,agree,,
2187,Jon Restaino,Management,Management,agree,,
2187,Joseph Rice,Fees,Fees,agree,,
2187,Josh Wages,Management,Management,agree,,
2187,J.R. Rogers,Management,Management,agree,,
2187,Karen Beyea-Schroeder,Management,Management,agree,,
2187,Karen Menzies,Management,Management,agree,,
2187,Kim Wilson,Management,Management,agree,,
2187,Laura Yaeger,Management,Management,agree,,
2187,Laura Yeager,Management,Management,agree,,
2187,Lawrence Tweel,Communications,Communications,agree,,
2187,Lee Balefsky,Management,Management,agree,,
2187,Leigh O'Dell,Management,Management,agree,,
2187,Lisa Blue,Management,Management,agree,,
2187,Lisa Gorshe,Management,Management,agree,,
2187,Marc Williams,Communications,Communications,agree,,
2187,Mark Mueller,Management,Management,agree,,
2187,Martin Crump,Management,Management,agree,,
2187,Melissa Bird,Communications,Communications,agree,,
2187,Michael Goetz,Management,Management,agree,,
2187,Michelle Parfitt,Management,Management,agree,,
2187,Mike Miller,Management,Management,agree,,
2187,Norwood Wilner,Management,Management,agree,,
2187,Paul Farrell,Communications; Management,Communications; Management,agree,,
2187,Pete Flowers,Management,Management,agree,,
2187,Rachel Abrams,Management,Management,agree,,
2187,Renee Baggett,Fees; Management,Fees; Management,agree,,
2187,Richard Arsenault,Management,Management,agree,,
2187,Richard North,LeadCounsel,LeadCounsel,agree,,
2187,Rick Meadow,Management,Management,agree,,
2187,Riley Burnett,Fees; Management,Fees; Management,agree,,
2187,Robert Price,Management,Management,agree,,
2187,Robert Salim,Management,Management,agree,,
2187,Russell Budd,Management,Management,agree,,
2187,Sandra Bresnick,LeadCounsel,LeadCounsel,agree,,
2187,Scott Love,Management,Management,agree,,
2187,Stacy Hauer,Management,Management,agree,,
2187,Thomas Cartmell,Fees; Management,Fees; Management,agree,,
2187,Tim Goss,Management,Management,agree,,
2187,Todd Harvey,Management,Management,agree,,
2187,Tom Anapol,Management,Management,agree,,
2187,Tom Cartmell,Management,Management,agree,,
2187,Victoria Maniatis,Management,Management,agree,,
2187,Willard Moody,Management,Management,agree,,
2187,William McKee,Fees,,gold_only_missed_by_llm,,Fees
2187,Yvonne Flaherty,Fees; Management,Fees; Management,agree,,
2187,Zonles Joe,Management,,gold_only_missed_by_llm,,Management
2197,Amy Solomon,Coordination,Coordination,agree,,
2197,Andres Alonso,Management,Management,agree,,
2197,Annesley DeGaris,Expert,Expert,agree,,
2197,Ben Gordon,Fees; Management,Fees; Management,agree,,
2197,Christopher Placitella,Coordination,Coordination,agree,,
2197,Christopher Seeger,Fees; Management,Fees; Management,agree,,
2197,Donald Migliori,Management,Management,agree,,
2197,Ed Blizzard,Management,Management,agree,,
2197,Ellen Relkin,Fees; LeadCounsel; Management,Fees; LeadCounsel; Management,agree,,
2197,Esther Berezofsky,Management,Management,agree,,
2197,Hezekiah Sistrunk,Discovery,Discovery,agree,,
2197,Jane Conroy,,Management,llm_only_not_in_gold,Management,
2197,Jayne Conroy,Management,,gold_only_missed_by_llm,,Management
2197,John Restaino,Expert,Expert,agree,,
2197,Ken Seeger,Expert,Expert,agree,,
2197,Kenneth Seeger,Fees,Fees,agree,,
2197,Khaldoun Baghdadi,Fees,Fees,agree,,
2197,Kristen Mayer,Communications,Communications,agree,,
2197,Lawrence Gornick,Fees; Management,Fees; Management,agree,,
2197,Leonard Davis,Management,Management,agree,,
2197,Mark Lanier,Management,Management,agree,,
2197,Mark Robinson,Fees; Management,Fees; Management,agree,,
2197,Michael Kelly,Fees,Fees,agree,,
2197,Michael London,Management,Management,agree,,
2197,Michelle Kranz,Communications; Fees,Communications; Fees,agree,,
2197,Navan Ward,Management,Management,agree,,
2197,Pete Kaufman,Fees,Fees,agree,,
2197,Peter Flowers,Fees,Fees,agree,,
2197,Peter Polos,Management,Management,agree,,
2197,Philip Bohrer,Discovery,Discovery,agree,,
2197,R. Kennedy,Fees; Management,Fees; Management,agree,,
2197,Richard Arsenault,Discovery,Discovery,agree,,
2197,Robert Tucker,LeadCounsel,LeadCounsel,agree,,
2197,Saul Katz,Management,,gold_only_missed_by_llm,,Management
2197,Seth Katz,,Management,llm_only_not_in_gold,Management,
2197,Steven Baron,Expert,Expert,agree,,
2197,Steven Skikos,Fees; LeadCounsel; Management,Fees; LeadCounsel; Management,agree,,
2197,Susan Sharko,LeadCounsel,LeadCounsel,agree,,
2197,Tara Sutton,Motions,Motions,agree,,
2197,Thomas Anapol,Discovery,Discovery,agree,,
2197,Timothy Becker,Motions,Motions,agree,,
2197,Trent Miracle,Discovery,Discovery,agree,,
2197,Troy Rafferty,Fees,Fees,agree,,
2197,Turner Branch,Discovery,Discovery,agree,,
2197,Wendy Fleishman,Management,Management,agree,,
2221,None None,,ClassCounsel,llm_only_not_in_gold,ClassCounsel,
2221,Christopher W. Hellmich,,ClassCounsel; LeadCounsel,llm_only_not_in_gold,ClassCounsel; LeadCounsel,
2221,Cristopher Hellmich,LeadCounsel,,gold_only_missed_by_llm,,LeadCounsel
2221,Gary Friedman,ClassCounsel; LeadCounsel,ClassCounsel; LeadCounsel,agree,,
2221,Hellmich Christopher,ClassCounsel; LeadCounsel,,gold_only_missed_by_llm,,ClassCounsel; LeadCounsel
2221,Mark Reinhardt,LeadCounsel; Management,ClassCounsel; LeadCounsel; Management,llm_added_role,ClassCounsel,
2221,Michael Hausfeld,LeadCounsel,ClassCounsel; LeadCounsel,llm_added_role,ClassCounsel,
2221,Vincent Esades,Management,Management,agree,,
2243,None None,,Communications; Management,llm_only_not_in_gold,Communications; Management,
2243,Arnold Levin,Management,Management,agree,,
2243,Christopher Seeger,Management,Management,agree,,
2243,David Dickens,Management,Management,agree,,
2243,Frank Piscitelli,Management,Management,agree,,
2243,Fred Thompson,Management,Management,agree,,
2243,George E. McDavid,,Communications,llm_only_not_in_gold,Communications,
2243,Glenn S. Kerner,,Communications,llm_only_not_in_gold,Communications,
2243,James Cecchi,Management,Management,agree,,
2243,James Dugan,Management,Management,agree,,
2243,Leonard Davis,Management,Management,agree,,
2243,Mark Robinson,Management,Management,agree,,
2243,Perry Weitz,Management,Management,agree,,
2243,Victoria Maniatis,Management,Management,agree,,
2243,Wesley Cook,Management,Management,agree,,
2244,Adam Salvas,Motions,Motions,agree,,
2244,Andrea Bierstein,Motions,Motions,agree,,
2244,Ben Gordon,Expert; Management,Expert; Management,agree,,
2244,Brian Devine,Expert,Expert,agree,,
2244,C. Warriner,Management,Management,agree,,
2244,Christopher Seeger,Management,Management,agree,,
2244,Dana Taschner,Management,Management,agree,,
2244,Don Migliori,Management,Management,agree,,
2244,Donald Migliori,Management,,gold_only_missed_by_llm,,Management
2244,Douglass Kreis,Management,Management,agree,,
2244,Eric Johnson,Discovery,Discovery,agree,,
2244,Franklin Azar,Management,Management,agree,,
2244,Hunter Shkolnik,Management,Management,agree,,
2244,Jane Sams,Discovery; Management,Discovery; Management,agree,,
2244,Jayne Conroy,Management,Fees; Management,llm_added_role,Fees,
2244,Jeff Grand,Discovery; Management,Discovery; Management,agree,,
2244,Jennifer Hoekstra,Motions,Motions,agree,,
2244,Jerold Parker,Management,Management,agree,,
2244,John Climaco,Management,Management,agree,,
2244,John Restaino,Expert; Management,Expert; Management,agree,,
2244,John Romano,Expert,Expert,agree,,
2244,Julia Zaic,Expert,Expert,agree,,
2244,Justin Presnal,Motions,Motions,agree,,
2244,Kenneth Seeger,Coordination; Management; Trial,Coordination; Management; Trial,agree,,
2244,Kevin Parker,Expert; Motions,Motions,llm_missed_role,,Expert
2244,Khaldoun Baghdadi,Coordination; Management; Motions; Trial,Management; Trial,llm_missed_role,,Coordination; Motions
2244,Larry Boyd,Coordination; LeadCounsel; Management; Trial,LeadCounsel; Management; Trial,llm_missed_role,,Coordination
2244,Lawrence Gornick,Discovery; Management,Discovery; Management,agree,,
2244,Lori Restaino,Expert,Expert,agree,,
2244,Marc Bernstein,Management,,gold_only_missed_by_llm,,Management
2244,Marc Grossman,Management,Management,agree,,
2244,Mark Lanier,,Fees,llm_only_not_in_gold,Fees,
2244,Matthew Haindfield,Discovery,Discovery,agree,,
2244,Megan McKenzie,Discovery,Discovery,agree,,
2244,Navan Ward,Discovery; Management,Discovery; Management,agree,,
2244,Paul Cordella,Expert,Expert,agree,,
2244,Paul Hanly,Discovery,Discovery,agree,,
2244,Paul Pennock,Expert,Expert,agree,,
2244,Pete Kaufman,Expert,Expert,agree,,
2244,Peter Samberg,Expert; Management,Expert; Management,agree,,
2244,Richard Arsenault,Communications; Management,Fees; Management,partial_disagree,Fees,Communications
2244,Richard Meadow,Coordination; Trial,Coordination,llm_missed_role,,Trial
2244,Sri Gupta,Expert,Expert,agree,,
2244,Sri Ward,Expert,,gold_only_missed_by_llm,,Expert
2244,Steve Harrison,Fees; Management,Fees; Management,agree,,
2244,Thomas Anapol,Management,Management,agree,,
2244,Thomas Cartmell,Management,Management,agree,,
2244,Thomas Preuss,Discovery,Discovery,agree,,
2244,Timothy Becker,Management,,gold_only_missed_by_llm,,Management
2244,Trent Miracle,Management,Management,agree,,
2244,Vincent Moccio,Discovery,Discovery,agree,,
2244,W. Lanier,LeadCounsel; Management; Trial,LeadCounsel; Management; Trial,agree,,
2244,Wayne Fisher,LeadCounsel,Fees; LeadCounsel,llm_added_role,Fees,
2244,William Kershaw,Discovery,Discovery,agree,,
2262,None None,,ClassCounsel; LeadCounsel,llm_only_not_in_gold,ClassCounsel; LeadCounsel,
2263,Adam Levitt,Management,Management,agree,,
2263,Charles Schaffer,Management,Management,agree,,
2263,Christopher Ellis,Management,Management,agree,,
2263,Daniel Becnel,Management,Management,agree,,
2263,David Rash,Management,Management,agree,,
2263,Eric Holland,Management,Management,agree,,
2263,James Shah,Management,Management,agree,,
2263,John Climaco,Management,Management,agree,,
2263,Jordan Chaikin,Management,Management,agree,,
2263,Lucy Karl,LeadCounsel,LeadCounsel; Management,llm_added_role,Management,
2263,Richard Arsenault,Management,Management,agree,,
2272,Alyson Oliver,Management,Management,agree,,
2272,Andrea Pierson,LeadCounsel,LeadCounsel,agree,,
2272,Daniel Burke,Management,Management,agree,,
2272,Daniel Lapinski,Management,Management,agree,,
2272,Doug Monsour,Management,Management,agree,,
2272,Hunter Shkolnik,Management,Management,agree,,
2272,James Ronca,LeadCounsel,LeadCounsel,agree,,
2272,Joseph Osborne,Management,Management,agree,,
2272,Joseph Yeager,LeadCounsel,LeadCounsel,agree,,
2272,Karen Beyea-Schroeder,Management,Management,agree,,
2272,Kurt Stitcher,Communications,Communications,agree,,
2272,Michael London,Management,Management,agree,,
2272,"Neil Overholtz,",Management,Management,agree,,
2272,Peter Flowers,Communications,Communications,agree,,
2272,Randi Kassan,Management,Management,agree,,
2272,Richard Arsenault,Management,Management,agree,,
2272,Robeft Gordon,Management,,gold_only_missed_by_llm,,Management
2272,Robert Gordon,,Management,llm_only_not_in_gold,Management,
2272,Ronald Goldser,Management,Management,agree,,
2272,Sheila Bossier,Management,Management,agree,,
2272,Timothy Becker,LeadCounsel,LeadCounsel,agree,,
2272,Tobias Millrood,LeadCounsel,LeadCounsel,agree,,
2272,W. Mark Lanier,,Management,llm_only_not_in_gold,Management,
2286,None None,,ClassCounsel; Communications; LeadCounsel,llm_only_not_in_gold,ClassCounsel; Communications; LeadCounsel,
2286,Daniel Edelman,LeadCounsel,ClassCounsel; LeadCounsel,llm_added_role,ClassCounsel,
2286,David E. Bower,,ClassCounsel,llm_only_not_in_gold,ClassCounsel,
2286,David Schafer,Communications,Communications,agree,,
2286,Douglas Campion,LeadCounsel,ClassCounsel; LeadCounsel,llm_added_role,ClassCounsel,
2286,James Latturner,LeadCounsel,ClassCounsel; LeadCounsel,llm_added_role,ClassCounsel,
2286,John D. Blythin,,ClassCounsel,llm_only_not_in_gold,ClassCounsel,
2286,Joseph Palmer,Communications,Communications,agree,,
2286,Sergei Lemberg,,Communications,llm_only_not_in_gold,Communications,
2286,Stephen Ademi,,ClassCounsel,llm_only_not_in_gold,ClassCounsel,
2295,None None,,Communications,llm_only_not_in_gold,Communications,
2295,Chris Miltenberger,Communications; LeadCounsel,Communications; LeadCounsel,agree,,
2295,Douglas Campion,Communications,Communications,agree,,
2295,Ethan Preston,,ClassCounsel; LeadCounsel,llm_only_not_in_gold,ClassCounsel; LeadCounsel,
2295,Ethan Mark Preston,ClassCounsel; LeadCounsel,,gold_only_missed_by_llm,,ClassCounsel; LeadCounsel
2295,James Latturner,ClassCounsel; LeadCounsel,ClassCounsel; LeadCounsel,agree,,
2295,Patric Lester,LeadCounsel,Communications; LeadCounsel,llm_added_role,Communications,
2296,None None,,Communications; Management,llm_only_not_in_gold,Communications; Management,
2296,Alan Stone,Management,Management,agree,,
2296,Andrew Entwistle,Management,Management,agree,,
2296,Andrew Gordon,Management,Management,agree,,
2296,Andrew LeBlanc,Management,Management,agree,,
2296,Blake Hannafan,Management,Management,agree,,
2296,D. Martin,Management,Management,agree,,
2296,Daniel Cantor,Management,Management,agree,,
2296,David Bohan,Management,Management,agree,,
2296,David Bradford,Management,Management,agree,,
2296,David Dunn,Management,Management,agree,,
2296,David Neier,Management,Management,agree,,
2296,David Zensky,Management,Management,agree,,
2296,Elliot Moskowitz,Management,Management,agree,,
2296,Gregg Mashberg,Management,Management,agree,,
2296,Jay Teitelbaum,Management,Management,agree,,
2296,Joel Feuer,Management,Management,agree,,
2296,John McCambridge,Management,Management,agree,,
2296,Jonathan Polkes,Management,Management,agree,,
2296,Joseph Frank,Management,Management,agree,,
2296,Leonard Gail,Management,Management,agree,,
2296,Mark Neubauer,Management,Management,agree,,
2296,Matthew L. Fomshell,,Management,llm_only_not_in_gold,Management,
2296,Matthew Fornshell,Management,,gold_only_missed_by_llm,,Management
2296,Matthew Kipp,Management,Management,agree,,
2296,Michael D'Agostino,Management,Management,agree,,
2296,Michael Docktennan,,Management,llm_only_not_in_gold,Management,
2296,Michael Dockterman,Management,,gold_only_missed_by_llm,,Management
2296,Michael Doluisio,Management,Management,agree,,
2296,Mitchell Hurley,Management,Management,agree,,
2296,P. Willet,Management,,gold_only_missed_by_llm,,Management
2296,P. Sabin Willett,,Management,llm_only_not_in_gold,Management,
2296,Phil Anker,Management,Management,agree,,
2296,Reed Heiligman,Management,Management,agree,,
2296,Richard Saldinger,Management,Management,agree,,
2296,Robert Lack,Management,Management,agree,,
2296,Roger Stetson,Management,Management,agree,,
2296,Seamus Duffy,Management,Management,agree,,
2296,Sheldon Solow,Management,Management,agree,,
2296,Stephen D'Amore,Management,Management,agree,,
2296,Stephen Ratner,Management,Management,agree,,
2296,Steven Florsheim,Management,Management,agree,,
2296,Steven Schoenfeld,Management,Management,agree,,
2311,None None,,ClassCounsel; Communications; LeadCounsel,llm_only_not_in_gold,ClassCounsel; Communications; LeadCounsel,
2311,Don Barrett,ClassCounsel,ClassCounsel; LeadCounsel,llm_added_role,LeadCounsel,
2311,Gerard Mantese,Communications,Communications,agree,,
2311,Jonathan Cuneo,ClassCounsel,ClassCounsel; LeadCounsel,llm_added_role,LeadCounsel,
2311,Shawn Raiter,ClassCounsel,ClassCounsel; LeadCounsel,llm_added_role,LeadCounsel,
2323,Anthony Tarricone,Management,Management,agree,,
2323,Arnold Levin,Management,Management,agree,,
2323,Bradford Sohn,LeadCounsel,LeadCounsel,agree,,
2323,Charles Zimmerman,Management,Management,agree,,
2323,Christopher Seeger,LeadCounsel; Management,ClassCounsel; LeadCounsel; Management,llm_added_role,ClassCounsel,
2323,Dana Klinges,Communications,Communications,agree,,
2323,David Buchanan,Management,Management,agree,,
2323,David Casey,Management,Management,agree,,
2323,David Langfitt,Management,Management,agree,,
2323,David Rosen,Management,Management,agree,,
2323,Dennis Suplee,ProSe,,gold_only_missed_by_llm,,ProSe
2323,Derriel McCorvey,Management,Management,agree,,
2323,Dianne Nast,Management,Management,agree,,
2323,Gene Locks,Management,Management,agree,,
2323,Graham LippSmith,Management,Management,agree,,
2323,James Dugan,Management,Management,agree,,
2323,Jeannine Kenney,Communications,Communications,agree,,
2323,Larry Coben,Management,Management,agree,,
2323,Michael Hausfeld,Management,Management,agree,,
2323,Michael McGlamry,Management,Management,agree,,
2323,Ricardo Martinez-Cid,Management,Management,agree,,
2323,Richard Lewis,Management,Management,agree,,
2323,Robert Heim,Communications,Communications,agree,,
2323,Sol Weiss,LeadCounsel; Management,LeadCounsel; Management,agree,,
2323,Steven Marks,Management,Management,agree,,
2323,Thomas Girardi,Management,Management,agree,,
2323,Thomas Wagner,Communications,Communications,agree,,
2323,Wendy Fleishman,LeadCounsel,LeadCounsel,agree,,
2325,Aimee H. Wagstaff,,Management,llm_only_not_in_gold,Management,
2325,Amy Eskin,LeadCounsel,LeadCounsel; Management,llm_added_role,Management,
2325,Barbara Binis,LeadCounsel,LeadCounsel,agree,,
2325,Bryan F. Aylstock,,LeadCounsel; Management,llm_only_not_in_gold,LeadCounsel; Management,
2325,Carl N. Frankovitch,,Communications; Fees,llm_only_not_in_gold,Communications; Fees,
2325,Clayton A. Clark,,Fees; Management,llm_only_not_in_gold,Fees; Management,
2325,David Thomas,Communications,Communications,agree,,
2325,Derek H. Potts,,Management,llm_only_not_in_gold,Management,
2325,Fidelma Fitzpatrick,LeadCounsel,LeadCounsel,agree,,
2325,"Fred Thompson, III",,LeadCounsel; Management,llm_only_not_in_gold,LeadCounsel; Management,
2325,Harry Bell,Communications,Communications,agree,,
2325,"Henry G. Garrard, III",,Fees; LeadCounsel; Management,llm_only_not_in_gold,Fees; LeadCounsel; Management,
2325,Joseph F. Rice,,Fees,llm_only_not_in_gold,Fees,
2325,Karl Frankovich,Communications,,gold_only_missed_by_llm,,Communications
2325,Mark Williams,,Communications,llm_only_not_in_gold,Communications,
2325,Michael Bonasso,Communications,Communications,agree,,
2325,Michael Farrell,Communications,Communications,agree,,
2325,Paul Farrell,Communications,Communications,agree,,
2325,Renee Baggett,,Fees,llm_only_not_in_gold,Fees,
2325,"Riley L. Burnett, Jr.",,Fees,llm_only_not_in_gold,Fees,
2325,Thomas P. Cartmell,,Fees; Management,llm_only_not_in_gold,Fees; Management,
2325,Yvonne Flaherty,,Fees,llm_only_not_in_gold,Fees,
2326,Aimee Wagstaff,LeadCounsel; Management,LeadCounsel; Management,agree,,
2326,A. J. Bartolomeo,Management,,gold_only_missed_by_llm,,Management
2326,Alyson Oliver,Management,,gold_only_missed_by_llm,,Management
2326,Amiee Wagstaff,Management,,gold_only_missed_by_llm,,Management
2326,Amy Eskin,Management,Management,agree,,
2326,Ben Anderson,Management,,gold_only_missed_by_llm,,Management
2326,Bill Robins,Management,,gold_only_missed_by_llm,,Management
2326,Bryan Aylstock,LeadCounsel; Management,LeadCounsel; Management,agree,,
2326,Carl Frankovitch,Communications; Fees; Management,Communications; Fees,llm_missed_role,,Management
2326,Chris Placitella,Management,,gold_only_missed_by_llm,,Management
2326,Clayton Clark,Fees; LeadCounsel; Management,Fees; LeadCounsel; Management,agree,,
2326,Dave Matthews,Management,,gold_only_missed_by_llm,,Management
2326,David Allen,Management,,gold_only_missed_by_llm,,Management
2326,David Thomas,Communications,Communications,agree,,
2326,Derek Potts,Management,Management,agree,,
2326,Dianne Nast,Management,,gold_only_missed_by_llm,,Management
2326,Doug Monsour,Management,,gold_only_missed_by_llm,,Management
2326,Ed Blizzard,Management,,gold_only_missed_by_llm,,Management
2326,Edward Wallace,Management,,gold_only_missed_by_llm,,Management
2326,Eric Chaffin,Management,,gold_only_missed_by_llm,,Management
2326,Erin Copeland,Management,,gold_only_missed_by_llm,,Management
2326,Fidelma Fitzpatrick,Management,,gold_only_missed_by_llm,,Management
2326,Fred Thompson,LeadCounsel; Management,LeadCounsel; Management,agree,,
2326,Harry Bell,Communications; Management,Communications,llm_missed_role,,Management
2326,Henry Garrard,Fees; LeadCounsel; Management,Fees; LeadCounsel; Management,agree,,
2326,Hunter Shkolnik,Management,,gold_only_missed_by_llm,,Management
2326,Jayne Conroy,Management,,gold_only_missed_by_llm,,Management
2326,Jeff Grand,Management,,gold_only_missed_by_llm,,Management
2326,Jerry Parker,Management,,gold_only_missed_by_llm,,Management
2326,Joe Osborne,Management,,gold_only_missed_by_llm,,Management
2326,Joe Saunders,Management,,gold_only_missed_by_llm,,Management
2326,Joe Zanies,Management,,gold_only_missed_by_llm,,Management
2326,John Restaino,Management,,gold_only_missed_by_llm,,Management
2326,Joseph Rice,Fees,Fees,agree,,
2326,Josh Wages,Management,,gold_only_missed_by_llm,,Management
2326,J.R. Rogers,Management,,gold_only_missed_by_llm,,Management
2326,Karen Menzies,Management,,gold_only_missed_by_llm,,Management
2326,Kim Wilson,Management,,gold_only_missed_by_llm,,Management
2326,Laura Yaeger,Management,,gold_only_missed_by_llm,,Management
2326,Lee Balefsky,Management,,gold_only_missed_by_llm,,Management
2326,Leigh O'Dell,Management,,gold_only_missed_by_llm,,Management
2326,Lisa Blue,Management,,gold_only_missed_by_llm,,Management
2326,Mark Mueller,Management,,gold_only_missed_by_llm,,Management
2326,Mark Williams,,Communications,llm_only_not_in_gold,Communications,
2326,Martin Crump,Management,,gold_only_missed_by_llm,,Management
2326,Michael Bonasso,Communications,Communications,agree,,
2326,Michael Farrell,Communications,Communications,agree,,
2326,Michael Goetz,Management,,gold_only_missed_by_llm,,Management
2326,Michael Tanenbaum,LeadCounsel,LeadCounsel,agree,,
2326,Michelle Parfitt,Management,,gold_only_missed_by_llm,,Management
2326,Mike Miller,Management,,gold_only_missed_by_llm,,Management
2326,Paul Farrell,Communications; Management,Communications,llm_missed_role,,Management
2326,Pete Flowers,Management,,gold_only_missed_by_llm,,Management
2326,Rachel Abrams,Management,,gold_only_missed_by_llm,,Management
2326,Renee Baggett,Fees; Management,Fees,llm_missed_role,,Management
2326,Richard Arsenault,Management,,gold_only_missed_by_llm,,Management
2326,Rick Meadow,Management,,gold_only_missed_by_llm,,Management
2326,Riley Burnett,Fees; Management,Fees,llm_missed_role,,Management
2326,Robert Adams,LeadCounsel,LeadCounsel,agree,,
2326,Robert Price,Management,,gold_only_missed_by_llm,,Management
2326,Robert Salim,Management,,gold_only_missed_by_llm,,Management
2326,Scott Love,Management,,gold_only_missed_by_llm,,Management
2326,Stacy Hauer,Management,,gold_only_missed_by_llm,,Management
2326,Susan Robinson,Communications,,gold_only_missed_by_llm,,Communications
2326,Thomas Cartmell,Fees; Management,Fees; Management,agree,,
2326,Tim Goss,Management,,gold_only_missed_by_llm,,Management
2326,Todd Harvey,Management,,gold_only_missed_by_llm,,Management
2326,Tom Anapol,Management,,gold_only_missed_by_llm,,Management
2326,Tom Cartmell,Management,,gold_only_missed_by_llm,,Management
2326,Victoria Maniatis,Management,,gold_only_missed_by_llm,,Management
2326,William McKee,Fees,,gold_only_missed_by_llm,,Fees
2326,Yvonne Flaherty,Fees; Management,Fees,llm_missed_role,,Management
2327,Aimee Wagstaff,Management,Management,agree,,
2327,Amy Eskin,Management,Management,agree,,
2327,Bryan Aylstock,Coordination; LeadCounsel; Management,LeadCounsel; Management,llm_missed_role,,Coordination
2327,Carl Frankovitch,Communications; Fees,Communications; Fees,agree,,
2327,Christy Jones,Communications,LeadCounsel,disjoint,LeadCounsel,Communications
2327,Clayton Clark,Fees; Management,Fees; Management,agree,,
2327,David Thomas,Communications,Communications,agree,,
2327,Derek Potts,Management,Management,agree,,
2327,Fred Thompson,Coordination; LeadCounsel; Management,LeadCounsel; Management,llm_missed_role,,Coordination
2327,Harry Bell,Communications,Communications,agree,,
2327,Henry Garrard,Coordination; Fees; LeadCounsel; Management,Fees; LeadCounsel; Management,llm_missed_role,,Coordination
2327,Joseph Rice,Fees,Fees,agree,,
2327,Mark Williams,,Communications,llm_only_not_in_gold,Communications,
2327,Michael Bonasso,Communications,Communications,agree,,
2327,Michael Farrell,Communications,Communications,agree,,
2327,Paul Farrell,Communications,Communications,agree,,
2327,Renee Baggett,Fees; LeadCounsel,Fees; LeadCounsel,agree,,
2327,Riley Burnett,Fees,Fees,agree,,
2327,Thomas Cartmell,Fees; Management,Fees; LeadCounsel; Management,llm_added_role,LeadCounsel,
2327,William McKee,Fees,,gold_only_missed_by_llm,,Fees
2327,Yvonne Flaherty,Fees,Fees,agree,,
2329,None None,,Communications; LeadCounsel,llm_only_not_in_gold,Communications; LeadCounsel,
2331,None None,,SettlementAdministration,llm_only_not_in_gold,SettlementAdministration,
2331,Alan Milstein,Management,Management,agree,,
2331,Benedict Morelli,Communications; Management,Communications; Management,agree,,
2331,David Kuttles,Management,Management,agree,,
2331,Jayne Conroy,Communications; Management,Communications; Management,agree,,
2331,John Romano,Management,Management,agree,,
2331,Marc Grossman,Management,Management,agree,,
2331,Mark Dicello,Management,Management,agree,,
2331,Mark Galpern,Management,Management,agree,,
2331,Martin Crump,Management,Management,agree,,
2331,Matt Sill,Management,Management,agree,,
2331,Roger Orlando,Management,Management,agree,,
2331,Theodore Laszlo,Management,Management,agree,,
2331,Timothy Becker,Management,Management,agree,,
2331,Tracy Rezvani,Management,Management,agree,,
2331,Trent Miracle,Management,Management,agree,,
2332,Bruce Gerstein,Settlement,ClassCounsel; LeadCounsel; Settlement,llm_added_role,ClassCounsel; LeadCounsel,
2332,David Sorensen,Settlement,ClassCounsel; LeadCounsel; Settlement,llm_added_role,ClassCounsel; LeadCounsel,
2332,Douglas Richards,LeadCounsel,,gold_only_missed_by_llm,,LeadCounsel
2332,Eric L. Cramer,,ClassCounsel; LeadCounsel,llm_only_not_in_gold,ClassCounsel; LeadCounsel,
2332,Gerard Stranch,Management,Management,agree,,
2332,J. Douglas Richards,,ClassCounsel; LeadCounsel,llm_only_not_in_gold,ClassCounsel; LeadCounsel,
2332,James Cecchi,,Communications,llm_only_not_in_gold,Communications,
2332,James Dugan,Management,Management,agree,,
2332,Jayne Goldstein,Management,Management,agree,,
2332,Joseph Opper,,ClassCounsel; LeadCounsel,llm_only_not_in_gold,ClassCounsel; LeadCounsel,
2332,Joseph Sauder,Management,Management,agree,,
2332,Judy Scolnick,Management,Management,agree,,
2332,Kenneth Wexler,ClassCounsel; LeadCounsel; Settlement,ClassCounsel; LeadCounsel; Settlement,agree,,
2332,Kristen Johnson Parker,,ClassCounsel; LeadCounsel,llm_only_not_in_gold,ClassCounsel; LeadCounsel,
2332,Lawrence Papale,Management,Management,agree,,
2332,Lisa Rodriguez,Communications,Communications,agree,,
2332,Michael Buchman,LeadCounsel,ClassCounsel; LeadCounsel,llm_added_role,ClassCounsel,
2332,Peter S. Pearlman,,Communications,llm_only_not_in_gold,Communications,
2332,Renae Steiner,,LeadCounsel,llm_only_not_in_gold,LeadCounsel,
2332,Scott Perwin,Settlement,Settlement,agree,,
2332,Sharon Robertson,LeadCounsel,LeadCounsel,agree,,
2332,Thomas Sobol,Settlement,ClassCounsel; LeadCounsel; Settlement,llm_added_role,ClassCounsel; LeadCounsel,
2332,Vincent Esades,ClassCounsel; LeadCounsel,ClassCounsel; LeadCounsel,agree,,
2338,None None,,ClassCounsel; LeadCounsel; Management,llm_only_not_in_gold,ClassCounsel; LeadCounsel; Management,
2353,James Cecchi,LeadCounsel,LeadCounsel,agree,,
2357,Ben Barnow,LeadCounsel; Management,ClassCounsel; LeadCounsel; Management,llm_added_role,ClassCounsel,
2357,David O'Mara,Communications,Communications,agree,,
2357,Jeremiah Frei-Pearson,LeadCounsel; Management,ClassCounsel; LeadCounsel; Management,llm_added_role,ClassCounsel,
2357,Marc L. Godino,,LeadCounsel; Management,llm_only_not_in_gold,LeadCounsel; Management,
2357,Mark Godino,LeadCounsel; Management,ClassCounsel,disjoint,ClassCounsel,LeadCounsel; Management
2357,Peter Mougey,Management,Management,agree,,
2357,Richard Coffman,LeadCounsel; Management,ClassCounsel; LeadCounsel; Management,llm_added_role,ClassCounsel,
2357,Timothy Blood,Management,Management,agree,,
2382,Charles Schaffer,Management,Management,agree,,
2382,Eric Holland,LeadCounsel; Management,ClassCounsel; LeadCounsel,partial_disagree,ClassCounsel,Management
2382,John Climaco,Management,Management,agree,,
2382,John Simon,LeadCounsel; Management,ClassCounsel; LeadCounsel,partial_disagree,ClassCounsel,Management
2382,Jordan Chaikin,Management,Management,agree,,
2382,Richard Arsenault,Management,Management,agree,,
2387,Carl Frankovitch,Fees,Fees,agree,,
2387,Clayton Clark,Fees,Fees,agree,,
2387,David Thomas,Communications,Communications,agree,,
2387,Dustin Rawlin,LeadCounsel,LeadCounsel,agree,,
2387,Henry Garrard,Fees,Fees,agree,,
2387,J. Mostyn,LeadCounsel,LeadCounsel,agree,,
2387,Joseph Rice,Fees,Fees,agree,,
2387,Lana Varney,LeadCounsel,LeadCounsel,agree,,
2387,Mark Mueller,LeadCounsel,LeadCounsel,agree,,
2387,Renee Baggett,Fees,Fees,agree,,
2387,Riley Burnett,Fees; LeadCounsel,Fees; LeadCounsel,agree,,
2387,Robert Salim,LeadCounsel,LeadCounsel,agree,,
2387,Ronn Kreps,LeadCounsel,LeadCounsel,agree,,
2387,Thomas Cartmell,Fees,Fees,agree,,
2387,Thomas Craig,Communications,Communications,agree,,
2387,William McKee,Fees,,gold_only_missed_by_llm,,Fees
2387,Yvonne Flaherty,Fees,Fees,agree,,
2391,Ahmed Diab,Communications; Management,Communications; Management,agree,,
2391,Altom Maglio,Management,Management,agree,,
2391,Amber Parra,Management,Management,agree,,
2391,Anne Andrews,Management,Management,agree,,
2391,Brenda Fulmer,Fees; Management,Fees; LeadCounsel; Management,llm_added_role,LeadCounsel,
2391,Brian J. Devine,,Communications,llm_only_not_in_gold,Communications,
2391,Daniel Burke,Management,Management,agree,,
2391,Daniel Robinson,Management,Management,agree,,
2391,David LaDue,LeadCounsel,,gold_only_missed_by_llm,,LeadCounsel
2391,Derriel McCorvey,Management,Management,agree,,
2391,Douglass Kreis,Management,Management,agree,,
2391,Dougless Kreis,Management,Management,agree,,
2391,Ellen Relkin,Management,Management,agree,,
2391,Erin Hanig,Communications,Communications,agree,,
2391,Frederick Hovde,Communications; Management,Communications,llm_missed_role,,Management
2391,Genevieve Zimmerman,Management,Management,agree,,
2391,Hadley Matarazzo,Management,Management,agree,,
2391,J. Bachus,Management,Management,agree,,
2391,Jasper Ward,Fees; Management,Fees; Management,agree,,
2391,John Climaco,Management,Management,agree,,
2391,John Fisk,Management,,gold_only_missed_by_llm,,Management
2391,John Fiske,Management,Management,agree,,
2391,John David LaDue,,Communications,llm_only_not_in_gold,Communications,
2391,John Winter,LeadCounsel,Communications; LeadCounsel,llm_added_role,Communications,
2391,Joseph Osborne,Management,Management,agree,,
2391,Joseph Saunders,Management,Management,agree,,
2391,Justin Presnal,Fees; Management,Fees; Management,agree,,
2391,Kenneth M. Seeger,,Communications,llm_only_not_in_gold,Communications,
2391,Larry Boyd,Management,Management,agree,,
2391,Lawrence Jones,Management,Management,agree,,
2391,Mark Lanier,Fees,Fees,agree,,
2391,Michael McGlamry,Management,Management,agree,,
2391,Michelle Kranz,Fees; Management,Fees; Management,agree,,
2391,Navan Ward,Fees; Management,Fees; LeadCounsel; Management,llm_added_role,LeadCounsel,
2391,Peter Flowers,Management,Management,agree,,
2391,Peter Miller,Management,Management,agree,,
2391,Richard Arsenault,Management,Management,agree,,
2391,Robert Dassow,Communications; Fees; Management,Communications; Fees,llm_missed_role,,Management
2391,Scott Powell,Management,Management,agree,,
2391,Shelly Hutson,Management,Management,agree,,
2391,Stacy Hauer,Management,Management,agree,,
2391,Tayjes Shah,,Management,llm_only_not_in_gold,Management,
2391,Thomas Anapol,Fees; LeadCounsel; Management,Fees; LeadCounsel; Management,agree,,
2391,W. Lanier,LeadCounsel; Management,LeadCounsel; Management,agree,,
2391,Wayne Fisher,Management,Management,agree,,
2391,William Jordan,Management,Management,agree,,
2406,Aaron Podhurst,Management; Settlement,Management; Settlement,agree,,
2406,Allen Schreiber,Motions,Trial,disjoint,Trial,Motions
2406,Andrew Lemmon,Discovery,Discovery,agree,,
2406,Annesley DeGaris,Coordination,Coordination,agree,,
2406,Arthur Bailey,Discovery,Discovery,agree,,
2406,Augusta Dowd,Motions,Trial,disjoint,Trial,Motions
2406,Barry Ragsdale,Communications; Discovery,Communications; Discovery; Management,llm_added_role,Management,
2406,Ben Gordon,,Coordination,llm_only_not_in_gold,Coordination,
2406,Ben Sweet,Motions,Trial,disjoint,Trial,Motions
2406,Benjamin Gordon,Coordination,,gold_only_missed_by_llm,,Coordination
2406,Bill Butterfield,,Discovery,llm_only_not_in_gold,Discovery,
2406,Bill Isaacson,,Management,llm_only_not_in_gold,Management,
2406,Bob Methvin,Settlement,Settlement,agree,,
2406,Brent Hazzard,Motions,Trial,disjoint,Trial,Motions
2406,Brian Clark,Discovery,Discovery,agree,,
2406,Brian Hufford,Motions,,gold_only_missed_by_llm,,Motions
2406,Bryan Clobes,Motions,Trial,disjoint,Trial,Motions
2406,Carl Kravitz,Expert,Expert,agree,,
2406,Casey Lott,Coordination,Coordination,agree,,
2406,Charles Caliendo,Motions,ClassCounsel,disjoint,ClassCounsel,Motions
2406,Charles Cooper,Management,Management,agree,,
2406,Chris Coffin,,Coordination; Expert,llm_only_not_in_gold,Coordination; Expert,
2406,Chris Cowan,,,llm_only_not_in_gold,,
2406,Chris Hellums,,LocalCounsel; Settlement,llm_only_not_in_gold,LocalCounsel; Settlement,
2406,Christina Crow,Discovery,,gold_only_missed_by_llm,,Discovery
2406,Christopher Coffin,Coordination; Expert,,gold_only_missed_by_llm,,Coordination; Expert
2406,Christopher Cowan,Motions,,gold_only_missed_by_llm,,Motions
2406,Christopher Hellums,Coordination; Settlement,,gold_only_missed_by_llm,,Coordination; Settlement
2406,Christy Crow,,Discovery,llm_only_not_in_gold,Discovery,
2406,Craig Hoover,SettlementAdministration,LeadCounsel; Settlement,disjoint,LeadCounsel; Settlement,SettlementAdministration
2406,Cy Smith,Management; Settlement,Management,llm_missed_role,,Settlement
2406,Cyril Smith,,Settlement,llm_only_not_in_gold,Settlement,
2406,Daniel Gustafson,Motions,Trial,disjoint,Trial,Motions
2406,Daniel Hedlund,Motions,,llm_missed_role,,Motions
2406,Daniel Laytin,,LeadCounsel,llm_only_not_in_gold,LeadCounsel,
2406,David Balto,Expert,Expert,agree,,
2406,David Benck,SettlementAdministration,Settlement,disjoint,Settlement,SettlementAdministration
2406,David Boies,ClassCounsel; LeadCounsel; Settlement; SettlementAdministration,ClassCounsel; LeadCounsel; Settlement,llm_missed_role,,SettlementAdministration
2406,David Guin,Motions,Motions,agree,,
2406,David Hodge,,Settlement,llm_only_not_in_gold,Settlement,
2406,David Hodges,Settlement,,gold_only_missed_by_llm,,Settlement
2406,David Wilkerson,Discovery,Discovery,agree,,
2406,David Zott,,LeadCounsel,llm_only_not_in_gold,LeadCounsel,
2406,D.Brian Hufford,,Motions,llm_only_not_in_gold,Motions,
2406,Debra Hayes,Management; Settlement,Management; Settlement,agree,,
2406,Dennis Pantazis,Management; Settlement,Management; Settlement,agree,,
2406,Dennis Reich,Motions,,llm_missed_role,,Motions
2406,Dianne Nast,Motions,ClassCounsel,disjoint,ClassCounsel,Motions
2406,Dino Gankendorff,,Trial,llm_only_not_in_gold,Trial,
2406,Douglas Dellaccio,,Trial,llm_only_not_in_gold,Trial,
2406,Douglass Dellaccio,Motions,,gold_only_missed_by_llm,,Motions
2406,Edgar Gankendorff,Motions,,gold_only_missed_by_llm,,Motions
2406,Edgar Gentle,SettlementAdministration,Settlement,disjoint,Settlement,SettlementAdministration
2406,Edith Kallas,LeadCounsel; Settlement,ClassCounsel; LeadCounsel; Settlement,llm_added_role,ClassCounsel,
2406,Ellen Meriwether,Motions,Motions,agree,,
2406,Emily Yinger,,LeadCounsel,llm_only_not_in_gold,LeadCounsel,
2406,Eric Belin,Motions,,llm_missed_role,,Motions
2406,Eric Cramer,Expert,Expert,agree,,
2406,Garett Blanchfield,Motions,,gold_only_missed_by_llm,,Motions
2406,Garrett Blanchfield,,Motions,llm_only_not_in_gold,Motions,
2406,Gary Mason,Motions,ClassCounsel,disjoint,ClassCounsel,Motions
2406,Gordon Ball,Coordination,Coordination,agree,,
2406,Greg Davis,Management; Settlement,Management,llm_missed_role,,Settlement
2406,Gregory L. Davis,,Settlement,llm_only_not_in_gold,Settlement,
2406,Hamish Hume,Discovery,Discovery,agree,,
2406,Harley Tropin,Motions,,llm_missed_role,,Motions
2406,Herman Watson,Coordination,Coordination,agree,,
2406,James Terrell,Motions,ClassCounsel,disjoint,ClassCounsel,Motions
2406,Jason Thompson,Motions,,llm_missed_role,,Motions
2406,Javier Lopez,Discovery,Discovery,agree,,
2406,Jim Warren,Coordination,Coordination,agree,,
2406,Joe Whatley,LeadCounsel; Settlement,ClassCounsel; LeadCounsel; Settlement,llm_added_role,ClassCounsel,
2406,Joey James,Motions,Trial,disjoint,Trial,Motions
2406,John Davis,Motions,Motions,agree,,
2406,John Saxon,Motions,Trial,disjoint,Trial,Motions
2406,Julia Roth,Discovery,Discovery,agree,,
2406,Karen Dyer,Motions,Expert,disjoint,Expert,Motions
2406,Karin DeMasi,SettlementAdministration,Settlement,disjoint,Settlement,SettlementAdministration
2406,Kathleen Chavez,Management; Settlement,Management; Settlement,agree,,
2406,Kathleen Kiernan,Motions,Motions,agree,,
2406,Kimberly West,,LocalCounsel,llm_only_not_in_gold,LocalCounsel,
2406,Kirk Wood,,LocalCounsel; Settlement,llm_only_not_in_gold,LocalCounsel; Settlement,
2406,Larence Jones,Motions,,gold_only_missed_by_llm,,Motions
2406,Larry McDevitt,Motions,ClassCounsel,disjoint,ClassCounsel,Motions
2406,Lawrence Jones,,,llm_only_not_in_gold,,
2406,Lewis Gillis,Motions,Trial,disjoint,Trial,Motions
2406,Linda Flippo,Discovery,Discovery,agree,,
2406,Lynn Jinks,Expert,Expert,agree,,
2406,Mark Gray,Discovery,Discovery,agree,,
2406,Mark Hogewood,,LocalCounsel,llm_only_not_in_gold,LocalCounsel,
2406,Mark White,Motions,Trial,disjoint,Trial,Motions
2406,Megan Jones,Management; Settlement; SettlementAdministration,Settlement,llm_missed_role,,Management; SettlementAdministration
2406,Meghan Jones,,Management,llm_only_not_in_gold,Management,
2406,Michael Dodge,Expert,,gold_only_missed_by_llm,,Expert
2406,Michael Gurley,Discovery,Discovery,agree,,
2406,Michael Hausfeld,ClassCounsel; LeadCounsel; Settlement,ClassCounsel; LeadCounsel,llm_missed_role,,Settlement
2406,Michael McGartland,Motions,ClassCounsel,disjoint,ClassCounsel,Motions
2406,Michael Murphy,Discovery,Discovery,agree,,
2406,Mike Dodge,,Expert,llm_only_not_in_gold,Expert,
2406,Myron Penn,Discovery,Discovery,agree,,
2406,Nicholas Roth,Discovery,,gold_only_missed_by_llm,,Discovery
2406,Nick Roth,,Discovery,llm_only_not_in_gold,Discovery,
2406,Noah Wood,Management; Settlement,,gold_only_missed_by_llm,,Management; Settlement
2406,Patrick Cafferty,Discovery,Discovery,agree,,
2406,Patrick Pendley,Motions,,llm_missed_role,,Motions
2406,Pete Strom,Motions,Trial,disjoint,Trial,Motions
2406,Peter Burke,Motions,ClassCounsel,disjoint,ClassCounsel,Motions
2406,Peter Prieto,Expert,Expert,agree,,
2406,Richard Feinstein,Expert,Expert,agree,,
2406,Richard Frankowsi,,Discovery,llm_only_not_in_gold,Discovery,
2406,Richard Frankowski,Discovery,,gold_only_missed_by_llm,,Discovery
2406,Richard Rouco,,Motions,llm_only_not_in_gold,Motions,
2406,Richard Ruoco,Motions,,gold_only_missed_by_llm,,Motions
2406,Robert Axelrod,Motions,Motions,agree,,
2406,Robert Eisler,Discovery,Discovery,agree,,
2406,Robert Foote,Motions,,llm_missed_role,,Motions
2406,Robert Rodin,Motions,Trial,disjoint,Trial,Motions
2406,Scott Nehs,SettlementAdministration,Settlement,disjoint,Settlement,SettlementAdministration
2406,Stephen Hanson,Motions,,gold_only_missed_by_llm,,Motions
2406,Steve Hanson,,ClassCounsel,llm_only_not_in_gold,ClassCounsel,
2406,Tammy Stokes,Motions,,llm_missed_role,,Motions
2406,Tanya Chutkan,Expert,Expert,agree,,
2406,Trish Murphy,Coordination,Coordination,agree,,
2406,Troy Doles,Discovery,Discovery,agree,,
2406,U.W. Clemon,,Management; Settlement,llm_only_not_in_gold,Management; Settlement,
2406,U.W. Clemson,Management; Settlement,,gold_only_missed_by_llm,,Management; Settlement
2406,Van Bunch,Motions,ClassCounsel,disjoint,ClassCounsel,Motions
2406,Virginia Buchanan,Motions,ClassCounsel,disjoint,ClassCounsel,Motions
2406,W. Daniel Miles III,,Motions,llm_only_not_in_gold,Motions,
2406,Warren Burns,ClassCounsel; Settlement,ClassCounsel,llm_missed_role,,Settlement
2406,Wes Pittman,Settlement,Settlement,agree,,
2406,William Butterfield,Discovery,,gold_only_missed_by_llm,,Discovery
2406,William Isaacson,Management; Settlement; SettlementAdministration,Settlement,llm_missed_role,,Management; SettlementAdministration
2406,Wilson Miles,Motions,,gold_only_missed_by_llm,,Motions
2418,Anand Agneshwar,LeadCounsel,LeadCounsel,agree,,
2418,Robert Salim,Communications,Communications,agree,,
2418,Shayna Sacks,Communications,Communications,agree,,
2419,Annika Martin,ProSe,ProSe,agree,,
2419,Elizabeth Cabraser,Coordination,Coordination; Management,llm_added_role,Management,
2419,J. Stranch,Management,Management,agree,,
2419,Kim Dougherty,Management,Management,agree,,
2419,Kristen Parker,LeadCounsel,LeadCounsel; Management,llm_added_role,Management,
2419,Marc Lipton,Management,Management,agree,,
2419,Mark Chalos,Coordination; Management,Coordination; Management,agree,,
2419,Mark Zamora,Management,Management,agree,,
2419,Patrick Fennell,Management,Management,agree,,
2419,Thomas Sobol,LeadCounsel; Management,LeadCounsel; Management,agree,,
2420,None None,,ClassCounsel; LeadCounsel; Management,llm_only_not_in_gold,ClassCounsel; LeadCounsel; Management,
2420,Bruce Simon,LeadCounsel,ClassCounsel; LeadCounsel,llm_added_role,ClassCounsel,
2420,Daniel Owen,Management,Management,agree,,
2420,Douglas Millen,Management,Management,agree,,
2420,Elizabeth Pritzker,Management,Management,agree,,
2420,Jeffrey Gittleman,Management,Management,agree,,
2420,Jennie Lee Anderson,,ClassCounsel; Communications,llm_only_not_in_gold,ClassCounsel; Communications,
2420,"Joseph J. Tabacco, Jr.",,ClassCounsel; LeadCounsel,llm_only_not_in_gold,ClassCounsel; LeadCounsel,
2420,Judith Zahid,Communications,ClassCounsel; Communications,llm_added_role,ClassCounsel,
2420,Linda Nussbaum,Management,Management,agree,,
2420,R. Alexander Saveri,,ClassCounsel; LeadCounsel,llm_only_not_in_gold,ClassCounsel; LeadCounsel,
2420,Saveri Richard,LeadCounsel,,gold_only_missed_by_llm,,LeadCounsel
2420,Steven Asher,Management,Management,agree,,
2420,Susan Kupfer,Management,Management,agree,,
2420,Tabacco Joseph,LeadCounsel,,gold_only_missed_by_llm,,LeadCounsel
2428,Anthony Tarricone,Communications; Management,Communications; LeadCounsel; Management,llm_added_role,LeadCounsel,
2428,Arnold Levin,Management,LeadCounsel; Management,llm_added_role,LeadCounsel,
2428,Bruce Steckler,Management,Management,agree,,
2428,Chris Seeger,Management,LeadCounsel; Management,llm_added_role,LeadCounsel,
2428,Ellen Presby,Management,Management,agree,,
2428,Frank Woodson,Management,Management,agree,,
2428,Gretchen Nelson,Coordination,Coordination,agree,,
2428,J. LeBlanc,Management,Management,agree,,
2428,James Klick,Management,LeadCounsel; Management,llm_added_role,LeadCounsel,
2428,Jim Dugan,Management,Management,agree,,
2428,Kristian Rasmussen,Management,Management,agree,,
2428,Lauren Barnes,Coordination,Coordination,agree,,
2428,Michelle Parfit,,LeadCounsel; Management,llm_only_not_in_gold,LeadCounsel; Management,
2428,Michelle Parfitt,Management,LeadCounsel; Management,llm_added_role,LeadCounsel,
2428,R. Milling,Management,Management,agree,,
2428,Randi Kassan,Management,Management,agree,,
2428,Richard Golomb,Management,Management,agree,,
2428,Richard Phillips,Management,Management,agree,,
2428,Steve Berman,Management,LeadCounsel; Management,llm_added_role,LeadCounsel,
2428,Troy Rafferty,Management,Management,agree,,
2433,None None,,Management,llm_only_not_in_gold,Management,
2433,Gregory Collins,Management,Management,agree,,
2433,Jon Concil,Fees; LeadCounsel; Management,,gold_only_missed_by_llm,,Fees; LeadCounsel; Management
2433,Jon C. Conlin,,Fees; LeadCounsel; Management,llm_only_not_in_gold,Fees; LeadCounsel; Management,
2433,Kevin Madonna,Management,Management,agree,,
2433,Michael London,Fees; LeadCounsel; Management,Fees; LeadCounsel; Management,agree,,
2433,Ned McWilliams,Fees; Management,Fees; Management,agree,,
2433,R. Edison Hill,,Management,llm_only_not_in_gold,Management,
2433,R. Edison Hill,Management,,gold_only_missed_by_llm,,Management
2433,Richard Schulte,Management,,gold_only_missed_by_llm,,Management
2433,Robert Bilott,Fees; LeadCounsel; Management,Fees; LeadCounsel; Management,agree,,
2433,Roger Denton,Management,Management,agree,,
2434,Catherine Heacox,Management,Management,agree,,
2434,Dawn Chmielewski,Management,Management,agree,,
2434,Dianne Nast,Management,Management,agree,,
2434,Diogenes Kekatos,Communications; LeadCounsel,Communications,llm_missed_role,,LeadCounsel
2434,Eric Holland,Management,Management,agree,,
2434,Fred Longer,Management,Management,agree,,
2434,Fred Thompson,Communications; LeadCounsel,LeadCounsel,llm_missed_role,,Communications
2434,James Ronca,Communications; LeadCounsel,LeadCounsel,llm_missed_role,,Communications
2434,Matthew McCauley,Communications; LeadCounsel,LeadCounsel,llm_missed_role,,Communications
2434,Melanie Muhlstock,Management,Management,agree,,
2434,Michael Johnson,LeadCounsel; Management,LeadCounsel; Management,agree,,
2434,Rachel Abrams,Management,Management,agree,,
2434,Randi Kassan,Management,Management,agree,,
2434,Richard Arsenault,Management,Management,agree,,
2434,Roger Smith,Management,Management,agree,,
2434,Shelley Kaufman,Management,Management,agree,,
2434,Shelly Kaufman,Management,Management,agree,,
2434,Steve Faries,Management,Management,agree,,
2434,Tina Glandian,Management,Management,agree,,
2434,Yvonne Flaherty,Management,Management,agree,,
2436,Alyson Jones,Communications,Communications,agree,,
2436,Chris Seeger,Management,Management,agree,,
2436,Christy Jones,LeadCounsel,LeadCounsel,agree,,
2436,David Abernethy,Communications,Communications,agree,,
2436,David Buchanan,Coordination,Coordination,agree,,
2436,Dianne Nast,Management,Management,agree,,
2436,Gil Gainer,Management,Management,agree,,
2436,James Green,Management,Management,agree,,
2436,Laurence Berman,Communications; LeadCounsel; Management,Communications; LeadCounsel; Management,agree,,
2436,Leonard Davis,Management,Management,agree,,
2436,R. Milling,LeadCounsel; Management,LeadCounsel; Management,agree,,
2437,None None,,ClassCounsel,llm_only_not_in_gold,ClassCounsel,
2437,Douglas Thompson,LeadCounsel,LeadCounsel,agree,,
2437,Eugene Spector,LeadCounsel,LeadCounsel,agree,,
2437,H. Montague,Communications; LeadCounsel,Communications; LeadCounsel,agree,,
2437,Kit Pearson,LeadCounsel,LeadCounsel,agree,,
2437,Kit Pierson,,LeadCounsel,llm_only_not_in_gold,LeadCounsel,
2437,Lesley Weaver,LeadCounsel,LeadCounsel,agree,,
2437,Steven Bizar,Communications; LeadCounsel,Communications; LeadCounsel,agree,,
2437,Whitney Street,LeadCounsel,LeadCounsel,agree,,
2440,A. Bartolomeo,Management,,gold_only_missed_by_llm,,Management
2440,A. J. De Bartolomeo,,Management,llm_only_not_in_gold,Management,
2440,"A.
 Jones",Communications,,gold_only_missed_by_llm,,Communications
2440,Archibald Lamb,Management,Management,agree,,
2440,Benjamin Anderson,LeadCounsel,LeadCounsel,agree,,
2440,Carl Frankovitch,Fees,Fees,agree,,
2440,Clayton Clark,Fees,Fees,agree,,
2440,David Allen,Management,Management,agree,,
2440,Douglas King,LeadCounsel,,gold_only_missed_by_llm,,LeadCounsel
2440,Erik Walker,Management,Management,agree,,
2440,Henry Garrard,Fees,Fees,agree,,
2440,Hunter Shkolnik,Management,Management,agree,,
2440,J. Rogers,Management,Management,agree,,
2440,Jennifer Schuster,LeadCounsel,,gold_only_missed_by_llm,,LeadCounsel
2440,Jerry Parker,Management,Management,agree,,
2440,John Foley,Management,Management,agree,,
2440,Jon Restaino,Management,Management,agree,,
2440,Joseph Rice,Fees,Fees,agree,,
2440,Karen Beyea-Schroeder,Management,Management,agree,,
2440,Laura Yeager,Management,Management,agree,,
2440,Lisa Gorshe,Management,Management,agree,,
2440,Martin Crump,LeadCounsel,LeadCounsel,agree,,
2440,Renee Baggett,Fees,Fees,agree,,
2440,Riley Burnett,Fees,Fees,agree,,
2440,Russell Budd,Management,Management,agree,,
2440,Stacy Hauer,Management,Management,agree,,
2440,Thomas Cartmell,Fees,Fees,agree,,
2440,Willard Moody,Management,Management,agree,,
2440,William McKee,Fees,,gold_only_missed_by_llm,,Fees
2440,Yvonne Flaherty,Fees,Fees,agree,,
2441,Adam Levitt,Management,Management,agree,,
2441,Annesley DeGaris,Fees; LeadCounsel,Coordination; Fees; LeadCounsel; Management,llm_added_role,Coordination; Management,
2441,Anthony Nemo,Communications; Fees,Communications; Fees,agree,,
2441,Ben Gordon,LeadCounsel,LeadCounsel; Management,llm_added_role,Management,
2441,Bucky S. Zimmerman,,Management,llm_only_not_in_gold,Management,
2441,C. Cutter,Management,Management,agree,,
2441,Charles Zimmerman,LeadCounsel,,gold_only_missed_by_llm,,LeadCounsel
2441,Chris Coffin,Management,Management,agree,,
2441,Chris Hellums,Management,Management,agree,,
2441,Dianne Nast,Management,Management,agree,,
2441,Don McKenna,Management,Management,agree,,
2441,Douglass Kreis,Management,Management,agree,,
2441,Eric Kennedy,Fees; LeadCounsel,Coordination; Fees; LeadCounsel; Management,llm_added_role,Coordination; Management,
2441,Gale Pearson,Management,Management,agree,,
2441,Genevieve Zimmerman,LeadCounsel,Coordination; LeadCounsel; Management,llm_added_role,Coordination; Management,
2441,Jason Johnston,LeadCounsel,Management,disjoint,Management,LeadCounsel
2441,Jasper Ward,Management,Management,agree,,
2441,Jeff Bowersox,Management,Management,agree,,
2441,Jesse Bernheim,Coordination,Coordination,agree,,
2441,Joseph Osborne,Management,Management,agree,,
2441,Karen Woodward,LeadCounsel,LeadCounsel,agree,,
2441,Laura Yaeger,Management,Management,agree,,
2441,Michael McGartland,Management,Management,agree,,
2441,Peter Flowers,Fees; LeadCounsel,Coordination; Fees; LeadCounsel; Management,llm_added_role,Coordination; Management,
2441,Rachel Abrams,Management,Management,agree,,
2441,Ralph Campillo,LeadCounsel,LeadCounsel,agree,,
2441,Richard Lewis,Management,Management,agree,,
2441,Richard Schlueter,Management,Management,agree,,
2441,Shawn Raiter,Management,Management,agree,,
2441,Timothy Griffin,Communications,Communications,agree,,
2441,Wendy Fleishman,Fees; LeadCounsel,Fees; LeadCounsel; Management,llm_added_role,Management,
2441,Yvonne Flaherty,Management,Management,agree,,
2445,None None,,ClassCounsel; LeadCounsel,llm_only_not_in_gold,ClassCounsel; LeadCounsel,
2445,Anne Regan,Management,Management,agree,,
2445,Bruce E. Gerstein,,Communications; LeadCounsel,llm_only_not_in_gold,Communications; LeadCounsel,
2445,Frank Schirripa,Management,Management,agree,,
2445,J. Richards,Management,Management,agree,,
2445,James Dugan,Management,Management,agree,,
2445,Jeffrey Kodroff,Communications,ClassCounsel; Communications,llm_added_role,ClassCounsel,
2445,John Macoretta,,Communications,llm_only_not_in_gold,Communications,
2445,Joseph Guglielmo,Management,Management,agree,,
2445,Joseph T. Lukens,,LeadCounsel,llm_only_not_in_gold,LeadCounsel,
2445,Joseph Opper,,Communications; LeadCounsel,llm_only_not_in_gold,Communications; LeadCounsel,
2445,Kenneth A. Wexler,,LeadCounsel,llm_only_not_in_gold,LeadCounsel,
2445,Kevin D. McDonald,,Communications,llm_only_not_in_gold,Communications,
2445,Kevin Roddy,Management,Management,agree,,
2445,Kristen Johnson Parker,,LeadCounsel,llm_only_not_in_gold,LeadCounsel,
2445,Marvin A. Miller,,LeadCounsel,llm_only_not_in_gold,LeadCounsel,
2445,Michael M. Buchman,,LeadCounsel,llm_only_not_in_gold,LeadCounsel,
2445,Natalie Finkelman,Management,Management,agree,,
2445,Paul Novak,Management,Management,agree,,
2445,Peter R. Kohn,,LeadCounsel,llm_only_not_in_gold,LeadCounsel,
2445,Renae Steiner,Management,Management,agree,,
2445,Steve D. Shadowen,,LeadCounsel,llm_only_not_in_gold,LeadCounsel,
2445,Thomas Demitrack,,Communications,llm_only_not_in_gold,Communications,
2445,Thomas M. Sobol,,LeadCounsel,llm_only_not_in_gold,LeadCounsel,
2452,Gayle Blatt,Communications,Communications,agree,,
2452,Hunter Shkolnik,LeadCounsel; Management,LeadCounsel; Management,agree,,
2452,Jacob Plattenberger,Management,Management,agree,,
2452,James Segars,Management,Management,agree,,
2452,John Restaino,Management,Management,agree,,
2452,Julia Zaic,Management,Management,agree,,
2452,Keith Altman,Management,Management,agree,,
2452,Marc Bern,Management,,llm_missed_role,,Management
2452,Maxwell Kennerly,Management,Management,agree,,
2452,Michael Berg,Communications,Communications,agree,,
2452,Michael Goetz,Management,Management,agree,,
2452,Michael Johnson,Management,Management,agree,,
2452,Michael Love,Management,Management,agree,,
2452,Neal Moskow,Management,Management,agree,,
2452,Neil Overholtz,Management,Management,agree,,
2452,Nicholas Drakulich,Management,Management,agree,,
2452,Paul Stevens,Management,Management,agree,,
2452,Ramon Lopez,Management,Management,agree,,
2452,Robert Mosier,Management,Management,agree,,
2452,Ryan Thompson,LeadCounsel; Management,LeadCounsel; Management,agree,,
2452,Stephen Murray,Management,Management,agree,,
2452,Thomas Preuss,Management,Management,agree,,
2452,Tor Hoerman,LeadCounsel; Management,LeadCounsel; Management,agree,,
2460,None None,,ClassCounsel; LeadCounsel,llm_only_not_in_gold,ClassCounsel; LeadCounsel,
2460,Anthony Bolognese,Management,Management,agree,,
2460,Bruce Gerstein,LeadCounsel,ClassCounsel; LeadCounsel,llm_added_role,ClassCounsel,
2460,Daniel Girard,Management,Management,agree,,
2460,Daniel Karon,Management,Management,agree,,
2460,David Sorensen,Communications,ClassCounsel; Communications; LeadCounsel,llm_added_role,ClassCounsel; LeadCounsel,
2460,Deborah Gross,Management,Management,agree,,
2460,J. Richards,Management,Management,agree,,
2460,James Dugan,Management,Management,agree,,
2460,Jayne Goldstein,Management,Management,agree,,
2460,Jeffrey L. Kodroff,,Communications,llm_only_not_in_gold,Communications,
2460,Kenneth Wexler,LeadCounsel,ClassCounsel; LeadCounsel,llm_added_role,ClassCounsel,
2460,Lauren Barnes,LeadCounsel,ClassCounsel; LeadCounsel,llm_added_role,ClassCounsel,
2460,Marvin Miller,LeadCounsel,ClassCounsel; LeadCounsel,llm_added_role,ClassCounsel,
2460,Michael Buchman,LeadCounsel,ClassCounsel; LeadCounsel,llm_added_role,ClassCounsel,
2460,Natalie Finkelman,Management,Management,agree,,
2460,Paul Saint-Antione,,Communications,llm_only_not_in_gold,Communications,
2460,Paul Saint-Antoine,,Communications,llm_only_not_in_gold,Communications,
2460,Renae Steiner,Management,Management,agree,,
2460,Steve Shadowen,LeadCounsel,,gold_only_missed_by_llm,,LeadCounsel
2460,Steven D. Shadowen,,ClassCounsel; LeadCounsel,llm_only_not_in_gold,ClassCounsel; LeadCounsel,
2460,Thomas Sobol,LeadCounsel,ClassCounsel; LeadCounsel,llm_added_role,ClassCounsel,
2472,None None,,ClassCounsel; Communications; LeadCounsel,llm_only_not_in_gold,ClassCounsel; Communications; LeadCounsel,
2472,Carl Beckwith,Management,Management,agree,,
2472,David F. Sorensen,,ClassCounsel; LeadCounsel,llm_only_not_in_gold,ClassCounsel; LeadCounsel,
2472,Deborah Gross,Management,Management,agree,,
2472,Donald A. Migliori,,Communications,llm_only_not_in_gold,Communications,
2472,Donald Miglori,Communications,,gold_only_missed_by_llm,,Communications
2472,Ellen T. Noteware,,ClassCounsel; LeadCounsel,llm_only_not_in_gold,ClassCounsel; LeadCounsel,
2472,Frank Schirripa,Management,,gold_only_missed_by_llm,,Management
2472,Frank R. Shirrippa,,Management,llm_only_not_in_gold,Management,
2472,J. Richards,ClassCounsel; LeadCounsel,LeadCounsel,llm_missed_role,,ClassCounsel
2472,James Dugan,Management,Management,agree,,
2472,James Stranch,Management,Management,agree,,
2472,Jayne Goldstein,Management,Management,agree,,
2472,Jeffrey Kodroff,Management,Management,agree,,
2472,Jeffrey B. Pine,,Communications,llm_only_not_in_gold,Communications,
2472,Joseph H. Meltzer,,ClassCounsel; LeadCounsel,llm_only_not_in_gold,ClassCounsel; LeadCounsel,
2472,Kristen A. Johnson,,ClassCounsel; LeadCounsel,llm_only_not_in_gold,ClassCounsel; LeadCounsel,
2472,Kristen Johnson Parker,,LeadCounsel,llm_only_not_in_gold,LeadCounsel,
2472,Lisa Rodriguez,Management,Management,agree,,
2472,Marvin Miller,ClassCounsel; LeadCounsel,ClassCounsel; LeadCounsel,agree,,
2472,Michael Buchman,ClassCounsel; LeadCounsel,ClassCounsel; LeadCounsel,agree,,
2472,Michael J. Kane,,LeadCounsel,llm_only_not_in_gold,LeadCounsel,
2472,Natalie Finkelman Bennett,,Management,llm_only_not_in_gold,Management,
2472,Natalie Finkelman,Management,,gold_only_missed_by_llm,,Management
2472,Neill W. Clark,,LeadCounsel,llm_only_not_in_gold,LeadCounsel,
2472,Patrick C. Lynch,,Communications,llm_only_not_in_gold,Communications,
2472,Peter R. Kohn,,ClassCounsel; LeadCounsel,llm_only_not_in_gold,ClassCounsel; LeadCounsel,
2472,Richard Trenk,Management,Management,agree,,
2472,Sharon K. Robertson,,ClassCounsel,llm_only_not_in_gold,ClassCounsel,
2472,Steve Shadowen,ClassCounsel; LeadCounsel,ClassCounsel; LeadCounsel,agree,,
2472,Terence S. Ziegler,,LeadCounsel,llm_only_not_in_gold,LeadCounsel,
2472,Thomas M. Sobol,,ClassCounsel; LeadCounsel,llm_only_not_in_gold,ClassCounsel; LeadCounsel,
2472,William Doyle,Management,Management,agree,,
2475,None None,,LeadCounsel,llm_only_not_in_gold,LeadCounsel,
2492,Charles S. Zimmerman,,Management,llm_only_not_in_gold,Management,
2492,James Dugan,Management,Management,agree,,
2492,Johanna M. Spellman,,Communications,llm_only_not_in_gold,Communications,
2492,Joseph Siprut,ClassCounsel; LeadCounsel,ClassCounsel; LeadCounsel,agree,,
2492,Mark S. Mester,,LeadCounsel,llm_only_not_in_gold,LeadCounsel,
2492,Mark Zamora,Management,Management,agree,,
2492,Richard S. Lewis,,ClassCounsel,llm_only_not_in_gold,ClassCounsel,
2492,Steve Berman,ClassCounsel; LeadCounsel,ClassCounsel; LeadCounsel,agree,,
2492,Zimmerman,Management,,gold_only_missed_by_llm,,Management
2493,Anthony I. Paronich,,ClassCounsel,llm_only_not_in_gold,ClassCounsel,
2493,Beth Terrell,LeadCounsel,ClassCounsel; LeadCounsel,llm_added_role,ClassCounsel,
2493,Edward A. Broderick,,ClassCounsel,llm_only_not_in_gold,ClassCounsel,
2493,Jeffrey Holmstrand,Communications,Communications; LeadCounsel,llm_added_role,LeadCounsel,
2493,Jennifer Rust Murray,,ClassCounsel,llm_only_not_in_gold,ClassCounsel,
2493,John Barrett,LeadCounsel,ClassCounsel; LeadCounsel,llm_added_role,ClassCounsel,
2493,Jonathan Marshall,Communications,ClassCounsel; Communications,llm_added_role,ClassCounsel,
2493,Matthew P. McCue,,ClassCounsel,llm_only_not_in_gold,ClassCounsel,
2493,Meryl C. Maneker,,LeadCounsel,llm_only_not_in_gold,LeadCounsel,
2495,Christopher Coffin,LeadCounsel; Management,LeadCounsel; Management,agree,,
2495,Daniel Bryson,LeadCounsel; Management,LeadCounsel; Management,agree,,
2495,Everett Doffermyre,Management,Management,agree,,
2495,Gary Mason,Management,Management,agree,,
2495,Henry Smythe,LeadCounsel,LeadCounsel,agree,,
2495,James Reeves,Management,Management,agree,,
2495,Joel Pieper,LeadCounsel,LeadCounsel,agree,,
2495,Jonathan Shub,Management,Management,agree,,
2495,Jordan Chaikin,Management,Management,agree,,
2495,Justin Lucey,Management,Management,agree,,
2495,Kenneth Canfield,Communications; Management,Communications; Management,agree,,
2495,Shawn Raiter,Management,Management,agree,,
2495,Stan P. Baudin,,Management,llm_only_not_in_gold,Management,
2504,None None,,ClassCounsel,llm_only_not_in_gold,ClassCounsel,
2516,Andrew Curley,Management,Management,agree,,
2516,Brian Daniels,Communications,Communications,agree,,
2516,Brian Roche,Communications,Communications,agree,,
2516,Bruce Gerstein,ClassCounsel; LeadCounsel,LeadCounsel,llm_missed_role,,ClassCounsel
2516,Daniel Girard,ClassCounsel; Management,Management,llm_missed_role,,ClassCounsel
2516,Daniel C. Simons,,Management,llm_only_not_in_gold,Management,
2516,David Mitchell,ClassCounsel; Management,Management,llm_missed_role,,ClassCounsel
2516,David Nalven,Management,Management,agree,,
2516,David R. Schaefer,,Communications,llm_only_not_in_gold,Communications,
2516,David Schafer,ClassCounsel; Communications,,gold_only_missed_by_llm,,ClassCounsel; Communications
2516,David Sorensen,Management,Management,agree,,
2516,Edward Notargiacomo,,Management,llm_only_not_in_gold,Management,
2516,Ephraim Gerstein,ClassCounsel; LeadCounsel,LeadCounsel,llm_missed_role,,ClassCounsel
2516,Gerald Pia,Communications,Communications,agree,,
2516,J. Richards,Management,Management,agree,,
2516,Joseph Opper,ClassCounsel; LeadCounsel,LeadCounsel,llm_missed_role,,ClassCounsel
2516,Linda Nussbaum,Management,Management,agree,,
2516,Marvin Miller,ClassCounsel; LeadCounsel,LeadCounsel,llm_missed_role,,ClassCounsel
2516,Michael Buchman,ClassCounsel; Communications,Communications,llm_missed_role,,ClassCounsel
2516,Natalie Finkelman Bennett,,Management,llm_only_not_in_gold,Management,
2516,Natalie Finkelman,Management,,gold_only_missed_by_llm,,Management
2516,Nick Urban,,Management,llm_only_not_in_gold,Management,
2516,Noah Silverman,,LeadCounsel,llm_only_not_in_gold,LeadCounsel,
2516,Renae Steiner,ClassCounsel; LeadCounsel,LeadCounsel,llm_missed_role,,ClassCounsel
2516,Steve Shadowen,ClassCounsel; LeadCounsel,LeadCounsel,llm_missed_role,,ClassCounsel
2516,Thomas Sobol,ClassCounsel; Management,Management,llm_missed_role,,ClassCounsel
2516,William Narwold,ClassCounsel; Communications,Communications,llm_missed_role,,ClassCounsel
2522,None None,,ClassCounsel; LeadCounsel,llm_only_not_in_gold,ClassCounsel; LeadCounsel,
2522,Ariana Tadler,Management; Settlement,ClassCounsel; Management,partial_disagree,ClassCounsel,Settlement
2522,Brian Gudmundson,Settlement,ClassCounsel,disjoint,ClassCounsel,Settlement
2522,Bryan Bleichner,Settlement,ClassCounsel,disjoint,ClassCounsel,Settlement
2522,Charles Zimmerman,LeadCounsel; Settlement,ClassCounsel; LeadCounsel,partial_disagree,ClassCounsel,Settlement
2522,Christopher Walsh,Communications,Communications,agree,,
2522,Daniel Girard,Management; Settlement,ClassCounsel; Management,partial_disagree,ClassCounsel,Settlement
2522,David Cialkowski,Settlement,ClassCounsel,disjoint,ClassCounsel,Settlement
2522,Don Barrett,Management,Management,agree,,
2522,E. Drake,Settlement,ClassCounsel,disjoint,ClassCounsel,Settlement
2522,Felipe Arroyo,LeadCounsel,LeadCounsel,agree,,
2522,Garrett Blanchfield,Communications,Communications,agree,,
2522,Gary Lynch,Management,Management,agree,,
2522,Howard Sedran,Management,Management,agree,,
2522,J. Rudd,Settlement,ClassCounsel,disjoint,ClassCounsel,Settlement
2522,James Pizzirusso,Management,Management,agree,,
2522,Jeffrey Bores,Settlement,ClassCounsel,disjoint,ClassCounsel,Settlement
2522,John Yanchunis,Management; Settlement,ClassCounsel; Management,partial_disagree,ClassCounsel,Settlement
2522,Joseph Guglielmo,Management,Management,agree,,
2522,Karen Riebel,Communications,Communications,agree,,
2522,Karl Cambronne,LeadCounsel; Settlement,ClassCounsel; LeadCounsel,partial_disagree,ClassCounsel,Settlement
2522,Michelle Drake,Communications,Communications,agree,,
2522,Naumon Amjed,Management,Management,agree,,
2522,Norm Siegel,Management,Management,agree,,
2522,Norman Siegel,Settlement,ClassCounsel,disjoint,ClassCounsel,Settlement
2522,Vincent Esades,LeadCounsel; Settlement,ClassCounsel; LeadCounsel,partial_disagree,ClassCounsel,Settlement
2522,W. Miles,Management,Management,agree,,
2541,None None,,ClassCounsel; LeadCounsel,llm_only_not_in_gold,ClassCounsel; LeadCounsel,
2542,None None,,ClassCounsel; LeadCounsel,llm_only_not_in_gold,ClassCounsel; LeadCounsel,
2542,Fred Isquith,Communications,Communications,agree,,
2543,Adam Levitt,Management,ClassCounsel; Management,llm_added_role,ClassCounsel,
2543,David Boies,Management,ClassCounsel; Management,llm_added_role,ClassCounsel,
2543,Dawn Barrios,Communications; Coordination,Coordination,llm_missed_role,,Communications
2543,Dianne Nast,Management,Management,agree,,
2543,Elizabeth Cabraser,LeadCounsel,ClassCounsel; LeadCounsel,llm_added_role,ClassCounsel,
2543,Elizabeth Cabreser,LeadCounsel,,gold_only_missed_by_llm,,LeadCounsel
2543,Frank Pitre,Management,Management,agree,,
2543,Joe Rice,,ClassCounsel,llm_only_not_in_gold,ClassCounsel,
2543,John Tangren,,ClassCounsel,llm_only_not_in_gold,ClassCounsel,
2543,Joseph Rice,Management,Management,agree,,
2543,Kevin Dean,,ClassCounsel,llm_only_not_in_gold,ClassCounsel,
2543,Lance Cooper,Management,Management,agree,,
2543,Mar Robinson,LeadCounsel,,gold_only_missed_by_llm,,LeadCounsel
2543,Marc Seltzer,Management,ClassCounsel; Management,llm_added_role,ClassCounsel,
2543,Mark Robinson,Management,LeadCounsel; Management,llm_added_role,LeadCounsel,
2543,Mark Seltzer,Management,,gold_only_missed_by_llm,,Management
2543,Matthew Weinshall,,ClassCounsel,llm_only_not_in_gold,ClassCounsel,
2543,Melanie Cyganowski,Management,Management,agree,,
2543,Peter Prieto,Management,ClassCounsel; Management,llm_added_role,ClassCounsel,
2543,Robert Hillard,LeadCounsel,,gold_only_missed_by_llm,,LeadCounsel
2543,Robert Hilliard,LeadCounsel,LeadCounsel,agree,,
2543,Robin Greenwald,Communications,Communications,agree,,
2543,Steve Berman,LeadCounsel,ClassCounsel; LeadCounsel,llm_added_role,ClassCounsel,
2543,Steven Davis,,ClassCounsel,llm_only_not_in_gold,ClassCounsel,
2545,Alex MacDonald,Management,Management,agree,,
2545,Andrew Solow,LeadCounsel,LeadCounsel,agree,,
2545,Arnold Levin,Management,Management,agree,,
2545,Arthur Liederman,LeadCounsel,LeadCounsel,agree,,
2545,Bill Robins,Management,Management,agree,,
2545,Brian Perkins,Communications,Communications,agree,,
2545,Christopher Seeger,Fees; LeadCounsel; Management,Fees; LeadCounsel; Management,agree,,
2545,Christopher Tisi,Management,Management,agree,,
2545,David Ratner,Management,Management,agree,,
2545,David Stanley,LeadCounsel,LeadCounsel,agree,,
2545,Dawn Barrios,Management,Management,agree,,
2545,Derriel McCorvey,Management,Management,agree,,
2545,Dianne Nast,Management,Management,agree,,
2545,"Elwood Stevens,",Management,Management,agree,,
2545,Frank Petosa,Management,Management,agree,,
2545,Gregory Spizer,Management,Management,agree,,
2545,James Pagliaro,LeadCounsel,LeadCounsel,agree,,
2545,Janet Kwuon,LeadCounsel,LeadCounsel,agree,,
2545,Joseph Thomas,LeadCounsel,LeadCounsel,agree,,
2545,Kathleen Chavez,Management,Management,agree,,
2545,Kristine Kraft,Management,Management,agree,,
2545,Lawrence Gornick,Management,Management,agree,,
2545,Loren Brown,LeadCounsel,LeadCounsel,agree,,
2545,Mark Hoffman,Management,Management,agree,,
2545,Martin Crump,Management,Management,agree,,
2545,Matthew Holian,LeadCounsel,LeadCounsel,agree,,
2545,Matthew Teague,Management,Management,agree,,
2545,Maury Herman,Management,Management,agree,,
2545,Michael Healy,LeadCounsel,LeadCounsel,agree,,
2545,Michael London,Management,Management,agree,,
2545,Michael Papantonio,Management,Management,agree,,
2545,Michelle Kranz,Fees; Management,Fees; Management,agree,,
2545,Myron Cherry,Communications,Communications,agree,,
2545,Nicole Wrigley,LeadCounsel,LeadCounsel,agree,,
2545,Pamela J. Yates,,LeadCounsel,llm_only_not_in_gold,LeadCounsel,
2545,Rachel Abrams,Management,Management,agree,,
2545,Roger Orlando,Management,Management,agree,,
2545,Ronald Johnson,Fees; LeadCounsel; Management,Fees; LeadCounsel; Management,agree,,
2545,Scott Glauberman,Communications; LeadCounsel,Communications; LeadCounsel,agree,,
2545,Seth Katz,Management,Management,agree,,
2545,T. Leckman,Management,Management,agree,,
2545,Thomas Sullivan,LeadCounsel,LeadCounsel,agree,,
2545,Timothy Becker,Management,Management,agree,,
2545,Trent Miracle,Fees; LeadCounsel; Management,Fees; LeadCounsel; Management,agree,,
2545,Troy Rafferty,Fees,Fees,agree,,
2545,W. Lanier,Management,Management,agree,,
2545,Will Moody,Management,Management,agree,,
2545,Yvonne Flaherty,Management,Management,agree,,
2548,None None,,ClassCounsel,llm_only_not_in_gold,ClassCounsel,
2548,Stephen Ehrenberg,Communications,Communications,agree,,
2551,None None,,ClassCounsel; Communications; LeadCounsel; Management,llm_only_not_in_gold,ClassCounsel; Communications; LeadCounsel; Management,
2551,Charles LaDuca,Management,Management,agree,,
2551,Robert Shelquist,Management,Management,agree,,
2551,Shawn Raiter,Management,Management,agree,,
2555,None None,,LeadCounsel,llm_only_not_in_gold,LeadCounsel,
2555,Charles LaDuca,Management,Management,agree,,
2555,Dewitt Lovelace,Management,Management,agree,,
2555,Don Barrett,Management,Management,agree,,
2555,Jonathan Cuneo,Management,Management,agree,,
2555,Keith Fleischman,Management,Management,agree,,
2555,Mark Knutson,Management,Management,agree,,
2555,Phillip Howard,Management,,gold_only_missed_by_llm,,Management
2555,Pierce Gore,Management,Management,agree,,
2555,Reginald Von Terrell,,Management,llm_only_not_in_gold,Management,
2555,Robert Clifford,Management,Management,agree,,
2555,Thomas Thrash,Management,Management,agree,,
2555,Timothy Howard,,Management,llm_only_not_in_gold,Management,
2555,Von Terrell Reginald,Management,,gold_only_missed_by_llm,,Management
2555,Zona Jones,Management,Management,agree,,
2557,Allison Fry,Communications,Communications,agree,,
2557,Hal Litchford,Communications,Communications,agree,,
2557,Mark Shurtleff,Communications,Communications,agree,,
2566,None None,,ClassCounsel; Communications; LeadCounsel,llm_only_not_in_gold,ClassCounsel; Communications; LeadCounsel,
2566,D. Michael Noonan,,Management,llm_only_not_in_gold,Management,
2566,Michael Noonan,Management,,gold_only_missed_by_llm,,Management
2566,R. Alexander Saveri,,Management,llm_only_not_in_gold,Management,
2566,R. Alexander Saveri,Management,,gold_only_missed_by_llm,,Management
2566,Ronald Dardeno,Management,Management,agree,,
2566,William Baldiga,Management,Management,agree,,
2566,William Coulthard,Management,Management,agree,,
2567,None None,,ClassCounsel,llm_only_not_in_gold,ClassCounsel,
2567,Kit Pierson,LeadCounsel,LeadCounsel,agree,,
2567,Laddie Montague,LeadCounsel,LeadCounsel,agree,,
2567,Norman Siegel,Communications; LeadCounsel,Communications; LeadCounsel,agree,,
2567,Rick Lombardo,Communications,Communications,agree,,
2567,Robert Carey,LeadCounsel,LeadCounsel,agree,,
2567,Steve Susman,LeadCounsel,LeadCounsel,agree,,
2570,Andrea Roberts Pierson,,LeadCounsel,llm_only_not_in_gold,LeadCounsel,
2570,Ben Martin,LeadCounsel,LeadCounsel; Management,llm_added_role,Management,
2570,Brian Jackson,Management,Management,agree,,
2570,Charles Siegel,Management,Management,agree,,
2570,Christopher James (“C.J.”) Baker,,Management,llm_only_not_in_gold,Management,
2570,Christopher Kirchmer,Management,Management,agree,,
2570,Christopher James Baker,Management,,gold_only_missed_by_llm,,Management
2570,David DeGreeff,Management,Management,agree,,
2570,David Matthews,LeadCounsel; Management,LeadCounsel; Management,agree,,
2570,Douglas B. King,,LeadCounsel,llm_only_not_in_gold,LeadCounsel,
2570,Frederick Hovde,Coordination,,gold_only_missed_by_llm,,Coordination
2570,Fredrick Hovde,Coordination,Communications; Coordination,llm_added_role,Communications,
2570,Gregory Laker,Management,Management,agree,,
2570,Gregory Rueb,Management,Management,agree,,
2570,Hovde Frederick,Management,,gold_only_missed_by_llm,,Management
2570,Howard Nations,Management,Management,agree,,
2570,Irwin Levin,Communications; LeadCounsel,LeadCounsel,llm_missed_role,,Communications
2570,Jason Joy,Management,Management,agree,,
2570,John Dalimonte,Management,Management,agree,,
2570,"John
 Maclean",Management,Management,agree,,
2570,Jonathan Sedge,Management,Management,agree,,
2570,Jonathan Sedgh,Management,Management,agree,,
2570,Joseph Johnson,Management,Management,agree,,
2570,Joseph Williams,Coordination,Communications; Coordination,llm_added_role,Communications,
2570,Julia Zaic,Management,Management,agree,,
2570,Laura Smith,Management,Management,agree,,
2570,Lopez Ramon,Management,,gold_only_missed_by_llm,,Management
2570,Martin Ben,Management,,gold_only_missed_by_llm,,Management
2570,Matthew McCarley,Management,Management,agree,,
2570,Matthew Schultz,Management,Management,agree,,
2570,"Michael
 Heaviside",LeadCounsel,LeadCounsel,agree,,
2570,"Paul
 Stoller",Management,Management,agree,,
2570,Paul L. Stroller,,Management,llm_only_not_in_gold,Management,
2570,Ramon Lopez,Management,Management,agree,,
2570,Robert Hammers,Management,Management,agree,,
2570,Russell Budd,Management,Management,agree,,
2570,Russell Button,Management,Management,agree,,
2570,Teresa Toriseva,Management,Management,agree,,
2570,Thomas Arbon,Management,Management,agree,,
2570,Tim Goss,Management,Management,agree,,
2570,Toriseva Teresa,LeadCounsel; Management,,gold_only_missed_by_llm,,LeadCounsel; Management
2570,Troy Brenes,Management,Management,agree,,
2570,Turner Branch,Management,Management,agree,,
2570,Willard Moody,Management,Management,agree,,
2570,William Curtis,Management,Management,agree,,
2573,None None,,ClassCounsel,llm_only_not_in_gold,ClassCounsel,
2575,Edward Wallace,ClassCounsel; Communications,ClassCounsel; Communications,agree,,
2575,Glen Abramson,ClassCounsel; LeadCounsel,ClassCounsel; LeadCounsel,agree,,
2575,John Popilock,Communications,Communications,agree,,
2575,Patrick Howard,ClassCounsel; LeadCounsel,ClassCounsel; LeadCounsel,agree,,
2575,Shanon Carson,ClassCounsel; LeadCounsel,ClassCounsel; LeadCounsel,agree,,
2575,"Simon Paris,",Communications,ClassCounsel; Communications; LeadCounsel,llm_added_role,ClassCounsel; LeadCounsel,
2580,None None,,ClassCounsel; LeadCounsel,llm_only_not_in_gold,ClassCounsel; LeadCounsel,
2580,Bruce Gerstein,ClassCounsel; Settlement,ClassCounsel; LeadCounsel,partial_disagree,LeadCounsel,Settlement
2580,David Sorensen,ClassCounsel; Settlement,ClassCounsel; LeadCounsel,partial_disagree,LeadCounsel,Settlement
2586,Andrew J. Friedman,,Management,llm_only_not_in_gold,Management,
2586,Aron Robinson,Management,,gold_only_missed_by_llm,,Management
2586,Ben Barnow,LeadCounsel,LeadCounsel,agree,,
2586,Charles N. Nauen,,Communications,llm_only_not_in_gold,Communications,
2586,Edwin Kilpela,LeadCounsel,LeadCounsel,agree,,
2586,John Driscoll,Management,,gold_only_missed_by_llm,,Management
2586,John D. Seiver,,LeadCounsel,llm_only_not_in_gold,LeadCounsel,
2586,John Steward,Management,,gold_only_missed_by_llm,,Management
2586,Karen Riebel,Management,,gold_only_missed_by_llm,,Management
2586,Rhett McSweeney,Communications,,gold_only_missed_by_llm,,Communications
2586,Richard Coffman,Management,,gold_only_missed_by_llm,,Management
2586,Roberta B. Walburn,,Communications,llm_only_not_in_gold,Communications,
2586,Scott Owens,,Management,llm_only_not_in_gold,Management,
2587,Adam Caldwell,Management,Management,agree,,
2587,Brook Brown,Management,Management,agree,,
2587,Carl Galant,Management,Management,agree,,
2587,Christian Binnig,Management,Management,agree,,
2587,Christopher Akin,LocalCounsel,,gold_only_missed_by_llm,,LocalCounsel
2587,Christopher Savage,Management,Management,agree,,
2587,David Hogue,Management,Management,agree,,
2587,David Vogel,Communications; LeadCounsel; Management,Communications; LeadCounsel; Management,agree,,
2587,Douglas Lobel,Communications; LeadCounsel; Management,Communications; LeadCounsel; Management,agree,,
2587,Eric Johnson,Management,Management,agree,,
2587,Gerard Duffy,Management,Management,agree,,
2587,Gregory Merz,Management,Management,agree,,
2587,James Buddenbaum,Management,Management,agree,,
2587,Jeffrey Strauss,Management,Management,agree,,
2587,John Cooper,Management,Management,agree,,
2587,Juliet Cox,Management,Management,agree,,
2587,Matthew Brill,Management,Management,agree,,
2587,Michael Lynn,LocalCounsel,,gold_only_missed_by_llm,,LocalCounsel
2587,Paul Schudel,Management,Management,agree,,
2587,Russell Blau,Management,Management,agree,,
2587,Todd Holleman,Management,Management,agree,,
2587,Travis Montgomery,Management,Management,agree,,
2590,Adam Levitt,ClassCounsel; LeadCounsel,LeadCounsel,llm_missed_role,,ClassCounsel
2590,Jonathan Selbin,ClassCounsel; LeadCounsel,LeadCounsel,llm_missed_role,,ClassCounsel
2590,Laurel Bellows,Communications,Communications,agree,,
2590,William Audet,ClassCounsel; LeadCounsel,LeadCounsel,llm_missed_role,,ClassCounsel
2591,Christopher Ellis,Management,Management,agree,,
2591,Christopher Seeger,ClassCounsel; Settlement,ClassCounsel; Settlement,agree,,
2591,Clayton Clark,Settlement,Settlement,agree,,
2591,Daniel Gustafson,ClassCounsel; Settlement,ClassCounsel; Settlement,agree,,
2591,David Graham,Management,Management,agree,,
2591,Don Downing,ClassCounsel; LeadCounsel,ClassCounsel; LeadCounsel,agree,,
2591,James Cecchi,ClassCounsel,ClassCounsel,agree,,
2591,Jayne Conroy,Management,Management,agree,,
2591,John Ursu,Management,Management,agree,,
2591,Kenneth Wexler,ClassCounsel,ClassCounsel,agree,,
2591,Lynn Johnson,ClassCounsel,ClassCounsel,agree,,
2591,Mikal Watts,Settlement,Settlement,agree,,
2591,Patrick Stueve,ClassCounsel; Communications; LeadCounsel; Settlement,ClassCounsel; Communications; LeadCounsel,llm_missed_role,,Settlement
2591,Richard Paul,Management,Management,agree,,
2591,Robert Shelquist,Management,Management,agree,,
2591,Scott Powell,ClassCounsel; LeadCounsel,ClassCounsel; LeadCounsel,agree,,
2591,Scott Poynter,Management,Management,agree,,
2591,Stephen Weiss,Management,Management,agree,,
2591,Thomas V. Bender,,Management,llm_only_not_in_gold,Management,
2591,Thomas P. Cartmell,,Management,llm_only_not_in_gold,Management,
2591,Thomas Schult,Communications,Communications,agree,,
2591,Tom Bender,Management,,gold_only_missed_by_llm,,Management
2591,Tom Cartmell,Management,,gold_only_missed_by_llm,,Management
2591,William Chaney,ClassCounsel; LeadCounsel,ClassCounsel; LeadCounsel,agree,,
2592,Andrew Solow,LeadCounsel,LeadCounsel,agree,,
2592,Andy Birchfield,LeadCounsel; Management,Fees; LeadCounsel; Management,llm_added_role,Fees,
2592,Bradley Honnold,Management,Management,agree,,
2592,Brian Barr,LeadCounsel; Management,Fees; LeadCounsel; Management,llm_added_role,Fees,
2592,Daniel Gallucci,Coordination,Coordination,agree,,
2592,Dawn Barrios,Coordination; Management,Coordination; Management,agree,,
2592,Dianne Nast,Management,Management,agree,,
2592,Ellen Relkin,Management,Management,agree,,
2592,Frederick Longer,Management,Management,agree,,
2592,Gerald Meunier,Communications; Management,Communications; Fees; Management,llm_added_role,Fees,
2592,Gibson Vance,Coordination,Coordination,agree,,
2592,James Irwin,Communications,Communications,agree,,
2592,Jeffrey Grand,Management,Management,agree,,
2592,Leonard Davis,Communications; Management,Communications; Fees; Management,llm_added_role,Fees,
2592,Mark Hoffman,Management,Management,agree,,
2592,Michael Goetz,Management,Management,agree,,
2592,Michael Weinkowitz,Coordination,Coordination; Fees,llm_added_role,Fees,
2592,Neil Overholtz,Management,Management,agree,,
2592,Richard Golomb,Communications,,gold_only_missed_by_llm,,Communications
2592,Roger Denton,Management,Management,agree,,
2592,Russell Abney,Management,Management,agree,,
2592,Sindhu Daniel,Management,Management,agree,,
2592,Steven Glickstein,LeadCounsel,LeadCounsel,agree,,
2592,Susan Sharko,LeadCounsel,LeadCounsel,agree,,
2595,Ari Scharg,Management,Management,agree,,
2595,Bob Methvin,Management,Management,agree,,
2595,Brian Penny,Management,Management,agree,,
2595,Chris Hellums,Communications,Communications; LocalCounsel,llm_added_role,LocalCounsel,
2595,Gary Lynch,Management,Management,agree,,
2595,Gibson Vance,Management,Management,agree,,
2595,Jeff Friedman,LeadCounsel; Management; Settlement,ClassCounsel; LeadCounsel; Management,partial_disagree,ClassCounsel,Settlement
2595,Karen Ribel,Settlement,,gold_only_missed_by_llm,,Settlement
2595,Karen Riebel,LeadCounsel; Management,ClassCounsel; LeadCounsel; Management,llm_added_role,ClassCounsel,
2595,Katrina Carroll,Management,Management,agree,,
2595,Kirk Wood,Management,Management,agree,,
2595,Paula Knippa,Management,Management,agree,,
2595,Richard Smith,Communications,Communications; LocalCounsel,llm_added_role,LocalCounsel,
2599,Curtis Miner,ClassCounsel; LeadCounsel; Management,ClassCounsel; LeadCounsel,llm_missed_role,,Management
2599,David Boies,ClassCounsel; LeadCounsel; SettlementAdministration,ClassCounsel; LeadCounsel,llm_missed_role,,SettlementAdministration
2599,Elizabeth Cabraser,ClassCounsel; Management; SettlementAdministration,ClassCounsel; Management,llm_missed_role,,SettlementAdministration
2599,James Cecchi,ClassCounsel; Management; SettlementAdministration,ClassCounsel; Management,llm_missed_role,,SettlementAdministration
2599,Pete Priet,ClassCounsel,,gold_only_missed_by_llm,,ClassCounsel
2599,Peter Prieto,ClassCounsel; LeadCounsel; Management; SettlementAdministration,ClassCounsel; LeadCounsel,llm_missed_role,,Management; SettlementAdministration
2599,Rachel Furst,ClassCounsel,ClassCounsel,agree,,
2599,Roland Tellis,ClassCounsel; Management; SettlementAdministration,ClassCounsel; Management,llm_missed_role,,SettlementAdministration
2599,Ronald Tellis,ClassCounsel; SettlementAdministration,,gold_only_missed_by_llm,,ClassCounsel; SettlementAdministration
2599,Todd Smith,ClassCounsel; SettlementAdministration,ClassCounsel; LeadCounsel,partial_disagree,LeadCounsel,SettlementAdministration
2606,Adam Slater,Fees; Management,Fees,llm_missed_role,,Management
2606,Anthony Irpino,Management; ProSe,ProSe,llm_missed_role,,Management
2606,Behram Parekh,Management,,gold_only_missed_by_llm,,Management
2606,Christopher Coffin,Fees; Management,Fees,llm_missed_role,,Management
2606,Esther Berezofsky,Management,,gold_only_missed_by_llm,,Management
2606,F. Abbott,Management,,gold_only_missed_by_llm,,Management
2606,Gale Pearson,Management,,gold_only_missed_by_llm,,Management
2606,George Williamson,Management,,gold_only_missed_by_llm,,Management
2606,Jeffrey Kuntz,Management,,gold_only_missed_by_llm,,Management
2606,Joel Rhine,Management,,gold_only_missed_by_llm,,Management
2606,Lexi Hazam,Fees; Management,Fees,llm_missed_role,,Management
2606,Mallory Mangold,Management,,gold_only_missed_by_llm,,Management
2606,Mark O'Mara,Management,,gold_only_missed_by_llm,,Management
2606,Michael Goetz,Fees,Fees,agree,,
2606,Michael Zogby,Communications,Communications,agree,,
2606,Paul Rheingold,Management,,gold_only_missed_by_llm,,Management
2606,Peter Snowdon,Management,,gold_only_missed_by_llm,,Management
2606,Peter Weinberger,Fees; Management,Fees,llm_missed_role,,Management
2606,Richard Golomb,Communications; Fees,Communications; Fees,agree,,
2606,Roger Orlando,Management,,gold_only_missed_by_llm,,Management
2606,Stuart Goldenberg,Management,,gold_only_missed_by_llm,,Management
2606,Tara Sutton,Fees; Management,Fees,llm_missed_role,,Management
2606,Troy Rafferty,Fees; Management,Fees,llm_missed_role,,Management
2606,Victoria Maniatis,Fees; Management,Fees,llm_missed_role,,Management
2613,None None,,ClassCounsel,llm_only_not_in_gold,ClassCounsel,
2613,E. Adam Webb,,ClassCounsel,llm_only_not_in_gold,ClassCounsel,
2613,Richard D. McCune,,ClassCounsel,llm_only_not_in_gold,ClassCounsel,
2615,None None,,ClassCounsel; Communications; LocalCounsel,llm_only_not_in_gold,ClassCounsel; Communications; LocalCounsel,
2624,None None,,ClassCounsel,llm_only_not_in_gold,ClassCounsel,
2624,Daniel Girard,LeadCounsel,LeadCounsel,agree,,
2624,Elizabeth Kramer,LeadCounsel,LeadCounsel,agree,,
2624,Elizabeth Pritzker,LeadCounsel,LeadCounsel,agree,,
2624,Jonathan Levine,LeadCounsel,LeadCounsel,agree,,
2624,Matthew Edling,LeadCounsel,LeadCounsel,agree,,
2624,Philip Gregory,LeadCounsel,LeadCounsel,agree,,
2624,Steven Williams,LeadCounsel,LeadCounsel,agree,,
2626,None None,,ClassCounsel; LeadCounsel,llm_only_not_in_gold,ClassCounsel; LeadCounsel,
2626,Dennis Stewart,Trial,Trial,agree,,
2626,George Sampson,Trial,Trial,agree,,
2626,John A. DeVault III,,LocalCounsel,llm_only_not_in_gold,LocalCounsel,
2626,Robert C. Gilbert,,Communications,llm_only_not_in_gold,Communications,
2626,Steven Marks,Trial,Trial,agree,,
2627,Adhoot Robert,ClassCounsel,,gold_only_missed_by_llm,,ClassCounsel
2627,"Alexander Robertson, IV",,ClassCounsel,llm_only_not_in_gold,ClassCounsel,
2627,Berman Steve,ClassCounsel,,gold_only_missed_by_llm,,ClassCounsel
2627,Bryson Daniel,ClassCounsel,,gold_only_missed_by_llm,,ClassCounsel
2627,Daniel K. Bryson,,ClassCounsel,llm_only_not_in_gold,ClassCounsel,
2627,Diane Flannery,,LeadCounsel,llm_only_not_in_gold,LeadCounsel,
2627,Dianne Flannery,LeadCounsel,,gold_only_missed_by_llm,,LeadCounsel
2627,Kevin Sullivan,LeadCounsel,LeadCounsel,agree,,
2627,McCarthy Niall,ClassCounsel,,gold_only_missed_by_llm,,ClassCounsel
2627,Nancy Fineman,LeadCounsel,LeadCounsel,agree,,
2627,Niall McCarthy,LeadCounsel,ClassCounsel; LeadCounsel,llm_added_role,ClassCounsel,
2627,Robert R. Adhoot,,ClassCounsel,llm_only_not_in_gold,ClassCounsel,
2627,Robertson Alexander,ClassCounsel,,gold_only_missed_by_llm,,ClassCounsel
2627,Shawn Reed,LeadCounsel,LeadCounsel,agree,,
2627,Steve Berman,LeadCounsel,,gold_only_missed_by_llm,,LeadCounsel
2627,Steven W. Berman,,ClassCounsel; LeadCounsel,llm_only_not_in_gold,ClassCounsel; LeadCounsel,
2627,Steven Toll,ClassCounsel; LeadCounsel,ClassCounsel; LeadCounsel,agree,,
2627,William Stem,,LeadCounsel,llm_only_not_in_gold,LeadCounsel,
2627,William Stern,LeadCounsel,,gold_only_missed_by_llm,,LeadCounsel
2633,Larson,Communications,,gold_only_missed_by_llm,,Communications
2633,Ari Scharg,Management,Management,agree,,
2633,Chase Alvord,LeadCounsel,LeadCounsel,agree,,
2633,Christopher Brain,LeadCounsel,LeadCounsel,agree,,
2633,James Pizzirusso,Management,Management,agree,,
2633,Jason Dennett,LeadCounsel,LeadCounsel,agree,,
2633,Keith Dubanevich,Communications,Communications,agree,,
2633,Kim Stephens,LeadCounsel; Management,LeadCounsel; Management,agree,,
2633,Mark Friel,Communications,Communications,agree,,
2633,Steve Larson,Communications,Communications,agree,,
2633,Tina Wolfson,Management,Management,agree,,
2641,Ben Martin,Management,Management,agree,,
2641,Christopher Kirchmer,Management,Management,agree,,
2641,Donald Migliori,Management,Management,agree,,
2641,Eric Terry,Management,Management,agree,,
2641,Hadley Matarazzo,Management,Management,agree,,
2641,Howard Nations,Management,Management,agree,,
2641,John Dalimonte,Management,Management,agree,,
2641,Joseph Johnson,Management,Management,agree,,
2641,Joseph Osborne,Management,Management,agree,,
2641,Julia Zaic,Management,Management,agree,,
2641,Margaret Branch,Management,Management,agree,,
2641,Matthew McCarley,Management,Management,agree,,
2641,Matthew Schultz,Management,Management,agree,,
2641,Michael Gallagher,Management,Management,agree,,
2641,Michael Kelly,Management,Management,agree,,
2641,Nate Van Der Veer,Management,Management,agree,,
2641,Ramon Lopez,Communications; Coordination; LeadCounsel,Communications; Coordination; LeadCounsel,agree,,
2641,Robert Boatman,Communications; Coordination; LeadCounsel,Communications; Coordination; LeadCounsel,agree,,
2641,Russell Budd,Management,Management,agree,,
2641,Shannon Clark,Management,Management,agree,,
2641,Sheila Bossier,Management,Management,agree,,
2641,Steven Rotman,,Management,llm_only_not_in_gold,Management,
2641,Stuart Goldenberg,Management,Management,agree,,
2641,Thomas Cartmell,Management,Management,agree,,
2641,Troy Brenes,Management,Management,agree,,
2641,Turner Branch,Management,Management,agree,,
2641,Vance Andrus,Management,,gold_only_missed_by_llm,,Management
2641,Wendy Fleishman,Management,Management,agree,,
2642,Ahmed Diab,Management,Management,agree,,
2642,Andrea Hirsch,Management,Management,agree,,
2642,Bill Robins,LeadCounsel; Management,LeadCounsel; Management,agree,,
2642,Christopher Nidel,Management,Management,agree,,
2642,David Wool,Management,Management,agree,,
2642,Erik Walker,Management,Management,agree,,
2642,Katie Griffin,Management,Management,agree,,
2642,Lauren Welling,Management,Management,agree,,
2642,Olga Viner,Management,Management,agree,,
2642,R. Richards,Management,Management,agree,,
2642,Russell Budd,LeadCounsel; Management,LeadCounsel; Management,agree,,
2642,Tad Thomas,Management,Management,agree,,
2642,Thomas Sims,Management,Management,agree,,
2642,Vance R. Andrus,,Management,llm_only_not_in_gold,Management,
2642,Yvonne Flaherty,Communications; Management,Communications; Management,agree,,
2645,None None,,ClassCounsel; Communications; LeadCounsel,llm_only_not_in_gold,ClassCounsel; Communications; LeadCounsel,
2656,Adam Zapala,LeadCounsel,ClassCounsel; LeadCounsel,llm_added_role,ClassCounsel,
2656,Elizabeth Cabraser,Management,Management,agree,,
2656,Michael Hausfeld,LeadCounsel,ClassCounsel; LeadCounsel,llm_added_role,ClassCounsel,
2656,Robert Kaplan,Management,Management,agree,,
2656,Steven Williams,LeadCounsel,ClassCounsel; LeadCounsel,llm_added_role,ClassCounsel,
2656,Warren Burns,Management,Management,agree,,
2657,Amy Eskin,Management,Management,agree,,
2657,Anthony Tarricone,Management,Management,agree,,
2657,Arthur Murray,Management,Management,agree,,
2657,Christopher Schnieders,Management,Management,agree,,
2657,Edward Blizzard,Management,Management,agree,,
2657,Edward Mulligan,Management,Management,agree,,
2657,Elizabeth Graham,LeadCounsel,LeadCounsel,agree,,
2657,James Gotz,Communications,Communications,agree,,
2657,James Klick,Management,Management,agree,,
2657,Jeffrey Gibson,Management,Management,agree,,
2657,Kate Jaycox,Management,Management,agree,,
2657,Kimberly Baden,LeadCounsel,LeadCounsel,agree,,
2657,Kimberly Dougherty,Communications,Communications,agree,,
2657,Melissa Hague,Management,Management,agree,,
2657,Robert Jenner,Communications,Communications,agree,,
2657,Russell Budd,Management,Management,agree,,
2657,Stephen Hunt,Management,Management,agree,,
2657,Steven Rotman,Management,Management,agree,,
2657,Tobias Millrood,LeadCounsel,LeadCounsel,agree,,
2657,Walter Kelley,Management,Management,agree,,
2657,Wendy Fleishman,Management,Management,agree,,
2664,Daniel Girard,ClassCounsel,ClassCounsel; LeadCounsel,llm_added_role,LeadCounsel,
2664,Daniel Reilly,,Communications,llm_only_not_in_gold,Communications,
2664,David Thompson,Management,Management,agree,,
2664,Francis Joseph Warin,,Communications,llm_only_not_in_gold,Communications,
2664,Gary Mason,Communications,Communications,agree,,
2664,John Yanchunis,Management,Management,agree,,
2664,Paul G. Freeborne,,Communications,llm_only_not_in_gold,Communications,
2664,Tina Wolfson,Management,Management,agree,,
2666,Anne Andrews,Management,Management,agree,,
2666,Annesley DeGaris,Management,Management,agree,,
2666,Behram Parekh,Management,Management,agree,,
2666,Ben Gordon,LeadCounsel,LeadCounsel; Management,llm_added_role,Management,
2666,Benjamin Hulse,LeadCounsel,LeadCounsel,agree,,
2666,Christopher Coffin,Management,Management,agree,,
2666,David Hodges,Management,Management,agree,,
2666,David Szerlag,Coordination,Communications,disjoint,Communications,Coordination
2666,Genevieve Zimmerman,LeadCounsel,LeadCounsel; Management,llm_added_role,Management,
2666,Jeffrey Bowersox,Management,Management,agree,,
2666,Jerry Blackwell,LeadCounsel,LeadCounsel,agree,,
2666,Kristine Kraft,Management,Management,agree,,
2666,Kyle Bachus,Management,Management,agree,,
2666,Kyle Farrar,Management,Management,agree,,
2666,Lee McGartland,Management,Management,agree,,
2666,Mark O’Mara,Management,Management,agree,,
2666,Martin Crump,Management,Management,agree,,
2666,Mary Young,LeadCounsel,LeadCounsel,agree,,
2666,Michael Ciresi,LeadCounsel,LeadCounsel; Management,llm_added_role,Management,
2666,Noah Lauricella,Management,Management,agree,,
2666,Paula Bliss,Management,Management,agree,,
2666,Rachel Abrams,Coordination,,gold_only_missed_by_llm,,Coordination
2666,Richard Lewis,Management,Management,agree,,
2666,Richard Schlueter,Management,Management,agree,,
2666,Stuart Talley,Management,Management,agree,,
2667,Irvin Levin,LeadCounsel,LeadCounsel,agree,,
2667,Irwin Levin,ClassCounsel; LeadCounsel,ClassCounsel; LeadCounsel,agree,,
2667,Lynn Toops,LeadCounsel,LeadCounsel,agree,,
2667,Richard Shevitz,LeadCounsel,LeadCounsel,agree,,
2667,Vess Miller,LeadCounsel,LeadCounsel,agree,,
2669,None None,,ClassCounsel,llm_only_not_in_gold,ClassCounsel,
2669,Douglas Dowd,Communications,Communications,agree,,
2669,Gary Lynch,Management,Management,agree,,
2669,John Driscoll,LeadCounsel,LeadCounsel,agree,,
2669,John Eaves,Management,Management,agree,,
2669,Julian Hammond,Management,Management,agree,,
2669,Katrina Carroll,Management,Management,agree,,
2669,Lewis Garrison,LeadCounsel,,gold_only_missed_by_llm,,LeadCounsel
2669,Richard Cassetta,Communications,Communications,agree,,
2669,Robert Atkins,LeadCounsel,LeadCounsel,agree,,
2669,Thomas Zimmerman,Management,Management,agree,,
2669,"W. Lewis Garrison, Jr.",,LeadCounsel,llm_only_not_in_gold,LeadCounsel,
2670,None None,,ClassCounsel; Communications; LeadCounsel; Management,llm_only_not_in_gold,ClassCounsel; Communications; LeadCounsel; Management,
2670,Jason Hartley,Management,Management,agree,,
2670,William Blechman,Communications,Communications,agree,,
2672,None None,,ClassCounsel; LeadCounsel,llm_only_not_in_gold,ClassCounsel; LeadCounsel,
2672,Adam Levitt,ClassCounsel; Management; SettlementAdministration,Management,llm_missed_role,,ClassCounsel; SettlementAdministration
2672,Benjamin Bailey,ClassCounsel; Management; SettlementAdministration,Management,llm_missed_role,,ClassCounsel; SettlementAdministration
2672,Christopher Seeger,ClassCounsel; Coordination; Management; SettlementAdministration,Coordination; Management,llm_missed_role,,ClassCounsel; SettlementAdministration
2672,David Boies,ClassCounsel; Management; SettlementAdministration,Management,llm_missed_role,,ClassCounsel; SettlementAdministration
2672,David Casey,ClassCounsel; Management; SettlementAdministration,Management,llm_missed_role,,ClassCounsel; SettlementAdministration
2672,Elizabeth Cabraser,ClassCounsel; LeadCounsel; Management; SettlementAdministration,ClassCounsel; LeadCounsel; Management,llm_missed_role,,SettlementAdministration
2672,Frank Pitre,ClassCounsel; Management; SettlementAdministration,Management,llm_missed_role,,ClassCounsel; SettlementAdministration
2672,J. Stranch,ClassCounsel; Management; SettlementAdministration,Management,llm_missed_role,,ClassCounsel; SettlementAdministration
2672,James Cecchi,ClassCounsel; Management; SettlementAdministration,Management,llm_missed_role,,ClassCounsel; SettlementAdministration
2672,James A. Harrod,,ClassCounsel; LeadCounsel,llm_only_not_in_gold,ClassCounsel; LeadCounsel,
2672,Jayne Conroy,ClassCounsel; Management; SettlementAdministration,Management,llm_missed_role,,ClassCounsel; SettlementAdministration
2672,Joseph Rice,ClassCounsel; Management; SettlementAdministration,Management,llm_missed_role,,ClassCounsel; SettlementAdministration
2672,Joshua H. Van Eaton,,Communications,llm_only_not_in_gold,Communications,
2672,Lesley Weaver,ClassCounsel; Management; SettlementAdministration,Management,llm_missed_role,,ClassCounsel; SettlementAdministration
2672,Lynn Sarko,ClassCounsel; Management; SettlementAdministration,Management,llm_missed_role,,ClassCounsel; SettlementAdministration
2672,Michael Hausfeld,ClassCounsel; Management; SettlementAdministration,Management,llm_missed_role,,ClassCounsel; SettlementAdministration
2672,Michael Heygood,ClassCounsel; Coordination; Management; SettlementAdministration,Coordination; Management,llm_missed_role,,ClassCounsel; SettlementAdministration
2672,Paul Geller,ClassCounsel; Management; SettlementAdministration,Management,llm_missed_role,,ClassCounsel; SettlementAdministration
2672,Robin Greenwald,ClassCounsel; Management; SettlementAdministration,Management,llm_missed_role,,ClassCounsel; SettlementAdministration
2672,Roland Tellis,ClassCounsel; Management; SettlementAdministration,Management,llm_missed_role,,ClassCounsel; SettlementAdministration
2672,Rosemary Rivas,ClassCounsel; Management; SettlementAdministration,Management,llm_missed_role,,ClassCounsel; SettlementAdministration
2672,Roxanne Conlin,ClassCounsel; Management; SettlementAdministration,Management,llm_missed_role,,ClassCounsel; SettlementAdministration
2672,Steve Berman,ClassCounsel; Management; SettlementAdministration,Management,llm_missed_role,,ClassCounsel; SettlementAdministration
2672,W. Miles,ClassCounsel; Management; SettlementAdministration,Management,llm_missed_role,,ClassCounsel; SettlementAdministration
2673,None None,,Communications; LeadCounsel; Management,llm_only_not_in_gold,Communications; LeadCounsel; Management,
2677,Alan Milstein,Management,ClassCounsel; Management,llm_added_role,ClassCounsel,
2677,"Christopher Weld, Jr.",,ClassCounsel; Communications; Management,llm_only_not_in_gold,ClassCounsel; Communications; Management,
2677,Cristopher Weld,Communications,,gold_only_missed_by_llm,,Communications
2677,D. Todd Mathews,,ClassCounsel; Management,llm_only_not_in_gold,ClassCounsel; Management,
2677,David Mathews,Management,,gold_only_missed_by_llm,,Management
2677,Hunter Shkolnik,LeadCounsel,ClassCounsel; LeadCounsel,llm_added_role,ClassCounsel,
2677,Jasper Ward,LeadCounsel,ClassCounsel; LeadCounsel,llm_added_role,ClassCounsel,
2677,Jennifer Duffy,Management,ClassCounsel; Management,llm_added_role,ClassCounsel,
2677,John Yanchunis,Management,ClassCounsel; Management,llm_added_role,ClassCounsel,
2677,Kevin Hannon,Management,ClassCounsel; Management,llm_added_role,ClassCounsel,
2677,Lewis Garrison,Management,,gold_only_missed_by_llm,,Management
2677,Melissa Emert,LeadCounsel,ClassCounsel; LeadCounsel,llm_added_role,ClassCounsel,
2677,Michael Flannery,Management,ClassCounsel; Management,llm_added_role,ClassCounsel,
2677,Richard Cornfeld,Management,ClassCounsel; Management,llm_added_role,ClassCounsel,
2677,Robert Shelquist,Management,ClassCounsel; Management,llm_added_role,ClassCounsel,
2677,"W. Lewis Garrison, Jr.",,ClassCounsel; Management,llm_only_not_in_gold,ClassCounsel; Management,
2687,Bruce Greenberg,Communications; Management,Communications; Management,agree,,
2687,Christopher Seeger,Management,Management,agree,,
2687,Eric Fastiff,Management,Management,agree,,
2687,H. Laddie Montague,,Management,llm_only_not_in_gold,Management,
2687,James Cecchi,ClassCounsel; LeadCounsel; Management,LeadCounsel; Management,llm_missed_role,,ClassCounsel
2687,Jay Shapiro,ClassCounsel; LeadCounsel,ClassCounsel; LeadCounsel,agree,,
2687,Laddie Montague,Management,,gold_only_missed_by_llm,,Management
2687,Linda Nussbaum,Management,Management,agree,,
2687,Lisa Rodriguez,Management,Management,agree,,
2687,Manuel Dominguez,Management,Management,agree,,
2687,Marvin Miller,ClassCounsel; LeadCounsel,ClassCounsel; LeadCounsel,agree,,
2687,Michael Critchley,Management,Management,agree,,
2687,Paul Geller,Management,Management,agree,,
2687,Paul Novak,Management,Management,agree,,
2687,Stephen Neuwirth,Management,Management,agree,,
2687,Whitney Street,Management,Management,agree,,
2687,William Mentlik,Communications,Communications,agree,,
2691,Ernest Cory,LeadCounsel; Management,LeadCounsel; Management,agree,,
2691,J. Rudd,Management,Management,agree,,
2691,Jennifer Liakos,Management,Management,agree,,
2691,John Driscoll,Coordination,Coordination,agree,,
2691,Kelly Fitzpatrick,Management,Management,agree,,
2691,Kimberly Baden,Management,Management,agree,,
2691,Kristian Rasmussen,Management,Management,agree,,
2691,Lisa Gorshe,Management,Management,agree,,
2691,Martin Crump,Management,Management,agree,,
2691,Michael Lynch,Management,Management,agree,,
2691,Munir Meghjee,Management,Management,agree,,
2691,Rachel Abrams,,Communications,llm_only_not_in_gold,Communications,
2691,Scott Morgan,Management,Management,agree,,
2691,Yvonne Flaherty,Management,Management,agree,,
2693,Adam J. Zapala,,ClassCounsel,llm_only_not_in_gold,ClassCounsel,
2693,Andre Mura,ClassCounsel,ClassCounsel,agree,,
2693,Andrew Friedman,Management,Management,agree,,
2693,Anthony Pierce,Communications,Communications,agree,,
2693,Ashleigh Aitken,Management,Management,agree,,
2693,Brian Gudmundson,Management,Management,agree,,
2693,Eric Gibbs,ClassCounsel; LeadCounsel,ClassCounsel; LeadCounsel,agree,,
2693,Gary Lynch,Management,Management,agree,,
2693,Joseph Cochett,LeadCounsel,,gold_only_missed_by_llm,,LeadCounsel
2693,Joseph Cotchett,ClassCounsel,ClassCounsel; LeadCounsel,llm_added_role,LeadCounsel,
2693,Zapala Zapala,ClassCounsel,,gold_only_missed_by_llm,,ClassCounsel
2695,Caleb Marker,Management,Management,agree,,
2695,Charles LaDuca,Management,Management,agree,,
2695,D. Blankinship,Management,Management,agree,,
2695,Danie Warshaw,Management,,gold_only_missed_by_llm,,Management
2695,Daniel L. Warshaw,,Management,llm_only_not_in_gold,Management,
2695,Erika Anderson,Coordination; LocalCounsel,LocalCounsel,llm_missed_role,,Coordination
2695,James Gustafson,Management,Management,agree,,
2695,John Bienvenu,Coordination; LocalCounsel,LocalCounsel,llm_missed_role,,Coordination
2695,John Yanchunis,LeadCounsel,LeadCounsel,agree,,
2695,Kathy Love,,Communications,llm_only_not_in_gold,Communications,
2695,Mark Donatelli,Coordination; LocalCounsel,LocalCounsel,llm_missed_role,,Coordination
2695,Matt Schultz,Management,Management,agree,,
2695,Melissa Wolchansky,LeadCounsel,LeadCounsel,agree,,
2695,Michael Reese,Management,Management,agree,,
2695,Nancy Long,Communications; Coordination; LocalCounsel,Communications; LocalCounsel,llm_missed_role,,Coordination
2695,Nicholas Koluncich,Coordination; LocalCounsel,LocalCounsel,llm_missed_role,,Coordination
2695,Randi McGinn,Communications,Communications,agree,,
2695,Ronald Marron,Management,Management,agree,,
2695,Scott Schlesinger,LeadCounsel,LeadCounsel,agree,,
2704,None None,,LeadCounsel,llm_only_not_in_gold,LeadCounsel,
2704,Adam Hakki,Communications; LeadCounsel,Communications; LeadCounsel,agree,,
2704,Daniel Brockett,LeadCounsel,Communications; LeadCounsel,llm_added_role,Communications,
2704,Julia Wood,Communications,Communications,agree,,
2704,Kenneth Gallo,Communications,Communications,agree,,
2704,Richard Schwed,Communications,Communications,agree,,
2705,Ben Barnow,LeadCounsel,LeadCounsel,agree,,
2705,Brant Penney,Management,Management,agree,,
2705,Cari Laufenberg,Management,Management,agree,,
2705,Janine Pollack,Management,Management,agree,,
2705,John Driscoll,Management,Management,agree,,
2705,L.  Fisher,Management,Management,agree,,
2705,Lori Feldman,LeadCounsel,LeadCounsel,agree,,
2705,Michael McShane,Management,Management,agree,,
2705,Robert Clifford,Management,Management,agree,,
2705,Thomas Zimmerman,Management,Management,agree,,
2705,Timothy Blood,LeadCounsel,LeadCounsel,agree,,
2705,Todd Garber,Management,Management,agree,,
2709,None None,,ClassCounsel,llm_only_not_in_gold,ClassCounsel,
2709,A. Eiland,ClassCounsel; Settlement,ClassCounsel; LeadCounsel,partial_disagree,LeadCounsel,Settlement
2709,Allan Kanner,ClassCounsel; LeadCounsel; Settlement,ClassCounsel; LeadCounsel,llm_missed_role,,Settlement
2709,Brian Ku,ClassCounsel; Settlement,ClassCounsel,llm_missed_role,,Settlement
2709,Cynthia St. Amant,ClassCounsel; LeadCounsel; Settlement,ClassCounsel; LeadCounsel,llm_missed_role,,Settlement
2709,David Futscher,ClassCounsel; Settlement,ClassCounsel; LeadCounsel,partial_disagree,LeadCounsel,Settlement
2709,Esther Berezofsky,ClassCounsel; Settlement,ClassCounsel; LeadCounsel,partial_disagree,LeadCounsel,Settlement
2709,Gerald Clark,ClassCounsel; Settlement,ClassCounsel; LeadCounsel,partial_disagree,LeadCounsel,Settlement
2709,Gillian Wade,ClassCounsel; Settlement,ClassCounsel; Communications,partial_disagree,Communications,Settlement
2709,Jed Chronic,ClassCounsel; Settlement,ClassCounsel,llm_missed_role,,Settlement
2709,John Zuccarini,ClassCounsel; Settlement,ClassCounsel,llm_missed_role,,Settlement
2709,Kenneth McClain,ClassCounsel; Communications; Settlement,ClassCounsel; Communications,llm_missed_role,,Settlement
2709,Kevin Stanley,ClassCounsel; Communications; Settlement,ClassCounsel; Communications,llm_missed_role,,Settlement
2709,Louis Mussman,ClassCounsel; Settlement,ClassCounsel,llm_missed_role,,Settlement
2709,M.  Casey,ClassCounsel; Settlement,ClassCounsel,llm_missed_role,,Settlement
2709,Marc Castaneda,ClassCounsel; Settlement,ClassCounsel; Communications,partial_disagree,Communications,Settlement
2709,Mark Eldridge,ClassCounsel; Settlement,ClassCounsel; Communications,partial_disagree,Communications,Settlement
2709,Mark Morris,ClassCounsel; Settlement,ClassCounsel; LeadCounsel,partial_disagree,LeadCounsel,Settlement
2709,Michael Quirk,ClassCounsel; Settlement,ClassCounsel; LeadCounsel,partial_disagree,LeadCounsel,Settlement
2709,Mitchell Breit,ClassCounsel; Settlement,ClassCounsel,llm_missed_role,,Settlement
2709,Sara Avila,ClassCounsel; Settlement,ClassCounsel; Communications,partial_disagree,Communications,Settlement
2709,Shpetim Ademi,ClassCounsel; Settlement,ClassCounsel; Communications,partial_disagree,Communications,Settlement
2709,Stephen Nolan,ClassCounsel; Settlement,ClassCounsel; Communications,partial_disagree,Communications,Settlement
2709,Walter Daniels,ClassCounsel; Settlement,ClassCounsel; Communications,partial_disagree,Communications,Settlement
2724,None None,,Management,llm_only_not_in_gold,Management,
2724,Adam Zapala,Management,Management,agree,,
2724,Alison Tanchyk,Communications,Communications,agree,,
2724,Bonney Sweeney,Management,Management,agree,,
2724,Bonny Sweeney,Management,Management,agree,,
2724,Chul Pak,Communications,Communications,agree,,
2724,Daniel Mason,Management,Management,agree,,
2724,David Sorensen,Management,ClassCounsel; Management,llm_added_role,ClassCounsel,
2724,Dena Sharp,Management,Management,agree,,
2724,Devora Allon,Communications,Communications,agree,,
2724,Dianne Nast,ClassCounsel; Communications; LeadCounsel; Management,ClassCounsel; Communications; LeadCounsel; Management,agree,,
2724,Don Barrett,Management,Management,agree,,
2724,Elizabeth Cabraser,Management,Management,agree,,
2724,Elizabeth Tipping,Management,Management,agree,,
2724,Francis Scarpulla,Management,Management,agree,,
2724,Gregory Asciolla,Management,Management,agree,,
2724,Heidi Silton,Management,Management,agree,,
2724,James Dugan,Management,Management,agree,,
2724,Jan Levine,Communications,Communications,agree,,
2724,Jayne Goldstein,Management,Management,agree,,
2724,Jeannine Kenney,Management,Management,agree,,
2724,Jon Tostrud,Management,Management,agree,,
2724,Jonathan Cuneo,ClassCounsel; Management,ClassCounsel; LeadCounsel; Management,llm_added_role,LeadCounsel,
2724,Joseph Nielson,Communications,Communications,agree,,
2724,Joseph Saveri,Management,Management,agree,,
2724,Kendra Samson,Management,Management,agree,,
2724,Laura Shores,Communications,Communications,agree,,
2724,Linda Nussbaum,Management,ClassCounsel; Management,llm_added_role,ClassCounsel,
2724,Michael Boni,Management,Management,agree,,
2724,Michael Buchman,Management,Management,agree,,
2724,Michael Roberts,Management,ClassCounsel; Management,llm_added_role,ClassCounsel,
2724,Mindee Reuben,Management,Management,agree,,
2724,Peter Gil-Montllor,ClassCounsel; LeadCounsel,ClassCounsel; LeadCounsel,agree,,
2724,Robert Kaplan,Management,ClassCounsel; Management,llm_added_role,ClassCounsel,
2724,Roberta Liebenberg,Communications; LeadCounsel; Management,Communications; LeadCounsel; Management,agree,,
2724,Roberts Michael,Management,,gold_only_missed_by_llm,,Management
2724,Ryan Becker,Communications,Communications,agree,,
2724,Sarah Kirkpatrick,Communications,Communications,agree,,
2724,Saul Morgenstern,Communications,Communications,agree,,
2724,Shawn Raiter,Management,Management,agree,,
2724,Sheron Korpus,Communications,Communications,agree,,
2724,Steven Williams,Management,Management,agree,,
2724,Thomas Sobol,Management,ClassCounsel; Management,llm_added_role,ClassCounsel,
2724,William Blechman,Communications,Communications,agree,,
2734,Anand Agneshwar,Settlement,Settlement,agree,,
2734,B. Rasmussen,LeadCounsel,LeadCounsel,agree,,
2734,Barry Thompson,Expert,Expert,agree,,
2734,Behram Parekh,Discovery; Management,Discovery; Management,agree,,
2734,Bryan Aylstock,Communications; Coordination; Fees,Communications; Fees; Management,partial_disagree,Management,Coordination
2734,Chris Hellums,Fees; Management,Fees; Management,agree,,
2734,Ernest Cory,Settlement,Settlement,agree,,
2734,Gary Wilson,LeadCounsel,LeadCounsel; Management,llm_added_role,Management,
2734,George Williamson,Discovery; Management,Discovery; Management,agree,,
2734,J. Rudd,Management,Management,agree,,
2734,Jennifer Liakos,Discovery; Management,Expert; Management,partial_disagree,Expert,Discovery
2734,John Rosenthal,Discovery,Discovery,agree,,
2734,Kristian Rasmussen,LeadCounsel,LeadCounsel; Management,llm_added_role,Management,
2734,Larry Hill,Coordination,Communications,disjoint,Communications,Coordination
2734,Lauren Colton,Discovery,Discovery,agree,,
2734,Lexi Hazam,Discovery; Management,Expert; Management,partial_disagree,Expert,Discovery
2734,Luke A. Connelly,,Discovery,llm_only_not_in_gold,Discovery,
2734,M. Smith,Management,Management,agree,,
2734,Marlene Goldenberg,Discovery; Management,Management,llm_missed_role,,Discovery
2734,Matthew Campbell,Expert; Settlement,Discovery; Expert; Settlement,llm_added_role,Discovery,
2734,Matthew Eisenstein,,Discovery,llm_only_not_in_gold,Discovery,
2734,Munir Meghjee,Coordination,Coordination,agree,,
2734,Shanon Carson,Management,Management,agree,,
2734,Stephen H. Echsner,,Discovery,llm_only_not_in_gold,Discovery,
2734,"Stephen Hunt, Jr.",,Discovery,llm_only_not_in_gold,Discovery,
2734,Tara Sutton,Settlement,Settlement,agree,,
2734,Troy Rafferty,Management,Management,agree,,
2737,Cari Laufenberg,ClassCounsel; Settlement,ClassCounsel,llm_missed_role,,Settlement
2737,Daniel Girard,Management,,gold_only_missed_by_llm,,Management
2737,Daniel Robinson,ClassCounsel; Settlement,ClassCounsel,llm_missed_role,,Settlement
2737,Linh Vuong,Management,,gold_only_missed_by_llm,,Management
2738,C. Whitehead,Management,Management,agree,,
2738,Carmen Scott,Management,Management,agree,,
2738,Christopher Placitella,Communications,Communications,agree,,
2738,Christopher Tisi,Management,Management,agree,,
2738,Daniel Lapinski,Management,Management,agree,,
2738,Eric Weinberg,Management,Management,agree,,
2738,Hunter Shkolnik,Management,Management,agree,,
2738,Jeff Gibson,Management,Management,agree,,
2738,Kristie Hightower,Management,Management,agree,,
2738,Laurence Berman,Management,Management,agree,,
2738,Michelle Parfitt,LeadCounsel,LeadCounsel,agree,,
2738,P. O’Dell,LeadCounsel,LeadCounsel,agree,,
2738,Richard Golomb,Management,Management,agree,,
2738,Richard Meadow,Management,Management,agree,,
2738,Richard Root,Management,Management,agree,,
2738,Rick Root,Management,Management,agree,,
2738,Sindhu Daniel,Management,Management,agree,,
2738,Timothy Blood,ClassCounsel; Management,ClassCounsel; Management,agree,,
2738,Vicki Maniatis,Communications,Communications; ProSe,llm_added_role,ProSe,
2738,Victoria Maniatis,Management,Management,agree,,
2738,Warren Burns,Management,Management,agree,,
2740,Abby McClellan,Management,Management,agree,,
2740,Alexander Dwyer,Management,Management,agree,,
2740,Anand Agneshwar,Settlement,Settlement,agree,,
2740,Andre Mura,Management,Management,agree,,
2740,Andrew Lemmon,Management,Management,agree,,
2740,Anne Andrews,Management,Management,agree,,
2740,Ashlea Schwarz,Settlement,Settlement,agree,,
2740,Ben Gordon,Settlement,Settlement,agree,,
2740,Bradford Carver,Settlement,Settlement,agree,,
2740,Brian Rudick,Settlement,Settlement,agree,,
2740,Bruce Nagel,Settlement,Settlement,agree,,
2740,Christopher Coffin,LeadCounsel; Management,LeadCounsel; Management,agree,,
2740,Daniel Markoff,Management,Management,agree,,
2740,Daniel W. McGrath,,Settlement,llm_only_not_in_gold,Settlement,
2740,Darin Schanker,Management,Management,agree,,
2740,David Miceli,Management,Management,agree,,
2740,Dawn Barrios,Communications; Coordination; Management,Communications; Coordination; Management,agree,,
2740,Dennis Mark,Settlement,,gold_only_missed_by_llm,,Settlement
2740,Dennis Reich,Settlement,Settlement,agree,,
2740,Douglas Moore,Communications,Communications,agree,,
2740,Emily Jeffcott,Management,Management,agree,,
2740,Erin Bosman,Settlement,Settlement,agree,,
2740,Genevieve Zimmerman,Management,Management,agree,,
2740,Habib Nasrullah,Settlement,Settlement,agree,,
2740,Harvey Kaplan,Settlement,Settlement,agree,,
2740,Hunter Shkolnik,Management,Management,agree,,
2740,Irving Warshauer,Settlement,Settlement,agree,,
2740,J. Bachus,Management,Management,agree,,
2740,Jessica Reynolds,Management,Management,agree,,
2740,John Gomez,Management,Management,agree,,
2740,John F. Olinde,,Communications,llm_only_not_in_gold,Communications,
2740,John Strongman,Settlement,Settlement,agree,,
2740,John Wolff,Settlement,Settlement,agree,,
2740,Jon Strongman,,Settlement,llm_only_not_in_gold,Settlement,
2740,Karen Menzies,LeadCounsel; Management,LeadCounsel; Management,agree,,
2740,Lawrence Centola,Management,Management,agree,,
2740,Lori Cohen,Settlement,Settlement,agree,,
2740,M. Lambert,Communications; Management,Communications; Management,agree,,
2740,Mark Niemeyer,Settlement,Settlement,agree,,
2740,Matthew P. Moriarty,,Settlement,llm_only_not_in_gold,Settlement,
2740,Palmer Lambert,Communications,Communications,agree,,
2740,Rand Nolen,Management,Management,agree,,
2740,Rex Littrell,Settlement,Settlement,agree,,
2740,Russell A. “Chip” Gaudreau,,Settlement,llm_only_not_in_gold,Settlement,
2740,Sheila Birnbaum,Settlement,Settlement,agree,,
2740,Strongman Jon,Settlement,,gold_only_missed_by_llm,,Settlement
2740,William Hoffman,Settlement,Settlement,agree,,
2740,Zachary Wool,Management,Management,agree,,
2741,Aimee Wagstaff,LeadCounsel; Management,LeadCounsel; Management,agree,,
2741,Gillian Wade,ClassCounsel,ClassCounsel,agree,,
2741,Hunter Lundy,Management,Management,agree,,
2741,Joel Oster,ClassCounsel,ClassCounsel,agree,,
2741,Lori Andrus,,Communications; Coordination,llm_only_not_in_gold,Communications; Coordination,
2741,Marc Castaneda,ClassCounsel,ClassCounsel,agree,,
2741,Mark Burton,,Communications; Coordination,llm_only_not_in_gold,Communications; Coordination,
2741,Michael Baum,Management,Management,agree,,
2741,Michael Miller,,LeadCounsel; Management,llm_only_not_in_gold,LeadCounsel; Management,
2741,Robin Greenwald,LeadCounsel; Management,LeadCounsel; Management,agree,,
2741,Sara Avila,ClassCounsel,ClassCounsel,agree,,
2741,Yvonne Flaherty,Management,Management,agree,,
2742,None None,,ClassCounsel; Communications; LeadCounsel,llm_only_not_in_gold,ClassCounsel; Communications; LeadCounsel,
2743,Alexander Robertson,ClassCounsel; LeadCounsel; Settlement,ClassCounsel; LeadCounsel; Settlement,agree,,
2743,Daniel Bryson,ClassCounsel; LeadCounsel,ClassCounsel; LeadCounsel,agree,,
2743,Diane Flannery,,LeadCounsel,llm_only_not_in_gold,LeadCounsel,
2743,Dianne Flannery,LeadCounsel; Settlement,Settlement,llm_missed_role,,LeadCounsel
2743,Niall McCarthy,ClassCounsel,ClassCounsel,agree,,
2743,Robert R. Adhoot,,ClassCounsel,llm_only_not_in_gold,ClassCounsel,
2743,Robert Ahdoot,ClassCounsel,,gold_only_missed_by_llm,,ClassCounsel
2743,Steve Berman,ClassCounsel,,gold_only_missed_by_llm,,ClassCounsel
2743,Steven W. Berman,,ClassCounsel,llm_only_not_in_gold,ClassCounsel,
2743,Steven Toll,ClassCounsel; Settlement,ClassCounsel; Settlement,agree,,
2744,Daniel Gustafson,ClassCounsel; Management,Management,llm_missed_role,,ClassCounsel
2744,David Honigman,Communications,Communications,agree,,
2744,E. Powell Miller,,LeadCounsel; Management,llm_only_not_in_gold,LeadCounsel; Management,
2744,Gregory Coleman,ClassCounsel; Management,Management,llm_missed_role,,ClassCounsel
2744,Joseph Meltzer,ClassCounsel; Management,Management,llm_missed_role,,ClassCounsel
2744,Powell Miller,ClassCounsel; LeadCounsel,,gold_only_missed_by_llm,,ClassCounsel; LeadCounsel
2744,Robert Shelquist,ClassCounsel; Management,Management,llm_missed_role,,ClassCounsel
2744,Steve Berman,ClassCounsel; Management,Management,llm_missed_role,,ClassCounsel
2750,Anthony Irpino,Management,Management,agree,,
2750,Ashley Brittain-Landers,Management,Management,agree,,
2750,Christopher Seeger,Communications; LeadCounsel; Management,Communications; LeadCounsel; Management,agree,,
2750,Danielle Mason,Management,Management,agree,,
2750,David Stellings,Management,Management,agree,,
2750,Ellen Relkin,Management,Management,agree,,
2750,Frank Petosa,Management,Management,agree,,
2750,Holly Dolejsi,Management,Management,agree,,
2750,Hunter Shkolnik,Management,Management,agree,,
2750,James Cecchi,Communications; Management,Communications; Management,agree,,
2750,Jason Webster,Management,Management,agree,,
2750,John Gomez,Management,Management,agree,,
2750,Michael London,Communications; LeadCounsel; Management,Communications; LeadCounsel; Management,agree,,
2750,Timothy O'Brien,Management,Management,agree,,
2752,Ariana Tadler,Management,Management,agree,,
2752,Gayle Blatt,Management,Management,agree,,
2752,John Yanchunis,LeadCounsel; Management,LeadCounsel; Management,agree,,
2752,Karen Riebel,Management,Management,agree,,
2752,Stuart Davidson,Management,Management,agree,,
2753,Adam Evans,Management,Management,agree,,
2753,Anne Schiavone,Management,Management,agree,,
2753,D. Mathews,Management,Management,agree,,
2753,David Selby,Management,Management,agree,,
2753,James Matthews,Coordination,Coordination,agree,,
2753,Jonathan Orent,LeadCounsel; Management,LeadCounsel; Management,agree,,
2753,Kelsey Stokes,Management,,gold_only_missed_by_llm,,Management
2753,Kim Dougherty,Management,,gold_only_missed_by_llm,,Management
2753,Richard Schulte,Management,,gold_only_missed_by_llm,,Management
2753,Robert Bonsignore,LeadCounsel,LeadCounsel,agree,,
2753,Robert Price,Management,,gold_only_missed_by_llm,,Management
2753,Russell Hilliard,Communications,Communications,agree,,
2753,Todd Harvey,Management,,gold_only_missed_by_llm,,Management
2754,Alexandra Boone,Management,Management,agree,,
2754,D. Mathews,Management,Management,agree,,
2754,Hunter Shkolnik,Communications; Management,Communications; Management,agree,,
2754,James Dugan,Management,Management,agree,,
2754,Kevin Madonna,Management,Management,agree,,
2754,Lawrence Centola,Management,Management,agree,,
2754,Lisa Causey-Streete,Management,Management,agree,,
2754,Melissa Debarbiers,Management,Management,agree,,
2754,Michael London,LeadCounsel,LeadCounsel,agree,,
2754,Ned McWilliams,Management,Management,agree,,
2754,Rachel Harris,Management,Management,agree,,
2754,Robert Binstock,Management,Management,agree,,
2754,Seth Katz,LeadCounsel,LeadCounsel,agree,,
2754,Shannon Pennock,Management,Management,agree,,
2754,Virginia Anello,Communications,Communications,agree,,
2754,Wendy Fleischman,Management,Management,agree,,
2767,Beth Chambers,Management,Management,agree,,
2767,Christina Natale,Management,Management,agree,,
2767,Dave Langevin,Management,Management,agree,,
2767,Elise Sanguinetti,,Management,llm_only_not_in_gold,Management,
2767,Jennifer Orendi,Management,Management,agree,,
2767,Kathryn Snapka,Management,Management,agree,,
2767,Kim Loutey,Management,Management,agree,,
2767,Lawrence Jones,Communications; LeadCounsel,Communications; LeadCounsel,agree,,
2767,Leslie LaMacchia,Management,Management,agree,,
2767,Mark Zamora,Management,Management,agree,,
2767,Martin Crump,LeadCounsel,LeadCounsel,agree,,
2767,Max Kennerly,Communications,Communications,agree,,
2767,Pete Miller,Management,Management,agree,,
2767,Rich Hood,Management,Management,agree,,
2767,Roger Orlando,Management,Management,agree,,
2767,Todd Matthews,Management,Management,agree,,
2768,Annesley DeGaris,Management,Management,agree,,
2768,Ashleigh Raso,Communications; SettlementAdministration,Communications; Management,partial_disagree,Management,SettlementAdministration
2768,Brian Devine,Management,Management,agree,,
2768,Brian Kinsley,Management,Management,agree,,
2768,C. Warriner,Management; SettlementAdministration,Management,llm_missed_role,,SettlementAdministration
2768,Ellen Relkin,Coordination; SettlementAdministration,Coordination; Management,partial_disagree,Management,SettlementAdministration
2768,Jason Johnston,Management,Management,agree,,
2768,Joseph Osborne,Management,Management,agree,,
2768,M. Graham,Management,Management,agree,,
2768,Mark DiCello,Management,Management,agree,,
2768,Michael Blakely,Management,Management,agree,,
2768,Peter Flowers,LeadCounsel; SettlementAdministration,LeadCounsel; Management,partial_disagree,Management,SettlementAdministration
2768,Richard Schlueter,Management,Management,agree,,
2768,Walter Kelley,LeadCounsel; SettlementAdministration,LeadCounsel; Management,partial_disagree,Management,SettlementAdministration
2768,Wendy Fleishman,Management,Management,agree,,
2768,Willard Moody,Management,Management,agree,,
2768,William Kershaw,Management,Management,agree,,
2773,Joseph Cotchett,ClassCounsel; LeadCounsel; Management,ClassCounsel; Management,llm_missed_role,,LeadCounsel
2773,Joseph W. Cotechett,,ClassCounsel,llm_only_not_in_gold,ClassCounsel,
2773,Kalpana Srinivasan,,ClassCounsel; LeadCounsel; Management,llm_only_not_in_gold,ClassCounsel; LeadCounsel; Management,
2773,Kaplana Srinivasan,ClassCounsel; LeadCounsel; Management,,gold_only_missed_by_llm,,ClassCounsel; LeadCounsel; Management
2773,Steve Berman,Management,Management,agree,,
2773,Steven Williams,LeadCounsel; Management,ClassCounsel; LeadCounsel; Management,llm_added_role,ClassCounsel,
2775,Ahmed Diab,Management,Management,agree,,
2775,Alex Davis,Management,Management,agree,,
2775,Andrew Gardner,LeadCounsel,,gold_only_missed_by_llm,,LeadCounsel
2775,Basil Adham,LeadCounsel,LeadCounsel,agree,,
2775,Ben Gordon,Settlement,Settlement,agree,,
2775,Charles Weddle,Management,Management,agree,,
2775,D. Todd Mathews,,Management,llm_only_not_in_gold,Management,
2775,David Selby,Management,Management,agree,,
2775,Derek Burch,Management,Management,agree,,
2775,Diandra Zimmerman,Management,,gold_only_missed_by_llm,,Management
2775,Diandra Zimmermann,Management,Management,agree,,
2775,D. Todd Mathews,Management,,gold_only_missed_by_llm,,Management
2775,D. Todd Matthews,Management,,gold_only_missed_by_llm,,Management
2775,Elizabeth Graham,Settlement,Settlement,agree,,
2775,Gabriel Asaad,Settlement,,gold_only_missed_by_llm,,Settlement
2775,Gabriel Assaad,Management,Management; Settlement,llm_added_role,Settlement,
2775,Genevieve Zimmerman,LeadCounsel; Management,LeadCounsel; Management,agree,,
2775,Greg Hopper,Management,Management,agree,,
2775,Gregory Hopper,Coordination; Management,Coordination; Management,agree,,
2775,Jasper Ward,LeadCounsel; Management,LeadCounsel; Management,agree,,
2775,Jean Martin,Management,Management,agree,,
2775,Jeffrey Bowersox,Management,Management,agree,,
2775,Jessica Williams,Management,Management,agree,,
2775,Jim Reeves,Management,Management,agree,,
2775,Kathleen Kerner,Management,Management,agree,,
2775,Katie Kerner,Settlement,Settlement,agree,,
2775,Kyle Farrar,Management,Management,agree,,
2775,Lisa Lee,Management,Management,agree,,
2775,M. Graham,Management,Management,agree,,
2775,Marie Napoli,Management,Management,agree,,
2775,Matthew Yezierski,LeadCounsel,LeadCounsel,agree,,
2775,M. Elizabeth Graham,Management,,gold_only_missed_by_llm,,Management
2775,Michael McGartland,Settlement,Settlement,agree,,
2775,Mike Mcgartland,Settlement,Settlement,agree,,
2775,Rachal Rojas,LeadCounsel,,gold_only_missed_by_llm,,LeadCounsel
2775,Rip Andrews,Management,Management,agree,,
2775,Robert Jenner,Communications; Management,Communications; Management,agree,,
2775,Todd Mathews,,Settlement,llm_only_not_in_gold,Settlement,
2775,Todd Matthews,Settlement,,gold_only_missed_by_llm,,Settlement
2775,Whitney Butcher,Management,Management,agree,,
2776,Brian Tadtman,Management,Management,agree,,
2776,Danielle Gold,Communications,Communications; Management,llm_added_role,Management,
2776,Ellen Relkin,LeadCounsel; Management,LeadCounsel; Management,agree,,
2776,Holly Dolejsi,LeadCounsel; Management,LeadCounsel; Management,agree,,
2776,Jessica Reynolds,Management,Management,agree,,
2776,Laura Pittner,Management,Management,agree,,
2776,Robert Orlando,Management,Management,agree,,
2777,David Casey,Management; SettlementAdministration,Management,llm_missed_role,,SettlementAdministration
2777,Elizabeth Cabraser,LeadCounsel; SettlementAdministration,LeadCounsel; Management,partial_disagree,Management,SettlementAdministration
2777,Joseph Rice,Management; SettlementAdministration,Management,llm_missed_role,,SettlementAdministration
2777,Joseph W.C. Warren,,Coordination,llm_only_not_in_gold,Coordination,
2777,Leigh Rendé,Coordination,Coordination,agree,,
2777,Lesley Weaver,Management; SettlementAdministration,Management,llm_missed_role,,SettlementAdministration
2777,Lynn Sarko,Management; SettlementAdministration,Management,llm_missed_role,,SettlementAdministration
2777,Rachel Jensen,Management; SettlementAdministration,Management,llm_missed_role,,SettlementAdministration
2777,Roland Tellis,Management; SettlementAdministration,Management,llm_missed_role,,SettlementAdministration
2777,Stacey Slaughter,Management; SettlementAdministration,Management,llm_missed_role,,SettlementAdministration
2777,Steve Berman,Management; SettlementAdministration,Management,llm_missed_role,,SettlementAdministration
2777,W. Daniel,SettlementAdministration,,gold_only_missed_by_llm,,SettlementAdministration
2777,"W. Daniel (“Dee”) Miles, III",,Management,llm_only_not_in_gold,Management,
2777,W. Daniel Miles,Management,,gold_only_missed_by_llm,,Management
2779,Adam M. Moskowitz,,LeadCounsel,llm_only_not_in_gold,LeadCounsel,
2779,Adam Moskowtiz,LeadCounsel,,gold_only_missed_by_llm,,LeadCounsel
2779,Alexander Robertson,Management,Management,agree,,
2779,Brian Gudmundson,Management,Management,agree,,
2779,Christopher Seeger,LeadCounsel,LeadCounsel,agree,,
2779,Daniel Bryson,Management,Management,agree,,
2779,James Cecchi,Communications,Communications,agree,,
2779,Lance Kalik,Management,Management,agree,,
2779,Lawrence Bathgate,Management,Management,agree,,
2779,Mark Dearman,Management,Management,agree,,
2779,Michael Critchley,Management,Management,agree,,
2779,Steve Berman,LeadCounsel; Management,Management,llm_missed_role,,LeadCounsel
2782,Aimee Wagstaff,Management,Management,agree,,
2782,C. Childers,Management,Management,agree,,
2782,Donald Migliori,LeadCounsel; Management,LeadCounsel; Management,agree,,
2782,Douglass Kreis,Management,Management,agree,,
2782,G. Jackson,LeadCounsel,LeadCounsel,agree,,
2782,Henry Garrard,Communications; LeadCounsel; Management,Communications; LeadCounsel; Management,agree,,
2782,Jaime Theriot,Communications,Communications,agree,,
2782,Jayne Conroy,Management,Management,agree,,
2782,Jon Conlin,Management,Management,agree,,
2782,Karen Beyea-Schroeder,Management,Management,agree,,
2782,Peter Samberg,Management,Management,agree,,
2782,Richard Freese,Management,Management,agree,,
2782,Richard Schulte,Management,Management,agree,,
2782,S. Rumanek,Communications,Communications,agree,,
2782,Shelly Sanford,Management,Management,agree,,
2782,William Gage,LeadCounsel,LeadCounsel,agree,,
2785,Brian Fries,Communications,Communications,agree,,
2785,Damien Marshall,Management,Management,agree,,
2785,Elizabeth Pritzker,ClassCounsel; Management,ClassCounsel; LeadCounsel; Management,llm_added_role,LeadCounsel,
2785,Eric Hochstadt,Management,Management,agree,,
2785,Lynn Sarko,ClassCounsel; LeadCounsel,ClassCounsel; LeadCounsel,agree,,
2785,Mark Lanier,Management,Management,agree,,
2785,Matthew S. Tripolitsiotis,,Management,llm_only_not_in_gold,Management,
2785,Matthew Tripolitsoptos,Management,,gold_only_missed_by_llm,,Management
2785,Paul Geller,ClassCounsel; LeadCounsel,ClassCounsel; LeadCounsel,agree,,
2785,Philip Sechler,Communications,Communications,agree,,
2785,Phillip Sechler,Communications,,gold_only_missed_by_llm,,Communications
2785,Rex Sharp,ClassCounsel; LeadCounsel,ClassCounsel; LeadCounsel,agree,,
2785,Rosemary Rivas,Management,Management,agree,,
2785,Ryan Hudson,Communications,Communications,agree,,
2785,Sharon Almonrode,Management,Management,agree,,
2785,Steven Williams,Management,Management,agree,,
2785,Warren Burns,ClassCounsel; LeadCounsel,ClassCounsel; LeadCounsel,agree,,
2789,Bradley Honnold,Management,Management,agree,,
2789,Buffy Martines,Management,Management,agree,,
2789,Christopher Seeger,LeadCounsel,LeadCounsel,agree,,
2789,Daniel Gallucci,Management,Management,agree,,
2789,Daniel Lapinsky,Management,Management,agree,,
2789,Derriel McCorvey,Management,Management,agree,,
2789,Jennie Anderson,Management,Management,agree,,
2789,Jennifer Hoekstra,Management,Management,agree,,
2789,Joseph Zonies,Management,Management,agree,,
2789,K. Bailey,Management,Management,agree,,
2789,Navan Ward,Management,Management,agree,,
2789,Neil Overholtz,Management,Management,agree,,
2789,Norman Siegel,Management,Management,agree,,
2789,Paul Pennock,Management,Management,agree,,
2789,Roger Denton,Management,Management,agree,,
2789,Seth Katz,Management,Management,agree,,
2789,Shannon Pennock,Management,Management,agree,,
2789,Shayna Sacks,Management,Management,agree,,
2789,Sindhu Daniel,Management,Management,agree,,
2789,Stephanie O’Connor,LeadCounsel,LeadCounsel,agree,,
2789,Tracy Finken,Management,Management,agree,,
2789,Troy Rafferty,Management,Management,agree,,
2792,Arthur Brown,Communications; LeadCounsel,Communications; LeadCounsel,agree,,
2792,Daniel Levin,Management,Management,agree,,
2792,Jason Lichtman,ClassCounsel; LeadCounsel,ClassCounsel; Communications; LeadCounsel,llm_added_role,Communications,
2792,Jayne Goldstein,Management,Management,agree,,
2792,John Zelbst,Management,Management,agree,,
2792,Melissa Weiner,Management,Management,agree,,
2792,Philip Oliss,LeadCounsel,LeadCounsel,agree,,
2792,Robert Green,Management,Management,agree,,
2792,Shanon Carson,Management,Management,agree,,
2792,Stephen Kupperman,Management,Management,agree,,
2792,Stewart Aaron,Communications,Communications,agree,,
2792,Susan Shin,LeadCounsel,LeadCounsel,agree,,
2792,Theile McVey,Management,Management,agree,,
2792,William Federman,ClassCounsel; Communications; LeadCounsel,ClassCounsel; Communications; LeadCounsel,agree,,
2795,None None,,ClassCounsel; Communications; Coordination; LeadCounsel; LocalCounsel; Management,llm_only_not_in_gold,ClassCounsel; Communications; Coordination; LeadCounsel; LocalCounsel; Management,
2795,Anne Regan,,Management,llm_added_role,Management,
2795,Benjamin Meiselas,,LeadCounsel,llm_added_role,LeadCounsel,
2795,Brian Gudmundson,,Communications; LeadCounsel,llm_only_not_in_gold,Communications; LeadCounsel,
2795,Brian Gunmundson,,,gold_only_missed_by_llm,,
2795,Carolyn Anderson,,Communications; LeadCounsel,llm_added_role,Communications; LeadCounsel,
2795,Daniel Hedlund,,Management,llm_added_role,Management,
2795,David M. Aafedt,,Management,llm_only_not_in_gold,Management,
2795,David A. Vogel,,Management,llm_only_not_in_gold,Management,
2795,Douglas P. Lobel,,Management,llm_only_not_in_gold,Management,
2795,François Blaudeau,,Management,llm_added_role,Management,
2795,Hart Robinovitch,,Communications; LeadCounsel,llm_added_role,Communications; LeadCounsel,
2795,James McDonough,,Management,llm_added_role,Management,
2795,Jeffrey M. Gutkin,,Management,llm_only_not_in_gold,Management,
2795,Joseph M. Windler,,Management,llm_only_not_in_gold,Management,
2795,Lori Feldman,,LeadCounsel,llm_added_role,LeadCounsel,
2795,Mark Geragos,,LeadCounsel,llm_added_role,LeadCounsel,
2795,Mark M. O’Mara,,LeadCounsel,llm_only_not_in_gold,LeadCounsel,
2795,Michelle Looby,Management,Management,agree,,
2795,O'Mara Mark,,,gold_only_missed_by_llm,,
2795,Richard Hagstrom,,Management,llm_added_role,Management,
2795,Roxanne Conlin,,Management,llm_added_role,Management,
2795,William A. McNab,,Management,llm_only_not_in_gold,Management,
2796,Allan Steyer,Management,Management,agree,,
2796,Bruce Simon,LeadCounsel; Management,LeadCounsel; Management,agree,,
2796,Christopher Seeger,Management,Management,agree,,
2796,Elizabeth Pritzker,Management,Management,agree,,
2796,James Martin,Management,Management,agree,,
2796,Kimberly Justice,Management,Management,agree,,
2796,Lesley Weaver,Management,Management,agree,,
2796,Melissa Emert,Management,Management,agree,,
2796,Steven Hart,Management,Management,agree,,
2796,W. Joseph Bruckner,,Management,llm_only_not_in_gold,Management,
2796,Warren Burns,LeadCounsel; Management,LeadCounsel; Management,agree,,
2796,W. Joseph Bruckner,Management,,gold_only_missed_by_llm,,Management
2797,None None,,LeadCounsel; Management,llm_only_not_in_gold,LeadCounsel; Management,
2797,David Casey,Communications,Communications,agree,,
2800,Amy Keller,ClassCounsel; LeadCounsel,ClassCounsel; LeadCounsel,agree,,
2800,Andrew Friedman,Management,Management,agree,,
2800,Ariana Tadler,Management,Management,agree,,
2800,Arthur Murray,Management,Management,agree,,
2800,Brian Bleichner,Management,,gold_only_missed_by_llm,,Management
2800,Brian Gudmondson,Management,Management,agree,,
2800,Bryan L. Bleichner,,Management,llm_only_not_in_gold,Management,
2800,Charles Van Horn,Management,Management,agree,,
2800,Craig Gillen,Coordination,Communications,disjoint,Communications,Coordination
2800,David Worley,ClassCounsel; Coordination,ClassCounsel; Communications,partial_disagree,Communications,Coordination
2800,Eric Gibbs,Management,Management,agree,,
2800,Gary Lynch,ClassCounsel; LeadCounsel,ClassCounsel; LeadCounsel,agree,,
2800,James Pizzirusso,Management,Management,agree,,
2800,Jason Doss,Management,Management,agree,,
2800,John Yanchunis,Management,Management,agree,,
2800,Joseph Bates,Management,Management,agree,,
2800,Joseph Guglielmo,ClassCounsel; LeadCounsel,ClassCounsel; LeadCounsel,agree,,
2800,Karen Halbert,Management,Management,agree,,
2800,Karen Riebel,Management,Management,agree,,
2800,Kenneth Canfield,ClassCounsel; LeadCounsel; Settlement,ClassCounsel; LeadCounsel; Settlement,agree,,
2800,MaryBeth Gibson,Coordination,Communications,disjoint,Communications,Coordination
2800,Norman Siegel,ClassCounsel; LeadCounsel,ClassCounsel; LeadCounsel,agree,,
2800,Ranse Partin,Coordination,Communications,disjoint,Communications,Coordination
2800,Rodney Strong,Coordination,Coordination,agree,,
2800,Roy Barnes,ClassCounsel; Coordination,ClassCounsel; Communications,partial_disagree,Communications,Coordination
2800,Stacey Slaughter,Management,Management,agree,,
2800,William Murphy,Management,Management,agree,,
2801,None None,,ClassCounsel,llm_only_not_in_gold,ClassCounsel,
2804,Brien O'Connor,Management; Settlement,Settlement,llm_missed_role,,Management
2804,Carole Rendon,Communications,,gold_only_missed_by_llm,,Communications
2804,Charles Lifland,Management; Settlement,Settlement,llm_missed_role,,Management
2804,Chris Seeger,Settlement,Settlement,agree,,
2804,Christopher Seeger,ClassCounsel; Management,ClassCounsel; LeadCounsel,partial_disagree,LeadCounsel,Management
2804,Don Barrett,Management,,gold_only_missed_by_llm,,Management
2804,Donna Welch,Management,,gold_only_missed_by_llm,,Management
2804,Elizabeth Cabraser,Management; Settlement,Settlement,llm_missed_role,,Management
2804,Ellen Relkin,Management,,gold_only_missed_by_llm,,Management
2804,Enu Mainigi,Communications; Management; Settlement,Settlement,llm_missed_role,,Communications; Management
2804,Eric Delinsky,Management,,gold_only_missed_by_llm,,Management
2804,Erin Dickinson,Management,,gold_only_missed_by_llm,,Management
2804,Geoffrey Hobart,Communications; Settlement,Settlement,llm_missed_role,,Communications
2804,Gerard Stranch,ClassCounsel,ClassCounsel,agree,,
2804,Hunter Shkolnik,Management,,gold_only_missed_by_llm,,Management
2804,J. Donohue,Management; Settlement,Settlement,llm_missed_role,,Management
2804,Jack Smith,Settlement,Settlement,agree,,
2804,James Cecchi,Management,,gold_only_missed_by_llm,,Management
2804,James Dugan,Management,,gold_only_missed_by_llm,,Management
2804,James Wooley,Management,,gold_only_missed_by_llm,,Management
2804,James Young,Management,,gold_only_missed_by_llm,,Management
2804,Jayne Conroy,ClassCounsel; Fees,ClassCounsel; Fees; LeadCounsel,llm_added_role,LeadCounsel,
2804,Jennifer Peacock,Settlement,Settlement,agree,,
2804,Joe Rice,Fees; Settlement,Fees; Settlement,agree,,
2804,John Robinson,Management,,gold_only_missed_by_llm,,Management
2804,John Smith,Management,,gold_only_missed_by_llm,,Management
2804,Jonathan Stern,Management; Settlement,Settlement,llm_missed_role,,Management
2804,Joseph Rice,LeadCounsel,,gold_only_missed_by_llm,,LeadCounsel
2804,Louise Renne,ClassCounsel,ClassCounsel,agree,,
2804,Lynn Sarko,Management,,gold_only_missed_by_llm,,Management
2804,Mark Cheffo,Communications; Management,,gold_only_missed_by_llm,,Communications; Management
2804,Mark Filip,Settlement,Settlement,agree,,
2804,Mark Flessner,ClassCounsel,ClassCounsel,agree,,
2804,Mark Lanier,Management,,gold_only_missed_by_llm,,Management
2804,Mark Lynch,Management,,gold_only_missed_by_llm,,Management
2804,Michael Fuller,Management,,gold_only_missed_by_llm,,Management
2804,Paul Farrell,Fees; LeadCounsel,Fees,llm_missed_role,,LeadCounsel
2804,Paul Geller,Management; Settlement,Settlement,llm_missed_role,,Management
2804,Paul Hanly,LeadCounsel; Settlement,Settlement,llm_missed_role,,LeadCounsel
2804,Peter Mougey,Management,,gold_only_missed_by_llm,,Management
2804,Peter Weinberger,Communications; Fees,Fees,llm_missed_role,,Communications
2804,R. Kennedy,Management,,gold_only_missed_by_llm,,Management
2804,Ralph Cascarilla,Communications,,gold_only_missed_by_llm,,Communications
2804,Robert Nicholas,Management; Settlement,Settlement,llm_missed_role,,Management
2804,Roland Tellis,Management,,gold_only_missed_by_llm,,Management
2804,Russell Budd,Settlement,Settlement,agree,,
2804,Ryan Sestack,Management,,gold_only_missed_by_llm,,Management
2804,S. Spencer,Management,,gold_only_missed_by_llm,,Management
2804,Shannon McClure,Communications,,gold_only_missed_by_llm,,Communications
2804,Sheila Birnbaum,Settlement,Settlement,agree,,
2804,Steve Skikos,Communications,,gold_only_missed_by_llm,,Communications
2804,Steven Reed,Management; Settlement,Settlement,llm_missed_role,,Management
2804,Tad O'Neill,Settlement,Settlement,agree,,
2804,Troy Rafferty,Communications; Settlement,Settlement,llm_missed_role,,Communications
2804,Tyler Tarney,Management,,gold_only_missed_by_llm,,Management
2804,Zachary Carter,ClassCounsel,ClassCounsel,agree,,
2807,None None,,ClassCounsel,llm_only_not_in_gold,ClassCounsel,
2809,Ashley Barriere,Management,Management,agree,,
2809,Daniel Burke,Management,Management,agree,,
2809,Erin Copeland,Coordination; Management,Coordination; Management,agree,,
2809,Frank Petosa,Management,Management,agree,,
2809,Fred Olinde,Management,Management,agree,,
2809,Jennifer Lenze,Management,Management,agree,,
2809,Jennifer Moore,LeadCounsel; Management,LeadCounsel; Management,agree,,
2809,Jerome Prather,Management,Management,agree,,
2809,Kim Loutey,Management,Management,agree,,
2809,Laraclay Parker,Communications,Communications,agree,,
2809,Matthew White,Management,Management,agree,,
2809,Raymond Boucher,Management,Management,agree,,
2809,Steven Teppler,Management,Management,agree,,
2809,Tim Porter,Management,Management,agree,,
2809,Timothy Clark,LeadCounsel; Management,LeadCounsel; Management,agree,,
2809,Yvonne Flaherty,Management,Management,agree,,
2814,None None,,Communications; LeadCounsel,llm_only_not_in_gold,Communications; LeadCounsel,
2816,Jaime Jackson,Coordination,Coordination,agree,,
2816,James Goslee,Coordination,Coordination,agree,,
2816,James Ward,Management,Management,agree,,
2816,Karen Lorenzen,Management,Management,agree,,
2816,Matt Schultz,Management,Management,agree,,
2816,Michael Johnson,Management,Management,agree,,
2816,Regan Safier,Coordination,Coordination,agree,,
2816,Roopal Luhana,Management,Management,agree,,
2816,Sol Weiss,Communications; LeadCounsel,Communications; LeadCounsel,agree,,
2816,Steven Sanford,Management,Management,agree,,
2817,Daniel Hedlund,Management,Management,agree,,
2817,Derek Ho,LeadCounsel,LeadCounsel,agree,,
2817,Frank Richter,Management,Management,agree,,
2817,James Barz,Management,Management,agree,,
2817,Leonard Bellavia,Management,Management,agree,,
2817,Michelle Looby,Management,Management,agree,,
2817,Peggy Wedgworth,LeadCounsel,ClassCounsel; LeadCounsel,llm_added_role,ClassCounsel,
2817,Robert Clifford,Communications,Communications,agree,,
2817,Samuel Isaacharoff,,Coordination,llm_only_not_in_gold,Coordination,
2817,Samuel Issacharoff,Coordination,Coordination,agree,,
2818,Annika Martin,LeadCounsel,LeadCounsel,agree,,
2818,Bryan Clobes,LeadCounsel,LeadCounsel,agree,,
2818,E. Powell Miller,,LeadCounsel,llm_only_not_in_gold,LeadCounsel,
2818,E. Powell Miller,LeadCounsel,,gold_only_missed_by_llm,,LeadCounsel
2818,Joseph Sauder,LeadCounsel,LeadCounsel,agree,,
2819,None None,,ClassCounsel; Communications; LeadCounsel; Management,llm_only_not_in_gold,ClassCounsel; Communications; LeadCounsel; Management,
2819,Barry Taus,ClassCounsel; Management,ClassCounsel; Management,agree,,
2819,Dan Drachler,Communications,ClassCounsel; Communications,llm_added_role,ClassCounsel,
2819,David Sorensen,ClassCounsel; Management,ClassCounsel; Management,agree,,
2819,Dena Sharp,LeadCounsel,ClassCounsel; LeadCounsel,llm_added_role,ClassCounsel,
2819,Dianne Nast,ClassCounsel; Management,ClassCounsel; Management,agree,,
2819,Ellen Meriwether,Management,ClassCounsel; Management,llm_added_role,ClassCounsel,
2819,Eric Fastiff,LeadCounsel,ClassCounsel; LeadCounsel,llm_added_role,ClassCounsel,
2819,John Radice,ClassCounsel; Management,ClassCounsel; Management,agree,,
2819,Joseph Saveri,LeadCounsel,ClassCounsel; LeadCounsel,llm_added_role,ClassCounsel,
2819,Joseph Vanek,ClassCounsel; Management,ClassCounsel; Management,agree,,
2819,Kristen Johnson,Coordination; LeadCounsel,ClassCounsel; Communications; LeadCounsel,partial_disagree,ClassCounsel; Communications,Coordination
2819,Linda Nussbaum,ClassCounsel; Management,ClassCounsel; Management,agree,,
2819,Michael Roberts,ClassCounsel; Management,ClassCounsel; Management,agree,,
2819,Peter Kohn,ClassCounsel; Management,ClassCounsel; Management,agree,,
2819,Renae Steiner,Management,ClassCounsel; Management,llm_added_role,ClassCounsel,
2819,Robert Kaplan,ClassCounsel; Management,ClassCounsel; Management,agree,,
2819,Thomas Sobol,ClassCounsel; Coordination; LeadCounsel; Settlement,ClassCounsel; Communications; LeadCounsel,partial_disagree,Communications,Coordination; Settlement
2820,None None,,Communications,llm_only_not_in_gold,Communications,
2820,Bev Randles,Management,,gold_only_missed_by_llm,,Management
2820,Beverly T. (Bev) Randles,,Management,llm_only_not_in_gold,Management,
2820,Charles Zimmerman,Management,Management,agree,,
2820,Don Downing,ClassCounsel; Communications; Management,ClassCounsel; Communications; LeadCounsel; Management,llm_added_role,LeadCounsel,
2820,Hart Robinovitch,Management,,gold_only_missed_by_llm,,Management
2820,James Bilsborrow,Management,Management,agree,,
2820,Paul Byrd,Management,Management,agree,,
2820,Paul Lesko,Management,Management,agree,,
2820,Rene Rocha,Management,Management,agree,,
2820,Richard Paul,Management,Management,agree,,
2820,Scott Poynter,Management,Management,agree,,
2827,Alexandra Steele,Management,Management,agree,,
2827,Amy Keller,Management; Motions,Management; Motions,agree,,
2827,Anthony Fata,Management; Settlement,Management; Settlement,agree,,
2827,Anthony Simon,Management,Management,agree,,
2827,Archie Grubb,Management,Management,agree,,
2827,Ariana Tadler,Discovery; Management,Discovery; Management,agree,,
2827,Ben Barnow,Management; Settlement,Management; Settlement,agree,,
2827,Bradford Lear,Management,Management,agree,,
2827,Charles Schaffer,Discovery; Management,Discovery; Management,agree,,
2827,Christopher Ridout,Management,Discovery; Management,llm_added_role,Discovery,
2827,Cristopher Ridout,Discovery,,gold_only_missed_by_llm,,Discovery
2827,Daniel Mullian,Management,,gold_only_missed_by_llm,,Management
2827,Daniel Mulligan,,Management,llm_only_not_in_gold,Management,
2827,Derek Howard,Management,Coordination; Management,llm_added_role,Coordination,
2827,Doug McNamara,,Expert; Management,llm_only_not_in_gold,Expert; Management,
2827,Douglass McNamara,Management,,gold_only_missed_by_llm,,Management
2827,Eli Greenstein,Management,Coordination; Management,llm_added_role,Coordination,
2827,Gary Graifman,Management,Management,agree,,
2827,Gayle Blatt,Discovery; Management,Discovery; Management,agree,,
2827,Geoffrey Rushing,Discovery; Management,Discovery; Management,agree,,
2827,Gordan Fauth,Management,,gold_only_missed_by_llm,,Management
2827,"Gordon M. Fauth, Jr.",,Management,llm_only_not_in_gold,Management,
2827,Greenstein Eli,Communications,,gold_only_missed_by_llm,,Communications
2827,Howard Derek,Communications,,gold_only_missed_by_llm,,Communications
2827,James Vlahakis,Management,Management,agree,,
2827,Jason Barnes,Management,Management,agree,,
2827,Jeffery Squire,Management,,gold_only_missed_by_llm,,Management
2827,Jeffrey Squire,,Management,llm_only_not_in_gold,Management,
2827,Joseph Cotchett,,ClassCounsel; LeadCounsel,llm_only_not_in_gold,ClassCounsel; LeadCounsel,
2827,Joshua Eggnatz,Management,Management,agree,,
2827,Karen Swope,Discovery; Management,,gold_only_missed_by_llm,,Discovery; Management
2827,Karin Swope,,Discovery; Management,llm_only_not_in_gold,Discovery; Management,
2827,Kathleen Herkenhoff,Management; Motions,Management; Motions,agree,,
2827,Kenneth Johnston,Management,Coordination; Management,llm_added_role,Coordination,
2827,Kyle McGee,Management,Coordination; Management,llm_added_role,Coordination,
2827,Laurence King,,ClassCounsel; LeadCounsel,llm_only_not_in_gold,ClassCounsel; LeadCounsel,
2827,Mark Dearman,Management,Management,agree,,
2827,McNamara Douglass,Expert,,gold_only_missed_by_llm,,Expert
2827,Melissa Emert,Discovery; Management,Discovery; Management,agree,,
2827,Phong Tran,Management,Management,agree,,
2827,Richard Wayne,Management,Management,agree,,
2827,Rosemary Rivas,Discovery; Management,Discovery; Management,agree,,
2827,Scott Cole,Management,Management,agree,,
2827,Stanley Bernstein,Management; Trial,Management; Trial,agree,,
2827,Stephen Rosenthal,Expert; Management,Expert; Management,agree,,
2827,Timothy Blood,Discovery; Management,Discovery; Management,agree,,
2827,Tina Wolfson,Discovery; Management,Discovery; Management,agree,,
2827,Todd Garber,Management; Trial,Management; Trial,agree,,
2828,Adam Levitt,Management,Management,agree,,
2828,Charles Schaffer,Management,Management,agree,,
2828,Christopher Seeger,LeadCounsel,LeadCounsel,agree,,
2828,Gayle  Blatt,Management,Management,agree,,
2828,Jennifer Joost,Management,Management,agree,,
2828,Jennifer Wagner,Communications,Communications,agree,,
2828,Melissa Emert,Management,Management,agree,,
2828,Richard Hagstrom,Management,Management,agree,,
2828,Rosemary Rivas,LeadCounsel,LeadCounsel,agree,,
2828,Steve D. Larson,,Communications,llm_only_not_in_gold,Communications,
2828,Steven Larson,Communications,,gold_only_missed_by_llm,,Communications
2828,Stuart Davidson,Management,Management,agree,,
2833,Brandon Wise,Management,Management,agree,,
2833,Brian Bleichner,Management,,gold_only_missed_by_llm,,Management
2833,Brian Douchet,Management,,gold_only_missed_by_llm,,Management
2833,Brian Gudmundson,Management,Management,agree,,
2833,Bryan L. Bleichner,,Management,llm_only_not_in_gold,Management,
2833,Gary Lynch,LeadCounsel,LeadCounsel,agree,,
2833,Karen Riebel,Management,Management,agree,,
2833,Laura Mummert,ClassCounsel; LeadCounsel,LeadCounsel,llm_missed_role,,ClassCounsel
2833,Roland St. Louis,Management,Management,agree,,
2833,Troy J. Doucet,,Management,llm_only_not_in_gold,Management,
2836,None None,,ClassCounsel; Communications; LeadCounsel,llm_only_not_in_gold,ClassCounsel; Communications; LeadCounsel,
2836,Alan Rashkind,LocalCounsel,LocalCounsel,agree,,
2836,Buchman Michael,ClassCounsel; LeadCounsel,,gold_only_missed_by_llm,,ClassCounsel; LeadCounsel
2836,Craig Reilly,LocalCounsel,LocalCounsel,agree,,
2836,James Cales,LocalCounsel,LocalCounsel,agree,,
2836,James Fee,LocalCounsel,LocalCounsel,agree,,
2836,Jay Lefkowitz,LeadCounsel,,gold_only_missed_by_llm,,LeadCounsel
2836,Kristen Johnson,ClassCounsel; LeadCounsel; Management; Settlement,ClassCounsel; LeadCounsel,llm_missed_role,,Management; Settlement
2836,Marvin Miller,ClassCounsel; LeadCounsel,ClassCounsel; LeadCounsel,agree,,
2836,Michael M. Buchman,,ClassCounsel; LeadCounsel,llm_only_not_in_gold,ClassCounsel; LeadCounsel,
2836,Philip Jay Lefkowitz,,LeadCounsel,llm_only_not_in_gold,LeadCounsel,
2836,Samuel G. Liversidge,,LeadCounsel,llm_only_not_in_gold,LeadCounsel,
2836,Scott Perwin,LeadCounsel,LeadCounsel,agree,,
2836,Stephen Noona,LocalCounsel,LocalCounsel,agree,,
2836,Steven Reed,LeadCounsel,LeadCounsel,agree,,
2836,Thomas Sobol,ClassCounsel; LeadCounsel; Management; Settlement,ClassCounsel; LeadCounsel,llm_missed_role,,Management; Settlement
2836,William Monroe,LocalCounsel; Management,LocalCounsel,llm_missed_role,,Management
2841,Janet Varnell,Management,Management,agree,,
2841,Jessica Sleater,Management,Management,agree,,
2841,John Yanchunis,Management,Management,agree,,
2841,Julie Kane,Communications; LeadCounsel,Communications; LeadCounsel,agree,,
2842,Mr. Bunge,,LeadCounsel,llm_only_not_in_gold,LeadCounsel,
2842,Ms. Clerkin,,Management,llm_only_not_in_gold,Management,
2842,Mr. Frederick,,Management,llm_only_not_in_gold,Management,
2842,Ms. Justice,,LeadCounsel,llm_only_not_in_gold,LeadCounsel,
2842,Mr. Nirmul,,LeadCounsel; Management,llm_only_not_in_gold,LeadCounsel; Management,
2842,Ms. Scherrer,,Management,llm_only_not_in_gold,Management,
2842,David Frederick,Management,Management,agree,,
2842,Erin Durba,Management,Management,agree,,
2842,Hilary Scherrer,Management,Management,agree,,
2842,Jonathan Bunge,LeadCounsel,LeadCounsel,agree,,
2842,Kimberly Justice,LeadCounsel,LeadCounsel,agree,,
2842,Michelle Clerkin,Management,Management,agree,,
2842,Sharan Nirmul,LeadCounsel; Management,LeadCounsel; Management,agree,,
2843,None None,,Discovery,llm_only_not_in_gold,Discovery,
2843,Derek Loeser,LeadCounsel,LeadCounsel,agree,,
2843,Lesley Waver,LeadCounsel,,gold_only_missed_by_llm,,LeadCounsel
2843,Lesley Weaver,,LeadCounsel,llm_only_not_in_gold,LeadCounsel,
2846,Andrea Giovannone,Management,Management,agree,,
2846,Bert Greenwell,,Management,llm_only_not_in_gold,Management,
2846,Bradley Leger,Management,Management,agree,,
2846,C. Vaughn,Management,Management,agree,,
2846,David Buchanan,Management,Management,agree,,
2846,David Butler,Communications; Management,Communications; Management,agree,,
2846,Eric L. Alexander,,LeadCounsel,llm_only_not_in_gold,LeadCounsel,
2846,Howard Nations,Management,Management,agree,,
2846,Jonathen D. Orent,,SettlementAdministration,llm_only_not_in_gold,SettlementAdministration,
2846,Kelsey Stokes,LeadCounsel; Management,LeadCounsel; Management; SettlementAdministration,llm_added_role,SettlementAdministration,
2846,Lauren Godshall,Management,Management,agree,,
2846,Marwan Porter,Management,Management,agree,,
2846,Michael Bradley,Management,Management,agree,,
2846,Michael K. Brown,,LeadCounsel,llm_only_not_in_gold,LeadCounsel,
2846,Michael London,Management,Management,agree,,
2846,Nicholas Farnolo,Management,Management,agree,,
2846,Robert Kinsman,Management,Management,agree,,
2846,Roger Denton,Management,Management,agree,,
2846,Steven Babin,Management,Management,agree,,
2846,Timothy O'Brien,LeadCounsel; Management,LeadCounsel; Management,agree,,
2846,Troy Brenes,Management,Management,agree,,
2846,"William D. Kloss, Jr.",,Communications,llm_only_not_in_gold,Communications,
2848,Adam Funk,Management,,gold_only_missed_by_llm,,Management
2848,Brian Beckcom,Management,,gold_only_missed_by_llm,,Management
2848,Caryn Papantonakis,Management,,gold_only_missed_by_llm,,Management
2848,Dino Sangiamo,Coordination,Communications,disjoint,Communications,Coordination
2848,Elizabeth Wilkins,Management,,gold_only_missed_by_llm,,Management
2848,Joseph Cappelli,Coordination,,gold_only_missed_by_llm,,Coordination
2848,Leslie MacLean,Management,Management,agree,,
2848,Mark Sadaka,LeadCounsel,,gold_only_missed_by_llm,,LeadCounsel
2848,Max Kennerly,Management,,gold_only_missed_by_llm,,Management
2848,Michael Goetz,LeadCounsel,,gold_only_missed_by_llm,,LeadCounsel
2848,Nicholas Rockforte,Management,,gold_only_missed_by_llm,,Management
2848,Raymond Peppelman,Communications,,gold_only_missed_by_llm,,Communications
2848,Timothy Litzenburg,Management,Management,agree,,
2848,Virginia Anello,Management,,gold_only_missed_by_llm,,Management
2850,Dean Harvey,ClassCounsel; LeadCounsel; Settlement,ClassCounsel; LeadCounsel,llm_missed_role,,Settlement
2850,Kelly Iverson,Communications,Communications,agree,,
2850,Roberta Liebenberg,ClassCounsel; LeadCounsel; Settlement,ClassCounsel; LeadCounsel,llm_missed_role,,Settlement
2859,Alex Davis,Management,Management,agree,,
2859,Andrew Norden,LeadCounsel; Management,LeadCounsel; Management,agree,,
2859,Ashleigh Raso,Management,Management,agree,,
2859,Brenda Fulmer,Management,Management,agree,,
2859,Kelly McNabb,LeadCounsel; Management,LeadCounsel; Management,agree,,
2859,Kevin M. Fitzgerald,,Management,llm_only_not_in_gold,Management,
2859,Kevin Fizterald,Management,,gold_only_missed_by_llm,,Management
2859,Laura Pittner,Management,Management,agree,,
2859,Marie Napoli,Management,Management,agree,,
2859,Nicholas Farnolo,Management,Management,agree,,
2859,Noah Lauricella,Management,Management,agree,,
2859,Peter Sandberg,Management,Management,agree,,
2859,Wendy Fleischman,LeadCounsel,LeadCounsel,agree,,
2862,Jason Hartley,LeadCounsel,LeadCounsel,agree,,
2862,Megan Jones,LeadCounsel,LeadCounsel,agree,,
2862,William Pietragallo,Communications,Communications,agree,,
2865,Mark Allison,LeadCounsel,LeadCounsel,agree,,
2867,None None,,Communications,llm_only_not_in_gold,Communications,
2867,Hollis Salzman,Management,Management,agree,,
2867,Kimberly Justice,Management,Management,agree,,
2867,Meegan Hollywood,Management,Management,agree,,
2867,Megan Jones,ClassCounsel; LeadCounsel,ClassCounsel; LeadCounsel,agree,,
2873,Amanda Kitts,Coordination; Management,Management,llm_missed_role,,Coordination
2873,Amy Crouch,Coordination,Management,disjoint,Management,Coordination
2873,Ashley Campbell,Management,Management,agree,,
2873,Benjamin Richman,Management,Management,agree,,
2873,Brent Dwerlkotte,Coordination,Management,disjoint,Management,Coordination
2873,Brian Duffy,Communications; Coordination,Communications; Coordination; Management,llm_added_role,Management,
2873,Brian Stekloff,Coordination,Management,disjoint,Management,Coordination
2873,Carl Solomon,Management,Management,agree,,
2873,Charles Schaffer,Management,Management,agree,,
2873,Christiaan Marcum,Management,Management,agree,,
2873,Christina Cossich,Management,Management,agree,,
2873,Christina Falk,Coordination,Management,disjoint,Management,Coordination
2873,Christina Natale,Coordination,Management,disjoint,Management,Coordination
2873,Daniel Ring,Coordination; Management,Management,llm_missed_role,,Coordination
2873,David Dukes,Communications; Coordination,Communications; Coordination; Management,llm_added_role,Management,
2873,David Erickson,Coordination; Management,Coordination; Management,agree,,
2873,David Hammack,Coordination,Management,disjoint,Management,Coordination
2873,David Hersh,ClassCounsel,ClassCounsel,agree,,
2873,David McDivitt,Management,Management,agree,,
2873,Elizabeth Fegan,ClassCounsel; Management,ClassCounsel; Management,agree,,
2873,Elizabeth Knauer,Coordination; Management,Management,llm_missed_role,,Coordination
2873,Elizabeth Pritzker,Management,Management,agree,,
2873,Erin Dickerson,Management,Management,agree,,
2873,Frank Gallucci,Management,Management,agree,,
2873,Fred Thompson,Communications,Communications,agree,,
2873,Frederick Hall,Coordination,Management,disjoint,Management,Coordination
2873,Gale Pearson,Management,Management,agree,,
2873,Gregory Cade,Management,Management,agree,,
2873,Haroon Anwar,Coordination,Management,disjoint,Management,Coordination
2873,Hunter Shkolnik,Management,Management,agree,,
2873,J. Bell,Management,Management,agree,,
2873,J. Rome,Coordination,Management,disjoint,Management,Coordination
2873,James Ferraro,Management,Management,agree,,
2873,Jessica Pahl,Coordination,Management,disjoint,Management,Coordination
2873,Jillian Kim,Management,Management,agree,,
2873,Jillian Kirn,Coordination; Management,Management,llm_missed_role,,Coordination
2873,J. Liat Rome,Management,,gold_only_missed_by_llm,,Management
2873,Joe Rice,ClassCounsel; LeadCounsel,ClassCounsel; LeadCounsel,agree,,
2873,Joseph Petrosinelli,Coordination; LeadCounsel,Coordination; LeadCounsel; Management,llm_added_role,Management,
2873,Joseph Rice,LeadCounsel,ClassCounsel; LeadCounsel,llm_added_role,ClassCounsel,
2873,Jospeh Rice,,LeadCounsel,llm_only_not_in_gold,LeadCounsel,
2873,Kaitlyn Maxwell,Coordination; Management,Management,llm_missed_role,,Coordination
2873,Keith Bensten,Coordination,Management,disjoint,Management,Coordination
2873,Ken Sansone,Management,Management,agree,,
2873,Kenneth Reilly,Coordination,Coordination; Management,llm_added_role,Management,
2873,Kevin Hannon,Management,Management,agree,,
2873,Kevin Madonna,Management,Management,agree,,
2873,Larry Cohan,Management,Management,agree,,
2873,Liam Montgomery,Coordination; Management,Management,llm_missed_role,,Coordination
2873,Lyn Pruitt,Coordination,Management,disjoint,Management,Coordination
2873,Marianne Kies,Coordination,Management,disjoint,Management,Coordination
2873,Mark Cheffo,Coordination,Management,disjoint,Management,Coordination
2873,Mark Chertok,Coordination,Coordination; Management,llm_added_role,Management,
2873,Matt Edling,Management,Management,agree,,
2873,Matthew Pawa,Management,Management,agree,,
2873,Michael Burg,ClassCounsel,ClassCounsel,agree,,
2873,Michael London,ClassCounsel; LeadCounsel,ClassCounsel; LeadCounsel,agree,,
2873,Michael Olsen,Coordination; LeadCounsel,Coordination; LeadCounsel; Management,llm_added_role,Management,
2873,Michael Stag,Management,Management,agree,,
2873,Molly Craig,Coordination; Management,Coordination; Management,agree,,
2873,Nancy Christensen,Management,Management,agree,,
2873,Paul Napoli,ClassCounsel; LeadCounsel,ClassCounsel; LeadCounsel,agree,,
2873,Reilly Reilly,Management,,gold_only_missed_by_llm,,Management
2873,Richard Head,Management,Management,agree,,
2873,Richard Lewis,Management,Management,agree,,
2873,Robert Bilott,Management,Management,agree,,
2873,Ruth Levy,Coordination,Management,disjoint,Management,Coordination
2873,Sarah Williams,Coordination,Coordination,agree,,
2873,Scott Summy,ClassCounsel; LeadCounsel,ClassCounsel; LeadCounsel,agree,,
2873,Stephanie Biehl,Management,Management,agree,,
2873,T. Frazer,Management,Management,agree,,
2873,Wesley Bowden,Management,Management,agree,,
2873,William Jackson,Management,Management,agree,,
2874,James Valentine,Communications,Communications,agree,,
2875,Adam Slater,Communications; LeadCounsel; Management,Communications; LeadCounsel; Management,agree,,
2875,Alyson Oliver,Management,Management,agree,,
2875,Andres Rivero,Management,Management,agree,,
2875,Annesley DeGaris,Management,Management,agree,,
2875,Ashleigh Raso,Management,Management,agree,,
2875,Behram Parekh,Management,Management,agree,,
2875,Brett Vaughn,Management,Management,agree,,
2875,Clea Liquard,Settlement,,gold_only_missed_by_llm,,Settlement
2875,Clem Trischler,Management,Management,agree,,
2875,Conlee Whiteley,,LeadCounsel; Management,llm_only_not_in_gold,LeadCounsel; Management,
2875,Daniel Levin,Management,Management,agree,,
2875,Daniel Nigh,LeadCounsel; Management,LeadCounsel; Management,agree,,
2875,David Hobbs,Management,Management,agree,,
2875,David Stanoch,Communications,Communications,agree,,
2875,Emily Jeffcott,Management,Management,agree,,
2875,George Williamson,Management,Management,agree,,
2875,Gregory Hansel,Management,Management,agree,,
2875,Harold McCall,Management,Management,agree,,
2875,J. Nabers,Management,Management,agree,,
2875,James Carter,,Management,llm_added_role,Management,
2875,Jay Spievack,Settlement,,gold_only_missed_by_llm,,Settlement
2875,Jeff Gibson,Management,Management,agree,,
2875,Jessica Perez,Management,Management,agree,,
2875,Jessica Priselac,Communications,Communications,agree,,
2875,John Boundas,Management,Management,agree,,
2875,John Davis,Management,Management,agree,,
2875,John Sawin,Management,Management,agree,,
2875,John Shipp,Settlement,,gold_only_missed_by_llm,,Settlement
2875,Jon Mann,Management,Management,agree,,
2875,Jon Savin,,Management,llm_added_role,Management,
2875,Jones Zona,Management,,gold_only_missed_by_llm,,Management
2875,Joseph Marchese,Management,Management,agree,,
2875,Joyce Gist,Settlement,,gold_only_missed_by_llm,,Settlement
2875,Larry Wood,Settlement,,gold_only_missed_by_llm,,Settlement
2875,Lauren O'Donnel,Settlement,,gold_only_missed_by_llm,,Settlement
2875,Layne Hilton,,Management,llm_added_role,Management,
2875,Liza Walsh,Settlement,,gold_only_missed_by_llm,,Settlement
2875,Lori Cohen,Management,Management,agree,,
2875,Marlene Goldenberg,Management,Management,agree,,
2875,Michael Scott,Settlement,,gold_only_missed_by_llm,,Settlement
2875,Mikal Watts,Management,Management,agree,,
2875,Mila Bartos,Management,Management,agree,,
2875,Nicholas Migliaccio,ClassCounsel; Management,Management,llm_missed_role,,ClassCounsel
2875,Paul Geske,Management,Management,agree,,
2875,Paul Rothstein,Management,Management,agree,,
2875,Peter St. Philip,Management,Management,agree,,
2875,Rachel Gelman,ClassCounsel,,gold_only_missed_by_llm,,ClassCounsel
2875,Rachel Geman,Management,Management,agree,,
2875,Ratliff Harley,Settlement,,gold_only_missed_by_llm,,Settlement
2875,Richard Smith,Management,Management,agree,,
2875,Robert Gilbert,Settlement,,gold_only_missed_by_llm,,Settlement
2875,Roger Orlando,Management,Management,agree,,
2875,Ronni Fuchs,Settlement,,gold_only_missed_by_llm,,Settlement
2875,Rosalee Thomas,Management,Management,agree,,
2875,Rosemarie Bogdan,Management,Management,agree,,
2875,Ruben Honik,LeadCounsel; Management,LeadCounsel; Management,agree,,
2875,Samuel Anyan,Management,Management,agree,,
2875,Samuel Fisher,Management,Management,agree,,
2875,Sarah Johnston,Management,Management,agree,,
2875,Scott Morgan,Management,Management,agree,,
2875,Sean Fahey,Settlement,,gold_only_missed_by_llm,,Settlement
2875,Seth Goldberg,Communications; Management,Communications; Management,agree,,
2875,Stacy Burrows,Management,Management,agree,,
2875,Stefanie Colella-Walsh,Management,Management,agree,,
2875,Steve Babin,Management,Management,agree,,
2875,Stuart Williams,Settlement,,gold_only_missed_by_llm,,Settlement
2875,Zona Jones,,Management,llm_only_not_in_gold,Management,
2878,None None,,ClassCounsel; LeadCounsel,llm_only_not_in_gold,ClassCounsel; LeadCounsel,
2878,Gregory T. Arnold,,ClassCounsel; LeadCounsel,llm_only_not_in_gold,ClassCounsel; LeadCounsel,
2878,Kristen Johnson,ClassCounsel,ClassCounsel,agree,,
2878,Kristie LaSalle,,ClassCounsel; LeadCounsel,llm_only_not_in_gold,ClassCounsel; LeadCounsel,
2878,Matthew C. Weiner,,ClassCounsel; LeadCounsel,llm_only_not_in_gold,ClassCounsel; LeadCounsel,
2878,Sean D. Nation,,ClassCounsel; LeadCounsel,llm_only_not_in_gold,ClassCounsel; LeadCounsel,
2878,Steve Shadowen,ClassCounsel,ClassCounsel; LeadCounsel,llm_added_role,LeadCounsel,
2878,Thomas Sobol,ClassCounsel,ClassCounsel; LeadCounsel,llm_added_role,LeadCounsel,
2879,Adam Offenhartz,LeadCounsel,LeadCounsel,agree,,
2879,Amy Keller,ClassCounsel; LeadCounsel,ClassCounsel; LeadCounsel,agree,,
2879,Andrew Friedman,ClassCounsel; Communications; LeadCounsel,ClassCounsel; Communications; LeadCounsel,agree,,
2879,Andrew O'Connel,Communications,,gold_only_missed_by_llm,,Communications
2879,Andrew O'Connell,,Communications,llm_only_not_in_gold,Communications,
2879,Ariana Tadler,Management,Management,agree,,
2879,Arthur Murray,LeadCounsel,ClassCounsel; LeadCounsel,llm_added_role,ClassCounsel,
2879,Brian Gudmundson,Management,Management,agree,,
2879,Carol Villegas,Communications; LeadCounsel,ClassCounsel; Communications; LeadCounsel,llm_added_role,ClassCounsel,
2879,Charles Van Horn,Management,Management,agree,,
2879,Christopher Keller,Communications; LeadCounsel,ClassCounsel; Communications; LeadCounsel,llm_added_role,ClassCounsel,
2879,Daniel Robinson,Management,Management,agree,,
2879,Daniel Warren,Discovery; LeadCounsel,Communications; Discovery; LeadCounsel,llm_added_role,Communications,
2879,"Eric
 Belfi",Communications; LeadCounsel,ClassCounsel; Communications; LeadCounsel,llm_added_role,ClassCounsel,
2879,Eve-Lynn Rapp,Management,Management,agree,,
2879,Francis McConville,Communications; LeadCounsel,ClassCounsel; Communications; LeadCounsel,llm_added_role,ClassCounsel,
2879,Gary Lynch,Management,Management,agree,,
2879,Gilbert Keteltas,Discovery; LeadCounsel,Communications; Discovery; LeadCounsel,llm_added_role,Communications,
2879,Gregory Egleston,LeadCounsel,ClassCounsel; LeadCounsel,llm_added_role,ClassCounsel,
2879,James Pizzirusso,ClassCounsel; Communications; LeadCounsel,ClassCounsel; Communications; LeadCounsel,agree,,
2879,James Ulwick,Communications,Communications,agree,,
2879,Jason Lichtman,Management,Management,agree,,
2879,Jason Mendro,LeadCounsel,LeadCounsel,agree,,
2879,Laura O'Boyle,LeadCounsel,LeadCounsel,agree,,
2879,Lisa Ghannoum,Discovery; LeadCounsel,Communications; Discovery; LeadCounsel,llm_added_role,Communications,
2879,Mark Godlman,Communications; LeadCounsel,,gold_only_missed_by_llm,,Communications; LeadCounsel
2879,Mark Goldman,,ClassCounsel; Communications; LeadCounsel,llm_only_not_in_gold,ClassCounsel; Communications; LeadCounsel,
2879,MaryBeth Gibson,Management,Management,agree,,
2879,Megan Jones,Communications; Management,Communications; Management,agree,,
2879,Norman Siegel,Management,Management,agree,,
2879,Steven Silverman,Communications; LeadCounsel,ClassCounsel; Communications; LeadCounsel,llm_added_role,ClassCounsel,
2879,Stuart Davidson,Discovery; Management,Discovery; Management,agree,,
2879,Timothy Brown,LeadCounsel,ClassCounsel; LeadCounsel,llm_added_role,ClassCounsel,
2879,Timothy Maloney,Management,Management,agree,,
2879,Veronica Nannis,Communications,Communications,agree,,
2885,Abby McClellan,Management; Vetting,Vetting,llm_missed_role,,Management
2885,Adam Wolfson,Management,Management,agree,,
2885,Andre Mura,Management; Motions,Motions,llm_missed_role,,Management
2885,Ashley Neglia,,,agree,,
2885,Barry Fields,,Trial,llm_only_not_in_gold,Trial,
2885,Bradley Honnold,Management,Management,agree,,
2885,Brian Barr,Communications; Management,Communications; Management,agree,,
2885,Bryan Aylstock,LeadCounsel; Management; Settlement,Communications; LeadCounsel; Management; Settlement,llm_added_role,Communications,
2885,Caleb Seeley,Management; Motions,Motions,llm_missed_role,,Management
2885,Chad Morriss,,,agree,,
2885,Chris Hellums,Fees; Management,Fees,llm_missed_role,,Management
2885,Chris Seeger,LeadCounsel; Settlement,LeadCounsel; Management; Settlement; Trial,llm_added_role,Management; Trial,
2885,Christopher Seeger,LeadCounsel; Management; Settlement,LeadCounsel; Management; Settlement,agree,,
2885,Clayton Clark,Management; Settlement,Settlement,llm_missed_role,,Management
2885,D. Mathews,Management,Management,agree,,
2885,Dave Buchanan,Discovery; Management,Discovery; Management,agree,,
2885,David Bryant,Management,Management,agree,,
2885,David Buchanan,Discovery; Management,Discovery; Management,agree,,
2885,Doug Kreis,Expert,Expert,agree,,
2885,Doug Monsour,Expert; Management,Expert; Management,agree,,
2885,Douglas Monsour,Expert; Management,Expert; Management,agree,,
2885,Douglass Kreis,Expert; Management,Expert,llm_missed_role,,Management
2885,Edward Rowan,,,agree,,
2885,Elizabeth Burke,Management; Vetting,Management; Vetting,agree,,
2885,Erin Rogiers,Management; Vetting,Vetting,llm_missed_role,,Management
2885,Ernest Cory,Management; Settlement,Settlement,llm_missed_role,,Management
2885,Ernie Cory,Settlement,Settlement,agree,,
2885,Evan Buxner,Management,Management,agree,,
2885,Gabriel Assaad,Expert; Management; Motions,Expert; Motions,llm_missed_role,,Management
2885,Garrison 922-W. Lewis Garrison Jr,Management,,gold_only_missed_by_llm,,Management
2885,Genevieve Zimmerman,Management,Management,agree,,
2885,Gregory Graf,Expert,Expert,agree,,
2885,Henry Garrard,Fees; Management,Fees,llm_missed_role,,Management
2885,J. Daniel,Discovery,Discovery,agree,,
2885,Jennifer Hoekstra,Discovery; Management,Discovery,llm_missed_role,,Management
2885,Jennifer Liakos,Management,Management,agree,,
2885,Jonathan Orent,Expert,Expert,agree,,
2885,Justin Parafinczuk,Management,Management,agree,,
2885,Justin Witkin,Management; Settlement,Settlement,llm_missed_role,,Management
2885,K. Lanier,Management; Vetting,Management; Vetting,agree,,
2885,Karen Beyea-Schroeder,Management,Management,agree,,
2885,Katherine Charonko,Discovery; Management,Discovery,llm_missed_role,,Management
2885,Katherine Cornell,Management,Management,agree,,
2885,Kenny Byrd,Management; Vetting,Management; Vetting,agree,,
2885,Kimberly Branscome,Settlement,Settlement,agree,,
2885,Kimberly White,Expert; Management,Expert,llm_missed_role,,Management
2885,Kristian Rasmussen,Management,,llm_missed_role,,Management
2885,Larry Hill,Communications,Communications,agree,,
2885,Lauren Calvert,Management; Motions,Motions,llm_missed_role,,Management
2885,M. Lambert,Management,,llm_missed_role,,Management
2885,Mark Nomellini,Communications; Discovery,Communications; Discovery,agree,,
2885,Mark Robinson,Management,Management,agree,,
2885,Michael Burns,Communications; Management,Communications; Management,agree,,
2885,Michael Moreland,,Management,llm_only_not_in_gold,Management,
2885,Michael Sacchet,Management; Motions,Management; Motions,agree,,
2885,Michelle Six,Discovery,Discovery,agree,,
2885,Mikal Watts,Management; Settlement,Management; Settlement,agree,,
2885,Mike Brock,Settlement,Settlement,agree,,
2885,Mike Burns,Communications,Communications; Management,llm_added_role,Management,
2885,Mike Moreland,Management,Management,agree,,
2885,Neil Overholtz,Discovery; Management; Motions,Discovery; Motions,llm_missed_role,,Management
2885,Nick Wasdin,,,agree,,
2885,Nicole Berg,Management; Motions,Motions,llm_missed_role,,Management
2885,Nix Daniel,Discovery; Management,Discovery,llm_missed_role,,Management
2885,Palmer Lambert,,,agree,,
2885,Paul Pennock,Management,Management,agree,,
2885,Rachel Lanier,Management; Vetting,Management; Vetting,agree,,
2885,Renee Finch,Management,Management,agree,,
2885,Riley Burnett,Fees; Management,Fees,llm_missed_role,,Management
2885,Rob Ellis,Settlement,Settlement,agree,,
2885,Robert Cowan,Management,Management,agree,,
2885,Roberto Martinez,Fees; Management,Fees; Management,agree,,
2885,Ruth Rizkalla,Management,Management,agree,,
2885,Sara Schram,Management; Vetting,Vetting,llm_missed_role,,Management
2885,Sara E. Schramm,,Vetting,llm_only_not_in_gold,Vetting,
2885,Sean Tracey,Management,Management,agree,,
2885,Shannon Lukei,Management,Management,agree,,
2885,Shelley Hutson,Fees; LeadCounsel; Management,Fees; LeadCounsel; Management,agree,,
2885,Sierra Elizabeth,Discovery,Discovery,agree,,
2885,Sindhu Daniel,Management,Management,agree,,
2885,Taylor Bartlett,Discovery; Management,Discovery,llm_missed_role,,Management
2885,Thomas Cartmell,Management,Management,agree,,
2885,Thomas Pirtle,Expert; Management,Expert,llm_missed_role,,Management
2885,Tom Pirtle,Expert; Management,Expert; Management,agree,,
2885,Troy Bouk,,,agree,,
2885,Virginia Anello,Discovery; Management,Discovery; Management,agree,,
2885,W. Bouk,Management,,llm_missed_role,,Management
2885,W. Garrison,Management; Motions,Management; Motions,agree,,
2885,W. Lanier,Management,Management,agree,,
2886,Daniel Bryson,LeadCounsel; Settlement,ClassCounsel; LeadCounsel,partial_disagree,ClassCounsel,Settlement
2886,Edward Buckley,Communications,Communications,agree,,
2886,Gregory Coleman,Management; Settlement,ClassCounsel; Management,partial_disagree,ClassCounsel,Settlement
2886,Harper Segui,Management; Settlement,ClassCounsel; Management,partial_disagree,ClassCounsel,Settlement
2886,Matt Schultz,Management,ClassCounsel; Management,llm_added_role,ClassCounsel,
2886,Matthew Schultz,Settlement,,gold_only_missed_by_llm,,Settlement
2886,Michelle Looby,Management; Settlement,ClassCounsel; Management,partial_disagree,ClassCounsel,Settlement
2886,Mitchell Breit,Management; Settlement,ClassCounsel; Management,partial_disagree,ClassCounsel,Settlement
2886,Phillip Segui,Communications; Management; Settlement,ClassCounsel; Communications; Management,partial_disagree,ClassCounsel,Settlement
2886,Rachel Soffin,Management; Settlement,ClassCounsel; Management,partial_disagree,ClassCounsel,Settlement
2886,Robert Hickok,LeadCounsel,LeadCounsel,agree,,
2886,Scott Harris,Management; Settlement,ClassCounsel; Management,partial_disagree,ClassCounsel,Settlement
2886,William Cash,Management; Settlement,ClassCounsel; Management,partial_disagree,ClassCounsel,Settlement
2887,Charles Schaffer,ClassCounsel; Management,ClassCounsel; Management,agree,,
2887,Gary Mason,ClassCounsel; LeadCounsel,ClassCounsel; LeadCounsel,agree,,
2887,Jeffrey Goldenberg,LeadCounsel,ClassCounsel; Management,disjoint,ClassCounsel; Management,LeadCounsel
2887,Melissa Emert,LeadCounsel; Management,ClassCounsel; Management,partial_disagree,ClassCounsel,LeadCounsel
2887,Michael Reese,LeadCounsel,ClassCounsel; LeadCounsel,llm_added_role,ClassCounsel,
2887,Rachel Schwartz,Communications; LeadCounsel,ClassCounsel; Communications; LeadCounsel,llm_added_role,ClassCounsel,
2887,Richard Goetz,LeadCounsel,LeadCounsel,agree,,
2887,Rosemary Rivas,LeadCounsel; Management,ClassCounsel; Management,partial_disagree,ClassCounsel,LeadCounsel
2887,Scott Kamber,LeadCounsel,ClassCounsel; LeadCounsel,llm_added_role,ClassCounsel,
2887,Thomas Schult,Communications,Communications,agree,,
