Attorney_ID,Canonical_Name,AKA_1,AKA_2,AKA_3,Variants_Merged,Firms,N_MDLs,N_Mentions,MDLs,Roles,Confidence,Gender,Birth_Year,Undergrad_School,Undergrad_Grad_Year,Law_School_Name,Law_Grad_Year,Bar_States,Sources,Notes
A0001,E. Michelle Drake,Michelle Drake,Michele Drake,Michele Dirke,4,"Berger Montague, PC; Berger Montague; Berger Montague PC",7,24,"03083, 2904, 2933, 3083, 3108, 3128, 3149",ClassCounsel; Communications; Discovery; LeadCounsel; Management; Vetting,merged,,,,,,,,,
A0002,Gordon Ball,Gordan Ball,W. Gordon Ball,,3,"Ball & Scott; Ball & Scott Law Offices; Ball & Scott, PA; LAW OFFICES OF GORDON BALL",7,12,"1682, 1730, 1768, 1785, 1899, 2343, 2508",ClassCounsel; Communications; LeadCounsel; Management; Settlement,merged,,,,,,,,,
A0003,Eric M. Quetglas-Jordan,Eric Quetglas,Eric M. Quetgla-Jordan,,3,Quetglas Law Offices; Quetglas/Archie Lamb/Kirk Wood,4,7,"1785, 1905, 1953, 1960",Management; Motions,merged,,,,,,,,,
A0004,James E. Cecchi,James Cecchi,James E Cecchi,James E. Ceechi,3,"Carella, Byrne, Cecchi, Brody & Agnello, P.C.; Carella, Byrne, Bain, Gilfillan, Cecchi, Stewart & Olstein; CARELLA, BYRNE, CECCHI, OLSTEIN, BRODY & AGNELLO, P.C.; Carella Byrne",20,42,"1914, 1938, 2228, 2415, 2471, 2506, 2514, 2540, 2577, 2904, 2948, 3051, 3055, 3073, 3080, 3089, 3090, 3113, 3114, 3149",ClassCounsel; Communications; LeadCounsel; Management; Settlement,merged,,,,,,,,,
A0005,J. Gerard Stranch IV,"J. Gerard Stranch, IV",James G. Stranch III,J. Gerard Stranch,3,"BRANSTETTER, STRANCH & JENNINGS, PLLC; Stranch, Jennings & Garvey, PLLC; Branstetter, Stranch, & Jennings, PLLC; Branstetter, Stranch & Jennings, PLLC",8,17,"1928, 2242, 2343, 2904, 3032, 3035, 3083, 3127",ClassCounsel; Communications; Coordination; LeadCounsel; Management,merged,,,,,,,,,
A0006,Stephen G. Grygiel,Steve Grygiel,Stephen C. Grygiel,Steven G. Grygiel,3,"Grygiel Law LLC; Grant & Eisenhofer; Silverman, Thompson, Slutkin & White LLC; Keefe Bartels, LLC",3,7,"1938, 2314, 2358",ClassCounsel; Management,merged,,,,,,,,,
A0007,Douglass Kreiss,Douglass A. Kreis,Douglass Kreis,Douglas Kreis,3,"Aylstock, Witkin, Kreiss; Aylstock, Witkin, Kreis & Overholtz",3,4,"2004, 2046, 3140",Expert; LeadCounsel; Management,merged,,,,,,,,,
A0008,Brent Wisner,R. Brent Wisner,Robert Brent Wisner,,3,"BAUM HEDLUND ARISTEI & GOLDMAN, P.C.",2,3,"2924, 3101",LeadCounsel; Management,merged,,,,,,,,,
A0009,José M. Rojas,Jose Rojas,José M. Rosas,,3,"Levin, Rojas, Camassar & Reck, LLC",2,5,"3026, 3081",Coordination; LeadCounsel; Management,merged,,,,,,,,,
A0010,Jenniffer Elwell,Jennifer Elwell,Jenny Elwell,,3,Berger Montague,1,3,3081,Management,merged,,,,,,,,,
A0011,Phillip A. Wittmann,Phil Wittmann,,,2,"Stone Pigman Walther Wittmann, LLC",1,6,1657,Communications; Management,merged,,,,,,,,,
A0012,Thomas V. Girardi,Thomas Girardi,Tom Girardi,,2,Girardi and Keese; GIRARDI & KEESE; Girardi | Keese; Girardi & Keese,6,14,"1657, 1807, 1840, 1967, 2100, 2404",ClassCounsel; Coordination; Fees; LeadCounsel; Management,merged,,,,,,,,,
A0013,Christopher A. Seeger,Christopher Seeger,Chris Seeger,Mr. Christopher A. Seeger,2,"Seeger Weiss LLP; SEEGER WEISS; Seeger Weiss; Seeger Weiss, LLP",22,39,"1657, 1699, 1708, 1742, 1789, 1842, 1909, 1938, 2087, 2299, 2342, 2506, 2904, 2973, 3014, 3047, 3055, 3089, 3113, 3114, 3121, 3140",ClassCounsel; Communications; Fees; LeadCounsel; Management; Settlement,merged,,,,,,,,,
A0014,Edward F. Blizzard,Edward Blizzard,Ed Blizzard,,2,"BLIZZARD, MCCARTHY & NABERS, L.L.P.; Blizzard & Nabers; Blizzard, McCarthy & Nabers; Blizzard, McCarthy & Nabers LLC",4,5,"1657, 1968, 2004, 2342",Fees; Management,merged,,,,,,,,,
A0015,Christopher V. Tisi,Chris Tisi,,,2,,2,3,"1657, 1909",Fees; Management,merged,,,,,,,,,
A0016,"Joe R. Whatley, Jr.",Joe R. Whatley Jr.,Joe R. Whatley,Joe Whatley,2,"Whatley Drake & Kallas; Whatley Drake, LLC; Whatley Drake & Kallas LLC; Whatley Drake and Kallas, LLC",9,10,"1658, 1811, 1928, 1938, 1960, 1997, 2068, 2199, 2415",ClassCounsel; LeadCounsel; Management,merged,,,,,,,,,
A0017,Don Barrett,John W. (“Don”) Barrett,"John W. (""Don"") Barrett",,2,"Barrett Law Office, P.A.; Barrett Law Group, PA; Barrett Law Group, P.A.",5,7,"1699, 1751, 2068, 2993, 3080",ClassCounsel; LeadCounsel; Management,merged,,,,,,,,,
A0018,Steve W. Berman,Steve Berman,"Steve W. Berman, Esq.",Steven W. Berman,2,"Hagens Berman Sobol Shapiro LLP; HAGENS BERMAN SOBOL SHAPIRO LLP; Hagens Berman Sobol Shapiro, LLP; HAGENS BERMAN SOBOL SHAPIRO, LLP",11,21,"1699, 1850, 1938, 1972, 2455, 2938, 3040, 3052, 3071, 3080, 3113",ClassCounsel; Communications; LeadCounsel; Management,merged,,,,,,,,,
A0019,Paul Sizemore,J. Paul Sizemore,,,2,Giardi Keese,2,2,"1699, 1968",Management,merged,,,,,,,,,
A0020,Tobias L. Millrood,Mr. Tobias L. Millrood,Tobias Milrood,,2,"Schiffrin & Barroway, LLP; Pogust Braslow & Millrood, LLC",3,4,"1708, 1909, 2974",Management,merged,,,,,,,,,
A0021,Timothy M. O’Brien,Timothy M. O'Brien,Timothy O'Brien,Tim O'Brien,2,"Levin, Papantonio, Thomas, Mitchell, Echsner & Proctor, P.A.; Levin Papantonio Rafferty Proctor Buchanan O’Brien Barr Mougey, P.A.; Levin, Papantonio, Rafferty, Proctor, Buchanan, O'Brien, Barr & Mougey, P.A.; LEVIN, PAPANTONIO, RAFFERTY, PROCTOR, BUCHANAN, O’BRIEN, BARR & MOUGEY, P.A.",5,7,"1708, 1789, 2973, 3029, 3044",Fees; LeadCounsel; Management,merged,,,,,,,,,
A0022,Christopher Coffin,Christopher L. Coffin,Chris Coffin,,2,"Pendley, Baudin & Coffin, LLP; Pendley, Baudin & Coffin, L.L.P.",7,7,"02000, 1736, 1958, 2247, 2342, 2458, 2502",ClassCounsel; Communications; LeadCounsel; Management,merged,,,,,,,,,
A0023,Christopher M. Placitella,Christopher M. Placittella,,,2,"Cohen, Placitella & Roth; Cohen, Placitella & Roth, A Professional Corporation",2,3,"1763, 1817",Coordination; Management,merged,,,,,,,,,
A0024,Robert G. Germany,Bob Germany,,,2,"PITTMAN, GERMANY, ROBERTS & WELSH, L.L.P.; Pittman, Germany, Roberts & Welsh, LLP",2,2,"1760, 1789",Management,merged,,,,,,,,,
A0025,Camp Bailey,K. Camp Bailey,,,2,Bailey Perrin Bailey,2,2,"1769, 1968",LeadCounsel; Management,merged,,,,,,,,,
A0026,H. Blair Hahn,Blair Hahn,,,2,"Richardson, Patrick, Westbrook & Brickman, LLC; RICHARDSON, PATRICK, WESTBROOK, & BRICKMAN, LLC; Richardson, Patrick, Westbrook, & Brickman LLC",4,10,"1785, 1953, 2333, 2502",ClassCounsel; LeadCounsel; Management,merged,,,,,,,,,
A0027,Isaac Diel,Issac Diel,Isaac L. Diel,,2,Sharp Law LLP; Sharp McQueen PA,3,7,"1785, 2328, 2993",ClassCounsel; Management,merged,,,,,,,,,
A0028,Thomas V. Bender,Tom Bender,,,2,"Horn Aylward & Bandy, LLC; Walters Bender Strohbehn & Vaughan, P.C.; WALTERS BENDER STROHBEHN & VAUGHAN, P.C.; Horn, Aylward & Bandy, LLC",3,11,"1840, 1967, 2936",ClassCounsel; Communications; Discovery; Expert; LeadCounsel; Management; Motions,merged,,,,,,,,,
A0029,James H. Welsh,James Walsh,,,2,McGuireWoods LLP,2,4,"1845, 2196",Communications; LeadCounsel,merged,,,,,,,,,
A0030,Matt Moreland,Matthew B. Moreland,,,2,,2,2,"1873, 2328",Management,merged,,,,,,,,,
A0031,Jeff S. Westerman,Jeff Westerman,Jeff S.Westerman,Jeffrey Westerman,2,Milberg LLP; Westerman Law Corp.; Milberg Weiss LLP,4,8,"1891, 2145, 2199, 2264",ClassCounsel; LeadCounsel; Management,merged,,,,,,,,,
A0032,Tor Hoerman,Tor Hoermann,,,2,Simmons Cooper LLC,2,4,"1909, 2385",Coordination; LeadCounsel; Management; Settlement,merged,,,,,,,,,
A0033,Steven R. Maher,Steven Maher,Stephen Maher,,2,THE MAHER LAW FIRM; Maher Law Firm,3,3,"1935, 1938, 2100",LeadCounsel; Management,merged,,,,,,,,,
A0034,Theodore Babbitt,Ted Babbitt,,,2,"Babbitt, Johnson, Osborne & LeClainche, P.A.; Babbitt, Johnson, Osborne & LeClainche",1,2,1928,Communications; Management,merged,,,,,,,,,
A0035,Doug Monsour,Douglas Monsour,,,2,Monsour Law Firm; The Monsour Law Firm; MONSOUR LAW FIRM,3,7,"1928, 3081, 3140",Discovery; Management,merged,,,,,,,,,
A0036,Gregory Asciolla,Gregory S. Asciolla,Greg Asciolla,,2,LABATON SUCHAROW LLP; Labaton Sucharow; DiCello Levitt LLP,5,8,"1957, 2284, 2993, 3107, 3148",ClassCounsel; LeadCounsel; Management; Settlement,merged,,,,,,,,,
A0037,Ron Goldman,Ronald L.M. Goldman,,,2,"Baum Hedlund, Aristei & Goldman, PC; Baum Hedlund Aristei & Goldman",2,4,"1953, 2085",Management,merged,,,,,,,,,
A0038,Andy Alonzo,Andy Alonso,,,2,"Parker & Wachman; Parker Waichman Alonso LLP; Parker Waichman & Alonso, LLP",3,5,"1953, 2051, 2068",LeadCounsel; Management,merged,,,,,,,,,
A0039,Erick Rosemond,G. Erick Rosemond,,,2,"Hissey Kientz, L.L.P.; Hissey Kientz, L.L.P",1,2,1968,Management,merged,,,,,,,,,
A0040,A. J. De Bartolomeo,A.J. De Bartolomeo,A. 1. De Bartolomeo,A.J. DeBartolomeo,2,Girard Gibbs LLP,4,6,"1982, 2100, 2299, 2385",ClassCounsel; Management,merged,,,,,,,,,
A0041,Bryan Clobes,Bryan L. Clobes,Brian Clobes,,2,Cafferty Faucher LLP; Cafferty Clobes Meriwether & Sprengel LLP; Cafferty Clobes Meriwether & Sprengel LLP-IL,4,5,"1960, 1997, 2968, 3115",ClassCounsel; LeadCounsel; Management; Motions,merged,,,,,,,,,
A0042,Salvador Antonetti-Zequira,Salvador J. Antonetti-Stutts,,,2,O’NEILL & BORGES,1,2,1960,Communications; Discovery; Management,merged,,,,,,,,,
A0043,C. Calvin Warriner,Calvin Warriner,"Calvin Warriner, III",,2,,3,5,"2004, 2949, 3044",LeadCounsel; Management,merged,,,,,,,,,
A0044,Stephen A. Corr,Stephen A.Cor,,,2,"MELLON, WEBSTER & SHELLY; Stark & Stark, P.C.",3,7,"1995, 2342, 2458",ClassCounsel; Communications; LeadCounsel; Management,merged,,,,,,,,,
A0045,Jeff Carton,Jeffrey I. Carton,,,2,Denlca & Carton LLP,2,2,"2023, 2491",LeadCounsel; Management,merged,,,,,,,,,
A0046,S. Thomas Weinner,Thomas Wienner,,,2,"Weinner & Gould, P.C.; Wienner & Gould, P.C.",1,2,2042,Management,merged,,,,,,,,,
A0047,Norman E. Siegel,Norman Eli Siegel,Norman Siegel,Norman E. Seigel,2,Stueve Siegel Hanson LLP; Stueve Siegel Hanson LLP - KCMO; STUEVE SIEGEL HANSON LLP,10,22,"2086, 2583, 2904, 2915, 3019, 3073, 3083, 3098, 3108, 3115",ClassCounsel; Communications; LeadCounsel; Management; Settlement,merged,,,,,,,,,
A0048,Conlee Whiteley,Conlee S. Whiteley,Conlee Whitely,,2,"KANNER & WHITELEY, L.L.C.",2,3,"2107, 2924",ClassCounsel; Management,merged,,,,,,,,,
A0049,Matthew Sill,Matthew J. Sill,Matt Sill,,2,Fulmer Sill; Sill & Medley; the Sill Law Group; Sill Law Group,4,9,"2226, 2700, 3026, 3108",ClassCounsel; Communications; Coordination; LeadCounsel; Management,merged,,,,,,,,,
A0050,Thomas J.H. Brill,Tom Brill,Thomas H. Brill,Thomas Brill,2,Law Office of Thomas H. Brill,1,6,2328,ClassCounsel; Communications; LeadCounsel,merged,,,,,,,,,
A0051,Palmer Lambert,M. Palmer Lambert,,,2,"Gainsburgh, Benjamin; Gainsburgh, Benjamin, David, Meunier & Warshauer, L.L.C.",2,4,"2328, 2454",ClassCounsel; Management,merged,,,,,,,,,
A0052,Katie McElveen,Catherine H. McElveen,,,2,"Richardson, Patrick, Westbrook & Brickman, LLC; McCulley McCluer LLC",2,2,"2333, 2972",Communications; Management,merged,,,,,,,,,
A0053,Marc L. Godino,Mark Godino,,,2,"Glancy Prongay & Murray, LLP; Glancy Binkow and Goldberg LLP",2,7,"2357, 2904",ClassCounsel; LeadCounsel; Management,merged,,,,,,,,,
A0054,Pete Flowers,Peter Flowers,,,2,"Meyers & Flowers, LLC",2,4,"2385, 3004",LeadCounsel; Management,merged,,,,,,,,,
A0055,Michael Weinkowitz,Mike Weinkowitz,,,2,,2,6,"2385, 3047",Management,merged,,,,,,,,,
A0056,Joseph F. Rice,Joe Rice,,,2,"Motley Rice, LLC",2,2,"2502, 2996",Management,merged,,,,,,,,,
A0057,Theodore J. Leopold,Ted Leopold,,,2,"COHEN MILSTEIN SELLERS & TOLL PLLC; Cohen Milstein Sellers & Toll, PLLC",1,2,2540,ClassCounsel; LeadCounsel,merged,,,,,,,,,
A0058,Benjamin F. Johns,Benjamin Johns,Ben Johns,,2,CHIMICLES & TIKELLIS LLP; Chimicles & Tikellis LLP,2,4,"2577, 3090",ClassCounsel; Management,merged,,,,,,,,,
A0059,Pete Albanis,"Panagiotis “Pete” V. Albanis, Esq.",Panagiotis V. Albanis,,2,"MORGAN AND MORGAN COMPLEX LITIGATION GROUP; Morgan & Morgan, PA; MORGAN & MORGAN",3,3,"2577, 2688, 3079",ClassCounsel; Management,merged,,,,,,,,,
A0060,Jean S. Martin,Jean Sutton Martin,Jean Martin,Juan R. Martinez,2,Morgan & Morgan; Morgan & Morgan Mass Tort Dept.,4,7,"2904, 3080, 3096, 3114",ClassCounsel; LeadCounsel; Management,merged,,,,,,,,,
A0061,Douglas J. McNamara,Douglas McNamara,Doug McNamara,,2,Cohen Milstein Sellers & Toll PLLC,4,18,"03083, 2904, 2972, 3083",ClassCounsel; Discovery; LeadCounsel; Management,merged,,,,,,,,,
A0062,Frederick Longer,Frederick S. Longer,Fred Longer,,2,Levin Sedran & Berman LLP,2,4,"2924, 3089",Management; Motions,merged,,,,,,,,,
A0063,Marlo Fischer,Marlo Fisher,,,2,Laminack Pirtle & Martines; LAMINACK PIRTLE & MARTINES,2,4,"2924, 3092",Management,merged,,,,,,,,,
A0064,Travis Griffith,Travis A. Griffith,Travis Griffth,,2,"Griffith Law Center, PLLC; GRIFFITH LAW CENTER, PLLC",1,6,2936,ClassCounsel; Discovery,merged,,,,,,,,,
A0065,Ann Callis,Anne Callis,,,2,Holland Law Firm,2,5,"2973, 3043",Coordination; Management,merged,,,,,,,,,
A0066,D. Nicole Guntner,D. Nicole Gunter,,,2,"Aylstock, Witkin, Kreis & Overholtz, PLLC; Aylstock, Witkin, Kreis & Overholtz PLLC",2,3,"2973, 3094",Management,merged,,,,,,,,,
A0067,R. Eric Kennedy,Robert E. (Eric) Kennedy,,,2,"Weisman, Kennedy & Berris Co., L.P.A.; Weisman, Kennedy & Berris; Weisman Kennedy",3,5,"3004, 3044, 3140",Discovery; Management,merged,,,,,,,,,
A0068,Julia Merritt,Julia A. Merritt,Julia Merrit,,2,Beasley Allen; Chaffin Luhana,2,4,"3004, 3140",Management; Vetting,merged,,,,,,,,,
A0069,Diandra “Fu” Debrosse Zimmermann,Diandra “Fu” Debrosse Zimmerman,Diandra Debrosse Zimmermann,,2,Dicello Levitt Gutzler; DiCello Levitt,4,7,"3004, 3026, 3047, 3094",LeadCounsel; Management,merged,,,,,,,,,
A0070,Richard M. Paul III,Rick Paul,RICK PAUL,,2,Paul LLP,5,9,"2993, 3023, 3025, 3031, 3043",ClassCounsel; Communications; Management,merged,,,,,,,,,
A0071,D. Aaron Rihn,Daniel Rihn,,,2,"Robert Peirce & Associates, P.C.; Robert Peirce & Associates",2,4,"3014, 3140",Communications; Coordination,merged,,,,,,,,,
A0072,Timothy Semenoro,Timothy Semenero,,,2,"Montgomery McCracken Walker & Rhoads LLP; Montgomery McCracken, Walker & Rhoads LLP",1,2,3028,LeadCounsel; Management,merged,,,,,,,,,
A0073,Steven Bloch,Steve Bloch,,,2,Silver Golub & Teitell LLP,2,3,"3025, 3144",ClassCounsel; Management,merged,,,,,,,,,
A0074,Sterling Aldridge,Sarah Sterling Aldridge,,,2,"Barrett Law Group, P.A.",3,6,"2993, 3031, 3032",ClassCounsel; LeadCounsel,merged,,,,,,,,,
A0075,Steve Nathan,Steven M. Nathan,Steven Nathan,,2,HAUSFELD LLP,3,3,"3055, 3074, 3090",ClassCounsel; Discovery; Management,merged,,,,,,,,,
A0076,Thomas Loeser,Tom Loeser,Thomas E Loeser,Thomas E. Loeser,2,Cotchett Pitre & McCarthy LLP; Hagens Berman Sobol Shapiro LLP,3,5,"3073, 3114, 3115",Management,merged,,,,,,,,,
A0077,Nicholas Colella,Nicholas A. Colella,Nicolas Colella,,2,"LYNCH CARPENTER, LLP",2,4,"3074, 3090",ClassCounsel; Communications; LeadCounsel; Management,merged,,,,,,,,,
A0078,Jeff Ostrow,Jeffrey M. Ostrow,,,2,Kopelowitz Ostrow Ferguson Weiselberg Gilbert; Kopelowitz Ostrow P.A.,5,12,"3090, 3108, 3114, 3115, 3127",ClassCounsel; Communications; LeadCounsel; Management,merged,,,,,,,,,
A0079,Bill Carmody,William Christopher Carmody,,,2,Susman Godfrey LLP; SUSMAN GODFREY LLP,2,4,"3113, 3121",ClassCounsel; LeadCounsel,merged,,,,,,,,,
A0080,Michael Critchiey Sr.,Michael Critchley Sr.,,,2,"Critchley & Kinum; CRITCHLEY, KINUM & LURIA, LLC",1,2,3113,Trial,merged,,,,,,,,,
A0081,Grant L. Davis,,,,1,"DAVIS, BETHUNE & JONES, LLC",1,2,1657,Management,high,,,,,,,,,
A0082,Thomas J. Preuss,,,,1,WAGSTAFF & CARTMELL LLP; Preuss | Foster Law,2,3,"1657, 3037",LeadCounsel; Management,high,,,,,,,,,
A0083,Shelly A. Sanford,Shelly Sanford,,,1,"Goforth Lewis Sanford; Goforth Lewis Sanford, LLP; Sanford Pinedo LLP",4,5,"1657, 1699, 1789, 1968",Management,high,,,,,,,,,
A0084,Dawn Barrios,Dawn M. Barrios,,,1,"BARRIOS, KINGSDORF & CASTIEX, LLP; Barrios, Kingsdorf & Casteix, LLP; Barrios Kingsdorf & Casteix",2,9,"1657, 2299",Bellwether; Communications; Coordination; Fees; Management; Trial,high,,,,,,,,,
A0085,Turner W. Branch,,,,1,Branch Law Firm,1,2,1657,Coordination,high,,,,,,,,,
A0086,Michael S. Burg,Michael Burg,,,1,"Burg Simpson Eldredge Hersh & Jardine; Burg, Simpson, Eldredge, Hersh & Jardine; Burg Simpson Eldredge Hersh & Jardine, P.C.",3,7,"1657, 1742, 2100",Communications; Coordination; LeadCounsel; Management; Settlement,high,,,,,,,,,
A0087,Barry M. Hill,Barry Hill,,,1,"Hill Toriseva & Williams, PLLC; Hill Williams",2,3,"1657, 1909",Coordination; Management,high,,,,,,,,,
A0088,W. Mark Lanier,,,,1,"The Lanier Law Firm; THE LANIER LAW FIRM; Law Offices of W Mark Lanier; Lanier Law Firm, P.C.",6,14,"1657, 1968, 2299, 2973, 3043, 3114",ClassCounsel; Communications; Coordination; Fees; LeadCounsel; Management,high,,,,,,,,,
A0089,W. James Singleton,,,,1,Singleton Law Firm; The Singleton Law Firm,2,4,"1657, 2299",Coordination; Management; ProSe,high,,,,,,,,,
A0090,Sol H. Weiss,Mr. Sol Weiss,,,1,"Anapol, Schwartz, Weiss, Cohan, Feldman and Smalley, P.C.; Anapol, Schwartz, Weiss, Cohan, Felman and Smalley, PC; Anapol, Schwartz, Weiss, Cohan, Feldman & Smalley, P.C.",3,4,"1657, 1708, 1842",Coordination; Management,high,,,,,,,,,
A0091,Justin Witkin,Mr. Justin Witkin,Justin G. Witkin,,1,"Aylstock, Witkin & Sasser, PLC; Aylstock, Witkin, Kreis & Overholtz, PLLC",3,4,"1657, 1708, 1998",Coordination; Management,high,,,,,,,,,
A0092,Russ M. Herman,"Russ M, Herman",Russ Herman,,1,"HERMAN, HERMAN, KATZ & COTLAR, L.L.P.; Herman, Herman & Katz, LLC; Herman, Herman, Katz & Cotlar, L.L.P.; Herman, Herman, Katz & Cotlar, LLP",2,16,"1657, 2328",Communications; Fees; Management,high,,,,,,,,,
A0093,"Andy D. Birchfield, Jr.",Andy Birchfield,Andy D. Birchfield,,1,"BEASLEY, ALLEN, CROW, METHVIN, PORTIS & MILES, P.C.; BEASLEY ALLEN; Beasley Allen et al; Beasley, Allen, Crow, Methvin, Portis & Miles, P.C.",3,8,"1657, 2299, 2342",Fees; LeadCounsel; Management,high,,,,,,,,,
A0094,Arnold Levin,,,,1,"Levin, Fishbein, Sedran & Berman; LEVIN, FISHBEIN, SEDRAN & BERMAN",6,11,"1657, 1763, 1817, 2100, 2328, 2342",ClassCounsel; Communications; Discovery; Fees; Management; Settlement,high,,,,,,,,,
A0095,Troy Rafferty,Troy A. Rafferty,,,1,"LEVIN, PAPANTONIO, THOMAS, MITCHELL, ECHSNER & PROCTOR, PA; Levin Papantonio Thomas Mitchell Eschner & Proctor, P.A.; Levin Papantonio et al; Levin Papantonio Rafferty Proctor Buchanan O’Brien Barr Mougey, P.A.",5,10,"1657, 1909, 2299, 3080, 3140",Fees; LeadCounsel; Management,high,,,,,,,,,
A0096,Perry Weitz,,,,1,WEITZ & LUXENBERG; Weitz & Luxemberg,2,3,"1657, 1938",Fees; Management,high,,,,,,,,,
A0097,Michael A. Stratton,,,,1,,1,2,1657,Communications,high,,,,,,,,,
A0098,Shawn G. Foster,,,,1,,1,2,1657,Management,high,,,,,,,,,
A0099,Ann B. Oldfather,,,,1,,1,2,1657,LeadCounsel; Management,high,,,,,,,,,
A0100,Leonard A. Davis,,,,1,"Herman, Herman & Katz, LLC",2,3,"1657, 2328",Communications; Fees,high,,,,,,,,,
A0101,Elizabeth J. Cabraser,Elizabeth Cabraser,,,1,"LIEFF CABRASER HEIMANN & BERNSTEIN, LLP; LIEFF, CABRASER, HEIMANN & BERNSTEIN, LLP; Lief Cabraser; Lieff Cabraser Heimann & Bernstein, LLP",8,20,"1657, 1699, 1708, 1845, 1938, 2335, 2996, 3084",Bellwether; ClassCounsel; Communications; Fees; LeadCounsel; Management; Trial,high,,,,,,,,,
A0102,Richard Getty,,,,1,,1,2,1657,Fees,high,,,,,,,,,
A0103,James Lyle,,,,1,,1,2,1657,Fees,high,,,,,,,,,
A0104,"Pascal F. Calogero, Jr.",,,,1,,1,1,1657,Communications,high,,,,,,,,,
A0105,Robert E. Arceneaux,,,,1,,1,1,1657,LeadCounsel,high,,,,,,,,,
A0106,Margaret E. Woodward,,,,1,,1,1,1657,LeadCounsel,high,,,,,,,,,
A0107,"James R. Dugan, II",James Dugan,James R. Dugan II,"James Dugan, I",1,"MURRAY LAW FIRM; DUGAN LAW FIRM; Murray Law Firm; The Dugan Law Firm, LLC",12,21,"1657, 1789, 1938, 2068, 2242, 2385, 2409, 2996, 3026, 3037, 3080, 3140",Bellwether; ClassCounsel; Discovery; Fees; LeadCounsel; Management; Trial,high,,,,,,,,,
A0108,Thomas M. Sobol,Mr. Thomas M. Sobol,Thomas Sobol,,1,"HAGENS BERMAN SOBOL SHAPIRO LLP; Hagens Berman Sobol Shapiro LLP; Hagens Berman Sobol Shapiro, LLP; HAGENS, BERMAN SOBOL SHAPIRO LLP",6,12,"1657, 1708, 1730, 1938, 2343, 2409",Bellwether; ClassCounsel; Communications; Fees; LeadCounsel; Management; Trial,high,,,,,,,,,
A0109,Richard A. Freese,,,,1,"FREESE & GOSS, PLLC",1,2,1657,Bellwether; Trial,high,,,,,,,,,
A0110,Art Sadin,,,,1,"SADIN LAW FIRM, P.C.",1,2,1657,Bellwether; Trial,high,,,,,,,,,
A0111,William Riley,,,,1,"PRICE WAICUKAUSKI & RILEY, LLC",1,2,1657,Bellwether; Trial,high,,,,,,,,,
A0112,Jason J. Thompson,Jason Thompson,,,1,SOMMERS SCHWARTZ,2,3,"1657, 3037",Bellwether; Management; Trial,high,,,,,,,,,
A0113,Ellen Meriwether,,,,1,CAFFERTY FAUCHER LLP,1,2,1657,Bellwether; Trial,high,,,,,,,,,
A0114,Christopher J. McDonald,,,,1,LABATON SUCHAROW LLP,1,2,1657,Bellwether; Trial,high,,,,,,,,,
A0115,Eric L. Young,,,,1,KENNEY EGAN MCCAFFERTY & YOUNG,1,2,1657,Bellwether; Trial,high,,,,,,,,,
A0116,Andrew Yung,,,,1,SCOTT YUNG LLP,1,2,1657,Bellwether; Trial,high,,,,,,,,,
A0117,"Garve W. Ivey, Jr.",,,,1,THE IVEY LAW FIRM,1,2,1657,Bellwether; Trial,high,,,,,,,,,
A0118,Sheila Bossier,Sheila M. Bossier,,,1,"BOSSIER & ASSOCIATES, PLLC; Bossier & Associates, PLLC",2,5,"1657, 3029",Bellwether; Management; Trial,high,,,,,,,,,
A0119,Kimberly R. West,,,,1,"WALLACE, JORDAN, RATLIFF & BRANDT, LLC",1,2,1657,Bellwether; Trial,high,,,,,,,,,
A0120,Pamela B. Slate,,,,1,"SLATE KENNEDY, LLC",1,2,1657,Bellwether; Trial,high,,,,,,,,,
A0121,Robert M. Johnston,Robert E. Johnston,,,1,"Johnston, Hoefer, Holwadel & Eldridge; Hollingsworth LLP",2,2,"1657, 3006",LeadCounsel; ProSe,high,,,,,,,,,
A0122,Douglas R. Marvin,,,,1,"Williams & Connolly, LLP",1,2,1657,LeadCounsel; Management,high,,,,,,,,,
A0123,Theodore V.H. Mayer,,,,1,Hughes Hubbard & Reed LLP,1,2,1657,Management,high,,,,,,,,,
A0124,John H. Beisner,John Beisner,,,1,"O’Melveny & Meyers LLP; O’Melveny & Myers, LLP; Skadden, Arps, Slate, Meagher & Flom, LLP & Associates",3,4,"1657, 1785, 2068",LeadCounsel; Management,high,,,,,,,,,
A0125,Richard C. Stanley,,,,1,"Stanley, Flanagan & Reuter, LLC",1,2,1657,Management,high,,,,,,,,,
A0126,Anthony M. DiLeo,,,,1,Stone Pigman Walther Wittmann LLC,1,2,1657,Management,high,,,,,,,,,
A0127,Daniel S. Sommers,,,,1,"Cohen, Milstein, Hausfeld & Toll, P.L.L.C.",1,1,1656,ClassCounsel; LeadCounsel,high,,,,,,,,,
A0128,Matthew B. Kaplan,,,,1,"Cohen, Milstein, Hausfeld & Toll, P.L.L.C.; Kaplan Law Firm",2,2,"1656, 3111",ClassCounsel; LeadCounsel; LocalCounsel,high,,,,,,,,,
A0129,Michael K. Yarnoff,,,,1,"Schiffrin Barroway Topaz & Kessler, LLP",1,1,1656,ClassCounsel; LeadCounsel,high,,,,,,,,,
A0130,Jennifer L. Enck,,,,1,"Schiffrin Barroway Topaz & Kessler, LLP",1,1,1656,ClassCounsel; LeadCounsel,high,,,,,,,,,
A0131,James D. Young,,,,1,"OFFICE OF THE ATTORNEY GENERAL, STATE OF FLORIDA; Morgan & Morgan",2,3,"1657, 3080",LeadCounsel; Management,high,,,,,,,,,
A0132,Randall M. Fox,,,,1,"OFFICE OF ANDREW M. CUOMO, NEW YORK STATE ATTORNEY GENERAL",1,2,1657,Management,high,,,,,,,,,
A0133,James E. Fosler,,,,1,"FOSLER LAW GROUP, INC.",1,2,1657,Management,high,,,,,,,,,
A0134,"Stuart A. Kritzer, Esquire",,,,1,"LAW OFFICES OF STUART A. KRITZER, P.C.",1,2,1657,Management,high,,,,,,,,,
A0135,Seth R. Lesser,Seth Lesser,,,1,"KLAFTER OLSEN & LESSER LLP; LOCKS LAW FIRM, PLLC; Locks Law Firm, PLLC",5,7,"1657, 1708, 1739, 1845, 2025",ClassCounsel; LeadCounsel; Management,high,,,,,,,,,
A0136,John Low-Beer,,,,1,NEW YORK CITY LAW DEPARTMENT,1,2,1657,Management,high,,,,,,,,,
A0137,H. Vincent McKnight,,,,1,"ASHCRAFT & GEREL, LLP",1,2,1657,Management,high,,,,,,,,,
A0138,Diane Paolicelli,,,,1,"LEVY PHILLIPS & KONINGSBERG, LLP",1,2,1657,Management,high,,,,,,,,,
A0139,Bill Rossbach,,,,1,"ROSSBACH HART, PC",1,2,1657,Management,high,,,,,,,,,
A0140,Mark C. Schultz,,,,1,"COHEN, PLACITELLA & ROTH",1,2,1657,Management,high,,,,,,,,,
A0141,Joseph W Steele V,,,,1,"STEELE & BIGGS, LLC",1,2,1657,Management,high,,,,,,,,,
A0142,Thomas R. Kline,,,,1,"Kline & Specter, P.C.",2,3,"1657, 2654",Management,high,,,,,,,,,
A0143,Richard J. Arsenault,Richard Arsenault,,,1,"Neblett, Beard & Arsenault; NEBLETT, BEARD & ARSENAULT; Neblett, Beard & Arsenault, LLP; NBA",15,21,"1657, 1699, 1708, 1742, 1811, 1905, 2199, 2220, 2223, 2284, 2299, 2320, 2328, 2333, 2514",ClassCounsel; Discovery; LeadCounsel; Management; Settlement,high,,,,,,,,,
A0144,Carlene Rhodes Lewis,,,,1,,2,3,"1657, 1699",Management,high,,,,,,,,,
A0145,Gerald E. Meunier,Gerald Meunier,,,1,"Gainsburgh, Benjamin, David, Meunier & Warshauer, L.L.C.; Gainsburgh, Benjamin",3,6,"1657, 1873, 2328",ClassCounsel; Communications; Management,high,,,,,,,,,
A0146,"Mark P. Robinson, Jr.",Mark Robinson,"Mark Robinson, Jr.","Mark P. Robinson, Jr",1,"Robinson, Calcagnie & Robinson; Robinson Calcagnie Robinson Shapiro Davis, Inc.; Robinson Calcagnie & Robinson Inc.; Robinson Calcagnie et al",8,14,"1657, 1699, 1905, 1909, 1953, 2100, 2299, 2342",Discovery; LeadCounsel; Management,high,,,,,,,,,
A0147,Drew Ranier,,,,1,,1,2,1657,Management,high,,,,,,,,,
A0148,Michael D. Hausfeld,Michael Hausfeld,,,1,"Hausfeld LLP; Cohen, Milstein, Hausfeld & Toll P.L.L.C.; Hausfeld, LLP; Cohen, Milstein, Hausfeld & Toll, PLLC",7,19,"1682, 1768, 1775, 1935, 1942, 2196, 2925",ClassCounsel; Communications; LeadCounsel; Management,high,,,,,,,,,
A0149,R. Frederick Walters,,,,1,"Walters Bender Strohbehn & Vaughan, P.C.; Walters Bender Strohbehn & Vaughan; Walters Bender Strohbehn Vaughn, PC",2,3,"1674, 1785",ClassCounsel; LeadCounsel; Management,high,,,,,,,,,
A0150,David M. Skeens,,,,1,"Walters Bender Strohbehn & Vaughan, P.C.",1,1,1674,ClassCounsel,high,,,,,,,,,
A0151,J. Michael Vaughan,,,,1,"Walters Bender Strohbehn & Vaughan, P.C.",1,1,1674,ClassCounsel,high,,,,,,,,,
A0152,Garrett M. Hodes,,,,1,"Walters Bender Strohbehn & Vaughan, P.C.",1,1,1674,ClassCounsel,high,,,,,,,,,
A0153,R. Bruce Carlson,,,,1,"Carlson Lynch Sweet Kilpela & Carpenter, LLP; Carlson Lynch LTD.; Carlson Lynch Ltd.",1,3,1674,ClassCounsel; LeadCounsel,high,,,,,,,,,
A0154,Gary F. Lynch,Gary Lynch,,,1,"Lynch Carpenter, LLP; Lynch Carpenter LLP; Carlson Lynch Sweet & Kilpela, LLP; Carlson Lynch Sweet Kilpela & Carpenter, LLP",6,22,"03083, 1674, 2583, 3056, 3083, 3108",ClassCounsel; LeadCounsel; Management; Settlement,high,,,,,,,,,
A0155,Jamisen A. Etzel,Jamisen Etzel,,,1,"Carlson Lynch Sweet Kilpela & Carpenter, LLP; Carlson Lynch, LLP",2,2,"1674, 2968",ClassCounsel; LeadCounsel,high,,,,,,,,,
A0156,Francis O. Scarpulla,,,,1,"Law Offices of Francis O. Scarpulla; Zelle Hofmann Voelbel Mason & Gette, LLP",2,3,"1682, 1827",ClassCounsel; LeadCounsel,high,,,,,,,,,
A0157,William H. Parish,,,,1,"Parish & Small, PC",1,2,1682,LeadCounsel,high,,,,,,,,,
A0158,"A. Hoyt Rowell, III",,,,1,"Richardson, Patrick, Westbrook & Brickman, LLC; Richardson, Patrick, Westbrook & Brickman, L.L.C.",2,2,"1674, 1865",ClassCounsel; LeadCounsel; Management,high,,,,,,,,,
A0159,Daniel Myers,,,,1,"Richardson, Patrick, Westbrook & Brickman, LLC",1,1,1674,ClassCounsel,high,,,,,,,,,
A0160,Salvatore J. Graziano,,,,1,Bernstein Litowitz Berger & Grossmann LLP,1,1,1658,ClassCounsel; LeadCounsel,high,,,,,,,,,
A0161,Robert A. Wallner,,,,1,Milberg LLP,1,1,1658,ClassCounsel; LeadCounsel,high,,,,,,,,,
A0162,David A.P. Brower,,,,1,"Brower Piven, A Professional Corporation",1,1,1658,ClassCounsel; LeadCounsel,high,,,,,,,,,
A0163,Mark Levine,,,,1,"Stull, Stull & Brody",1,1,1658,ClassCounsel; LeadCounsel,high,,,,,,,,,
A0164,Anthony J. Bolognese,Anthony Bolognese,,,1,"Bolognese & Associates, LLC; BOLOGNESE & ASSOCIATES LLC",2,5,"1682, 1768",ClassCounsel; Communications; LeadCounsel,high,,,,,,,,,
A0165,Steven A. Kanner,Steven A Kanner,Steven Kanner,,1,"FREED KANNER LONDON & MILLEN LLC; Much Shelist Freed Denenberg Ament & Rubenstein, P.C.; Much Shelist Freed Denenberg Ament & Rubenstein, PC; Much Shelist Freed Denenberg Ament & Rubinstein, P.C.",4,10,"1682, 1768, 1942, 1957",ClassCounsel; LeadCounsel,high,,,,,,,,,
A0166,Robert N. Kaplan,Robert Kaplan,,,1,Kaplan Fox & Kilsheimer LLP; KAPLAN FOX & KILSHEIMER LLP,7,14,"1682, 1775, 1972, 2328, 2508, 2583, 2931",ClassCounsel; Communications; LeadCounsel; Management; Settlement,high,,,,,,,,,
A0167,Jeffrey P. Fink,,,,1,"Robbins Umeda & Fink, LLP",1,1,1658,LeadCounsel,high,,,,,,,,,
A0168,Caroline Schnurer,,,,1,"Robbins Umeda & Fink, LLP",1,1,1658,LeadCounsel,high,,,,,,,,,
A0169,Steve Wedeking,,,,1,"Robbins Umeda & Fink, LLP",1,1,1658,LeadCounsel,high,,,,,,,,,
A0170,Peter H. Burke,,,,1,"Whatley Drake, LLC",1,1,1658,LeadCounsel,high,,,,,,,,,
A0171,William S. Lerach,,,,1,Lerach Coughlin Stoia Geller Rudman & Robbins LLP,1,1,1658,LeadCounsel,high,,,,,,,,,
A0172,Travis E. Downs III,,,,1,Lerach Coughlin Stoia Geller Rudman & Robbins LLP,1,1,1658,LeadCounsel,high,,,,,,,,,
A0173,Amber L. Eck,,,,1,Lerach Coughlin Stoia Geller Rudman & Robbins LLP,1,1,1658,LeadCounsel,high,,,,,,,,,
A0174,Peter S. Pearlman,Peter Pearlman,,,1,Cohn Lifland Pearlman Herrmann & Knopf LLP; COHN LIFLAND PEARLMAN HERRMANN & KNOPF LLP,3,4,"1658, 1730, 2471",Communications,high,,,,,,,,,
A0175,Donald C. Brown,,,,1,"Weiner, Brodsky, Sidman & Kider",1,1,1677,Communications,high,,,,,,,,,
A0176,Thomas W. Withers,Thomas A. Withers,,,1,"Gillen, Withers & Lake, LLC",2,2,"1677, 2583",Communications; Management,high,,,,,,,,,
A0177,David J. Worley,,,,1,"Harris Penn Lowry, LLP; Chitwood, Harley & Harnes, LLP; Harris Penn Lowry LLP",2,4,"1677, 2583",ClassCounsel; Communications; LeadCounsel; Management,high,,,,,,,,,
A0178,"Paul J. Hanly, Jr.",,,,1,,1,1,1699,Management,high,,,,,,,,,
A0179,Daniel Becnel,"Daniel E. Becnel, Jr.",Daniel E. Becnel,"Daniel Becnel, Jr.",1,"Becnel Law Firm, LLC; Becnel Law Offices; Becnel Law Firm, L.L.C.; Law Offices of Daniel E. Becnel, Jr.",14,17,"1699, 1708, 1785, 1845, 1953, 1960, 1997, 2023, 2051, 2068, 2100, 2220, 2223, 2226",ClassCounsel; LeadCounsel; Management,high,,,,,,,,,
A0180,William M. Audet,William Audet,,,1,"Audet & Partners, LLP; Audet & Partners LLP; Alexander, Hawes & Audet, LLP",6,10,"1699, 1708, 1850, 1953, 2264, 3014",ClassCounsel; Communications; LeadCounsel; Management,high,,,,,,,,,
A0181,Peter W. Burg,Peter Burg,,,1,"Burg Simpson Eldredge Hersh Jardine, P.C.",2,3,"1699, 1909",Fees; Management,high,,,,,,,,,
A0182,Thomas Cartmell,Thomas P. Cartmell,,,1,"Wagstaff & Cartmell; Wagstaff & Cartmell, LLP",5,9,"1699, 2342, 3047, 3073, 3081",Management,high,,,,,,,,,
A0183,Michael Galpern,Michael A. Galpern,,,1,"Javerbaum Wurgaft Hicks Kahn Wikstrom & Sinins PC; Locks Law Firm, LLC",4,6,"1699, 2025, 2974, 3081",ClassCounsel; Coordination; Management,high,,,,,,,,,
A0184,Tina Nieves,Tina B. Nieves,Tina Bailer Nieves,,1,Gancedo & Nieves; Gancedo & Nieves LLP,3,5,"1699, 1789, 1905",Management,high,,,,,,,,,
A0185,Frank M. Pitre,Frank Mario Pitre,,,1,"Cotchett, Pitre & McCarthy",2,2,"1699, 1968",Management,high,,,,,,,,,
A0186,Kristian W. Rasmussen,,,,1,,1,1,1699,Management,high,,,,,,,,,
A0187,Joseph W. Cotchett,Joseph Cotchett,,,1,"Cotchett, Pitre & McCarthy",3,4,"1699, 1807, 1819",Communications; LeadCounsel; Management; Trial,high,,,,,,,,,
A0188,Amy W. Schulman,Amy Schulman,,,1,DLA Piper US LLP,3,3,"1699, 1850, 1909",Communications; LeadCounsel,high,,,,,,,,,
A0189,Ben Barnow,,,,1,"Barnow and Associates, P.C.; Barnow & Associates, P.C.",12,20,"1704, 1838, 1940, 1998, 2046, 2068, 2173, 2258, 2357, 2474, 3056, 3090",ClassCounsel; Communications; LeadCounsel; Management,high,,,,,,,,,
A0190,Robert M. Rothman,,,,1,Robbins Geller Rudman & Dowd LLP,1,1,1704,ClassCounsel,high,,,,,,,,,
A0191,James F. Jorden,,,,1,Jorden Burt LLP,1,1,1712,Communications,high,,,,,,,,,
A0192,Charles F. Smith,,,,1,"Skadden, Arps, Slate, Meagher & Flom, LLP",1,1,1712,Communications,high,,,,,,,,,
A0193,David E. Tungate,,,,1,"Eckert Seamans Cherin & Mellott, LLC",1,1,1712,Communications,high,,,,,,,,,
A0194,Joseph A. Martin,,,,1,"Archer & Greiner, PC",1,1,1712,Communications,high,,,,,,,,,
A0195,Catherine S. Straggas,,,,1,Margolis Edelstein,1,1,1712,Communications,high,,,,,,,,,
A0196,Scott I. Fegley,,,,1,"Scott I. Fegley, Esq. Law Offices",1,1,1712,Communications,high,,,,,,,,,
A0197,Jeffrey B. McCarron,,,,1,Swartz Campbell & Detweiler,1,1,1712,Communications,high,,,,,,,,,
A0198,Marc L. Bogutz,,,,1,"Christie Pabarue Mortensen & Young, PC",1,1,1712,Communications,high,,,,,,,,,
A0199,Charles S. Zimmerman,,,,1,"Zimmerman Reed PLLP; ZIMMERMAN REED; Zimmerman Reed, P.L.L.P.",4,9,"1708, 1905, 1943, 1990",ClassCounsel; Communications; LeadCounsel; Management,high,,,,,,,,,
A0200,Timothy A. Pratt,,,,1,SHOOK HARDY & BACON LLP,1,2,1708,LeadCounsel,high,,,,,,,,,
A0201,Joseph M. Price,,,,1,FAEGRE & BENSON,1,2,1708,Communications,high,,,,,,,,,
A0202,Jerome M. Marcus,,,,1,,1,3,1712,ClassCounsel; LeadCounsel,high,,,,,,,,,
A0203,Jonathan Auerbach,,,,1,,1,3,1712,ClassCounsel; LeadCounsel,high,,,,,,,,,
A0204,John Hargrove,John R. Hargrove,,,1,,1,3,1712,ClassCounsel; LeadCounsel,high,,,,,,,,,
A0205,David S. Senoff,,,,1,,1,1,1712,Communications,high,,,,,,,,,
A0206,Robert Izard,,,,1,Schatz & Nobel P.C.,1,1,1658,LeadCounsel,high,,,,,,,,,
A0207,Lynn Lincoln Sarko,Lynn L. Sarko,,,1,"Keller Rohrback L.L.P.; KELLER ROHRBACK, LLP",2,2,"1658, 1735",ClassCounsel; LeadCounsel,high,,,,,,,,,
A0208,Marc I. Machiz,,,,1,"Cohen, Milstein, Hausfeld & Toll, P.L.L.C.",1,1,1658,LeadCounsel,high,,,,,,,,,
A0209,Joseph H. Meltzer,Joseph Meltzer,,,1,"Kessler Topaz Meltzer & Check, LLP; Schiffrin & Barroway, LLP; Barroway Topaz Kessler Meltzer & Check LLP; KESSLER TOPAZ MELTZER & CHECK LLP",6,7,"1658, 2025, 2335, 2508, 2905, 3047",ClassCounsel; LeadCounsel; Management; Settlement,high,,,,,,,,,
A0210,Joseph J. DePalma,Joseph DePalma,"Joseph J. DePalma, Esq.",,1,"Lite DePalma Greenberg & Rivas, LLC; Lite DePalma and Greenberg, LLC; LITE DEPALMA GREENBERG LLC; Lite DePalma Greenberg & Afanador",5,9,"1658, 1763, 2025, 2904, 3113",ClassCounsel; Communications; Discovery; LeadCounsel; Management,high,,,,,,,,,
A0211,Lisa J. Rodriguez,Lisa Rodriguez,"Lisa J. Rodriguez, Esq.",,1,"Trujillo Rodriguez & Richards, LLC",3,4,"1658, 1850, 1914",Communications,high,,,,,,,,,
A0212,John R. Climaco,John Climaco,,,1,"Climaco, Lefkowitz, Peca, Wilcox & Garofoli Co., L.P.A.; Climaco, Lefkowitz, Peca, Wilxcox & Garofoli Co., LPA; Climaco, Lefkowitz, Peca, Wilcox & Garofoli Co. LPA; Climaco, Wilcox, Peca, Tarantino & Garofoli Co., L.P.A.",7,9,"1708, 1968, 2066, 2199, 2220, 2223, 2320",ClassCounsel; Communications; LeadCounsel; Management,high,,,,,,,,,
A0213,C. Brooks Cutter,Mr. C. Brooks Cutter,,,1,"Kershaw, Cutter & Ratinoff, LLP; Kershaw, Cutter & Ratinoff LLP",3,4,"1708, 1905, 1968",Management,high,,,,,,,,,
A0214,Lance A. Harke,Mr. Lance A. Harke,Lance Harke,,1,"Harke & Clasby LLP; Harke & Clasby, LLP; Harke Clasby & Bushman LLP",5,6,"1708, 1745, 1998, 2046, 2173",ClassCounsel; LeadCounsel; Management,high,,,,,,,,,
A0215,Mr. Irwin B. Levin,,,,1,"Cohen & Malad, LLP",1,1,1708,Management,high,,,,,,,,,
A0216,Richard A. Lockridge,Richard Lockridge,,,1,"Lockridge Grindal Nauen, PLLP",2,2,"1708, 1960",Expert; Management,high,,,,,,,,,
A0217,Ramon Lopez,Ramon Rossi Lopez,Mr. Ramon R. Lopez,Ramon R. Lopez,1,"Lopez, Hodes, Restaino, Milman & Skikos; Lopez McHugh LLP; Lopez McHugh, LLP",5,8,"1708, 1742, 1909, 2385, 2502",Coordination; Management; Settlement,high,,,,,,,,,
A0218,Ms. Stacey L. Mills,,,,1,"Heins, Mills & Olson, PLC",1,1,1708,Management,high,,,,,,,,,
A0219,Paul Pennock,Paul J. Pennock,Mr. Paul J. Pennock,,1,"Morgan & Morgan, P.A.; Weitz & Luxenberg, P.C.; Weitz & Luxenberg (NY); Morgan & Morgan",6,7,"1708, 1769, 2299, 2973, 3036, 3094",LeadCounsel; Management,high,,,,,,,,,
A0220,Hunter J. Shkolnik,Hunter Shkolnik,Mr. Hunter J. Shkolnik,Hunter S. Shkolnik,1,"Rheingold, Valet, Rheingold, Shkolnik & McCartney LLP; Napoli Shkolnik; Rheingold, Valet, Rheingold, Shkolnik & Mccartney LLP; Rheingold,Valet, Rheingold, Shkolnik & McCartney, LLP",8,13,"1708, 1905, 2066, 2199, 2220, 2385, 3080, 3121",LeadCounsel; Management; Settlement,high,,,,,,,,,
A0221,Ms. Silvija A. Strikis,,,,1,"Kellogg, Huber, Hansen, Todd, Evans & Figel, PLLC",1,1,1708,Management,high,,,,,,,,,
A0222,Teresa Toriseva,Ms. Teresa Toriseva,Teresa C. Toriseva,,1,"Wexler Toriseva Wallace LLP; Hill Toriseva & Williams, PLLC; Wexler, Toriseva Wallace LLP; Toriseva Law",4,6,"1708, 1842, 1905, 1968",LeadCounsel; Management,high,,,,,,,,,
A0223,Abraham Rappaport,,,,1,,1,1,1725,Communications,high,,,,,,,,,
A0224,Jerome L. Skinner,,,,1,Nolan Law Group,1,1,1721,Communications,high,,,,,,,,,
A0225,"John C. Nettels, Jr.",,,,1,Stinson Morrison Hecker L.L.P.,1,1,1721,Communications,high,,,,,,,,,
A0226,Heather S. Woodson,,,,1,Stinson Morrison Hecker L.L.P.,1,1,1721,Communications,high,,,,,,,,,
A0227,Craig L. Meadows,,,,1,"Hawley, Troxell, Ennis, & Hawley L.L.P.",1,1,1721,Communications,high,,,,,,,,,
A0228,Jason D. Scott,,,,1,"Hawley, Troxell, Ennis, & Hawley L.L.P.",1,1,1721,Communications,high,,,,,,,,,
A0229,Joseph W. Phebus,,,,1,,1,1,1718,ClassCounsel; LeadCounsel; Management,high,,,,,,,,,
A0230,Michael Caddell,Michael A. Caddell,,,1,Caddell & Chapman,3,4,"1718, 2046, 2223",ClassCounsel; Communications; LeadCounsel; Management,high,,,,,,,,,
A0231,Andrew J. McGuinness,,,,1,Dykema Gossett PLLC,1,1,1718,Communications; LeadCounsel,high,,,,,,,,,
A0232,Thomas M. Hanson,,,,1,Dykema Gossett PLLC,1,1,1718,LeadCounsel,high,,,,,,,,,
A0233,Peter M. Kellett,,,,1,Dykema Gossett PLLC,1,1,1718,LeadCounsel,high,,,,,,,,,
A0234,Barry Goodman,,,,1,,1,1,1718,Communications,high,,,,,,,,,
A0235,D. Michael Campbell,,,,1,Campbell Law,2,2,"1718, 2359",Management; Motions,high,,,,,,,,,
A0236,Ed Zebersky,,,,1,,1,1,1718,Management,high,,,,,,,,,
A0237,Jeff Lowe,,,,1,,2,2,"1718, 2100",Management,high,,,,,,,,,
A0238,Gary Koederitz,,,,1,,1,1,1718,Management,high,,,,,,,,,
A0239,Emily Peacock,,,,1,,1,1,1718,Management,high,,,,,,,,,
A0240,"Charles R. Houssiere, III",Charles Houssiere,,,1,,2,3,"1718, 2974",Management,high,,,,,,,,,
A0241,Paul O. Paradis,,,,1,"ABBEY SPANIER RODD ABRAMS & PARADIS LLP; ABBEY SPANIER RODD ABRAMS & PARADIS, LLP",2,2,"1730, 1737",ClassCounsel; LeadCounsel; Management,high,,,,,,,,,
A0242,Carolyn Beasley Burton,,,,1,THE MILLS LAW FIRM,1,3,1735,ClassCounsel; LeadCounsel,high,,,,,,,,,
A0243,Robert J. Bonsignore,Robert Bonsignore,,,1,BONSIGNORE & BREWER,1,3,1735,ClassCounsel; LeadCounsel,high,,,,,,,,,
A0244,Dale Evans,,,,1,,1,1,1735,ClassCounsel,high,,,,,,,,,
A0245,Kent Hirsh,,,,1,,1,1,1735,ClassCounsel,high,,,,,,,,,
A0246,Bruce E. Gerstein,,,,1,GARWIN GERSTEIN & FISHER LLP; Garwin Gerstein & Fisher LLP,2,4,"1730, 2409",ClassCounsel; LeadCounsel; Management,high,,,,,,,,,
A0247,Dan Berger,,,,1,"BERGER & MONTAGUE, PC",1,2,1730,Management,high,,,,,,,,,
A0248,David F. Sorensen,David Sorensen,,,1,"BERGER & MONTAGUE, PC; Berger & Montague, P.C.; BERGER & MONTAGUE, P.C.",2,5,"1730, 2409",ClassCounsel; LeadCounsel; Management,high,,,,,,,,,
A0249,Eric Cramer,Eric L. Cramer,,,1,"BERGER & MONTAGUE, PC; Berger Montague PC",2,4,"1730, 3121",ClassCounsel; LeadCounsel; Management,high,,,,,,,,,
A0250,Stuart Des Roches,,,,1,"ODOM & DES ROCHES, L.L.P.",1,2,1730,Management,high,,,,,,,,,
A0251,Greg Odom,,,,1,"ODOM & DES ROCHES, L.L.P.",1,2,1730,Management,high,,,,,,,,,
A0252,David P. Smith,,,,1,"PERCY, SMITH & FOOTE",1,2,1730,Management,high,,,,,,,,,
A0253,Todd S. Collins,,,,1,"BERGER & MONTAGUE, P.C.",1,1,1735,ClassCounsel,high,,,,,,,,,
A0254,Ann Miller,,,,1,"ANN MILLER, LLC",1,1,1735,ClassCounsel,high,,,,,,,,,
A0255,Alan Kluger,,,,1,"Kluger, Peretz, Kaplan & Berlin, P.L.",1,1,1733,LeadCounsel,high,,,,,,,,,
A0256,Steve Silverman,,,,1,"Kluger, Peretz, Kaplan & Berlin, P.L.",1,1,1733,LeadCounsel,high,,,,,,,,,
A0257,Allan B. Cooper,,,,1,"Ervin Cohen & Jessup, LLP",1,1,1733,Management,high,,,,,,,,,
A0258,Timothy R. Beyer,,,,1,"Brownstein, Hyatt & Farber",1,1,1733,Management,high,,,,,,,,,
A0259,Mila F. Bartos,,,,1,"Finkelstein, Thompson & Loughran",1,1,1733,Management,high,,,,,,,,,
A0260,Ellen Pilelsky,,,,1,"Oppenheim, Pilelsky, PA",1,1,1733,Management,high,,,,,,,,,
A0261,Bryan R. Sup,,,,1,"Schwartz, Cooper, Greenberger & Krauss",1,1,1733,Management,high,,,,,,,,,
A0262,Kimberley K. Baer,,,,1,"Wandro, Baer & Appel, P.C.",1,1,1733,Communications; Management,high,,,,,,,,,
A0263,Matthew Tuccillo,,,,1,Shapiro Haber & Urmy LLP,1,1,1733,Management,high,,,,,,,,,
A0264,Peggy Pitt,,,,1,"Pitt, McGehee, Miller Palmer & Rivers, P.C.",1,1,1733,Management,high,,,,,,,,,
A0265,Gary A. Growe,,,,1,"Blumenfeld Kaplan & Sandweiss, P.C.",1,1,1733,Management,high,,,,,,,,,
A0266,Don P. Foster,,,,1,"Klehr, Harison, Harvey, Branzburg & Ellers, LLP",1,1,1733,Management,high,,,,,,,,,
A0267,Curtis Trinko,,,,1,"Law Offices of Curtis V. Trinko, LLP",1,1,1733,Management,high,,,,,,,,,
A0268,Peter H. Weinberger,Peter Weinberger,,,1,"Spangenberg, Shibley& Liber, LLP",2,2,"1733, 1909",Fees; Management,high,,,,,,,,,
A0269,Gary M. Smith,Gary K. Smith,,,1,Graham & Graham Co. LPA; Law Offices of Gary K. Smith,2,2,"1733, 1785",Management,high,,,,,,,,,
A0270,Robert A. Bilott,,,,1,"Taft, Stettinius & Hollister LLP",1,1,1733,Management,high,,,,,,,,,
A0271,"Jack J. Pringle, Jr.",,,,1,"Ellis, Lawhorne & Sims, P.A.",1,1,1733,Management,high,,,,,,,,,
A0272,Gary Polland,,,,1,Gary Polland & Associates,1,1,1733,Management,high,,,,,,,,,
A0273,James C. Peterson,,,,1,"Hill, Peterson, Carper, Bee & Deitzler, PLLC",1,1,1733,Management,high,,,,,,,,,
A0274,Larry A. Winter,,,,1,Winter Johnson & Hill PLLC,1,1,1733,Management,high,,,,,,,,,
A0275,Philip S. Beck,,,,1,Bartlit Beck Herman Palenchar & Scott LLP,2,2,"1733, 1928",LeadCounsel,high,,,,,,,,,
A0276,Adam L. Hoeflich,Adam Hoeflich,,,1,"Bartlit Beck Herman Palenchar & Scott LLP; Bartlit Beck Herman Palenchar & Scott, LLP; Bartlit Beck",3,3,"1733, 2023, 2284",LeadCounsel,high,,,,,,,,,
A0277,Robert Fanter,,,,1,Whitfield & Eddy,1,1,1733,Communications,high,,,,,,,,,
A0278,John Sherk,,,,1,"Shook, Hardy & Bacon LLP",1,1,1733,Communications,high,,,,,,,,,
A0279,Eric Anielak,,,,1,"Shook, Hardy & Bacon LLP",1,1,1733,Management,high,,,,,,,,,
A0280,Andrew Carpenter,,,,1,"Shook, Hardy & Bacon LLP",1,1,1733,Management,high,,,,,,,,,
A0281,Sean Gallagher,,,,1,Bartlit Beck Herman Palenchar & Scott LLP,1,1,1733,Management,high,,,,,,,,,
A0282,Mark Levy,,,,1,Kilpatrick Stockton LLP,1,1,1733,Management,high,,,,,,,,,
A0283,Kaspar Stoffelmayr,,,,1,Bartlit Beck Herman Palenchar & Scott LLP,1,1,1733,Management,high,,,,,,,,,
A0284,Dianne M. Nast,Dianne Nast,,,1,"RodaNast, P.C.; Roda Nast, P.C.; NastLaw, LLC; RODA & NAST PC",10,15,"1730, 1905, 1997, 2068, 2226, 2299, 2342, 2458, 2502, 3080",ClassCounsel; Communications; Discovery; LeadCounsel; Management,high,,,,,,,,,
A0285,Herbert J. Stern,,,,1,STERN & KILCULLEN,1,1,1730,Communications,high,,,,,,,,,
A0286,Kenneth A. Wexler,Kenneth Wexler,,,1,Wexler Wallace LLP; Wexler Toriseva Wallace LLP; THE WEXLER LAW FIRM LLP,6,7,"1730, 1745, 1850, 2242, 2409, 2966",ClassCounsel; LeadCounsel; Management; SettlementAdministration,high,,,,,,,,,
A0287,R. Laurence Macon,,,,1,AKIN GUMP STRAUSS HAUER & FELD LLP,1,1,1730,LeadCounsel; Management,high,,,,,,,,,
A0288,James V. Bashian,,,,1,"LAW OFFICES OF JAMES V. PASHIAN, P.C.",1,1,1730,Management,high,,,,,,,,,
A0289,Janet G. Abaray,Janet Abaray,,,1,"Burg Simpson Eldredge Hersh & Jardine; Lopez, Hodes, Restaino, Milman & Skikos",2,6,"1742, 1953",Communications; LeadCounsel; Management,high,,,,,,,,,
A0290,Ellen Relkin,,,,1,"Weitz & Luxenberg, PC; Weitz & Luxenberg; Weitz & Luxenberg, P.C.",6,11,"1742, 2087, 2913, 3014, 3044, 3140",Coordination; LeadCounsel; Management,high,,,,,,,,,
A0291,Monica Gant,,,,1,"Law Offices of Daniel E. Becnel, Jr.",1,1,1742,Management,high,,,,,,,,,
A0292,Jerrold Parker,Jerrold S. Parker,,,1,"Parker & Waichman, LLP; Parker Waichman Alonso LLP; Parker, Waichman & Alonso, LLP; Parker Waichman (FL)",5,6,"1742, 1842, 1909, 2220, 2299",Management,high,,,,,,,,,
A0293,Ray Chester,,,,1,"McGinnis, Lochridge & Kilgore LLP",1,1,1742,Management,high,,,,,,,,,
A0294,Michael London,Michael A. London,,,1,"Douglas & London; Douglas & London, P.C.",9,16,"1742, 1842, 1953, 2023, 2051, 2068, 2100, 2385, 3089",Communications; LeadCounsel; Management; Settlement,high,,,,,,,,,
A0295,Matthew Lundy,,,,1,"Lundy & Davis, LLP",1,1,1742,Management,high,,,,,,,,,
A0296,Robert Blanchard,,,,1,"Levin, Papantonio, Thomas, Mitchell, Echsner & Procter, PA; Levin, Papantonio, Thomas, Mitchell, Echsner & Proctor, P.A.",2,2,"1742, 1968",Management,high,,,,,,,,,
A0297,Thomas Rogers,,,,1,"Richardson, Patrick, Westbrook & Brickman, LLC",1,1,1742,Management,high,,,,,,,,,
A0298,Lori Andrus,Lori E. Andrus,,,1,"Lieff, Cabraser, Heimann & Bernstein; Andrus Liberty & Anderson LLP",2,2,"1742, 1911",ClassCounsel; Management,high,,,,,,,,,
A0299,Michelle Parfitt,Michelle A. Parfitt,,,1,"Ashcraft & Gerel; Ashcraft & Gerel, LLP",5,7,"1742, 1789, 1909, 2385, 2974",Management,high,,,,,,,,,
A0300,Richard Schulte,Richard W. Schulte,,,1,"Wright & Schulte LLC; Botros, Behnke & Schulte; Behnke, Martin & Schulte, LLC",3,4,"1742, 2226, 3035",Discovery; LeadCounsel; Management,high,,,,,,,,,
A0301,"Samuel Lanham, Jr.","Samuel W. Lanham, Jr.",,,1,"Cuddy & Lanham; Lanham Blackwell, P.A.",2,2,"1742, 2068",Communications; Discovery; Management,high,,,,,,,,,
A0302,Roger Denton,,,,1,"Schlichter, Bogard & Denton; Schlichter Bogart & Denton; Wright & Schulte",5,9,"1742, 1909, 2100, 2385, 3140",Communications; Coordination; Discovery; LeadCounsel; Management; Settlement; SettlementAdministration,high,,,,,,,,,
A0303,D. Mitchell Garrett,,,,1,"Garrett Law Office, P.C.",1,1,1742,Discovery,high,,,,,,,,,
A0304,Robert C. Tucker,,,,1,Tucker Ellis & West LLP,1,1,1742,LeadCounsel,high,,,,,,,,,
A0305,Susan M. Sharko,,,,1,Drinker Biddle & Reath LLP,1,1,1742,LeadCounsel,high,,,,,,,,,
A0306,Julie A. Callsen,Julie Callsen,,,1,Tucker Ellis & West LLP; Tucker Ellis & West,1,2,1742,Communications,high,,,,,,,,,
A0307,Harris Pogust,,,,1,"Pogust, Braslow & Millrood",1,1,1736,LeadCounsel,high,,,,,,,,,
A0308,Andy Vickery,,,,1,"Vickery, Perdue, Kidd & Vickery",1,1,1736,LeadCounsel; Trial,high,,,,,,,,,
A0309,"H. Laddie Montague, Jr.",H. Laddie Montague,,,1,"Berger & Montague, P.C.; BERGER & MONTAGUE, P.C.",5,7,"1768, 1782, 1935, 2173, 2270",ClassCounsel; Communications; LeadCounsel,high,,,,,,,,,
A0310,Robert W. Thompson,,,,1,"Callahan, Thompson, Sherman & Caudill, LLP",1,1,1751,ClassCounsel; Management,high,,,,,,,,,
A0311,Francis M. Gregorek,,,,1,Wolf Haldenstein Adler Freeman & Herz LLP,1,1,1751,ClassCounsel; Management,high,,,,,,,,,
A0312,"Stephen J. Fearon, Jr.",,,,1,"Squitieri & Fearon, LLP",1,1,1751,ClassCounsel; Management,high,,,,,,,,,
A0313,Krishna B. Narine,Krishna Narine,,,1,Law Office of Krishna B. Narine; LAW OFFICE OF KRISHNA B. NARINE,2,4,"1768, 1785",Communications; LeadCounsel; Management,high,,,,,,,,,
A0314,Jonathan W. Cuneo,,,,1,"Cuneo, Gilbert & LaDuca, LLP; Cuneo, Gilbert, & LaDuca, LLP",2,3,"1763, 2998",ClassCounsel; LeadCounsel; Settlement,high,,,,,,,,,
A0315,Lawrence J. Cohan,,,,1,Anapol Schwartz Weiss Cohan Feldman & Smalley P.C.; Anapol Schwartz Weiss Cohan Feldmen & Smalley P.C.,1,2,1763,LeadCounsel; Settlement,high,,,,,,,,,
A0316,Ronald Motley,,,,1,Motley Rice,1,2,1763,LeadCounsel; Settlement,high,,,,,,,,,
A0317,Russel H. Beatie,,,,1,BEATIE AND OSBORN LLP; Beatie & Osborn LLP,2,2,"1760, 1789",LeadCounsel; Management,high,,,,,,,,,
A0318,Daniel A. Osborn,,,,1,BEATIE AND OSBORN LLP,1,1,1760,Management,high,,,,,,,,,
A0319,F. Dulin Kelly,,,,1,"KELLY, KELLY & ALLMAN",1,1,1760,LeadCounsel; Management,high,,,,,,,,,
A0320,Bart T. Valad,,,,1,"THE LAW FIRM OF BART T. VALAD, PLLC",1,1,1760,LeadCounsel; Management,high,,,,,,,,,
A0321,John Vecchione,,,,1,"THE LAW FIRM OF BART T. VALAD, PLLC",1,1,1760,Management,high,,,,,,,,,
A0322,C. Patrick Flynn,,,,1,"FLYNN AND RADFORD ATTORNEYS, P.C.",1,1,1760,Communications,high,,,,,,,,,
A0323,Joe Hollingsworth,Joe G. Hollingsworth,,,1,Spriggs & Hollingsworth; Hollingsworth LLP,2,2,"1760, 3006",LeadCounsel,high,,,,,,,,,
A0324,Katharine Latimer,,,,1,Spriggs & Hollingsworth,1,1,1760,LeadCounsel,high,,,,,,,,,
A0325,Fred T. Magaziner,,,,1,Dechert LLP,1,1,1769,LeadCounsel,high,,,,,,,,,
A0326,Marjorie Shickman,,,,1,Dechert LLP,1,1,1769,Communications,high,,,,,,,,,
A0327,Elizabeth A. Fegan,Elizabeth Fegan,Elizabeth J. Fegan,,1,Hagens Berman Sobol Shapiro LLP; Fegan Scott LLC; FEGAN SCOTT LLC; HAGENS BERMAN SOBOL SHAPIRO LLP,11,25,"1745, 1907, 2023, 2086, 2455, 2519, 2924, 2948, 3052, 3089, 3110",ClassCounsel; LeadCounsel; Management,high,,,,,,,,,
A0328,Jennifer Fountain Connolly,,,,1,Wexler Toriseva Wallace LLP,1,1,1745,LeadCounsel; Management,high,,,,,,,,,
A0329,Lee Squitieri,,,,1,"Squitieri & Fearon, LLP",1,1,1745,LeadCounsel; Management,high,,,,,,,,,
A0330,Jeffrey Kodroff,Jeffrey L. Kodroff,,,1,"Spector Roseman & Kodroff, P.C.",2,2,"1745, 2046",Management,high,,,,,,,,,
A0331,Hollis L. Salzman,Hollis Salzman,,,1,"Robins Kaplan LLP; Robins, Kaplan, Miller & Ciresi L.L.P.; Labaton Sucharow & Rudoff LLP; Labaton Sucharow LLP",8,13,"1745, 1775, 1942, 1960, 2196, 2284, 2328, 2668",ClassCounsel; LeadCounsel; Management,high,,,,,,,,,
A0332,James Malone,,,,1,Chimicles & Tikellis LLP,1,1,1745,Management,high,,,,,,,,,
A0333,Howard J. Sedran,Howard Sedran,,,1,"Levin, Fishbein, Sedran & Berman; Levin Fishbein Sedran & Berman",1,4,1775,ClassCounsel; LeadCounsel,high,,,,,,,,,
A0334,Michael Lehmann,Michael P. Lehmann,,,1,"Furth Lehmann & Grant, LLP; Furth Lehmann LLP; Hausfeld LLP; HAUSFELD LLP",4,4,"1775, 1826, 2007, 2335",ClassCounsel; LeadCounsel; Management,high,,,,,,,,,
A0335,Steven N. Williams,,,,1,"Cotchett, Pitre & McCarthy; Cotchet, Pitre & McCarthy; COTCHETT, PITRE & MCCARTHY, LLP; Steven N. Williams Law, P.C.",4,4,"1775, 1972, 2335, 3107",LeadCounsel; Management,high,,,,,,,,,
A0336,W. Joseph Bruckner,,,,1,Lockridge Grindal Nauen P.L.L.P.; Lockridge Grindal Nauen PLLP; LOCKRIDGE GRINDAL NAUEN P.L.L.P.,4,8,"1775, 1942, 1996, 2993",ClassCounsel; LeadCounsel,high,,,,,,,,,
A0337,Christopher Lovell,,,,1,"Lovell Stewart Halebian, LLP; Lovell Stewart Halebian LLP; LOVELL STEWART HALEBIAN LLP; Lovell Stewart Halebian & Jacobson LLP",6,8,"1775, 1935, 1996, 1997, 2031, 2213",ClassCounsel; LeadCounsel; Management,high,,,,,,,,,
A0338,Barbara Hart,,,,1,Labaton Sucharow & Rudoff LLP,1,2,1775,ClassCounsel; LeadCounsel,high,,,,,,,,,
A0339,Craig C. Corbitt,Craig Corbitt,,,1,"Zelle Hofmann Voelbel Mason & Gette, LLP; Zelle Hofmann Voelbel & Mason LLP",2,2,"1775, 2029",LeadCounsel; Settlement,high,,,,,,,,,
A0340,Henry Cirillo,Henry A. Cirillo,Mr. Henry A. Cirillo,,1,Furth Firm LLP,2,3,"1775, 1826",LeadCounsel,high,,,,,,,,,
A0341,Louis Battista,,,,1,"Krupnick, Campbell, Malone, et al; Krupnick, Campbell, Malone, et al.",1,2,1789,Management,high,,,,,,,,,
A0342,"Walter G. Campbell, Jr",,,,1,"Krupnick, Campbell, Malone, et al",1,1,1789,Management,high,,,,,,,,,
A0343,Kenneth I. Trujillo,,,,1,"Trujillo Rodriguez & Richards, LLC",1,1,1782,Communications,high,,,,,,,,,
A0344,"Gedney M. Howe, III",,,,1,,1,2,1785,Communications,high,,,,,,,,,
A0345,Vance R. Andrus,Vance Andrus,,,1,"Andrus, Boudreaux, Lemoine & Tonore; Andrus, Boudreaux, Lemoine & Tonore, P.L.C.; Andrus, Hood & Wagstaff, PC",3,3,"1789, 1842, 2299",Management,high,,,,,,,,,
A0346,Annesley DeGaris,,,,1,"Cory, Watson, Crowder & DeGaris, P.C.",3,3,"1789, 2087, 3026",Management,high,,,,,,,,,
A0347,Anthony Irpino,,,,1,Irpino Law Firm,1,1,1789,Management,high,,,,,,,,,
A0348,Jerry Taylor,,,,1,"Beasley, Allen, Crow, Methvin, Portis & Miles, P.C.",1,1,1789,Management,high,,,,,,,,,
A0349,David Sanford,,,,1,"SANFORD WITTELS & HEISLER, LLP",1,1,1794,ClassCounsel,high,,,,,,,,,
A0350,Jeremy Heisler,,,,1,"SANFORD WITTELS & HEISLER, LLP",1,1,1794,ClassCounsel,high,,,,,,,,,
A0351,Katherine M. Kimpel,,,,1,"SANFORD WITTELS & HEISLER, LLP",1,1,1794,ClassCounsel,high,,,,,,,,,
A0352,Grant Morris,,,,1,"SANFORD WITTELS & HEISLER, LLP",1,1,1794,ClassCounsel,high,,,,,,,,,
A0353,Merrill G. Davidoff,,,,1,"BERGER & MONTAGUE, P.C.",1,1,1790,ClassCounsel; LeadCounsel,high,,,,,,,,,
A0354,Edward W. Millstein,,,,1,"BERGER & MONTAGUE, P.C.",1,1,1790,ClassCounsel; LeadCounsel,high,,,,,,,,,
A0355,Kirk D. Tresemer,,,,1,"IRWIN & BOESEN, P.C.",1,1,1790,Management,high,,,,,,,,,
A0356,Randal R. Kelly,,,,1,"IRWIN & BOESEN, P.C.",1,1,1790,Management,high,,,,,,,,,
A0357,Peter J. McNulty,,,,1,MCNULTY LAW FIRM,1,1,1790,Management,high,,,,,,,,,
A0358,Michael T. Cole,,,,1,Nelson Mullins Riley & Scarborough LLP; Nelson Mullins Riley & Scarborough,3,3,"1785, 2502, 2514",Communications; LeadCounsel,high,,,,,,,,,
A0359,Mitchell M. Breit,,,,1,Whatley Drake & Kallas,1,1,1785,Management,high,,,,,,,,,
A0360,Wendy R. Fleishman,Wendy Fleishman,,,1,"Lieff, Cabraser, Heimann & Bernstein, LLP",3,5,"1785, 1905, 3026",LeadCounsel; Management,high,,,,,,,,,
A0361,Tim Balducci,,,,1,Langston Law Firm,1,1,1785,Management,high,,,,,,,,,
A0362,Howard Bushman,,,,1,Harke & Clasby,1,1,1785,Management,high,,,,,,,,,
A0363,Ernie Cory,,,,1,"Cory, Watson, Crowder & DeGaris",1,1,1785,Management,high,,,,,,,,,
A0364,John E. Mudd,,,,1,Law Offices of John E. Mudd,1,1,1785,Management,high,,,,,,,,,
A0365,Jennifer Sherrill,,,,1,Federman & Sherwood,1,1,1785,Management,high,,,,,,,,,
A0366,John Felder,,,,1,"McGowan, Hood, Felder & Johnson",1,1,1785,Management,high,,,,,,,,,
A0367,Chad McGowen,,,,1,"McGowan, Hood, Felder & Johnson",1,1,1785,Management,high,,,,,,,,,
A0368,Melissa Harnett,Melissa M. Harnett,,,1,"Wasserman, Comden & Casselman LLP; Wasserman, Comden & Casselman, L.L.P.",2,2,"1785, 1822",ClassCounsel; Management,high,,,,,,,,,
A0369,Daniel R. Karon,,,,1,Goldman Scarlato & Karon,1,1,1785,Management,high,,,,,,,,,
A0370,Patrick N. Keegan,,,,1,"Keegan, Macaluso & Baker",1,1,1785,Management,high,,,,,,,,,
A0371,Jeffrey Keller,,,,1,Keller Grover LLP,1,1,1785,Management,high,,,,,,,,,
A0372,Robert Rikard,,,,1,Whetstone Myers Perkins & Young,1,1,1785,Management,high,,,,,,,,,
A0373,Karen Renwick,,,,1,"Walters Bender Strohbehn Vaughn, PC",1,1,1785,Management,high,,,,,,,,,
A0374,Harvey Kaplan,,,,1,"Shook Hardy & Bacon, LLP",1,1,1785,LeadCounsel,high,,,,,,,,,
A0375,Marie Woodbury,,,,1,"SHB Bausch & Lomb, Inc.",1,1,1785,LeadCounsel,high,,,,,,,,,
A0376,Bruce Afran,,,,1,the Mayer Law Group; Mayer Law Group,1,2,1791,ClassCounsel,high,,,,,,,,,
A0377,John Murdock,,,,1,"Murdock, Goldenberg, Schneider & Groh, LPA",1,2,1796,ClassCounsel,high,,,,,,,,,
A0378,Jeffrey Goldenberg,Jeffrey S. Goldenberg,,,1,"Murdock, Goldenberg, Schneider & Groh, LPA; Goldenberg Schneider, LPA",4,6,"1796, 2316, 3052, 3083",ClassCounsel; Discovery; LeadCounsel; Vetting,high,,,,,,,,,
A0379,Douglas Rosinski,,,,1,"Ogletree, Deakins, Nash, Smoak & Stewart, P.C",1,2,1796,ClassCounsel,high,,,,,,,,,
A0380,Donald Cockrill,,,,1,"Ogletree, Deakins, Nash, Smoak & Stewart, P.C",1,2,1796,ClassCounsel,high,,,,,,,,,
A0381,Marc Mezibov,,,,1,,1,2,1796,ClassCounsel,high,,,,,,,,,
A0382,Gary E. Mason,Gary Edward Mason,Gary Mason,,1,"The Mason Law Firm, L.L.P.; Whitfield Bryson & Mason, LLP; The Mason Law Firm, P.C.; Whitfield, Bryson & Mason, LLP",7,9,"02000, 1796, 1817, 1958, 2025, 2514, 3021",ClassCounsel; LeadCounsel; Management,high,,,,,,,,,
A0383,Mark Smilow,,,,1,Weiss & Lurie,1,2,1796,ClassCounsel,high,,,,,,,,,
A0384,Matthew Moore,,,,1,Howrey firm,1,1,1816,Communications,high,,,,,,,,,
A0385,Jeffery G. Smith,,,,1,Wolf Haldenstein Adler Freeman & Herz LLP,1,1,1807,LeadCounsel; Management,high,,,,,,,,,
A0386,Edward J. Wynne,,,,1,the Wynne Law Firm; Wynne Law Firm,1,2,1807,Management,high,,,,,,,,,
A0387,John R. Wylie,,,,1,"Futterman Howard Watkins Wylie & Ashley, Chtd.",2,3,"1807, 2046",Management,high,,,,,,,,,
A0388,Gerald D. Wells III,Gerald D. Wells II,,,1,"Schiffrin, Barroway, Topaz & Kessler LLP",1,2,1807,Management,high,,,,,,,,,
A0389,James F. Clapp,,,,1,"Dostart Clapp Gordon & Coveney, LLP",1,2,1807,Management,high,,,,,,,,,
A0390,John Halebian,,,,1,Lovell Steward Halebian LLP; Lovell Stewart Halebian LLP,1,2,1807,Management,high,,,,,,,,,
A0391,John Kelson,,,,1,the John M. Kelson Law Office; John M. Kelson Law Office,1,2,1807,Management,high,,,,,,,,,
A0392,Stephen M. Harris,,,,1,Knapp Petersen & Clarke,1,1,1807,Management,high,,,,,,,,,
A0393,Jeffrey G. Smith,,,,1,Wolf Haldenstein Adler Freeman & Herz LLP,1,1,1807,LeadCounsel; Management,high,,,,,,,,,
A0394,Terry Lueckenhoff,,,,1,Blackwell Sanders Peper Martin LLP,1,1,1811,Communications; LeadCounsel,high,,,,,,,,,
A0395,Don M. Downing,Don Downing,,,1,"Gray Ritter & Graham, P.C.; Gray Ritter Graham; Gray, Ritter & Graham, P.C.; Gray, Ritter, Graham",4,7,"1811, 1907, 2562, 2936",ClassCounsel; Communications; LeadCounsel; Management,high,,,,,,,,,
A0396,Adam J. Levitt,Adam Levitt,,,1,"Wolf Haldenstein Adler Freeman & Herz LLC; Grant & Eisenhofer, P.A.; Wolf Haldenstein; Wolf, Haldenstein, Adler, Freeman & Herz",10,14,"1811, 1907, 1938, 1990, 2258, 2284, 2320, 2415, 2905, 3089",ClassCounsel; Communications; LeadCounsel; Management; Settlement,high,,,,,,,,,
A0397,Scott E. Poynter,Scott Poynter,,,1,Emerson Poynter LLP; Poynter Law Group,3,6,"1811, 1982, 3127",ClassCounsel; Management,high,,,,,,,,,
A0398,Stephen Weiss,Stephen A. Weiss,,,1,"Seeger Weiss LLP; Seeger Weiss, LLP",4,5,"1811, 1938, 2196, 2415",Communications; Management,high,,,,,,,,,
A0399,William B. Chaney,,,,1,"Looper, Reed & McGraw, P.C.",1,1,1811,Management,high,,,,,,,,,
A0400,Ralph E. Chapman,,,,1,Chapman Lewis & Swan,1,1,1811,Management,high,,,,,,,,,
A0401,Joel M. Kuehnert,,,,1,,1,1,00001,Communications,high,,,,,,,,,
A0402,Jim Banks,,,,1,,1,1,00001,Communications,high,,,,,,,,,
A0403,Bruce Brown,,,,1,,1,1,00001,Communications,high,,,,,,,,,
A0404,Edward Allen,,,,1,,1,1,00001,Communications,high,,,,,,,,,
A0405,Clint Vince,,,,1,,1,1,00001,Communications,high,,,,,,,,,
A0406,William Droze,,,,1,,1,1,00001,Communications,high,,,,,,,,,
A0407,Patricia T. Barmeyer,,,,1,,1,1,00001,Communications,high,,,,,,,,,
A0408,Clyde Morris,,,,1,,1,1,00001,Communications,high,,,,,,,,,
A0409,Ruth Ann Storey,,,,1,,1,1,00001,Communications,high,,,,,,,,,
A0410,Robert K. Shelquist,Robert Shelquist,,,1,"Lockridge Grindal Nauen P.L.L.P.; Lockridge Grindal Nauen, PLLP; Lockridge Grindal Nauen PLLP; Lockridge, Grindal & Nauen, L.L.P",10,15,"02000, 1817, 1905, 1958, 1990, 2098, 2223, 2247, 2264, 2359",ClassCounsel; Communications; LeadCounsel; Management,high,,,,,,,,,
A0411,Michael McShane,Michael A. McShane,,,1,"Audet & Partners, LLP; Audet & Partners LLP",8,10,"02000, 1817, 1958, 2098, 2238, 2247, 2270, 2359",ClassCounsel; Expert; LeadCounsel; Management,high,,,,,,,,,
A0412,Charles J. LaDuca,Charles LaDuca,,,1,"Cuneo Gilbert & LaDuca, LLP; Cuneo, Gilbert & LaDuca, LLP; Cuneo Gilbert & LaDuca LLP",9,13,"02000, 1817, 1958, 2098, 2238, 2247, 2359, 3032, 3108",ClassCounsel; Expert; LeadCounsel; Management,high,,,,,,,,,
A0413,Jerome A. Murphy,,,,1,Crowell & Moring LLP,1,1,1827,Communications,high,,,,,,,,,
A0414,Mark J.Tamblyn,Mark J. Tamblyn,,,1,Wexler Toriseva Wallace LLP; Wexler Wallace LLP,1,2,1820,ClassCounsel; LeadCounsel,high,,,,,,,,,
A0415,David J. George,,,,1,Coughlin Stoia Geller Rudman & Robbins LLP,1,2,1820,ClassCounsel; LeadCounsel,high,,,,,,,,,
A0416,William Isaacson,,,,1,"Boies, Schiller & Flexner LLP",2,4,"1826, 2196",ClassCounsel; LeadCounsel,high,,,,,,,,,
A0417,Mr. Lehmann,,,,1,Cohen Milstein Hausfeld and Toll P.L.L.C.,1,2,1826,LeadCounsel,high,,,,,,,,,
A0418,Andrew S. Friedman,Andrew N. Friedman,Andrew Friedman,Andrew S Friedman,1,"Bonnett, Fairbourn, Friedman & Balint, P.C.; Cohen Milstein Sellers & Toll PLLC; COHEN MILSTEIN SELLERS & TOLL PLLC; BONNETT FAIRBOURN FRIEDMAN & BALINT, P.C.",9,15,"1825, 1862, 1974, 2046, 2087, 2096, 2238, 2583, 2617",ClassCounsel; Communications; LeadCounsel; Management,high,,,,,,,,,
A0419,"John J. Stoia, Jr.",,,,1,Robbins Geller Rudman & Dowd LLP; Lerach Coughlin Stoia Geller Rudman & Robbins LLP; Coughlin Stoia Geller Rudman & Robbins LLP,3,4,"1825, 1940, 2238",ClassCounsel; LeadCounsel; Management,high,,,,,,,,,
A0420,Bruce L. Simon,Bruce Simon,,,1,"Pearson, Simon, Warshaw & Penny, LLP; Pearson, Simon, Soter, Warshaw & Penny, LLP; Pearson, Simon, Warshaw and Penny; Pearson, Simon, Soter, Warshaw, and Penny, LLP",6,12,"1822, 1827, 1960, 1972, 1996, 2196",ClassCounsel; LeadCounsel; Management; Motions,high,,,,,,,,,
A0421,Clifford H. Pearson,,,,1,"Pearson, Simon, Soter, Warshaw & Penny, LLP",1,1,1822,ClassCounsel,high,,,,,,,,,
A0422,Stephen M. Garcia,,,,1,The Garcia Law Firm,1,1,1822,ClassCounsel; Communications,high,,,,,,,,,
A0423,Steven A. Hart,,,,1,"Segal, McCambridge, Singer & Mahoney; Segal McCambridge Singer & Mahoney; Segal McCambridge Singer & Mahoney, Ltd.",2,4,"1822, 1996",ClassCounsel; Communications,high,,,,,,,,,
A0424,Michael Fuller,,,,1,McHugh Fuller Law Group,1,1,1822,ClassCounsel,high,,,,,,,,,
A0425,"Jack T. Patterson, II",,,,1,Patton Roberts McWilliams & Capshaw,1,1,1822,ClassCounsel,high,,,,,,,,,
A0426,MICHAEL LOUIS KELLY,Michael Kelly,Michael Louis Kelly,Michael A. Kelly,1,"Kirtland & Packard LLP; Kirtland & Packard; KIRTLAND & PACKARD LLP; Law Offices of Walkup, Melodia, Kelly & Schoenberger, A Professional Corporation",3,5,"1822, 2199, 2532",ClassCounsel; Communications; LeadCounsel,high,,,,,,,,,
A0427,Terrence J. Dee,,,,1,"Kirkland & Ellis, LLP",1,1,1822,Communications,high,,,,,,,,,
A0428,Steven F. Cherry,,,,1,Wilmer Cutler Pickering Hale and Dorr LLP,1,1,1827,Communications,high,,,,,,,,,
A0429,Richard Heimann,,,,1,"Lieff, Cabraser, Heimann & Bernstein, LLP; Lieff, Cabraser, Heimann & Bernstein",1,4,1827,ClassCounsel; LeadCounsel,high,,,,,,,,,
A0430,Mr. Scarpulla,,,,1,,1,1,1819,LeadCounsel,high,,,,,,,,,
A0431,Pritzker,,,,1,Girard & Gibbs,1,1,1827,Communications,high,,,,,,,,,
A0432,Lee,,,,1,Minami,1,1,1827,Communications,high,,,,,,,,,
A0433,Boro,,,,1,Pillsbury,1,1,1827,Communications,high,,,,,,,,,
A0434,Jon Cuneo,,,,1,"Cuneo, Gilbert & Laduca, LLP",1,1,1817,ClassCounsel; LeadCounsel,high,,,,,,,,,
A0435,Steven A. Schwartz,,,,1,"Chimicles & Tikellis, LLP; Chimicles & Tikellis LLP; Chimicles Schwartz Kriner & Donaldson-Smith LLP; Chimicles & Tikellis",3,4,"1817, 2001, 3014",ClassCounsel; LeadCounsel; Management; Settlement,high,,,,,,,,,
A0436,Clayton Halunen,Clayton D. Halunen,,,1,Halunen & Associates,3,3,"02000, 1817, 2359",ClassCounsel; Management; Motions,high,,,,,,,,,
A0437,Jonathan Shub,,,,1,"Seeger Weiss; Seeger Weiss LLP; Kohn, Swift & Graf, P.C.; SEEGER WEISS LLP",10,10,"1817, 1862, 2001, 2333, 2450, 2506, 2514, 2688, 3021, 3025",ClassCounsel; LeadCounsel; Management,high,,,,,,,,,
A0438,Marc Edelson,Marc H. Edelson,,,1,"Edelson & Associates, LLC; Edelson Lechtzin LLP",3,4,"1817, 2514, 2993",Management,high,,,,,,,,,
A0439,Michael Plachy,,,,1,Rotherberger Johnson & Lyons,1,1,1817,Management,high,,,,,,,,,
A0440,J. Barton Goplerud,,,,1,"Hudson Mallaney & Shindler, P.C.",1,1,1817,Management,high,,,,,,,,,
A0441,Robert P. Munian,,,,1,Kramer Rayson,1,1,1817,Management,high,,,,,,,,,
A0442,Edward A. Wallace,Edward Wallace,,,1,Wexler Wallace LLP,3,3,"1842, 2688, 2974",Management,high,,,,,,,,,
A0443,Derek H. Potts,Derek Potts,,,1,"The Potts Law Firm, LLP; the Potts Law Firm",4,4,"1842, 2004, 2511, 2968",Communications; LeadCounsel; Management,high,,,,,,,,,
A0444,Jeffrey M. Kuntz,,,,1,,1,1,1842,Management,high,,,,,,,,,
A0445,Robert A. Horn,,,,1,"Horn Alward & Bandy, LLC",1,4,1840,ClassCounsel; LeadCounsel,high,,,,,,,,,
A0446,George A. Barton,,,,1,"Law Offices of George A. Barton, P.C.",1,1,1840,ClassCounsel,high,,,,,,,,,
A0447,Lester L. Levy,,,,1,Wolf Popper LLP,2,2,"1838, 1968",ClassCounsel; Management,high,,,,,,,,,
A0448,Sherrie R. Savett,Sherrie Savett,,,1,"Berger & Montague, P.C.; Berger & Montague P.C.; Berger & Montague",5,7,"1838, 1850, 1998, 2046, 2474",ClassCounsel; LeadCounsel; Management,high,,,,,,,,,
A0449,Howard B. Miller,,,,1,,1,1,1840,LeadCounsel,high,,,,,,,,,
A0450,Martin M. Loring,,,,1,"Blackwell Sanders, LLP",1,2,1840,Communications,high,,,,,,,,,
A0451,Joseph M. Alioto,Joseph M Alioto,,,1,Alioto Law Firm,3,5,"1827, 1957, 2143",ClassCounsel; LeadCounsel; Trial,high,,,,,,,,,
A0452,Elizabeth Prizker,,,,1,,1,1,1827,Communications,high,,,,,,,,,
A0453,Jack Lee,,,,1,,1,1,1827,Communications,high,,,,,,,,,
A0454,Albert Boro,,,,1,,1,1,1827,Communications,high,,,,,,,,,
A0455,Stephanie Hatzakos,,,,1,Milberg Weiss,1,1,1842,Management,high,,,,,,,,,
A0456,Donald A. Migliori,,,,1,Motley Rice LLC,2,2,"1842, 3148",Communications; LeadCounsel,high,,,,,,,,,
A0457,Ernest Cory,,,,1,"Cory, Watson, Crowder & DeGaris; Cory Watson Crowder & DeGaris, P.C.",3,3,"1842, 1928, 2502",LeadCounsel; Management,high,,,,,,,,,
A0458,Alex Alvarez,,,,1,The Alvarez Law Firm,2,2,"1842, 2051",Management,high,,,,,,,,,
A0459,Robert Binstock,Robert J. Binstock,,,1,"Reich & Binstock; Reich & Binstock, LLP",3,6,"1842, 1943, 1968",Management,high,,,,,,,,,
A0460,Amy M. Carter,,,,1,"Williams Kherkher Hart Boundas, LLP",1,1,1842,Management,high,,,,,,,,,
A0461,W. Lewis Garrison,"W. Lewis Garrison, Jr.",,,1,"Heninger, Garrison & Davis; Heninger, Garrison & Davis, LLC; Heninger Garrison Davis; Heninger Garrison Davis, LLC",4,8,"1842, 1943, 2023, 2502",Management,high,,,,,,,,,
A0462,"Robert H. Smalley, III",Robert Smalley,,,1,,1,4,1845,ClassCounsel; Communications,high,,,,,,,,,
A0463,Mark C. Tanenbaum,,,,1,"Mark C. Tanenbaum, P.A.",2,3,"1865, 2502",Communications; LeadCounsel; Management,high,,,,,,,,,
A0464,Howard Louis Siegel,,,,1,Law Offices of Howard Siegel,1,1,1865,LeadCounsel; Management,high,,,,,,,,,
A0465,Robert M. Foote,,,,1,"Foote, Meyers, Mielke & Flowers, L.L.C.; Foote, Meyers, Mielke & Flowers, LLC",2,2,"1865, 1997",Management,high,,,,,,,,,
A0466,Mia Lauren Maness,,,,1,"Mark C. Tanenbaum, P.A.",1,1,1865,Management,high,,,,,,,,,
A0467,Richard Paul Rouco,,,,1,"Whatley, Drake & Kallas, L.L.C.",1,1,1865,Management,high,,,,,,,,,
A0468,Pete Strom,,,,1,"Strom Law Firm, L.L.C.",1,1,1865,Management,high,,,,,,,,,
A0469,Robert S. Wood,,,,1,"Richardson, Patrick, Westbrook & Brickman, L.L.C.",1,1,1865,Management,high,,,,,,,,,
A0470,Craig Hoover,Craig A. Hoover,,,1,"Hogan Lovells, LLP",2,2,"1850, 2617",Communications,high,,,,,,,,,
A0471,D. Jeffrey Ireland,,,,1,,1,1,1850,Communications,high,,,,,,,,,
A0472,Mark Goodman,,,,1,,1,1,1850,Communications,high,,,,,,,,,
A0473,Stuart Davidson,Stuart A. Davidson,Stuart R. Davidson,,1,Robbins Geller Rudman & Dowd LLP; Coughlin Stoia Geller Rudman & Robbins LLP; Robbins Geller Rudman & Dowd; Robbins Geller Rudman & Dowd LLP - BR FL,8,10,"1850, 2188, 2199, 2904, 3089, 3090, 3096, 3115",ClassCounsel; LeadCounsel; Management,high,,,,,,,,,
A0474,Scott A. Kamber,Scott Kamber,,,1,"KamberLaw, LLC; KamberEdelson, LLC; KamberEdelson LLC",3,5,"1850, 2264, 2562",ClassCounsel; LeadCounsel; Management,high,,,,,,,,,
A0475,Joseph M. Sellers,,,,1,"COHEN, MILSTEIN, HAUSFELD & TOLL, P.L.L.C.",1,1,1854,LeadCounsel; Management,high,,,,,,,,,
A0476,Christine E. Webber,,,,1,"COHEN, MILSTEIN, HAUSFELD & TOLL, P.L.L.C.",1,1,1854,LeadCounsel; Management,high,,,,,,,,,
A0477,Preyesh Maniklal,,,,1,Maniklal & Dennis LLP,1,1,1854,Communications; Management,high,,,,,,,,,
A0478,Candis A. McGowan,,,,1,"Wiggins, Childs, Quinn & Pantazis LLC",1,1,1854,Management,high,,,,,,,,,
A0479,"Robert L. Wiggins, Jr.",,,,1,"Wiggins, Childs, Quinn & Pantazis LLC",1,1,1854,Management,high,,,,,,,,,
A0480,Robert E. DeRose,"Robert E. DeRose, II",,,1,"Barkan Neff Handelman Meizlish, LLP; Barakan Neff Handelman Meizlish LLP",2,2,"1854, 2025",ClassCounsel; Management,high,,,,,,,,,
A0481,Robert Camp,,,,1,The Cochran Firm,1,1,1854,Management,high,,,,,,,,,
A0482,Richard Celler,,,,1,Morgan & Morgan,1,1,1854,Management,high,,,,,,,,,
A0483,Jairus M. Gilden,,,,1,"Metcalf, Kaspari, Howard, Engdahl & Lazarus, P.A.",1,1,1854,Management,high,,,,,,,,,
A0484,Roger K. Doolittle,,,,1,,1,1,1854,Management,high,,,,,,,,,
A0485,Debra Gardner,,,,1,Public Justice Center,1,1,1854,Management,high,,,,,,,,,
A0486,David H. Fink,,,,1,"The Miller Law Firm; The Miller Law Firm, P.C.; Fink + Associates Law; The Miller Law Firm P.C.",2,4,"1867, 2042",ClassCounsel; Communications; LeadCounsel; Management,high,,,,,,,,,
A0487,James Neale,,,,1,McGuireWoods LLP,1,2,1845,Communications,high,,,,,,,,,
A0488,Angela M. Spivey,,,,1,McGuireWoods LLP,1,2,1845,Communications,high,,,,,,,,,
A0489,Bethany G. Lukitsch,,,,1,McGuireWoods LLP,1,2,1845,Communications,high,,,,,,,,,
A0490,Craig Harley,,,,1,,1,1,1845,ClassCounsel; Management,high,,,,,,,,,
A0491,S. Randall Hood,,,,1,,1,1,1845,ClassCounsel; Management,high,,,,,,,,,
A0492,Clay Jerkins,,,,1,,1,1,1845,ClassCounsel; Management,high,,,,,,,,,
A0493,David Karnas,,,,1,,1,1,1845,ClassCounsel; Management,high,,,,,,,,,
A0494,A. James Andrews,,,,1,,1,1,1845,ClassCounsel; Management,high,,,,,,,,,
A0495,Garrett Blanchfield,"Garrett Blanchfield, Jr.",Garrett D. Blanchfield,,1,Reinhardt Wendorf & Blanchfield,3,4,"1845, 2993, 3107",ClassCounsel; Management,high,,,,,,,,,
A0496,Bryan N. Cigelske,,,,1,,1,1,1845,ClassCounsel; Management,high,,,,,,,,,
A0497,Paul Crouch,,,,1,,1,1,1845,ClassCounsel; Management,high,,,,,,,,,
A0498,Jeff Daniel,,,,1,,1,1,1845,ClassCounsel; Management,high,,,,,,,,,
A0499,Rick DiGiorgio,,,,1,,1,1,1845,ClassCounsel; Management,high,,,,,,,,,
A0500,Cory Holzer,,,,1,,1,1,1845,ClassCounsel; Management,high,,,,,,,,,
A0501,Jeffrey A. Klafter,,,,1,Klafter Lesser LLP,2,3,"1845, 2989",ClassCounsel; Management,high,,,,,,,,,
A0502,Roger W. Orlando,,,,1,"The Orlando Firm, P.C.",2,2,"1845, 2087",ClassCounsel; Management,high,,,,,,,,,
A0503,Dennis G. Pantazis,,,,1,,1,1,1845,ClassCounsel; Management,high,,,,,,,,,
A0504,Peter Protopapas,,,,1,,1,1,1845,ClassCounsel; Management,high,,,,,,,,,
A0505,Justin I. Woods,Justin Woods,,,1,"Gainsburgh, Benjamin, David, Meunier & Warshauer, L.L.C.",1,2,1873,Communications; Discovery,high,,,,,,,,,
A0506,Anthony Buzbee,,,,1,,1,1,1873,Management,high,,,,,,,,,
A0507,Raul Bencomo,,,,1,,1,1,1873,Management,high,,,,,,,,,
A0508,"Frank D'Amico, Jr.",,,,1,,1,1,1873,Management,high,,,,,,,,,
A0509,Linda Nelson,,,,1,,1,1,1873,Management,high,,,,,,,,,
A0510,Mikal C. Watts,Mikal Watts,,,1,Watts Guerra Craft; WATTS GUERRA LLP; Watts Guerra LLC,4,11,"1873, 2385, 2924, 3043",Discovery; LeadCounsel; Management; Settlement,high,,,,,,,,,
A0511,Dennis Reich,,,,1,"Reich & Binstock, LLP",2,2,"02000, 1873",ClassCounsel; Management,high,,,,,,,,,
A0512,Robert Becnel,,,,1,,1,1,1873,Management,high,,,,,,,,,
A0513,Andrew Weinstock,Andrew D. Weinstock,,,1,"Duplass, Zwain, Bourgeois, Morton, Pfister & Weinstock, APLC",1,3,1873,Communications; Discovery,high,,,,,,,,,
A0514,Susan G. Kupfer,,,,1,Glancy Binkow & Goldberg LLP,2,5,"1891, 2173",ClassCounsel; LeadCounsel,high,,,,,,,,,
A0515,James C. Percy,,,,1,,1,1,1873,Communications; Settlement,high,,,,,,,,,
A0516,Ryan E. Johnson,,,,1,,1,1,1873,Communications; Settlement,high,,,,,,,,,
A0517,Robert G. Abrams,,,,1,Howrey LLP; Howery LLP,2,2,"1895, 1899",Communications; LeadCounsel,high,,,,,,,,,
A0518,David Kurtz,,,,1,,1,1,1873,Discovery,high,,,,,,,,,
A0519,Marc M. Seltzer,Marc Seltzer,,,1,Susman Godfrey L.L.P.; Susman Godfrey L.L.P; Susman Godfrey LLP,3,6,"1891, 1957, 2668",ClassCounsel; LeadCounsel,high,,,,,,,,,
A0520,Livia M. Kiser,,,,1,Latham & Watkins LLP,1,2,1907,Communications; LeadCounsel,high,,,,,,,,,
A0521,Steve Skikos,,,,1,"Skikos, Crawford, Skikos, Joseph & Millican LLP",1,2,1909,Fees; Management,high,,,,,,,,,
A0522,Daniel E. Gustafson,Daniel Gustafson,,,1,Gustafson Gluek PLLC,4,10,"1905, 2993, 3108, 3110",ClassCounsel; Communications; LeadCounsel; Management,high,,,,,,,,,
A0523,Jim Doyle,,,,1,"Williams, Kherkher, Hart & Boundas LLP",1,2,1905,Management,high,,,,,,,,,
A0524,R. Jackson Drake,,,,1,Whatley Drake & Kallas; Whatley Drake & Kallas LLC,1,2,1905,Management,high,,,,,,,,,
A0525,Nicholas J. Drakulich,Nicholas Drakulich,,,1,The Drakulich Firm; Drakulich Firm,3,4,"1905, 2299, 2359",Management,high,,,,,,,,,
A0526,Michael K. Johnson,,,,1,"Goldenberg & Johnson, PLLC; Johnson Becker PLLC",2,3,"1905, 3087",Management,high,,,,,,,,,
A0527,Neil Overholtz,Neil D. Overholtz,,,1,"Aylstock, Witkin, Kreis & Overholtz; Alystock, Witkin, Kreis & Overholtz, PLLC; Aylstock, Witkin, Kreis & Overholtz, PLLC; Aylstock, Witkin, Kreios, Overholtz, PLLC",4,7,"1905, 1928, 2299, 2385",Management,high,,,,,,,,,
A0528,"Camilo K. Salas, III","Camilo K. Salas, III.",,,1,"Salas & Co., L.C.; Salas & Co.",4,8,"1905, 1953, 1960, 2328",ClassCounsel; Communications; LeadCounsel; Management,high,,,,,,,,,
A0529,Marcus L. Stevenson,,,,1,"Sanford, Stevenson Riff LLP; Sanford Stevenson Riff LLP",1,2,1905,Management,high,,,,,,,,,
A0530,"Fred Thompson, III",Fred Thompson,,,1,"Motley Rice LLC; MOTLEY RICE, LLC; Motley Rice, LLC",4,6,"1905, 1928, 1968, 2087",LeadCounsel; Management,high,,,,,,,,,
A0531,Leila H. Watson,,,,1,"Corey, Watson, Crowder & DeGaris, P.C.",1,2,1905,Management,high,,,,,,,,,
A0532,George W. Soule,,,,1,Bowman & Brooke LLP,1,2,1905,Communications,high,,,,,,,,,
A0533,Jennifer K. Huelskoetter,,,,1,Bowman & Brooke LLP,1,2,1905,Communications,high,,,,,,,,,
A0534,Melissa R. Stull,,,,1,Bowman & Brooke LLP,1,2,1905,Communications,high,,,,,,,,,
A0535,James E. Miller,,,,1,"Shepherd, Finkelman, Miller & Shah, LLP; SHEPHERD FINKELMAN MILLER & SHAH, LLP; Shepherd Finkelman Miller & Shah - Chester",3,4,"1911, 1995, 2001",ClassCounsel; LeadCounsel; Management,high,,,,,,,,,
A0536,"Peter W. Herzog, III",Peter W. Herzog III,,,1,Bryan Cave LLP,2,2,"1911, 1914",ClassCounsel; LeadCounsel,high,,,,,,,,,
A0537,Michael J. Philippi,,,,1,Ungaretti & Harris LLP,1,1,1911,ClassCounsel,high,,,,,,,,,
A0538,Mark S. Mester,,,,1,Latham & Watkins LLP,1,1,1907,LeadCounsel,high,,,,,,,,,
A0539,Chip Robertson,,,,1,"Bartimus, Frickleton, Robertson & Gorny, P.C.",1,1,1907,Communications,high,,,,,,,,,
A0540,Robert M. Bramson,,,,1,"Bramson, Plutzik, Mahler & Birkhaeuser, LLP",1,1,1907,Management,high,,,,,,,,,
A0541,Edith M. Kallas,,,,1,"Whatley Drake & Kallas, LLC; WHATLEY DRAKE & KALLAS, LLC",2,2,"1907, 1967",ClassCounsel; Management,high,,,,,,,,,
A0542,Tucker Ronzetti,,,,1,Kozyak Tropin & Throckmorton,1,1,1907,Management,high,,,,,,,,,
A0543,Andrew L. Goldman,,,,1,Bartlit Beck Herman Palenchar & Scott LLP,1,1,1909,LeadCounsel,high,,,,,,,,,
A0544,Deborah A. Moeller,,,,1,Shook Hardy & Bacon LLP,1,1,1909,LeadCounsel,high,,,,,,,,,
A0545,Thomas N. Sterchi,,,,1,"Baker, Sterchi, Cowden & Rice L.L.C.",1,1,1909,LeadCounsel,high,,,,,,,,,
A0546,Marsha M. Piccone,,,,1,"Wheeler, Trigg & Kennedy",1,1,1909,LeadCounsel,high,,,,,,,,,
A0547,Peter J. Brodhead,,,,1,"Spangenberg, Shibley & Liber; Spangenberg, Shibley & Liber, LLP",1,2,1909,Communications; Management,high,,,,,,,,,
A0548,Charna Sherman,,,,1,"Squire, Sanders & Dempsey LLP",1,1,1909,Communications,high,,,,,,,,,
A0549,Brian Turner,"Brian D. Turner, Jr.",,,1,"Cory, Watson, Crowder & DeGaris, PC; Cory, Watson, Crowder & Degaris, P.C.",1,3,1928,Management,high,,,,,,,,,
A0550,Howard Nations,,,,1,The Nations Law Firm; Law Offices of Howard Nations,2,3,"1909, 3081",Management,high,,,,,,,,,
A0551,Russ Briggs,,,,1,"Fibich, Hampton, Leebron & Garth",1,1,1909,Management,high,,,,,,,,,
A0552,Jayne Conroy,,,,1,"Hanly Conroy Bierstein Sheridan Fisher & Hayes LLP; Hanly Conroy et al; Hanly, Conroy, Bierstein, Sheridan, Fisher & Hayes, LLP; Simmons Hanly Conroy, LLC",7,9,"1909, 2299, 2342, 2502, 2996, 3047, 3080",Management,high,,,,,,,,,
A0553,Larry Gornick,,,,1,Levin Simes Kaiser & Gornick LLP,1,1,1909,Management,high,,,,,,,,,
A0554,David Buchanan,David R. Buchanan,,,1,Seeger Weiss LLP; Seeger Weiss,3,4,"1909, 3080, 3140",Coordination; Discovery; LeadCounsel; Trial,high,,,,,,,,,
A0555,Thomas C. Jessee,,,,1,Jessee & Jessee,1,1,1899,Communications,high,,,,,,,,,
A0556,Paul H. Friedman,,,,1,Dechert LLP,1,1,1899,Communications; LeadCounsel,high,,,,,,,,,
A0557,Carolyn H. Feeney,,,,1,Dechert LLP,1,1,1899,Communications,high,,,,,,,,,
A0558,"Richard L. Wyatt, Jr.",,,,1,"Akin Gump Strauss Hauer & Feld, LLP",1,1,1899,LeadCounsel,high,,,,,,,,,
A0559,Jonathan D. Selbin,Jonathan Selbin,,,1,"Lieff, Cabraser, Heimann & Bernstein; Lieff Cabraser Heimann & Bernstein, LLP; Lieff, Cabraser, Heimann & Bernstein - New York; Lieff, Cabraser, Heimann & Bernstein, LLP",5,7,"1914, 2001, 2284, 2416, 3089",ClassCounsel; LeadCounsel; Management; Settlement,high,,,,,,,,,
A0560,Eric Gibbs,Eric H. Gibbs,,,1,Girard Gibbs LLP; GIRARD GIBBS LLP; Gibbs Law Group LLP,4,12,"1914, 2086, 2617, 2661",ClassCounsel; LeadCounsel; Management,high,,,,,,,,,
A0561,Thomas R. Curtin,,,,1,"Graham Curtin, P.A.; MCELROY, DEUTSCH, MULVANEY & CARPENTER, LLP",2,2,"1914, 3113",Communications,high,,,,,,,,,
A0562,Stephen Woodfin,,,,1,Law Office of Stephen Woodfin,1,1,1921,ClassCounsel; LeadCounsel,high,,,,,,,,,
A0563,Richard L. Coffman,Richard Coffman,,,1,The Coffman Law Firm; THE COFFMAN LAW FIRM,3,7,"1921, 2046, 2357",ClassCounsel; LeadCounsel; Management,high,,,,,,,,,
A0564,E. Armistead (Armi) Easterby,,,,1,"Williams Kherkher Hart Boundas, LLC",1,1,1928,ClassCounsel; Management,high,,,,,,,,,
A0565,Daniel L. Ring,,,,1,Mayer Brown LLP,1,1,1905,LeadCounsel,high,,,,,,,,,
A0566,William Asher,,,,1,Mayer Brown LLP,1,1,1905,LeadCounsel,high,,,,,,,,,
A0567,Walter W. Cohen,,,,1,"OBERMAYER, REBMANN, MAXWELL, & HIPPEL, LLP",1,1,1935,LocalCounsel,high,,,,,,,,,
A0568,Roman M. Silberfeld,,,,1,"ROBINS, KAPLAN, MILLER & CIRESI L.L.P.",1,1,1935,LeadCounsel,high,,,,,,,,,
A0569,Joseph U. Metz,,,,1,DILWORTH PAXSON LLP,1,1,1935,LeadCounsel; LocalCounsel,high,,,,,,,,,
A0570,Steven F. Benz,,,,1,"KELLOGG, HUBER, HANSEN, TODD, EVANS & FIGEL, P.L.L.C.",1,1,1935,LeadCounsel,high,,,,,,,,,
A0571,"James J. McCarthy, Jr.",,,,1,"McCARTHY WEISBERG CUMMINGS, P.C.",1,1,1935,LocalCounsel,high,,,,,,,,,
A0572,Steve D. Shadowen,,,,1,HANGLEY ARONCHICK SEGAL & PUDLIN; Hilliard & Shadowen LLC,2,2,"1935, 2409",Communications; LeadCounsel,high,,,,,,,,,
A0573,James R. Ronca,James Ronca,,,1,"Anapol, Schwartz, Weiss, Cohan, Feldman & Smalley, PC; ANAPOL, SCHWARTZ, P.C.; Anapol Weiss",2,4,"1928, 3026",LeadCounsel; Management,high,,,,,,,,,
A0574,Scott Love,Scott A. Love,,,1,"Fleming & Associates, LLP; Fleming & Associates, L.L.P.",1,2,1928,LeadCounsel; Management,high,,,,,,,,,
A0575,Joseph Osborne,,,,1,"Babbitt, Johnson, Osborne & LeClainche, P.A.; Babbitt, Johnson, Osborne & LeClainche",1,2,1928,Communications; Management,high,,,,,,,,,
A0576,Brian Barr,,,,1,"Levin, Papantonio, Thomas, Mitchell, Echsner & Proctor, P.A.",1,2,1928,Management,high,,,,,,,,,
A0577,Marc Jay Bern,Marc Bern,,,1,"Napoli, Bern, Ripka, LLP; NAPOLI BERN RIPKA, LLP",1,2,1928,Management,high,,,,,,,,,
A0578,Joey Danis,,,,1,"Carey and Danis, LLC",1,1,1928,Management,high,,,,,,,,,
A0579,David P. Matthews,David Matthews,,,1,Matthews & Associates; MATTHEWS & ASSOCIATES,5,11,"1928, 2385, 3026, 3043, 3092",Management,high,,,,,,,,,
A0580,Neal Moskow,,,,1,"Ury & Moskow, LLC; URY & MOSKOW, L.L.C.",2,5,"1928, 3043",Coordination; Management,high,,,,,,,,,
A0581,Steven E. Derringer,,,,1,Bartlit Beck Herman Palenchar & Scott LLP,1,1,1928,LeadCounsel,high,,,,,,,,,
A0582,Eugene A. Schoon,,,,1,Sidley Austin LLP,1,1,1928,LeadCounsel,high,,,,,,,,,
A0583,Richard K. Dandrea,,,,1,"Eckert Seamans Cherin & Mellott, LLC",1,1,1928,LeadCounsel,high,,,,,,,,,
A0584,Susan Artinian,,,,1,Dykema Gossett PLLC,1,1,1928,LeadCounsel,high,,,,,,,,,
A0585,Patricia E. Lowry,,,,1,"Squire, Sanders & Dempsey L.L.P.",1,1,1928,Communications,high,,,,,,,,,
A0586,John J. Carey,John Carey,,,1,"Carey & Danis, L.L.C.; Carey & Danis, LLC",2,5,"1928, 1943",Management,high,,,,,,,,,
A0587,Frederic S. Fox,,,,1,Kaplan Fox & Kilsheimer LLP,1,1,1940,ClassCounsel; LeadCounsel,high,,,,,,,,,
A0588,Burton H. Finkelstein,,,,1,Finkelstein Thompson LLP,3,4,"1940, 1998, 2046",ClassCounsel; LeadCounsel; Management,high,,,,,,,,,
A0589,Richard Levitt,,,,1,,1,1,1952,LeadCounsel,high,,,,,,,,,
A0590,Matthew S. Wild,"Matthew Wild, Esq.",Matthew Wild,,1,Wild Law Group PLLC,2,3,"1952, 2031",ClassCounsel; LeadCounsel,high,,,,,,,,,
A0591,Max Wild,,,,1,Wild Law Group PLLC,1,1,1952,LeadCounsel,high,,,,,,,,,
A0592,John M. Perrin,,,,1,Wild Law Group PLLC,1,1,1952,Communications,high,,,,,,,,,
A0593,John Evans,John C. Evans,,,1,"Specter Specter Evans & Manogue, P.C.; SPECTER SPECTER EVANS & MANOGUE, P.C.; Specter Specter Evans & Manogue, PC",2,5,"1942, 1953",ClassCounsel; Communications; Management,high,,,,,,,,,
A0594,Lewis J. Saul,Lewis Saul,,,1,Lewis Saul & Associates; Lewis Saul & Associates P.C.,2,5,"1943, 1954",Communications; LeadCounsel; Management,high,,,,,,,,,
A0595,Yvonne Flaherty,Yvonne M. Flaherty,,,1,"Lockridge, Grindal Nauen, P.L.L.P.; Lockridge, Grindal Nauen, P.L.L.P; LOCKRIDGE GRINDAL NAUEN, P.L.L.P.",2,5,"1943, 3079",Management,high,,,,,,,,,
A0596,John P. Walsh,John Walsh,,,1,"Hill & Robbins, P.C.",2,5,"1943, 2051",Management,high,,,,,,,,,
A0597,Troy Giatras,,,,1,The Giatras Law Firm,1,4,1943,Management,high,,,,,,,,,
A0598,Brian J. McCormick,,,,1,"Sheller, P.C.",1,4,1943,Management,high,,,,,,,,,
A0599,Tracy Van Steenburgh,Tracy J. Van Steenburgh,,,1,Halleland Lewis Nilan & Johnson; Nilan Johnson Lewis PA,1,4,1943,Communications,high,,,,,,,,,
A0600,James B. Irwin,James Irwin,,,1,"Irwin, Fritchie, Urquhart & Moore, LLC; Irwin Fritchie Urquhart & Moore, LLC",1,3,1943,LeadCounsel,high,,,,,,,,,
A0601,John Dames,,,,1,"Drinker, Biddle and Reath; Drinker, Biddle, and Reath; Drinker, Biddle & Reath",1,4,1943,LeadCounsel,high,,,,,,,,,
A0602,Stephen Neuwirth,Stephen R. Neuwirth,,,1,"Quinn Emanuel Urquhart & Sullivan, LLP; Quinn Emanuel Urquhart & Sullivan LLP; Quinn Emanuel",4,8,"1938, 2196, 2925, 2931",ClassCounsel; Communications; LeadCounsel; Management,high,,,,,,,,,
A0603,Jay Eisenhofer,,,,1,Grant & Eisenhofer,1,1,1938,Management,high,,,,,,,,,
A0604,Barry Eichen,Barry R. Eichen,,,1,"Eichen, Levinson; Eichen Crutchlow Zaslow LLP",2,3,"1938, 2314",Management,high,,,,,,,,,
A0605,Ronald S Goldser,Ronald S. Goldser,,,1,"Zimmerman Reed; Zimmerman Reed, PLLP",1,2,1943,Communications; LeadCounsel; Management,high,,,,,,,,,
A0606,William Robinson,,,,1,Leclair Ryan; LeClair Ryan,1,2,1943,LeadCounsel,high,,,,,,,,,
A0607,Stephen Morrissey,,,,1,Susman Godfrey LLP,1,1,1957,LeadCounsel,high,,,,,,,,,
A0608,Vineet Bhatia,,,,1,Susman Godfrey LLP,1,1,1957,LeadCounsel,high,,,,,,,,,
A0609,Stuart Kusin,,,,1,Susman Godfrey LLP,1,1,1957,LeadCounsel,high,,,,,,,,,
A0610,Gerald J. Williams,,,,1,WILLIAMS CUKER BEREZOFSKY,1,1,1955,ClassCounsel,high,,,,,,,,,
A0611,Michael J. Quirk,,,,1,WILLIAMS CUKER BEREZOFSKY,1,1,1955,ClassCounsel,high,,,,,,,,,
A0612,Kevin M. Costello,,,,1,"LAW OFFICES OF KEVIN M. COSTELLO, P.C.",1,1,1955,ClassCounsel,high,,,,,,,,,
A0613,Deborah L. Mains,,,,1,"LAW OFFICES OF KEVIN M. COSTELLO, P.C.",1,1,1955,ClassCounsel,high,,,,,,,,,
A0614,Jay L. Himes,Jay Himes,,,1,"Labaton Sucharow LLP; Labaton Sucharow, LLP; LABATON SUCHAROW LLP",3,4,"1942, 2007, 2328",ClassCounsel; Communications; LeadCounsel; Management,high,,,,,,,,,
A0615,"Leslie M. Smith, P.C.",,,,1,"Kirkland & Ellis, LLP",1,1,1953,LeadCounsel,high,,,,,,,,,
A0616,Adam Le Berthon,,,,1,Arnold & Porter LLP,1,1,1953,Communications; LeadCounsel,high,,,,,,,,,
A0617,David Zoll,David W. Zoll,,,1,"Zoll, Kranz & Borgess",1,4,1953,Communications; Management,high,,,,,,,,,
A0618,James P. Silk,,,,1,,1,1,1953,Communications,high,,,,,,,,,
A0619,Michael J. Freed,,,,1,FREED KANNER LONDON & MILLEN LLC,1,3,1957,ClassCounsel,high,,,,,,,,,
A0620,Bernard Persky,,,,1,"LABATON SUCHAROW LLP; Labaton Sucharow LLP; Labaton Sucharow, LLP",3,7,"1957, 2196, 2213",ClassCounsel; Management,high,,,,,,,,,
A0621,Roberta D. Liebenberg,Roberta Liebenberg,Roberta D Liebenberg,,1,"FINE KAPLAN & BLACK, R.P.C.; Fine, Kaplan and Black, R.P.C.; Fine Kaplan and Black, R.P.C.",5,8,"1957, 3014, 3055, 3094, 3107",ClassCounsel; Communications; Management; Motions; Settlement,high,,,,,,,,,
A0622,Adam Pessin,,,,1,"FINE KAPLAN & BLACK, R.P.C.",1,3,1957,ClassCounsel,high,,,,,,,,,
A0623,Peter L. Murray,,,,1,"Murray, Plumb & Murray",1,1,1954,Communications; LeadCounsel,high,,,,,,,,,
A0624,Daniel Gallucci,Daniel N. Gallucci,,,1,"Rodanast, P.C.; RodaNast, P.C.",2,4,"1953, 1968",Management,high,,,,,,,,,
A0625,Donald Nolan,,,,1,Nolan Law Group,1,3,1953,Coordination; Management,high,,,,,,,,,
A0626,Richard Meadow,,,,1,Lanier Law Firm,1,3,1953,Management,high,,,,,,,,,
A0627,Scott Weinstein,Scott Wm. Weinstein,Scott William Weinstein,Scott W. Weinstein,1,"Morgan & Morgan; Morgan & Morgan, P.A.; Morgan & Morgan P.A.",5,7,"1953, 1968, 1985, 2023, 2051",Communications; LeadCounsel; Management,high,,,,,,,,,
A0628,Daniel Lapinski,,,,1,"Wilentz, Goldman & Spitzer",1,3,1953,Management,high,,,,,,,,,
A0629,Mike Papantonio,,,,1,"Levin, Papantonio, et al.",1,3,1953,Management,high,,,,,,,,,
A0630,Jeffrey B. Killino,,,,1,"Woloshin & Killino, P.C.",1,3,1953,Management,high,,,,,,,,,
A0631,Kurt B. Arnold,,,,1,Arnold & Itkin LLP,1,2,1953,Management,high,,,,,,,,,
A0632,Pamela Borgess,,,,1,"Zoll, Kranz & Borgess",1,1,1953,Communications; Management,high,,,,,,,,,
A0633,Gary D. McCallister,,,,1,"Gary D. McCallister & Associates, LLC",1,2,1957,ClassCounsel,high,,,,,,,,,
A0634,Martin R. Fox,,,,1,"BLEAU FOX, A P.L.C.",1,2,1957,ClassCounsel,high,,,,,,,,,
A0635,Daniel Shulman,,,,1,"Gray, Plant, Mooty, Mooty& Bennett, P.A.",1,2,1957,ClassCounsel,high,,,,,,,,,
A0636,William B. Federman,William Federman,,,1,Federman & Sherwood,4,6,"1961, 2583, 2994, 3090",ClassCounsel; Communications; LeadCounsel; Management,high,,,,,,,,,
A0637,Robert Weiss,,,,1,,1,1,1967,Management,high,,,,,,,,,
A0638,"Charles J. Piven, Esquire",,,,1,,1,1,1961,Communications,high,,,,,,,,,
A0639,Shawn M. Raiter,Shawn Raiter,,,1,"Larson • King, LLP; Larson · King, LLP; Larson King, LLP; Larson-King LLP",7,12,"02000, 1958, 2247, 2918, 2998, 3031, 3108",ClassCounsel; Communications; LeadCounsel,high,,,,,,,,,
A0640,David Black,,,,1,Perkins Coie LLP,2,2,"1958, 2247",ClassCounsel,high,,,,,,,,,
A0641,J. Gordon Rudd,"J. Gordon Rudd, Jr.",,,1,"Zimmerman Reed PLLP; Zimmerman Reed, PLLP",5,6,"02000, 1958, 2247, 2474, 2564",ClassCounsel; LeadCounsel; Management,high,,,,,,,,,
A0642,Daniel K. Bryson,,,,1,"Whitfield Bryson & Mason LLP; Whitfield Bryson & Mason, LLP; Whitfield, Bryson & Mason, LLP; WHITFIELD BRYSON & MASON LLP",5,10,"1958, 2333, 2514, 2577, 2688",ClassCounsel; LeadCounsel; Management,high,,,,,,,,,
A0643,Joel R. Rhine,,,,1,"Rhine Law Firm, P.C.",1,1,1958,ClassCounsel,high,,,,,,,,,
A0644,Mark J. Schirmer,,,,1,"Straus & Boies, LLP",1,1,1958,ClassCounsel,high,,,,,,,,,
A0645,Rhett A. McSweeney,,,,1,McSweeney/Langevin,1,1,1958,ClassCounsel,high,,,,,,,,,
A0646,John M. O’Quinn,,,,1,,1,1,1968,Management,high,,,,,,,,,
A0647,James J. Pettit,,,,1,Locks Law Firm,1,1,1968,Management,high,,,,,,,,,
A0648,Shamus Mulderig,,,,1,"Hissey Keintz, L.L.P.",1,1,1968,Management,high,,,,,,,,,
A0649,James P. Langendorf,,,,1,Langendorf Law Office,1,1,1984,ClassCounsel,high,,,,,,,,,
A0650,Robert B. Carey,,,,1,Hagens Berman Sobol Shapiro LLP,1,1,1977,ClassCounsel,high,,,,,,,,,
A0651,Leonard W. Aragon,,,,1,Hagens Berman Sobol Shapiro LLP,2,2,"1977, 3149",ClassCounsel; Management,high,,,,,,,,,
A0652,J. Mark Moore,,,,1,Spiro Moore LLP,1,1,1980,ClassCounsel,high,,,,,,,,,
A0653,Richard Doherty,,,,1,Bock & Hatch LLC,1,1,1980,ClassCounsel,high,,,,,,,,,
A0654,Chant Yedalian,,,,1,Chant & Company A Professional Law Corporation,1,1,1980,ClassCounsel,high,,,,,,,,,
A0655,Douglas Linde,,,,1,the Linde Law Firm,1,1,1980,ClassCounsel,high,,,,,,,,,
A0656,Marvin A. Miller,Marvin Miller,,,1,"Miller Law LLC; Miller Law, LLC",3,6,"1996, 1997, 2196",ClassCounsel; Communications; LeadCounsel; Management,high,,,,,,,,,
A0657,E. Kirk Wood,"E. Kirk Wood, Jr.",,,1,"Wood Law Firm, LLC; Wood Law Firm LLC",2,3,"1985, 1998",Communications; Coordination; Discovery; Expert; Management; Motions; Settlement,high,,,,,,,,,
A0658,M. Alex Goldsmith,,,,1,"Christian & Small, LLP",1,2,1985,Communications,high,,,,,,,,,
A0659,Gary Klein,,,,1,RODDY KLEIN & RYAN,1,1,1974,ClassCounsel; LeadCounsel,high,,,,,,,,,
A0660,Ron R. Parry,,,,1,"PARRY DEERING FUTSCHER & SPARKS, P.S.C.",1,1,1974,ClassCounsel; Communications,high,,,,,,,,,
A0661,James P. Ulwick,,,,1,Kramon & Graham PA,1,2,1982,ClassCounsel,high,,,,,,,,,
A0662,Gary B. Friedman,,,,1,Friedman Law Group LLP,1,2,1982,ClassCounsel,high,,,,,,,,,
A0663,James Pizzirusso,James J. Pizzirusso,,,1,"Hausfeld LLP; Hausfeld, LLP - DC; Hausfeld, LLP",10,19,"1982, 2583, 2904, 3019, 3056, 3073, 3083, 3096, 3127, 3149",ClassCounsel; LeadCounsel; Management; Motions,high,,,,,,,,,
A0664,Joel S. Sanders,,,,1,"Gibson, Dunn & Curtcher LLP",1,1,1972,Communications,high,,,,,,,,,
A0665,Rachel S. Brass,,,,1,"Gibson, Dunn & Curtcher LLP",1,1,1972,Communications,high,,,,,,,,,
A0666,Ramzi Abadou,,,,1,"BARROWAY TOPAZ KESSLER MELTZER & CHECK, LLP",1,1,1989,LeadCounsel,high,,,,,,,,,
A0667,John Billhorn,,,,1,,1,1,1981,ClassCounsel,high,,,,,,,,,
A0668,Carl N. Frankovitch,,,,1,"Frankovitch, Anetakis, Colantonio & Simon",1,1,1968,LeadCounsel; Management,high,,,,,,,,,
A0669,"Harry F. Bell, Jr.",,,,1,Bell & Bands PLLC,1,1,1968,Communications; LeadCounsel; Management,high,,,,,,,,,
A0670,Andres F. Alonso,Andres Alonso,,,1,"Parker, Waichman, Alonso LLP; Parker Waichman Alonso LLP",3,3,"1968, 2023, 2100",Management,high,,,,,,,,,
A0671,Peter A. Miller,,,,1,The Miller Firm LLC,1,1,1968,Management,high,,,,,,,,,
A0672,Ashley L. Ownby,,,,1,,1,1,1968,Management,high,,,,,,,,,
A0673,David M. Peterson,,,,1,"Peterson & Associates, P.C.",1,1,1968,Management,high,,,,,,,,,
A0674,Stacy K. Hauer,Stacy Hauer,Stacy K Hauer,,1,"Johnson Becker; Zimmerman Reed; Johnson Becker, PLLC",4,6,"1968, 2973, 3037, 3094",LeadCounsel; Management,high,,,,,,,,,
A0675,Rebecca A. Betts,,,,1,,1,1,1968,Communications,high,,,,,,,,,
A0676,Richard A. Dean,,,,1,Tucker Ellis and West LLP,1,1,1968,LeadCounsel,high,,,,,,,,,
A0677,Matthew P. Moriarty,,,,1,Tucker Ellis and West LLP,1,1,1968,LeadCounsel,high,,,,,,,,,
A0678,Fred Taylor Isquith,,,,1,Wolf Haldenstein,1,1,1997,Management,high,,,,,,,,,
A0679,Chris Hellums,,,,1,"Pittman, Dutton, Kirby & Hellums; Pittman, Dutton, Kirby & Hellums, P.C.; Pittman, Dutton, Hellums, Bradley & Mann",3,4,"1985, 2087, 3140",Coordination; Discovery; Expert; Fees; Management; Motions; Settlement,high,,,,,,,,,
A0680,C. Wes Pittman,,,,1,"Pittman & Perry, PA",1,1,1985,Coordination; Discovery; Expert; Management; Motions; Settlement,high,,,,,,,,,
A0681,"Archie C. Lamb, Jr.",Archie Lamb,,,1,"The Lamb Firm, LLC",2,2,"1960, 1985",Management; Settlement,high,,,,,,,,,
A0682,Mark K. Gray,Mark Gray,,,1,"Franklin, Gray & White; Franklin Gray & White; Gray & White",3,3,"1985, 1998, 2474",Communications; LeadCounsel; Management; Settlement,high,,,,,,,,,
A0683,Travis Newman,,,,1,"Franklin, Gray & White",1,1,1985,Expert; Management; Motions,high,,,,,,,,,
A0684,Jeffrey C. Rickard,,,,1,"Marsh, Rickard & Bryan, PC",1,1,1985,Discovery; Management,high,,,,,,,,,
A0685,Greg L. Davis,,,,1,The Law Offices of Greg L. Davis,1,1,1985,Coordination; Discovery; Management,high,,,,,,,,,
A0686,Michael Goetz,,,,1,"Morgan & Morgan, P.A.",2,3,"1985, 2385",Discovery; Expert; Management,high,,,,,,,,,
A0687,"Lawrence L. Jones, II",,,,1,"Bahe, Cook, Cantley & Jones, PLC",1,1,1985,Expert; Management,high,,,,,,,,,
A0688,John Clark Davis,,,,1,Law Offices of John C. Davis,1,1,1985,Discovery; Management; Motions,high,,,,,,,,,
A0689,Lee M. Jacobson,,,,1,Law Offices of Michael Brehne,1,1,1985,Management,high,,,,,,,,,
A0690,James C. Thomas,,,,1,,1,1,1985,Management,high,,,,,,,,,
A0691,Richard A.Tanner,,,,1,"deBeaubien, Knight",1,1,1985,Management; Motions,high,,,,,,,,,
A0692,Mary Jane Fait,,,,1,"Wolf Haldenstein Adler Freeman & Herz LLC; WOLF HALDENSTEIN ADLER FREEMAN & HERZ, LLC",2,3,"1997, 2031",ClassCounsel; Communications; LeadCounsel; Management,high,,,,,,,,,
A0693,Néstor M. Méndez-Gómez,,,,1,,1,1,1960,ClassCounsel; LeadCounsel; Management,high,,,,,,,,,
A0694,Linda P. Nussbaum,Linda Nussbaum,,,1,"Nussbaum Law Group, P.C.; Nussbaum Law Group, PC",7,10,"1960, 2328, 2481, 2904, 3055, 3096, 3127",ClassCounsel; Discovery; LeadCounsel; Management,high,,,,,,,,,
A0695,Vincent J. Esades,,,,1,"Heins Mills & Olson, PLC; Heins, Mills & Olson, PLC; Heins Mills & Olson P.L.C",5,5,"1960, 1999, 2328, 2514, 2583",ClassCounsel; LeadCounsel; Management,high,,,,,,,,,
A0696,Andres W. Lopez,,,,1,,1,1,1960,Management; Motions,high,,,,,,,,,
A0697,Benjamin Brown,,,,1,,1,1,1960,Management; Motions,high,,,,,,,,,
A0698,Ruthanne Gordon,,,,1,,1,1,1960,Discovery; Management,high,,,,,,,,,
A0699,Stephen A. Asher,,,,1,,1,1,1960,Discovery; Management,high,,,,,,,,,
A0700,David C. Indiano-Vicic,,,,1,,1,1,1960,Discovery; Management,high,,,,,,,,,
A0701,Lawrence Silverman,,,,1,,1,1,1960,Expert; Management,high,,,,,,,,,
A0702,Stuart G. Gross,,,,1,,1,1,1960,Expert; Management,high,,,,,,,,,
A0703,Eric Perez Ochoa,,,,1,,1,1,1960,Management; Motions,high,,,,,,,,,
A0704,Andrés Guillermard,,,,1,,1,1,1960,Management; Settlement,high,,,,,,,,,
A0705,Kevin B. Love,,,,1,,1,1,1960,Management,high,,,,,,,,,
A0706,John Nevares,John F. Nevares,,,1,"John F. Nevares & Associates, P.S.C.",2,2,"1960, 2223",ClassCounsel; Communications; Management,high,,,,,,,,,
A0707,Richard J. Rappaport,,,,1,MCGUIREWOODS LLP,1,1,1960,Management,high,,,,,,,,,
A0708,Scott D. Richburg,,,,1,FOLEY & LARDNER LLP,1,1,1960,Management,high,,,,,,,,,
A0709,Francisco G. Bruno,,,,1,"McCONNELL VALDES, LLC",1,1,1960,Communications; Management,high,,,,,,,,,
A0710,Keith S. Dubanevich,,,,1,GARVEY SCHUBERT & BARER,1,1,1960,Management,high,,,,,,,,,
A0711,"Carlos A. Rodriguez-Vidal, Esq.",,,,1,"GOLDMAN, ANTONETTI & CORDOVA, PSC",1,1,1960,Communications; Management,high,,,,,,,,,
A0712,Samuel Rosenthal,,,,1,PATTON BOGGS LLP,1,1,1960,Management,high,,,,,,,,,
A0713,William A. Graffam-Rodriguez,,,,1,"JIMENEZ, GRAFFAM & LAUSELL",1,1,1960,Communications; Management,high,,,,,,,,,
A0714,Thomas J. Frederick,,,,1,Winston & Strawn LLP,1,1,1997,Communications,high,,,,,,,,,
A0715,Charles H.R. Peters,,,,1,Schiff Hardin LLP,1,1,1997,Communications,high,,,,,,,,,
A0716,Richard J. Kilsheimer,,,,1,Kaplan Fox & Kilsheimer LLP,1,1,1997,Management,high,,,,,,,,,
A0717,Brian M. Sund,,,,1,"Morrison Fenske & Sund, PA",1,1,1999,ClassCounsel; LeadCounsel,high,,,,,,,,,
A0718,K. Scott Wagner,,,,1,"Hale & Wagner, S.C.",1,1,1999,Communications,high,,,,,,,,,
A0719,Mark DiCello,Mark A. DiCello,,,1,,2,3,"2004, 3101",LeadCounsel; Management,high,,,,,,,,,
A0720,Buffy K. Martines,Buffy Martines,,,1,"Laminack, Pirtle & Martines, LLP; Laminack, Pirtle & Martines",3,4,"2004, 2974, 3140",Management,high,,,,,,,,,
A0721,"Riley L. Burnett, Jr.",,,,1,Burnett Law Firm,2,2,"2004, 2511",LeadCounsel; Management,high,,,,,,,,,
A0722,Mark P. Chalos,,,,1,"Lieff Cabraser Heimann & Bernstein, LLP; Lieff Cabraser Heimann & Bernstein - Nashville; Lieff Cabraser Heimann & Bernstein; LIEFF CABRASER HEIMANN & BERNSTEIN, LLP",5,10,"2001, 2223, 2938, 3044, 3078",ClassCounsel; LeadCounsel; Management,high,,,,,,,,,
A0723,Jason L. Lichtman,,,,1,"Lieff Cabraser Heimann & Bernstein, LLP",2,3,"2001, 2904",ClassCounsel; LeadCounsel; Management,high,,,,,,,,,
A0724,James J. Rosemergy,,,,1,"Carey Danis & Lowe; Carey, Danis & Lowe; CAREY DANIS & LOWE",2,4,"2001, 3078",ClassCounsel; LeadCounsel,high,,,,,,,,,
A0725,John F. Edgar,John Edgar,John M. Edgar,,1,EDGAR LAW FIRM LLC; Edgar Law Firm LLC,2,5,"1995, 2328",ClassCounsel; LeadCounsel,high,,,,,,,,,
A0726,Patrick A. Klingman,,,,1,"SHEPHERD FINKELMAN MILLER & SHAH, LLP",1,1,1995,ClassCounsel; LeadCounsel,high,,,,,,,,,
A0727,James C. Shah,,,,1,"Shepherd, Finkelman, Miller & Shah, LLP; SHEPHERD, FINKELMAN, MILLER & SHAH, LLP; Shepherd Finkelman Miller & Shah - Media",6,7,"1995, 2001, 2316, 2320, 2540, 2688",ClassCounsel; LeadCounsel; Management,high,,,,,,,,,
A0728,"Thomas E. Mallon, Jr.",,,,1,"MELLON, WEBSTER & SHELLY",1,1,1995,ClassCounsel; LeadCounsel,high,,,,,,,,,
A0729,Robert I. Harwood,Robert Harwood,,,1,HARWOOD FEFFER LLP,2,2,"1995, 2335",ClassCounsel; Communications; Management,high,,,,,,,,,
A0730,"Peter W. Overs, Jr.",,,,1,HARWOOD FEFFER LLP,1,1,1995,ClassCounsel; Communications,high,,,,,,,,,
A0731,Jason S. Hartley,,,,1,"Troutman Sanders, LLP; Hartley LLP",2,2,"2007, 3149",LeadCounsel; Management,high,,,,,,,,,
A0732,Bonny Sweeney,,,,1,"Coughlin Stoia Geller Rudman & Robbins, LLP",1,1,2007,LeadCounsel,high,,,,,,,,,
A0733,Brian Ruschel,,,,1,,1,1,2001,Communications,high,,,,,,,,,
A0734,George K. Lang,,,,1,Freed & Weiss,1,1,2001,Management,high,,,,,,,,,
A0735,Paul M. Weiss,,,,1,Freed & Weiss; Complex Litigation Group LLC,2,2,"2001, 2415",Management,high,,,,,,,,,
A0736,Natalie Finkelman Bennett,,,,1,Shepherd Finkelman Miller & Shah - Media,1,1,2001,Management,high,,,,,,,,,
A0737,Karen M. Leser-Grenon,,,,1,Shepherd Finkelman Miller & Shah - San Diego,1,1,2001,Management,high,,,,,,,,,
A0738,Scott A. George,,,,1,"Seeger Weiss, LLP",1,1,2001,Management,high,,,,,,,,,
A0739,Mark Schlachet,,,,1,,2,2,"2001, 2220",Management,high,,,,,,,,,
A0740,Schwartz A Steven,,,,1,Chimicles & Tikellis LLP,1,1,2001,Management,high,,,,,,,,,
A0741,Jeffrey K. Berns,,,,1,Arbogast & Berns LLP,1,1,2015,ClassCounsel,high,,,,,,,,,
A0742,David M. Arbogast,,,,1,Arbogast & Berns LLP,1,1,2015,ClassCounsel,high,,,,,,,,,
A0743,Linsey W. West,,,,1,,1,1,2016,Communications,high,,,,,,,,,
A0744,Thomas E. Fennell,,,,1,,1,1,2016,LeadCounsel,high,,,,,,,,,
A0745,Edwin J. Mills,,,,1,"Stull, Stull & Brody",1,1,2003,ClassCounsel; LeadCounsel,high,,,,,,,,,
A0746,Michael J. Klein,,,,1,"Stull, Stull & Brody",1,1,2003,ClassCounsel; LeadCounsel,high,,,,,,,,,
A0747,Edward W. Ciolko,,,,1,"Barroway Topaz Kessler Meltzer & Check, LLP; Kessler Topaz Meltzer & Check, LLP",2,2,"2003, 2508",ClassCounsel; LeadCounsel; Settlement,high,,,,,,,,,
A0748,Mark K. Gyandoh,,,,1,"Barroway Topaz Kessler Meltzer & Check, LLP",1,1,2003,ClassCounsel; LeadCounsel,high,,,,,,,,,
A0749,Larry D. Drury,,,,1,"Larry D. Drury, Ltd.",1,1,1998,Management,high,,,,,,,,,
A0750,Ralph K. Phalen,,,,1,"Ralph K. Phalen, Attorney at Law",2,2,"1998, 2046",Management,high,,,,,,,,,
A0751,Mark A. Maasch,,,,1,"Turner & Maasch, Inc.",1,1,1998,Management,high,,,,,,,,,
A0752,Daniel C. Girard,Daniel Girard,,,1,"Girard Gibbs, LLP; Girard, Gibbs & De Bartolomeo, LLP; Girard Gibbs LLP",4,4,"1998, 2017, 2409, 2583",Management,high,,,,,,,,,
A0753,"Frank E. Piscitelli, Jr.","Frank E. Piscitelli, Jr","Frank Piscitelli, Jr.",,1,"Frank Piscitelli Co., L.P.A.; The Piscitelli Law Firm; the Piscitelli Law Firm",3,3,"1998, 2220, 2317",Management,high,,,,,,,,,
A0754,Christine Ford,Christine M. Ford,,,1,"Meiselman, Denlea, Packman, Carton & Eberz P.C.",1,2,2023,Management,high,,,,,,,,,
A0755,Christopher Lometti,,,,1,"Schoengold, Sporn, Laitman & Lometti, P.C.",1,1,2017,LeadCounsel; Management,high,,,,,,,,,
A0756,Max W. Berger,,,,1,Bernstein Litowitz Berger & Grossmann LLP,1,1,2017,Management,high,,,,,,,,,
A0757,Mark C. Molumphy,,,,1,"Cotchett, Pitre, & McCarthy, LLP",1,1,2017,Communications,high,,,,,,,,,
A0758,Matthew K. Edling,,,,1,"Cotchett, Pitre, & McCarthy, LLP",1,1,2017,Communications,high,,,,,,,,,
A0759,Imtiaz A. Siddiqui,,,,1,"Cotchett, Pitre, & McCarthy, LLP",1,1,2017,Communications,high,,,,,,,,,
A0760,"Ilan Chorowsky, Esq.",Ilan Chorowsky,,,1,,1,2,2031,Communications,high,,,,,,,,,
A0761,Natalie Finkelman,,,,1,"Shepherd Finkelman Miller & Shah, LLC",2,2,"2046, 2333",Management,high,,,,,,,,,
A0762,R. Douglas Gentile,,,,1,,1,1,2046,Management,high,,,,,,,,,
A0763,Christopher G. Hayes,,,,1,,1,1,2046,Management,high,,,,,,,,,
A0764,Mitchell A. Toups,,,,1,Weller Green Toups & Terrell,2,2,"2046, 2223",Management,high,,,,,,,,,
A0765,Gregory S. Weiss,,,,1,,1,2,2046,Management,high,,,,,,,,,
A0766,Shpetim Ademi,,,,1,,1,1,2046,Management,high,,,,,,,,,
A0767,Michael Roberts,Michael L. Roberts,,,1,"Roberts Law Firm US, PC",3,5,"2046, 3080, 3110",ClassCounsel; LeadCounsel; Management,high,,,,,,,,,
A0768,Gene J. Stonebarger,,,,1,,1,1,2046,Management,high,,,,,,,,,
A0769,Fran Rudich,,,,1,KLAFTER OLSEN & LESSER LLP,1,1,2025,ClassCounsel,high,,,,,,,,,
A0770,Andrew P. Bell,,,,1,"Locks Law Firm, LLC",1,1,2025,ClassCounsel,high,,,,,,,,,
A0771,Janet Walsh,,,,1,"Locks Law Firm, LLC",1,1,2025,ClassCounsel,high,,,,,,,,,
A0772,Nicholas A. Migliaccio,,,,1,"Mason, LLP",1,1,2025,ClassCounsel,high,,,,,,,,,
A0773,Peter A. Muhic,,,,1,Barroway Topaz Kessler Meltzer & Check LLP,1,1,2025,ClassCounsel,high,,,,,,,,,
A0774,Robert J. Gray,,,,1,Barroway Topaz Kessler Meltzer & Check LLP,1,1,2025,ClassCounsel,high,,,,,,,,,
A0775,Mayra Velez Tarantino,,,,1,"Lite DePalma and Greenberg, LLC",1,1,2025,ClassCounsel,high,,,,,,,,,
A0776,Jennifer Sarnelli,,,,1,"Lite DePalma and Greenberg, LLC; Gardy & Notis LLP",2,2,"2025, 2188",ClassCounsel,high,,,,,,,,,
A0777,Paul P. Rooney,,,,1,Fugazy & Rooney LLP,1,1,2025,ClassCounsel,high,,,,,,,,,
A0778,Eric Scott Tilton,,,,1,Fugazy & Rooney LLP,1,1,2025,ClassCounsel,high,,,,,,,,,
A0779,Jeffrey Gottlieb,,,,1,Berger & Gottlieb,1,1,2025,ClassCounsel,high,,,,,,,,,
A0780,Lance A. Raphael,,,,1,The Consumer Advocacy Center P.C.,1,1,2025,ClassCounsel,high,,,,,,,,,
A0781,Stacy Michelle Bardo,,,,1,The Consumer Advocacy Center P.C.,1,1,2025,ClassCounsel,high,,,,,,,,,
A0782,Allison Amy Krumhorn,,,,1,The Consumer Advocacy Center P.C.,1,1,2025,ClassCounsel,high,,,,,,,,,
A0783,Michael J. San Souci,,,,1,Law Office of Michael J. San Souci,1,1,2025,ClassCounsel,high,,,,,,,,,
A0784,Timothy C. Kelly,,,,1,Kelly Law Office,1,1,2025,ClassCounsel,high,,,,,,,,,
A0785,James G. Onder,,,,1,"Onder, Shelton, O'Leary & Peterson, LLC",1,1,2023,Management,high,,,,,,,,,
A0786,David J. Cohen,,,,1,"Saltz Mongeluzzi Barrett & Bendesky, P.C.",1,1,2023,Management,high,,,,,,,,,
A0787,Daniel J. Mogin,Daniel Mogin,,,1,"The Mogin Law Firm P.C.; the Mogin Law Firm, P.C.",2,2,"2023, 2668",Management,high,,,,,,,,,
A0788,Craig Mielke,,,,1,"Foote, Meyers, Mielke & Flowers, LLC",1,1,2023,Management,high,,,,,,,,,
A0789,Scott M. Zimmerman,,,,1,"Heidell, Pittoni, Murphy & Back, LLP",1,1,2023,Communications,high,,,,,,,,,
A0790,Douglas J. Williams,,,,1,Fulbright & Jaworski,1,1,2050,Communications; LeadCounsel,high,,,,,,,,,
A0791,David E. Plunkett,,,,1,"Williams, Williams, Rattner & Plunkett, P.C.",1,2,2042,LeadCounsel; Management,high,,,,,,,,,
A0792,Joseph G. Sauder,,,,1,,1,1,2046,ClassCounsel; LeadCounsel; Management,high,,,,,,,,,
A0793,Harold B. Gold,,,,1,"Wisener Nunnally Gold, L.L.P.",1,1,2046,Communications,high,,,,,,,,,
A0794,Eric Chaffin,,,,1,Bernstein Liebhard LLP,1,1,2051,Coordination; Management,high,,,,,,,,,
A0795,David Shiner,,,,1,"Shiner and Sosin, PA",1,1,2051,Management,high,,,,,,,,,
A0796,Berry Cooper,,,,1,"Deal, Cooper & Holton, PLLC",1,1,2051,Management,high,,,,,,,,,
A0797,Kirk Wolden,,,,1,Arnold Law Firm,1,1,2051,Management,high,,,,,,,,,
A0798,Stephanie A. Smith,,,,1,Fulbright & Jaworski L.L.P.,1,1,2051,Coordination; LeadCounsel,high,,,,,,,,,
A0799,Stacey A. Martinez,,,,1,Fulbright & Jaworski L.L.P.,1,1,2051,Coordination; LeadCounsel,high,,,,,,,,,
A0800,"Frank C. Woodside, III",,,,1,Dinsmore & Shohl LLP,1,1,2051,Coordination; LeadCounsel,high,,,,,,,,,
A0801,Edward W. Gerecke,,,,1,"Carlton Fields, P.A.",1,1,2051,Communications,high,,,,,,,,,
A0802,Stephen J. Foley,,,,1,Foley & Mansfield PLLP,1,2,2066,LeadCounsel,high,,,,,,,,,
A0803,Lewis S. Kahn,,,,1,"Kahn Swick & Foti, LLC",1,1,2058,LeadCounsel,high,,,,,,,,,
A0804,Michael A. Swick,,,,1,"Kahn Swick & Foti, LLC",1,1,2058,LeadCounsel,high,,,,,,,,,
A0805,Albert M. Myers,,,,1,"Kahn Swick & Foti, LLC",1,1,2058,LeadCounsel,high,,,,,,,,,
A0806,Maya Saxena,,,,1,Saxena White P.A.,1,1,2058,LeadCounsel,high,,,,,,,,,
A0807,"Joseph E. White, III",,,,1,Saxena White P.A.,1,1,2058,LeadCounsel,high,,,,,,,,,
A0808,Christopher S. Jones,,,,1,Saxena White P.A.,1,1,2058,LeadCounsel,high,,,,,,,,,
A0809,Michael Snyder,,,,1,,1,1,2066,Communications,high,,,,,,,,,
A0810,Earl W. Gunn,,,,1,,1,1,2066,LeadCounsel,high,,,,,,,,,
A0811,Nina M. Gussack,,,,1,,1,1,2066,LeadCounsel,high,,,,,,,,,
A0812,Kip Shuman,,,,1,the Shuman Law Firm,1,1,2063,Communications,high,,,,,,,,,
A0813,Susan L. Burke,,,,1,Burke PLLC,1,1,2083,Communications; LeadCounsel,high,,,,,,,,,
A0814,Kent Caperton,,,,1,Ben Barnes Group,1,1,2068,Management,high,,,,,,,,,
A0815,Marian S. Rosen,,,,1,Marian S. Rosen & Associates,1,1,2068,Management,high,,,,,,,,,
A0816,Howard Rubinstein,,,,1,Law Office of Howard Weil Rubinstein,1,1,2068,Management,high,,,,,,,,,
A0817,Walter Umphrey,,,,1,"Provost Umphrey Law Firm, LLP",1,1,2068,Management,high,,,,,,,,,
A0818,John Eddie Williams,,,,1,"Williams, Kherker, Hart, Boundas, LLP",1,1,2068,Management,high,,,,,,,,,
A0819,Philip H. Curtis,,,,1,"Arnold & Porter, LLP",1,1,2068,LeadCounsel,high,,,,,,,,,
A0820,Guy Miller Struve,,,,1,Davis Polk & Wardwell,1,1,2068,LeadCounsel,high,,,,,,,,,
A0821,H. Peter Del Bianco,,,,1,Lambert Coffin,1,1,2068,Communications,high,,,,,,,,,
A0822,David C. King,,,,1,Rudman & Winchell,1,1,2068,Communications,high,,,,,,,,,
A0823,Frederick Baker,,,,1,Motley Rice LLC,1,1,2083,Communications; LeadCounsel,high,,,,,,,,,
A0824,James Ledlie,,,,1,Motley Rice LLC,1,1,2083,Communications; LeadCounsel,high,,,,,,,,,
A0825,Laurence King,Laurence D. King,,,1,Kaplan Fox and Kilsheimer LLP; KAPLAN FOX & KILSHEIMER LLP; Kaplan Fox & Kilsheimer LLP,3,11,"2086, 2320, 2904",ClassCounsel; LeadCounsel; Management,high,,,,,,,,,
A0826,Christopher M. Burke,Christopher Burke,,,1,SCOTT+SCOTT LLP; Scott + Scott LLP; Scott+Scott LLP; Korein Tillery P.C.,4,5,"2086, 2208, 2242, 3107",ClassCounsel; LeadCounsel; Management; SettlementAdministration,high,,,,,,,,,
A0827,Edward M. Gergosian,,,,1,GERGOSIAN & GRALEWSKI LLP; Gergosian & Gralewski,1,2,2086,ClassCounsel; Management,high,,,,,,,,,
A0828,"Robert J. Gralewski, Jr.",,,,1,GERGOSIAN & GRALEWSKI LLP,1,1,2086,Management,high,,,,,,,,,
A0829,Norm Siegel,,,,1,Stueve Siegel Hanson LLP,1,4,2086,ClassCounsel,high,,,,,,,,,
A0830,Timothy G. Blood,Timothy Gordon Blood,,,1,"Blood Hurst & O’Reardon, LLP; Blood, Hurst & O’Reardon, LLP; Blood Hurst & O'Reardon, LLP; Blood Hurst & O’Reardon LLP",5,14,"2087, 2258, 2308, 2357, 2904",ClassCounsel; Communications; LeadCounsel; Management,high,,,,,,,,,
A0831,Elaine Ryan,Elaine A. Ryan,,,1,"Bonnett, Fairbourn, Friedman, & Balint, P.C.; Bonnett Fairbourn Friedman & Balint PC",2,5,"2087, 2994",ClassCounsel; Management,high,,,,,,,,,
A0832,Gayle M. Blatt,Gayle Blatt,,,1,"Casey Gerry Schenk Francavilla Blatt & Penfield, LLP; Casey Gerry Schenk Francavilla Blatt & Penfield; Casey, Gerry Schenk Francavilla Blatt & Penfield, LLP; Casey Gerry Schenk Francavilla Blatt & Penfield LLP",6,7,"2087, 2258, 2905, 3040, 3098, 3115",ClassCounsel; Communications; LeadCounsel; Management,high,,,,,,,,,
A0833,Anne Andrews,,,,1,Andrews & Thornton,1,1,2087,Management,high,,,,,,,,,
A0834,C. Carter Clay,,,,1,"Pittman, Dutton, Kirby & Hellums, P.C.",1,1,2087,Management,high,,,,,,,,,
A0835,Martin Crump,Martin D. Crump,,,1,"Davis & Crump; Davis & Crump, PC",3,3,"2087, 2226, 2502",Management,high,,,,,,,,,
A0836,Joseph Dunn,,,,1,,1,1,2087,LeadCounsel; Management,high,,,,,,,,,
A0837,Richard J. Hood,,,,1,"Andrus Boudreaux, PLC",1,1,2087,LeadCounsel; Management,high,,,,,,,,,
A0838,Jeff Grand,,,,1,Seeger Weiss LLP,2,2,"2087, 3089",Management,high,,,,,,,,,
A0839,Mark Zamora,,,,1,"Mark Zamora & Associates; Bunch, James & Zamora",2,2,"2087, 2226",Management,high,,,,,,,,,
A0840,Thomas P. Rosenfeld,Thomas Rosenfeld,,,1,,2,2,"2096, 2443",ClassCounsel; LeadCounsel; Management,high,,,,,,,,,
A0841,Joseph P. Thomas,Joseph Thomas,,,1,Ulmer & Berne LLP,2,2,"2100, 2372",LeadCounsel,high,,,,,,,,,
A0842,James P. Kreindler,,,,1,"Kreindler & Kreindler, LLP/ Lipsitz, Green Scime Cambria, LLP",1,1,2085,LeadCounsel; Management,high,,,,,,,,,
A0843,Robert A. Clifford,,,,1,"Clifford Law Offices, P.C./ Colucci & Gallaher",1,1,2085,LeadCounsel; Management,high,,,,,,,,,
A0844,Kevin P. Durkin,,,,1,"Clifford Law Offices, P.C./ Colucci & Gallaher",1,1,2085,LeadCounsel; Management,high,,,,,,,,,
A0845,Michael S. Krzak,,,,1,"Clifford Law Offices, P.C./ Colucci & Gallaher",1,1,2085,LeadCounsel; Management,high,,,,,,,,,
A0846,Anthony J. Colucci,,,,1,"Clifford Law Offices, P.C./ Colucci & Gallaher",1,1,2085,LeadCounsel; Management,high,,,,,,,,,
A0847,Justin T. Green,,,,1,"Kreindler & Kreindler, LLP/ Lipsitz, Green Scime Cambria, LLP",1,1,2085,LeadCounsel; Management,high,,,,,,,,,
A0848,Daniel O. Rose,,,,1,"Kreindler & Kreindler, LLP/ Lipsitz, Green Scime Cambria, LLP",1,1,2085,LeadCounsel; Management,high,,,,,,,,,
A0849,James Scime,,,,1,"Kreindler & Kreindler, LLP/ Lipsitz, Green Scime Cambria, LLP",1,1,2085,LeadCounsel; Management,high,,,,,,,,,
A0850,Kenneth P. Nolan,,,,1,"Speiser Krause Nolan & Granito/ Connors & Vilardo, LLC",1,1,2085,LeadCounsel; Management,high,,,,,,,,,
A0851,Jeanne M. O'Grady,,,,1,"Speiser Krause Nolan & Granito/ Connors & Vilardo, LLC",1,1,2085,LeadCounsel; Management,high,,,,,,,,,
A0852,Christina M. Fry,,,,1,"Speiser Krause Nolan & Granito/ Connors & Vilardo, LLC",1,1,2085,LeadCounsel; Management,high,,,,,,,,,
A0853,Terrence M. Connors,,,,1,"Speiser Krause Nolan & Granito/ Connors & Vilardo, LLC; Connors LLP",2,2,"2085, 2903",Communications; LeadCounsel; Management,high,,,,,,,,,
A0854,Michel Baumeister,,,,1,"Baumeister & Samuels, PC",1,1,2085,LeadCounsel; Management,high,,,,,,,,,
A0855,Douglas A. Latto,,,,1,"Baumeister & Samuels, PC",1,1,2085,LeadCounsel; Management,high,,,,,,,,,
A0856,Thea M. Capone,,,,1,"Baumeister & Samuels, PC",1,1,2085,LeadCounsel; Management,high,,,,,,,,,
A0857,Anne B. Rimmler,,,,1,"Paul William Beltz, P.C.",1,1,2085,LeadCounsel; Management,high,,,,,,,,,
A0858,Philipp L. Rimmler,,,,1,"Paul William Beltz, P.C.",1,1,2085,LeadCounsel; Management,high,,,,,,,,,
A0859,Richard E. Genter,,,,1,,1,1,2085,Management,high,,,,,,,,,
A0860,Howard S. Hershehorn,,,,1,"Gair, Gair, Conauson, Steigman, & Mackauf",1,1,2085,Management,high,,,,,,,,,
A0861,John A. Greaves,,,,1,,1,1,2085,Management,high,,,,,,,,,
A0862,A. Ilyas Akbari,,,,1,,1,1,2085,Management,high,,,,,,,,,
A0863,John C. Reiter,,,,1,Law Office of Jonathan C. Reiter,1,1,2085,Management,high,,,,,,,,,
A0864,Meryl I. Schwartz,,,,1,Law Office of Jonathan C. Reiter,1,1,2085,Management,high,,,,,,,,,
A0865,Paul Perlman,,,,1,"Hodgson Russ, LLP",1,1,2085,Management,high,,,,,,,,,
A0866,"Richard A. Grimm, III",,,,1,"Magavern, Magavern & Grimm",1,1,2085,Management,high,,,,,,,,,
A0867,Christopher M. Murphy,,,,1,Doran & Murphy; McDermott Will & Emery LLP,2,2,"2085, 2359",LeadCounsel; Management,high,,,,,,,,,
A0868,"Hugh M. Russ, II",,,,1,"Hodgson Russ, LLP",1,1,2085,Communications,high,,,,,,,,,
A0869,Jeffrey Cereghino,,,,1,"Merrill Nomura & Molineux, LLP; Merrill Namora & Molineaux LLP",1,2,2098,ClassCounsel; LeadCounsel,high,,,,,,,,,
A0870,Michael F. Ram,Michael Ram,,,1,"Levy Ram and Olson, llp; Ram and Olson L.L.P.; Morgan & Morgan Complex Litigation Group; Morgan & Morgan Mass Tort Dept.",3,6,"2098, 3014, 3052",ClassCounsel; Expert; LeadCounsel; Management,high,,,,,,,,,
A0871,Sam Lock,,,,1,Law Offices of Sam Lock,1,2,2098,Communications,high,,,,,,,,,
A0872,Jeffrey J. Corrigan,,,,1,"Spector Roseman Kodroff & Willis, P.C.",1,1,2081,Communications,high,,,,,,,,,
A0873,Paul H. Saint-Antoine,,,,1,"Drinker Biddle & Reath, LLP",1,1,2081,Communications,high,,,,,,,,,
A0874,Daniel Kotchen,,,,1,Kotchen & Low LLP,1,1,2089,LeadCounsel,high,,,,,,,,,
A0875,David Flint,,,,1,"Schreeder, Wheeler & Flint, LLP",1,1,2089,Communications,high,,,,,,,,,
A0876,Richard A. Koffman,Richard Koffman,,,1,Cohen Milstein Sellers & Toll PLLC; Cohen Milstein L.L.P.,2,6,"2109, 2668",ClassCounsel; LeadCounsel; Management,high,,,,,,,,,
A0877,Mark Niemeyer,Mark R. Niemeyer,,,1,,2,3,"2100, 2385",Communications; LeadCounsel,high,,,,,,,,,
A0878,Roopal P. Luhana,Roopal Luhana,,,1,Chaffin Luhana LLP; CHAFFIN LUHANA LLP,4,6,"2100, 2924, 3004, 3084",Discovery; LeadCounsel; Management,high,,,,,,,,,
A0879,Trent B. Miracle,Trent Miracle,,,1,Flint Cooper LLC; SIMMONS HANLY CONROY; FLINT COOPER LLC,3,5,"2100, 3079, 3092",LeadCounsel; Management,high,,,,,,,,,
A0880,Jay Edelson,JAY EDELSON,,,1,"Edelson McGuire, LLC; Edelson PC; Edelson McGuire LLC",6,8,"2103, 2167, 2250, 2261, 2985, 3001",ClassCounsel; LeadCounsel; Management; Settlement,high,,,,,,,,,
A0881,Michael J. McMorrow,MICHAEL J. MCMORROW,,,1,"Edelson McGuire LLC; Edelson McGuire, LLC; Smith & McMorrow, P.C.",2,3,"2103, 2261",ClassCounsel; LeadCounsel,high,,,,,,,,,
A0882,Seth Safier,,,,1,"Gutride Safier, LLP",1,1,2103,Management,high,,,,,,,,,
A0883,Adam Gutride,,,,1,"Gutride Safier, LLP",1,1,2103,Management,high,,,,,,,,,
A0884,David C. Parisi,,,,1,Parisi & Havens LLP,2,2,"2103, 2513",ClassCounsel; Management,high,,,,,,,,,
A0885,Mark H. Freedman,,,,1,"Law Offices of Freedman & Freedman, PLC",1,1,2103,Management,high,,,,,,,,,
A0886,Allan Kanner,,,,1,"Kanner & Whiteley, L.L.C.",1,2,2107,ClassCounsel; LeadCounsel,high,,,,,,,,,
A0887,Richard Golomb,Richard M. Golomb,,,1,"Golomb & Honik, P.C.; Golomb & Honik, P.A.; Golomb Spirt Grunfeld PC",3,7,"2107, 2969, 3043",ClassCounsel; Communications; Management,high,,,,,,,,,
A0888,Ruben Honik,,,,1,Honik LLC,2,3,"2107, 3050",ClassCounsel; Communications; LeadCounsel,high,,,,,,,,,
A0889,Gillian Wade,,,,1,Milstein Adelman LLP,2,2,"2107, 2199",ClassCounsel; Management,high,,,,,,,,,
A0890,Charles E. Tompkins,,,,1,Williams Montgomery & John Ltd.,1,3,2109,ClassCounsel; LeadCounsel,high,,,,,,,,,
A0891,Peter J. Bezek,,,,1,Foley Bezek Behle & Curtis,1,1,2141,ClassCounsel,high,,,,,,,,,
A0892,Craig Litherland,,,,1,Gilbert LLP,1,1,2124,ClassCounsel,high,,,,,,,,,
A0893,David Millstein,,,,1,Millstein and Associates,1,1,2124,ClassCounsel,high,,,,,,,,,
A0894,Ronald Gossett,Ronald P. Gossett,,,1,,1,2,2183,Communications; LeadCounsel,high,,,,,,,,,
A0895,Catherine Rodriguez,,,,1,,1,1,2183,Communications,high,,,,,,,,,
A0896,Guido Saveri,,,,1,"Saveri & Saveri, Inc",1,2,2143,Management,high,,,,,,,,,
A0897,Steven Woodrow,,,,1,"Edelson McGuire, LLC",1,1,2167,ClassCounsel,high,,,,,,,,,
A0898,Karin Fisch,,,,1,"Abbey Spanier Rodd & Abrams, LLP",1,1,2167,ClassCounsel,high,,,,,,,,,
A0899,Brian Murray,,,,1,"Murray Frank, LLP",1,1,2167,ClassCounsel,high,,,,,,,,,
A0900,Andrew D. Schau,,,,1,Covington & Burling LLP,1,1,2190,Communications,high,,,,,,,,,
A0901,William Blechman,,,,1,"Kenny Nachwalter; Kenny Nachwalter, P.A.",2,3,"2196, 2925",Communications,high,,,,,,,,,
A0902,Kendall Millard,,,,1,Barnes & Thornburg LLP,1,3,2196,Communications,high,,,,,,,,,
A0903,Ira P. Rothken,,,,1,Rothken Law Firm,1,1,2188,ClassCounsel,high,,,,,,,,,
A0904,Mark Dearman,Mark J. Dearman,,,1,Robbins Geller Rudman & Dowd LLP; ROBBINS GELLER RUDMAN & DOWD LLP,4,6,"2188, 2905, 2924, 3080",ClassCounsel; Management,high,,,,,,,,,
A0905,BEHRAM V. PAREKH,Behram V. Parekh,,,1,Kirtland & Packard LLP; KIRTLAND & PACKARD LLP,2,3,"2188, 2199",ClassCounsel; LeadCounsel,high,,,,,,,,,
A0906,Michael Buchman,Michael M. Buchman,,,1,"Pomerantz Haudek Grossman & Gross LLP; Pomerantz, Grossman, Hufford, Dahlstrom & Gross, LLP; Motley Rice LLC",3,3,"2173, 2409, 2966",ClassCounsel; LeadCounsel; Management,high,,,,,,,,,
A0907,Christopher C. Casper,,,,1,"James, Hoyer, Newcomer, Smiljanich & Yanchunis, P.A.",1,1,2173,Communications,high,,,,,,,,,
A0908,Michael Anthony Lindsay,,,,1,,1,1,2173,Communications,high,,,,,,,,,
A0909,Chul Pak,,,,1,,1,1,2173,Communications,high,,,,,,,,,
A0910,Julie E. McEvoy,,,,1,,1,1,2173,Communications,high,,,,,,,,,
A0911,Stanley Bernstein,,,,1,Bernstein Liebhard LLP,1,2,2196,Management,high,,,,,,,,,
A0912,Robert Eisler,,,,1,Grant & Eisenhofer P.A.,1,2,2196,Management,high,,,,,,,,,
A0913,Mindee Rueben,,,,1,Weinstein Kitchenoff & Asher LLC,1,2,2196,Management,high,,,,,,,,,
A0914,Brian Strange,Brian R. Strange,,,1,Strange & Carpenter,3,5,"2196, 2238, 2258",ClassCounsel; Management,high,,,,,,,,,
A0915,Richard Kerger,,,,1,"Kerger & Hartman, LLC",1,1,2196,Management,high,,,,,,,,,
A0916,J.R. Whaley,,,,1,"Neblett, Beard & Arsenault",1,2,2199,Management,high,,,,,,,,,
A0917,Mark J. Geragos,,,,1,Geragos & Geragos APC; Geragos & Geragos,2,2,"2199, 2220",Management,high,,,,,,,,,
A0918,Barbara R. Rudolph,,,,1,"Finnegan, Henderson, Farabow, Garrett & Dunner, LLP",1,1,2200,LeadCounsel,high,,,,,,,,,
A0919,Mary W. Bourke,,,,1,Connolly Bove Lodge & Hutz LLP,1,1,2200,Communications,high,,,,,,,,,
A0920,HEATHER M. PETERSON,,,,1,KIRTLAND & PACKARD LLP; Kirtland & Packard LLP,1,2,2199,LeadCounsel,high,,,,,,,,,
A0921,Jennifer Rives Culler,,,,1,"STACK & ASSOCIATES, P.C.",1,3,2218,Communications,high,,,,,,,,,
A0922,James Latturner,,,,1,"Edelman, Combs, Latturner & Goodwin, LLC",1,2,2223,Communications,high,,,,,,,,,
A0923,Daniel Edelman,,,,1,"Edelman, Combs, Latturner & Goodwin, LLC",1,2,2223,Communications,high,,,,,,,,,
A0924,Francis R. Greene,,,,1,"Edelman, Combs, Latturner & Goodwin, LLC",1,2,2223,Communications,high,,,,,,,,,
A0925,Vincent Briganti,,,,1,"Lowey Dannenberg Cohen & Hart, P.C.; Lowey Dannenberg, P.C.",2,2,"2213, 3107",LeadCounsel; Management,high,,,,,,,,,
A0926,William P. Butterfield,,,,1,Hausfeld LLP,1,1,2213,Management,high,,,,,,,,,
A0927,J. Douglas Richards,,,,1,"Cohen Milstein Sellers & Toll PLLC; Cohen Milstein Sellers & Toll, PLLC",2,2,"2213, 2409",LeadCounsel; Management,high,,,,,,,,,
A0928,Michael von Loewenfeldt,,,,1,Kerr & Wagstaffe LLP,1,1,2208,ClassCounsel; LeadCounsel,high,,,,,,,,,
A0929,Daniel D. King,,,,1,"The Daniel D. King Law Firm, PLLC",1,1,2208,ClassCounsel; LeadCounsel,high,,,,,,,,,
A0930,Eric G. Calhoun,,,,1,,1,1,2234,ClassCounsel,high,,,,,,,,,
A0931,Simcha D. Schonfeld,,,,1,"Koss & Schonfeld, LLP",1,1,2220,Management,high,,,,,,,,,
A0932,Solomon Klein,,,,1,"Klein & Solomon, LLP",1,1,2220,Management,high,,,,,,,,,
A0933,James L. Deese,,,,1,,1,1,2220,Management,high,,,,,,,,,
A0934,D. Scott Kalish,,,,1,,1,1,2220,Management,high,,,,,,,,,
A0935,Harry Rankin,,,,1,Sutton Rankin PLC,1,1,2226,Communications,high,,,,,,,,,
A0936,Donald Stack,,,,1,,1,2,2218,Communications,high,,,,,,,,,
A0937,Charles E. Schaffer,Charles Schaffer,Charles E Schaffer,,1,"Levin Sedran & Berman LLP; Levin, Fishbein, Sedran & Berman; Levin Fishbein Sedran and Berman; Levin Sedran & Berman, LLP",12,27,"02000, 03083, 2223, 2320, 2359, 2514, 3014, 3050, 3056, 3083, 3108, 3114",ClassCounsel; Communications; Discovery; Expert; LeadCounsel; Management; Motions,high,,,,,,,,,
A0938,Patrick Wayne Pendley,Patrick W. Pendley,,,1,"Pendley, Baudin & Coffin, L.L.P.; Pendley, Baudin & Coffin, LLP; Pendley, Baudin & Coffin",2,3,"2223, 3014",Fees; Management,high,,,,,,,,,
A0939,Cynthia B. Chapman,,,,1,Caddell & Chapman,1,1,2223,Management,high,,,,,,,,,
A0940,Peter J. Cambs,,,,1,"Parker Waichman Alonso, LLP",1,1,2223,Management,high,,,,,,,,,
A0941,"William E. Hopkins, Jr.",,,,1,"Beasley Allen Crow Methvin Portis & Miles, P.C.",1,1,2223,Management,high,,,,,,,,,
A0942,Richard Barrett,,,,1,"Law Offices of Richard R. Barrett, PLLC",1,1,2223,Management,high,,,,,,,,,
A0943,Roy A. Katriel,,,,1,The Katriel Law Firm,1,1,2223,Management,high,,,,,,,,,
A0944,Stephen Randall,,,,1,"Pearson, Randall & Schumacher, PA",1,1,2226,Management,high,,,,,,,,,
A0945,Andy Williams,,,,1,The Simmons Firm,1,1,2226,Management,high,,,,,,,,,
A0946,Joey Diaz,,,,1,The Diaz Law Firm,1,1,2226,Management,high,,,,,,,,,
A0947,Tracy Rezvani,,,,1,Finkelstein Thompson LLP,1,1,2226,Management,high,,,,,,,,,
A0948,Eric Allan Koch,,,,1,The Koch Law Firm PC,1,1,2226,Management,high,,,,,,,,,
A0949,Jay Urban,,,,1,Urban & Taylor S.C.,1,1,2226,Management,high,,,,,,,,,
A0950,Robert Piper,,,,1,Piper & Associates,1,1,2226,Management,high,,,,,,,,,
A0951,Alan Lazar,,,,1,"Marlin & Saltzman, LLP",1,1,2226,Management,high,,,,,,,,,
A0952,Glen DeValerio,,,,1,Berman DeValerio; BERMAN DEVALERIO,2,3,"2242, 2409",Communications,high,,,,,,,,,
A0953,Marc Wites,,,,1,"Wites & Kapetan, P.A.",1,1,2238,Management,high,,,,,,,,,
A0954,"Joe P. Leniski, Jr.",,,,1,"BRANSTETTER, STRANCH & JENNINGS, PLLC",1,1,2242,ClassCounsel,high,,,,,,,,,
A0955,David Franco,,,,1,DUGAN LAW FIRM,1,1,2242,ClassCounsel,high,,,,,,,,,
A0956,Rachel L. Jensen,,,,1,Robbins Geller Rudman & Dowd LLP,1,1,2238,ClassCounsel,high,,,,,,,,,
A0957,Thomas R. Merrick,,,,1,Robbins Geller Rudman & Dowd LLP,1,1,2238,ClassCounsel,high,,,,,,,,,
A0958,Phong L. Tran,,,,1,Robbins Geller Rudman & Dowd LLP,1,1,2238,ClassCounsel,high,,,,,,,,,
A0959,Douglas J. Campion,DOUGLAS J. CAMPION,,,1,Law Offices of Douglas J. Campion,1,2,2261,ClassCounsel; Communications,high,,,,,,,,,
A0960,Jeremy Wilson,,,,1,"Wilson, Troclair & Lovins",1,1,2264,Management,high,,,,,,,,,
A0961,David Birka-White,,,,1,Birka-White Law Offices,1,1,2247,ClassCounsel,high,,,,,,,,,
A0962,David Greenberg,,,,1,Law Offices of David H. Greenberg,1,1,2247,ClassCounsel,high,,,,,,,,,
A0963,David A. McKay,,,,1,"Herman Gerel, LLP; Law Offices of David A. McKay LLC",1,2,2258,ClassCounsel; Management,high,,,,,,,,,
A0964,Paul J. Geller,,,,1,"Robbins Geller Rudman & Dowd, LLP; Robbins Geller Rudman & Dowd LLP",1,2,2258,ClassCounsel; Management,high,,,,,,,,,
A0965,Dan Speights,,,,1,Speights and Runyan,1,1,02000,ClassCounsel; LeadCounsel,high,,,,,,,,,
A0966,"A. G. Solomons, III",,,,1,Speights and Runyan,1,1,02000,ClassCounsel; LeadCounsel,high,,,,,,,,,
A0967,Thomas H. Pope,,,,1,Pope and Hudgens,1,1,02000,ClassCounsel; LeadCounsel,high,,,,,,,,,
A0968,Rhonda H. Wills,,,,1,Wills Law Firm,1,1,2266,LeadCounsel,high,,,,,,,,,
A0969,Reagan W. Simpson,,,,1,Yetter Coleman LLP,1,1,2266,LeadCounsel,high,,,,,,,,,
A0970,R. Paul Yetter,,,,1,Yetter Coleman LLP,1,1,2266,LeadCounsel,high,,,,,,,,,
A0971,Diana Marshall,,,,1,"Marshall & Lewis, LLP",1,1,2266,LeadCounsel,high,,,,,,,,,
A0972,Ronald Lewis,,,,1,"Marshall & Lewis, LLP",1,1,2266,LeadCounsel,high,,,,,,,,,
A0973,John M. Padilla,,,,1,"Padilla, Rodriguez & de la Garza, LLP",1,1,2266,LeadCounsel,high,,,,,,,,,
A0974,Mark Stewart,,,,1,Ballard Spahr,1,1,2284,Communications,high,,,,,,,,,
A0975,Robert Kitchenoff,,,,1,"Weinstein, Kitchenoff & Asher; Weinstein, Kitchenoff & Asher LLC",2,2,"2284, 2668",Communications; Management,high,,,,,,,,,
A0976,Richard Kitchenoff,,,,1,"Weinstein, Kitchenoff & Asher",1,1,2284,Settlement,high,,,,,,,,,
A0977,Dawn M. Chmielewski,,,,1,"Neblett, Beard & Arsenault; Climaco, Wilcox, Peca, Tarantino & Garofoli Co., L.P.A.",1,3,2299,Management,high,,,,,,,,,
A0978,Donald C. Arbitblit,,,,1,"Lieff Cabraser Heimann & Bernstein, LLP",1,1,2299,Management,high,,,,,,,,,
A0979,Tara T. Tabatabaie,,,,1,"Sill Law Group, PLLC",1,1,2299,Management,high,,,,,,,,,
A0980,Jordan L. Chaikin,Jordan Chaikin,,,1,"Parker Waichman, LLP; Chaikin Law Firm PLLC",5,5,"02000, 2320, 2333, 2514, 2688",ClassCounsel; Management,high,,,,,,,,,
A0981,Shanon Carson,Shanon J. Carson,,,1,"Berger Montague PC; Berger Montague; Berger & Montague, P.C.; Berger & Montague, PC",4,8,"02000, 2359, 3014, 3081",ClassCounsel; LeadCounsel; Management; Motions,high,,,,,,,,,
A0982,D. Dorian Britt,,,,1,"Tate Law Group, LLC",1,1,02000,ClassCounsel,high,,,,,,,,,
A0983,David R. Dugas,,,,1,McGlinchey Stafford PLLC,1,1,2299,LeadCounsel,high,,,,,,,,,
A0984,Sara J. Gourley,,,,1,Sidley Austin (Chicago),1,1,2299,LeadCounsel,high,,,,,,,,,
A0985,"Ronald E. Johnson, Jr.","Ronald (“Rome”) V. Johnson, IV",Ronald Johnson,Ronald E. Johnson,1,"Schachter, Hendy & Johnson, PSC",4,7,"2308, 2385, 3021, 3047",LeadCounsel; Management,high,,,,,,,,,
A0986,Robert K. Jenner,,,,1,"Janet, Jenner & Suggs, LLC",2,2,"2308, 2502",LeadCounsel; Management,high,,,,,,,,,
A0987,Penny U. Hendy,Penny Unkraut Hendy,,,1,"Schachter, Hendy & Johnson, PSC",1,2,2308,Communications; LeadCounsel; Management,high,,,,,,,,,
A0988,David A. Straite,DAVID A. STRAITE,David Straite,,1,"STEWARTS LAW US LLP; DiCello Levitt Gutzler LLC; Kaplan Fox & Kilsheimer, LLP; STRAITE PLLC",2,7,"2314, 2358",ClassCounsel; LeadCounsel; Management,high,,,,,,,,,
A0989,Ralph N. Sianni,RALPH N. SIANNI,,,1,STEWARTS LAW US LLP,1,2,2314,LeadCounsel,high,,,,,,,,,
A0990,Michele S. Carino,,,,1,STEWARTS LAW US LLP,1,1,2314,LeadCounsel,high,,,,,,,,,
A0991,Lydia E. York,,,,1,STEWARTS LAW US LLP,1,1,2314,LeadCounsel,high,,,,,,,,,
A0992,Janine L. Pollack,,,,1,Milberg LLP,1,2,2308,ClassCounsel,high,,,,,,,,,
A0993,James P. Frickleton,James Frickleton,,,1,"Bartimus, Frickleton, Robertson & Goza, P.C.; Bartimus Frickleton Robertson Rader",1,2,2314,Management,high,,,,,,,,,
A0994,Jay Vaughn,,,,1,"Schachter, Hendy & Johnson, PSC",1,1,2308,LeadCounsel,high,,,,,,,,,
A0995,Wayne Lee,,,,1,,1,1,2328,Communications,high,,,,,,,,,
A0996,Jay Barnes,,,,1,Simmons Hanly Conroy LLC; Barnes & Associates,2,4,"2314, 2443",ClassCounsel; Management,high,,,,,,,,,
A0997,Mark S. Mandell,,,,1,,1,2,2314,Management,high,,,,,,,,,
A0998,Lucy J. Karl,,,,1,"SHAHEEN & GORDON, P.A.",1,2,2320,ClassCounsel,high,,,,,,,,,
A0999,Eric Holland,Eric D. Holland,,,1,"Holland Law Firm; Holland, Groves, Schneller & Stolze",4,8,"2320, 2359, 2474, 3043",ClassCounsel; Discovery; LeadCounsel; Management,high,,,,,,,,,
A1000,John A. Peca,,,,1,"Climaco, Wilcox, Peca, Tarantino & Garofoli Co., LPA",2,2,"2320, 2333",Management,high,,,,,,,,,
A1001,Matthew B. Butler,,,,1,,1,1,2320,Management,high,,,,,,,,,
A1002,David C. Rash,,,,1,,1,1,2320,Management,high,,,,,,,,,
A1003,Patrick C. Morrow,,,,1,Morrow Morrow et al,1,1,2299,Communications; Management,high,,,,,,,,,
A1004,Stephen B. Murray,,,,1,Murray Law Firm,1,1,2299,Management,high,,,,,,,,,
A1005,Stephanie O'Connor,Stephanie O’Connor,,,1,"Douglas & London P.C.; Douglas & London, P.C.",2,2,"2299, 2342",Management,high,,,,,,,,,
A1006,"William H. “Billy” Murphy, Jr.","William H. Murphy, Jr.",,,1,Murphy Falcon Murphy,1,2,2314,Management,high,,,,,,,,,
A1007,Paul Kiesel,,,,1,Kiesel Law LLP,1,1,2314,Management,high,,,,,,,,,
A1008,Stephen Gorny,Stephen M. Gorny,,,1,"the Gorny Law Firm, LC",1,2,2314,Management,high,,,,,,,,,
A1009,"William M. Cunningham, Jr.",,,,1,"Burns, Cunningham & Mackey, P.C.",1,2,2314,Management,high,,,,,,,,,
A1010,Andrew J. Lyskowski,Andrew Lyskowski,,,1,Bergmanis Law Firm LLC,2,3,"2314, 2443",Management,high,,,,,,,,,
A1011,Margery Bronster,,,,1,Bronster Fujichaku Robbins A Law Corporation,2,3,"2314, 3036",Management; Settlement,high,,,,,,,,,
A1012,Grant Woods,,,,1,,1,1,2314,Management,high,,,,,,,,,
A1013,Mike Moore,,,,1,,1,1,2314,Management,high,,,,,,,,,
A1014,Richard Ieyoub,,,,1,,1,1,2314,Management,high,,,,,,,,,
A1015,Douglas G. Thompson Jr.,"Douglas G. Thompson, Jr.",,,1,,1,2,2328,Management,high,,,,,,,,,
A1016,Ben Bingham,,,,1,"Bingham & Lea, P.C.",1,1,2317,Management,high,,,,,,,,,
A1017,Roger Mandel,,,,1,"Lackey Hershman, LLP",1,1,2317,Management,high,,,,,,,,,
A1018,Antonio Vozzolo,,,,1,Faruqi & Faruqi LLP,1,1,2317,Management,high,,,,,,,,,
A1019,William B. Gaudet,,,,1,"Adams and Reese, LLP",1,2,2328,Communications,high,,,,,,,,,
A1020,Ronald J. Aranoff,,,,1,Wollmuth Maher & Deutsch LLP; BERNSTEIN LIEBHARD LLP,2,4,"2328, 2931",ClassCounsel; Communications; LeadCounsel; Management,high,,,,,,,,,
A1021,Scott R. Bickford,,,,1,"Martzell, Bickford & Centola, APC",2,2,"2328, 2996",Management,high,,,,,,,,,
A1022,Daniel W. Krasner,,,,1,,1,1,2328,Management,high,,,,,,,,,
A1023,Michael Brady,Michael F. Brady,,,1,Brady & Associates,1,3,2328,ClassCounsel,high,,,,,,,,,
A1024,Justin O. Lucey,"Justin Lucey, Esquire",Justin Lucey,,1,"JUSTIN O’TOOLE LUCEY, PA; The Lucey Law Firm; Justin O’Toole Lucey, P.A.",2,4,"2333, 2514",ClassCounsel; Communications; Management,high,,,,,,,,,
A1025,"Walter H. Bundy, Jr.",,,,1,"SMITH, BUNDY, BYBEE & BARNETT, P.C.; Smith Bundy, Bybee & Barnett P.C.",1,2,2333,ClassCounsel,high,,,,,,,,,
A1026,Sean K. O'Dowd,,,,1,"Bernstein Litowitz Berger & Grossmann, LLP",1,1,2335,LeadCounsel,high,,,,,,,,,
A1027,Mark S. Cheffo,Mark Cheffo,,,1,"Quinn Emanuel Urquhart & Sullivan, LLP; Dechert; DECHERT LLP",4,8,"2342, 2458, 2502, 2924",Communications; Discovery; LeadCounsel; Management,high,,,,,,,,,
A1028,Alyson Oliver,Alyson L. Oliver,,,1,Oliver Law Group PC; Oliver Law Group P.C.,3,4,"2333, 3014, 3083",Fees; Management,high,,,,,,,,,
A1029,"Edward Eshoo, Jr.",,,,1,"Childress Duffy, Ltd.",2,2,"2333, 2688",Management,high,,,,,,,,,
A1030,"W.H. Bundy, Jr.",,,,1,"Smith, Bundy, Bybee & Barnett, PC",1,1,2333,Management,high,,,,,,,,,
A1031,Brent McDonald,,,,1,"Smith, Bundy, Bybee & Barnett, PC",1,1,2333,Management,high,,,,,,,,,
A1032,C. Erik Hawes,,,,1,,1,1,2355,,high,,,,,,,,,
A1033,Michael E. Schonberg,,,,1,,1,1,2355,LeadCounsel,high,,,,,,,,,
A1034,Jeremiah Frei-Pearson,,,,1,"Finkelstein, Blankinship, Frei-Pearson & Garber, LLP",1,5,2357,ClassCounsel; LeadCounsel; Management,high,,,,,,,,,
A1035,Peter J. Mougey,,,,1,"Levin, Papantonio, Thomas, Mitchell, Rafferty & Proctor, P.A.",1,2,2357,Management,high,,,,,,,,,
A1036,David C. O’Mara,,,,1,"The O’Mara Law Firm, P.C.",1,2,2357,Communications,high,,,,,,,,,
A1037,Steven B. Singer,,,,1,BERNSTEIN LITOWITZ BERGER & GROSSMANN LLP,1,1,2335,Management,high,,,,,,,,,
A1038,Michael Thornton,,,,1,THORNTON & NAUMES LLP,1,1,2335,Management,high,,,,,,,,,
A1039,Frank Schirripa,Frank R. Schirripa,,,1,HACH ROSE SCHIRRIPA & CHEVERIE LLP; Hach Rose Schirripa & Cheverie LLP,2,2,"2335, 2989",LeadCounsel; Management,high,,,,,,,,,
A1040,Brian K. Murphy,,,,1,MURRAY MURPHY MOUL + BASIL LLP,1,1,2335,Management,high,,,,,,,,,
A1041,Shane P. Sanders,,,,1,ROBBINS UMEDA LLP,1,1,2335,Management,high,,,,,,,,,
A1042,Bradley E. Beckworth,,,,1,"NIX, PATTERSON & ROACH, L.L.P.",1,1,2335,Management,high,,,,,,,,,
A1043,Philip Marsh,,,,1,,1,1,2354,Communications,high,,,,,,,,,
A1044,Maya Eckstein,,,,1,,1,1,2354,Communications,high,,,,,,,,,
A1045,Bryan F. Aylstock,Bryan Aylstock,,,1,"Aylstock Witkin Kreis & Overholtz, PLLC; Aylstock, Witkin, Kreis & Overholtz PLLC; Aylstock Witkin Kreis Overholtz PLLC; Aylstock, Witkin, Kreis & Overholtz",5,7,"2342, 2458, 3025, 3089, 3140",ClassCounsel; LeadCounsel; Management,high,,,,,,,,,
A1046,Kimberly D. Barone Baden,,,,1,Motley Rice LLC,1,1,2342,Management,high,,,,,,,,,
A1047,Edward Braniff,,,,1,Weitz & Luxemberg,1,1,2342,Management,high,,,,,,,,,
A1048,David F. Miceli,David Miceli,,,1,"Simmons Browder Gianaris Angelides and Barnerd, LLC; Simmons, Browder, Gianaris, Angelides & Barnerd, LLC",2,3,"2342, 2502",Management,high,,,,,,,,,
A1049,Sean Tracey,Sean Patrick Tracey,,,1,Tracey Law Firm,2,4,"2342, 3043",Bellwether; Management; Vetting,high,,,,,,,,,
A1050,Joseph J. Zonies,,,,1,Reilly Pozner LLP,2,2,"2342, 2458",LeadCounsel; Management,high,,,,,,,,,
A1051,Lauren G. Barnes,,,,1,HAGENS BERMAN SOBOL SHAPIRO LLP,1,1,2343,ClassCounsel; LeadCounsel,high,,,,,,,,,
A1052,John Gibson,John R. Gibson,,,1,Duane Morris LLP,1,2,2371,Communications,high,,,,,,,,,
A1053,Michael Heygood,,,,1,,1,1,2372,LeadCounsel,high,,,,,,,,,
A1054,James Orr,,,,1,,1,1,2372,LeadCounsel,high,,,,,,,,,
A1055,Charles Miller,,,,1,,1,1,2372,Communications; LeadCounsel,high,,,,,,,,,
A1056,David Pitcher,,,,1,,1,1,2372,LeadCounsel,high,,,,,,,,,
A1057,Jeffrey Peck,,,,1,,1,1,2372,LeadCounsel,high,,,,,,,,,
A1058,K.C. Green,,,,1,,1,1,2372,LeadCounsel,high,,,,,,,,,
A1059,Jeffrey Geoppinger,,,,1,,1,1,2372,LeadCounsel,high,,,,,,,,,
A1060,Lisa Kuhnell,,,,1,,1,1,2372,Communications,high,,,,,,,,,
A1061,Paul W. Schmidt,,,,1,Covington & Burling LLP,1,1,2385,LeadCounsel,high,,,,,,,,,
A1062,Orlando Rod Richmond,,,,1,,1,2,2385,LeadCounsel,high,,,,,,,,,
A1063,Dan Ball,,,,1,,1,2,2385,Communications,high,,,,,,,,,
A1064,Eric Hudson,,,,1,,1,2,2385,Communications,high,,,,,,,,,
A1065,Beth S. Rose,,,,1,,1,2,2385,Communications; LeadCounsel,high,,,,,,,,,
A1066,"Edward R. Nelson, III",,,,1,Nelson Bumgardner Casto P.C.,1,1,2371,LeadCounsel,high,,,,,,,,,
A1067,Timothy Grochocinski,,,,1,"InnovaLaw, P.C.",1,1,2371,Communications,high,,,,,,,,,
A1068,Seth Katz,,,,1,,1,3,2385,LeadCounsel; Management; Settlement,high,,,,,,,,,
A1069,Clayton Clark,,,,1,,1,2,2385,Management,high,,,,,,,,,
A1070,Michael Gallagher,Michael M. Gallagher,,,1,Morgan & Morgan,2,3,"2385, 3087",Management,high,,,,,,,,,
A1071,Ned McWilliams,,,,1,,1,2,2385,Management,high,,,,,,,,,
A1072,Steven Davis,,,,1,,1,3,2385,Communications; SettlementAdministration,high,,,,,,,,,
A1073,Erin Copeland,Erin K. Copeland,Erin K Copeland,,1,"Fibich, Leebron, Copeland & Briggs; FIBICH, LEEBRON, COPELAND & BRIGGS",3,7,"2385, 2974, 3092",Coordination; LeadCounsel; Management,high,,,,,,,,,
A1074,Chris Cueto,,,,1,,1,2,2385,Management,high,,,,,,,,,
A1075,Sarah Shoemake Doles,,,,1,"Carey Danis & Lowe; Levin, Papantonio, Rafferty, Proctor, Buchanan, O’Brien, Barr & Mougey, P.A.",2,5,"2385, 3004",Communications; LeadCounsel; Management,high,,,,,,,,,
A1076,Brenda Fulmer,,,,1,,1,2,2385,Management,high,,,,,,,,,
A1077,Michael Lynch,,,,1,,1,2,2385,Management,high,,,,,,,,,
A1078,Eric Weinberg,,,,1,,1,2,2385,Management,high,,,,,,,,,
A1079,Barry Julian,,,,1,,1,1,2385,Management,high,,,,,,,,,
A1080,Ron Meneo,Ron Michael Meneo,,,1,,1,2,2385,Coordination; Settlement,high,,,,,,,,,
A1081,Shawn J. Wanta,,,,1,Baillon Thume Jozwiak Miller & Wanta LLP; Baillon Thome Jozwiak & Wanta LLP; BAILLON THOME JOZWIAK & WANTA LLP,2,3,"2359, 2564",ClassCounsel; Discovery; LeadCounsel; Management,high,,,,,,,,,
A1082,Karen H. Riebel,Karen Hanson Riebel,Karen Riebel,,1,Lockridge Grindal Nauen PLLP; Lockridge Grindal Nauen P.L.L.P.,6,21,"03083, 2359, 2583, 2915, 3083, 3108",ClassCounsel; Discovery; Expert; LeadCounsel; Management,high,,,,,,,,,
A1083,Mariana Cole,,,,1,,1,1,2359,Discovery,high,,,,,,,,,
A1084,Victoria Romanenko,,,,1,,1,1,2359,Discovery,high,,,,,,,,,
A1085,Brian Fox,,,,1,,1,1,2359,Discovery,high,,,,,,,,,
A1086,Robin Switzenbaum,,,,1,,1,1,2359,Motions,high,,,,,,,,,
A1087,Frances Baillon,,,,1,,1,1,2359,Motions,high,,,,,,,,,
A1088,Lawrence Deutsch,,,,1,,1,1,2359,Motions,high,,,,,,,,,
A1089,John Restaino,,,,1,,1,1,2385,Management,high,,,,,,,,,
A1090,Sobol,,,,1,,1,1,2409,LeadCounsel,high,,,,,,,,,
A1091,Gerstein,,,,1,,1,1,2409,LeadCounsel,high,,,,,,,,,
A1092,Sorensen,,,,1,,1,1,2409,LeadCounsel,high,,,,,,,,,
A1093,Beth Terrell,,,,1,"Terrell Marshall Daudt & Willie, PLLC",1,1,2416,ClassCounsel; LeadCounsel,high,,,,,,,,,
A1094,Keith Keogh,Keith J. Keogh,,,1,"Keogh Law, Ltd.; Keogh Law Ltd.; Keogh Law, LTD",2,3,"2416, 2478",ClassCounsel; Communications; LeadCounsel,high,,,,,,,,,
A1095,Tom Zimmerman,,,,1,Zimmerman Law Offices,2,3,"2439, 3108",LeadCounsel; Management,high,,,,,,,,,
A1096,Stephen P. DeNittis,Stephen Denittis,,,1,"DeNittis Osefchen, P.C.; Denittis Osefchen Prince, P.C.",3,3,"2439, 2588, 2903",ClassCounsel; LeadCounsel; Management,high,,,,,,,,,
A1097,Sean F. Rommel,,,,1,,1,1,2430,LeadCounsel,high,,,,,,,,,
A1098,F. Jerome Tapley,,,,1,,1,1,2430,LeadCounsel,high,,,,,,,,,
A1099,Caroline F. Bartlett,Caroline Fabend Bartlett,Caroline Bartlett,,1,Carella Byrne Cecchi Brody Agnello P.C.; Carella Byrne,4,6,"2415, 2973, 3055, 3108",Communications; Discovery; LeadCounsel; Management,high,,,,,,,,,
A1100,Benedict Morelli,Benedict P. Morelli,,,1,"Morelli, Alters, Ratner, P.C.; Morelli Law Firm, PLLC",2,2,"2415, 2654",Management,high,,,,,,,,,
A1101,Judy Scolnick,,,,1,"Scott + Scott, LLP",1,1,2415,Management,high,,,,,,,,,
A1102,Roland Tellis,,,,1,"Baron & Budd, P.C.; Baron Budd, P.C.",6,9,"2415, 2905, 2948, 3047, 3051, 3052",ClassCounsel; LeadCounsel; Management,high,,,,,,,,,
A1103,Olha N.M. Rybakoff,,,,1,Tennessee Attorney General's Office,1,1,2446,LeadCounsel,high,,,,,,,,,
A1104,Gregory C. Strong,,,,1,Delaware Department of Justice,1,1,2446,Communications,high,,,,,,,,,
A1105,Jayne A. Goldstein,,,,1,Shepherd Finkelman Miller & Shah LLP,1,1,2409,LeadCounsel,high,,,,,,,,,
A1106,Brian Penny,,,,1,"Goldman, Scarlato, Karon & Penny, PC",1,1,2409,Management,high,,,,,,,,,
A1107,Joseph P. Guglielmo,Joseph Guglielmo,Joseph P Guglielmo,,1,"Scott+Scott Attorneys at Law LLP; SCOTT+SCOTT, LLP; Scott+Scott, Attorneys at Law, LLP; Scott + Scott, Attorneys at Law LLP",9,11,"2409, 2583, 2904, 3050, 3056, 3080, 3083, 3114, 3115",ClassCounsel; Communications; Discovery; LeadCounsel; Management,high,,,,,,,,,
A1108,Thomas Shapiro,,,,1,"Shapiro, Haber, & Urmy LLP",1,1,2409,Management,high,,,,,,,,,
A1109,Samuel Rudman,,,,1,,1,1,2450,LeadCounsel,high,,,,,,,,,
A1110,John Yanchunis,John A. Yanchunis,"John A. Yanchunis, Sr.",,1,Morgan & Morgan Complex Litigation Group; Morgan & Morgan,7,13,"2450, 2583, 2915, 2994, 3083, 3090, 3115",ClassCounsel; Communications; Expert; LeadCounsel; Management,high,,,,,,,,,
A1111,Richard McCune,,,,1,,1,1,2450,Management,high,,,,,,,,,
A1112,Steven Jaffe,,,,1,,1,1,2450,Management,high,,,,,,,,,
A1113,Bruce Steckler,,,,1,,1,1,2450,Management,high,,,,,,,,,
A1114,Scott E. Silbert,,,,1,,1,1,2454,Communications; Management,high,,,,,,,,,
A1115,Craig Watson,,,,1,,1,1,2454,Communications,high,,,,,,,,,
A1116,Anthony De Los Reyes,,,,1,,1,1,2454,Management,high,,,,,,,,,
A1117,Gregory L. Bentley,,,,1,,1,1,2454,Management,high,,,,,,,,,
A1118,Michael J. Ecuyer,,,,1,,1,1,2454,Management,high,,,,,,,,,
A1119,W. Michael Hingle,,,,1,,1,1,2454,Management,high,,,,,,,,,
A1120,Peter Durney,,,,1,,1,1,2454,Management,high,,,,,,,,,
A1121,Daniel M. Hodes,,,,1,,1,1,2454,Management,high,,,,,,,,,
A1122,"Garth D. Wojtanowicz, Esq.",Garth D. Wojtanowicz,,,1,HAGENS BERMAN SOBOL SHAPIRO LLP,1,2,2455,ClassCounsel,high,,,,,,,,,
A1123,Eric Lechtzin,,,,1,"Berger & Montague, P.C.; Berger & Montague",1,2,2474,ClassCounsel; LeadCounsel,high,,,,,,,,,
A1124,David M. Cialkowski,David Cialkowski,,,1,"Zimmerman Reed, PLLP; Zimmerman Reed; Zimmerman Reed LLP",3,5,"2474, 2993, 3107",ClassCounsel; LeadCounsel; Management,high,,,,,,,,,
A1125,R. Seth Crompton,,,,1,Holland Law Firm,1,1,2474,ClassCounsel,high,,,,,,,,,
A1126,Lewis Goldfarb,,,,1,"McElroy, Deutsch, Mulvaney & Carpenter, LLP",1,2,2471,Communications,high,,,,,,,,,
A1127,Khaldoun A. Baghdadi,Khaldoun Baghdadi,,,1,"Walkup, Melodia, Kelly & Schoenberger; Law Offices of Walkup, Melodia, Kelly & Schoenberger, A Professional Corporation",5,6,"2443, 2532, 3004, 3047, 3084",Communications; Coordination; LeadCounsel; Management,high,,,,,,,,,
A1128,Adam Voyles,,,,1,,1,1,2443,Management,high,,,,,,,,,
A1129,Douglas Campbell,,,,1,,1,1,2443,Management,high,,,,,,,,,
A1130,Joseph Scott Nabers,,,,1,"Blizzard, McCarthy & Nabers",1,1,2458,Management,high,,,,,,,,,
A1131,Jason Richards,,,,1,"Aylstock Witkin Kreis & Overholtz, PLLC",1,1,2458,Management,high,,,,,,,,,
A1132,Timothy J. Becker,,,,1,"Johnson // Becker, PLLC; JOHNSON // BECKER, PLLC",4,9,"2458, 3026, 3079, 3092",Communications; LeadCounsel; Management,high,,,,,,,,,
A1133,Karen Barth Menzies,,,,1,"Robinson Calcagnie Robinson Shapiro Davis, Inc.",1,1,2458,Management,high,,,,,,,,,
A1134,Rosemary Pinto,,,,1,Feldman and Pinto,1,1,2458,Management,high,,,,,,,,,
A1135,Christopher Schnieders,,,,1,Wagstaff & Cartmell,1,1,2458,Management,high,,,,,,,,,
A1136,John S. Steward,,,,1,"Steward Law Firm, LLC",1,1,2474,LeadCounsel,high,,,,,,,,,
A1137,Craig J. Mariam,,,,1,"Gordon & Rees, LLP",1,1,2478,Communications,high,,,,,,,,,
A1138,Thomas C. Blatchley,,,,1,"Gordon & Rees, LLP",1,1,2478,Communications,high,,,,,,,,,
A1139,Allison Fernandez,,,,1,"Gordon & Rees, LLP",1,1,2478,Communications,high,,,,,,,,,
A1140,Sergei Lemberg,,,,1,Lemberg Law LLC,1,1,2478,ClassCounsel; LeadCounsel,high,,,,,,,,,
A1141,Brad E. Seidel,Brad Seidel,,,1,"Nix, Patterson & Roach, LLP",1,2,2502,Management,high,,,,,,,,,
A1142,Nelson J. Roach,,,,1,"Nix, Patterson & Roach, LLP",1,1,2502,Management,high,,,,,,,,,
A1143,"Edwin J. Kilpela, Jr.",,,,1,Del Sole Cavanaugh Stroyd LLC,1,1,2491,Management,high,,,,,,,,,
A1144,Stewart M. Weltman,,,,1,Stewart M. Weltman LLC,1,1,2491,Management,high,,,,,,,,,
A1145,Derek Y. Brandt,Derek Brandt,,,1,"Simmons, Browder Gianaris Angelides & Barnerd, LLC; McCune Wright Arevalo, LLP",2,2,"2519, 2993",ClassCounsel; Communications,high,,,,,,,,,
A1146,Kit A. Pierson,,,,1,Cohen Milstein Sellers & Toll PLLC,1,2,2508,ClassCounsel; Settlement,high,,,,,,,,,
A1147,Solomon B. Cera,,,,1,Gold Bennett Cera & Sidener LLP; Cera LLP,1,2,2508,ClassCounsel; Settlement,high,,,,,,,,,
A1148,"Scott N. Brown, Jr.",Scott N. Brown,,,1,"Spears, Moore, Rebman & Williams, P.C.",1,2,2508,Communications; Settlement,high,,,,,,,,,
A1149,Terence S. Ziegler,,,,1,"Kessler Topaz Meltzer & Check, LLP",1,1,2508,Settlement,high,,,,,,,,,
A1150,Ronald J. Berke,,,,1,"Berke, Berke, & Berke",1,1,2508,Settlement,high,,,,,,,,,
A1151,Charles Barrett,,,,1,"Neal & Harwell, PLC; The Barrett Law Group",2,4,"2508, 3032",Communications; Settlement,high,,,,,,,,,
A1152,Roger W. Dickson,,,,1,"Miller & Martin, PLLC",1,1,2508,Settlement,high,,,,,,,,,
A1153,Joseph A. Ostoyich,,,,1,"Baker Botts, L.L.P",1,1,2508,Settlement,high,,,,,,,,,
A1154,J. Alan Truitt,,,,1,"Maynard, Cooper & Gale, P.C.",1,1,2508,Settlement,high,,,,,,,,,
A1155,John P. Konvalinka,,,,1,"Grant, Konvalinka & Harrison, PC",1,1,2508,Settlement,high,,,,,,,,,
A1156,J. Andrew Meyer,,,,1,,1,1,2513,ClassCounsel,high,,,,,,,,,
A1157,"Ernest F. Koschineg, III",,,,1,"Cipriani & Werner, P.C.",1,1,2511,LeadCounsel,high,,,,,,,,,
A1158,John Mark Griffin,,,,1,"Warren and Griffin, P.C.",1,1,2508,Communications,high,,,,,,,,,
A1159,Margaret Branch,,,,1,Branch Law Firm,1,1,2502,Management,high,,,,,,,,,
A1160,Lisa Ann Gorshe,Lisa Gorshe,,,1,"Johnson Becker, PLLC; Johnson Becker PLLC",2,3,"2502, 3014",Management; Settlement,high,,,,,,,,,
A1161,Mike Heaviside,,,,1,Heaviside Reed Zaic,1,1,2502,Management,high,,,,,,,,,
A1162,Catherine Heacox,,,,1,The Lanier Law Firm,1,1,2502,Management,high,,,,,,,,,
A1163,Casey Lott,,,,1,"Langston & Lott, PA",1,1,2502,Management,high,,,,,,,,,
A1164,Frank Petosa,,,,1,"Morgan & Morgan, PA; Morgan and Morgan, P.A.; MORGAN AND MORGAN COMPLEX LITIGATION GROUP; Morgan and Morgan Complex Litigation Group",3,4,"2502, 2514, 2577",ClassCounsel; Management,high,,,,,,,,,
A1165,Lori Siler Restaino,,,,1,"Restaino Siler, LLC",1,1,2502,Management,high,,,,,,,,,
A1166,Frank Woodson,,,,1,"Beasley, Allen, Crow, Methvin, Portis & Miles, PC; BEASLEY, ALLEN, CROW, METHVIN, PORTIS & MILES, P.C.",2,2,"2502, 2924",Management,high,,,,,,,,,
A1167,David T. Butsch,,,,1,Butsch Roberts & Associates LLC,1,1,2564,Management,high,,,,,,,,,
A1168,Katrina Carroll,,,,1,"Lite DePalma Greenberg, LLC; CARLSON LYNCH LLP; Carlson Lynch, LLP; Lynch Carpenter LLP",3,5,"2564, 2948, 3032",ClassCounsel; LeadCounsel; Management,high,,,,,,,,,
A1169,Daniel T. Brier,,,,1,Myers Brier & Kelly LLP,1,1,2532,Communications,high,,,,,,,,,
A1170,Frank J. Brier,,,,1,Myers Brier & Kelly LLP,1,1,2532,Communications,high,,,,,,,,,
A1171,John B. Dempsey,,,,1,Myers Brier & Kelly LLP,1,1,2532,Communications,high,,,,,,,,,
A1172,John G. Simon,,,,1,"Simon Law Firm, P.C.",1,1,2562,Communications; Management,high,,,,,,,,,
A1173,David Steelman,,,,1,"Steelman, Gaunt & Horsefield",1,1,2562,Management,high,,,,,,,,,
A1174,Joseph I. Marchese,,,,1,"Bursor & Fisher, P.A.",1,1,2562,Management,high,,,,,,,,,
A1175,Andrew A. Lemmon,,,,1,"Lemmon Law Firm, LLC",1,1,2514,Management,high,,,,,,,,,
A1176,David Wise,,,,1,"Wise & Donahue, PLC",1,1,2514,Management,high,,,,,,,,,
A1177,John P. Mandler,,,,1,Faegre Baker Daniels LLP,1,1,2514,LeadCounsel,high,,,,,,,,,
A1178,Richard J. Burke,Richard Burke,,,1,"QUANTUM LEGAL, LLC; Quantum Legal, LLC",1,2,2540,ClassCounsel; LeadCounsel,high,,,,,,,,,
A1179,MaryBeth V. Gibson,,,,1,"Gibson Consumer Law Group, LLC; Finley Firm, P.C.; The Finley Firm, P.C.; THE FINLEY FIRM, P.C.",4,6,"2583, 2948, 3056, 3074",ClassCounsel; LeadCounsel; Management,high,,,,,,,,,
A1180,Mary Beth Gibson,,,,1,,1,1,2583,Management,high,,,,,,,,,
A1181,Scott C. Harris,Scott Harris,,,1,"Bryson, Harris, Suciu & Demay PLLC; WHITFIELD BRYSON & MASON, LLP; Whitfield Bryson & Mason, LLP; MILBERG COLEMAN BRYSON PHILLIPS GROSSMAN, LLC",2,5,"2577, 3078",ClassCounsel; LeadCounsel; Management,high,,,,,,,,,
A1182,Jeremy Williams,,,,1,"WHITFIELD BRYSON & MASON, LLP",1,1,2577,ClassCounsel; LeadCounsel,high,,,,,,,,,
A1183,Lindsey H. Taylor,,,,1,"CARELLA, BYRNE, CECCHI, OLSTEIN, BRODY & AGNELLO, P.C.",1,1,2577,ClassCounsel; Communications,high,,,,,,,,,
A1184,Jack Landskroner,,,,1,"LANDSKRONER, GRIECO, MERRIMAN, LLC; Landskroner, Grieco, Merriman, LLC",1,2,2577,ClassCounsel; Management,high,,,,,,,,,
A1185,Joseph B. Kenney,,,,1,Chimicles & Tikellis LLP,1,1,2577,Management,high,,,,,,,,,
A1186,Andrew J. Rossman,,,,1,"Quinn Emanuel Urquhart & Sullivan, LLP",1,1,2577,Communications; LeadCounsel,high,,,,,,,,,
A1187,Ronald Levine,,,,1,"Herrick, Feinstein LLP",1,1,2577,LocalCounsel,high,,,,,,,,,
A1188,Kenneth S. Canfield,,,,1,"Doffermyre Shields Canfield & Knowles, LLC",1,2,2583,ClassCounsel; LeadCounsel; Management,high,,,,,,,,,
A1189,Barrett J. Vahle,,,,1,Stueve Siegel Hanson LLP,1,3,2583,ClassCounsel; LeadCounsel; Management,high,,,,,,,,,
A1190,Roy E. Barnes,,,,1,"The Barnes Law Group, LLC; Barnes Law Group, LLC",1,3,2583,ClassCounsel; Communications; Management,high,,,,,,,,,
A1191,John R. Bevis,,,,1,"The Barnes Law Group, LLC; Barnes Law Group, LLC",2,4,"2583, 3115",ClassCounsel; Communications; LeadCounsel; Management,high,,,,,,,,,
A1192,James M. Evangelista,,,,1,"Harris Penn Lowry, LLP; Harris Penn Lowry LLP",1,3,2583,ClassCounsel; LeadCounsel; Management,high,,,,,,,,,
A1193,Eve Cervantez,Eve H. Cervantez,,,1,Altshuler Berzon LLP,1,6,2617,ClassCounsel; Communications; LeadCounsel,high,,,,,,,,,
A1194,Michael Sobol,Michael W. Sobol,,,1,"Lieff Cabraser Heimann & Bernstein, LLP; Lieff Cabraser Heimann & Bernstein LLP",1,2,2617,ClassCounsel; Management,high,,,,,,,,,
A1195,Steven A. Gibbins,,,,1,Law Office of Steve Gibbins,1,1,2588,Communications,high,,,,,,,,,
A1196,William H. Anderson,,,,1,"Cuneo Gilbert & LaDuca, LLP",1,1,2588,ClassCounsel; LeadCounsel,high,,,,,,,,,
A1197,Tina Wolfson,,,,1,"Ahdoot & Wolfson, PC; Ahdoot & Wolfson, P.C.; Adhoot & Wolfson, PC",8,9,"2583, 2588, 2904, 2905, 2951, 3096, 3107, 3148",ClassCounsel; LeadCounsel; Management,high,,,,,,,,,
A1198,Gary S. Graifman,,,,1,"Kantrowitz, Goldhamer & Graifman, P.C.; KANTROWITZ, GOLDHAMER & GRAIFMAN, P.C.",3,3,"2583, 3078, 3115",Management,high,,,,,,,,,
A1199,Howard Longman,Howard T. Longman,,,1,"Stull, Stull & Brody",2,3,"2583, 2972",Management,high,,,,,,,,,
A1200,Meredith Johnson,,,,1,,1,1,2617,LeadCounsel,high,,,,,,,,,
A1201,Mark Troutman,,,,1,"Isaac, Wiles, Burkholder & Teeter, LLC; Isaac Wiles Burkholder & Teetor, LLC",1,2,2661,Communications,high,,,,,,,,,
A1202,Gregory Travalio,,,,1,"Isaac, Wiles, Burkholder & Teeter, LLC; Isaac Wiles Burkholder & Teetor, LLC",1,2,2661,Communications,high,,,,,,,,,
A1203,W. Pitts Carr,,,,1,"W. Pitts Carr and Associates, PC",1,1,2583,Communications; Management,high,,,,,,,,,
A1204,Ranse M. Partin,,,,1,Conley Griggs Partin LLP,1,1,2583,Communications; Management,high,,,,,,,,,
A1205,"Joseph Hank Bates, III",,,,1,"Carney Bates & Pulliam, PLLC",1,1,2583,Management,high,,,,,,,,,
A1206,Bryan L. Bleichner,Bryan Bleichner,,,1,"Chestnut Cambronne PA; Chestnut Cambronne, PA",3,6,"2583, 3090, 3108",ClassCounsel; LeadCounsel; Management,high,,,,,,,,,
A1207,Brian C. Gudmundson,Brian Gudmundson,,,1,"Zimmerman Reed LLP; Zimmerman Reed, P.L.L.P.",4,7,"2583, 3083, 3090, 3108",ClassCounsel; LeadCounsel; Management; Settlement,high,,,,,,,,,
A1208,"W. Daniel Miles, III",,,,1,"Beasley Allen Crow Mehtvin Portis & Miles; Beasley, Allen, Crow, Methvin, Portis & Miles P.C.",2,2,"2583, 2905",Management,high,,,,,,,,,
A1209,Arthur M. Murray,Arthur Murray,,,1,Murray Law Firm; the Murray Law Firm,3,5,"2583, 2668, 3108",Management,high,,,,,,,,,
A1210,Hart Robinovitch,,,,1,Zimmerman Reed,2,3,"2639, 2993",LeadCounsel; Management,high,,,,,,,,,
A1211,Daniel Petrocelli,,,,1,O’Melveny & Myers LLP,1,1,2639,LeadCounsel,high,,,,,,,,,
A1212,Paul B. Derby,,,,1,Derby Curtis LLP,1,1,2639,Communications,high,,,,,,,,,
A1213,Jeffrey Barker,,,,1,O’Melveny & Myers LLP,1,1,2639,Communications,high,,,,,,,,,
A1214,David K. Stein,,,,1,Gibbs Law Group LLP,1,1,2661,LeadCounsel,high,,,,,,,,,
A1215,Kenneth M. Rothweiler,,,,1,"Eisenberg, Rothweiler, Winkler, Eisenberg & Jeck, P.C.",1,1,2654,Management,high,,,,,,,,,
A1216,Judith A. Livingston,,,,1,"Kramer, Dillof, Livingston & Moore",1,1,2654,Management,high,,,,,,,,,
A1217,Robert J. Mongeluzzi,,,,1,"Saltz, Mongeluzzi, Barrett & Bendesky, P.C.",1,1,2654,Management,high,,,,,,,,,
A1218,David L. Bryant,,,,1,GableGotwals,1,1,2700,ClassCounsel; LeadCounsel,high,,,,,,,,,
A1219,David E. Keglovits,David Keglovits,,,1,GableGotwals,1,2,2700,ClassCounsel; LeadCounsel,high,,,,,,,,,
A1220,Matthew E. Lee,,,,1,"Whitfield Bryson & Mason LLP; MILBERG COLEMAN BRYSON PHILLIPS GROSSMAN, PLLC",2,5,"2688, 3035",ClassCounsel; LeadCounsel; Management,high,,,,,,,,,
A1221,Howard I. Langer,,,,1,"Langer, Grogan & Diver L.L.P.; Langer, Grogan & Diver, P.C.",1,2,2668,ClassCounsel; LeadCounsel,high,,,,,,,,,
A1222,Scott Martin,,,,1,Hausfeld LLP,1,2,2668,ClassCounsel; LeadCounsel,high,,,,,,,,,
A1223,Jonathan A. Sorkowitz,,,,1,Law Offices of Jonathan A. Sorkowitz; Pierce Bainbridge Beck Price & Hecht LLP,1,3,2903,Management,high,,,,,,,,,
A1224,E. Powell Miller,,,,1,"The Miller Law Firm, P.C.; The Miller Law Firm",2,3,"2901, 3040",Communications; LeadCounsel; Management,high,,,,,,,,,
A1225,Demet Basar,,,,1,"Beasley, Allen, Crow, Methvin, Portis & Miles, P.C.; Wolf Haldenstein Adler Freeman & Herz LLP",2,6,"2903, 3051",ClassCounsel; LeadCounsel; Management,high,,,,,,,,,
A1226,Lee Albert,,,,1,"Glancy, Prognay & Murray LLP",1,1,2668,Management,high,,,,,,,,,
A1227,Charles J. Crueger,,,,1,Hansen Reynolds Dickinson Crueger LLC,1,1,2688,Communications,high,,,,,,,,,
A1228,Erin K. Dickinson,,,,1,Hansen Reynolds Dickinson Crueger LLC,1,1,2688,Communications,high,,,,,,,,,
A1229,Paul E. Benson,,,,1,Michael Best & Friedrich LLP,1,1,2688,Communications,high,,,,,,,,,
A1230,Joseph L. Olson,,,,1,Michael Best & Friedrich LLP,1,1,2688,Communications,high,,,,,,,,,
A1231,Harper Segui,Harper T. Segui,,,1,"Whitfield Bryson LLP; Milberg Coleman Bryson Phillips Grossman, PLLC; Lee Segui PLLC; Kohn, Swift & Graf, P.C.",4,7,"2688, 2972, 2988, 3078",ClassCounsel; LeadCounsel; Management,high,,,,,,,,,
A1232,Melissa W. Wolchansky,,,,1,Halunen Law,1,1,2688,Management,high,,,,,,,,,
A1233,Amy E. Keller,Amy Keller,Amy R. Keller,Amy Elisabeth Keller,1,DiCello Levitt Gutzler LLC; Wexler Wallace LLP; DiCELLO LEVITT LLC; DiCello Levit Gutzler LLC,7,13,"2688, 2904, 2909, 2972, 3019, 3083, 3115",ClassCounsel; LeadCounsel; Management; Motions,high,,,,,,,,,
A1234,Michael P. North,,,,1,"Arthur Chapman Kettering Smetak Pikala, P.A.",1,1,2688,LeadCounsel,high,,,,,,,,,
A1235,James Eubank,,,,1,"Beasley, Allen, Crow, Methvin, Portis & Miles, P.C.",1,3,2903,ClassCounsel,high,,,,,,,,,
A1236,Paul Evans,Paul W. Evans,,,1,"Beasley, Allen, Crow, Methvin, Portis & Miles, P.C.",2,4,"2903, 3149",ClassCounsel; Management,high,,,,,,,,,
A1237,Michael R. Reese,Michael Reese,,,1,Reese LLP,4,8,"2909, 2948, 3009, 3025",ClassCounsel; LeadCounsel; Management,high,,,,,,,,,
A1238,Melissa Weiner,Melissa S. Weiner,,,1,"Pearson, Simon & Warshaw, LLP; Pearson Warshaw, LLP",6,11,"2909, 2972, 2985, 3001, 3083, 3108",ClassCounsel; Discovery; LeadCounsel; Management,high,,,,,,,,,
A1239,Jason Dennett,,,,1,,1,2,2904,Management,high,,,,,,,,,
A1240,Todd S. Garber,,,,1,,1,1,2904,Management,high,,,,,,,,,
A1241,Smart Davidson,,,,1,,1,1,2904,LeadCounsel,high,,,,,,,,,
A1242,Scott Bursor,,,,1,,1,2,2904,Communications,high,,,,,,,,,
A1243,Todd C. Werts,,,,1,,1,2,2904,Management,high,,,,,,,,,
A1244,David S. Stellings,David Stellings,,,1,"Lieff Cabraser Heimann & Bernstein, LLP; Lieff Cabraser Heimann & Bernstein LLP",3,5,"2905, 3014, 3051",LeadCounsel; Management,high,,,,,,,,,
A1245,Gretchen Freeman Cappio,Gretchen F. Cappio,,,1,"Keller Rohrback LLP; Keller Rohrback, LLP; KELLER ROHRBACK LLP; Keller Rohrback L.L.P.",4,6,"2905, 2972, 3052, 3107",Management,high,,,,,,,,,
A1246,Peter Prieto,,,,1,"Podhurst Orseck, P.A.",1,1,2905,Management,high,,,,,,,,,
A1247,Rosemary Rivas,Rosemary M. Rivas,,,1,"Levi & Korsinsky, LLP",2,2,"2905, 2938",Management,high,,,,,,,,,
A1248,Stacey Slaughter,Stacey P. Slaughter,,,1,Robins Kaplan LLP,4,7,"2905, 2918, 3071, 3110",ClassCounsel; LeadCounsel; Management,high,,,,,,,,,
A1249,Lesley Weaver,,,,1,"Bleichmar Fonti & Auld, LLP",1,1,2905,Management,high,,,,,,,,,
A1250,Stephen Zack,,,,1,Boies Schiller Flexner LLP,1,1,2905,Management,high,,,,,,,,,
A1251,Jonathan Levine,,,,1,Pritzker Levine LLP,1,1,2905,Communications,high,,,,,,,,,
A1252,Daniel Tepper,,,,1,Wolf Haldenstein Adler Freeman & Herz LLP,1,1,2903,LeadCounsel,high,,,,,,,,,
A1253,Kate M. McGuire,,,,1,Wolf Haldenstein Adler Freeman & Herz LLP,1,1,2903,LeadCounsel,high,,,,,,,,,
A1254,Daniel Smolen,,,,1,Smolen & Roytman,1,1,2903,Management,high,,,,,,,,,
A1255,L. Timothy Fisher,,,,1,"Bursor & Fisher, P.A.",1,1,2903,Management,high,,,,,,,,,
A1256,Sarah London,Sarah R. London,,,1,"Lieff Cabraser Heimann & Bernstein, LLP",2,2,"2913, 3084",Communications; LeadCounsel; Management,high,,,,,,,,,
A1257,Joseph VanZandt,Joseph Van Zandt,,,1,,2,5,"2913, 3047",Coordination; Management,high,,,,,,,,,
A1258,David L. Raiser,,,,1,King & Spalding LLP,1,1,2915,LeadCounsel,high,,,,,,,,,
A1259,Robert Angle,,,,1,Troutman Sanders LLP,1,1,2915,LocalCounsel,high,,,,,,,,,
A1260,Mary C. Zinsner,,,,1,Troutman Sanders LLP,1,1,2915,LocalCounsel,high,,,,,,,,,
A1261,Christopher T. Micheletti,Christopher Micheletti,,,1,Zelle LLP,2,5,"2918, 3107",ClassCounsel; LeadCounsel; Management,high,,,,,,,,,
A1262,Qianwei Fu,,,,1,Zelle LLP,1,1,2918,ClassCounsel,high,,,,,,,,,
A1263,Ellen G. Jalkut,,,,1,Robins Kaplan LLP,1,1,2918,ClassCounsel,high,,,,,,,,,
A1264,Marc Gather,,,,1,,1,1,2904,Management,high,,,,,,,,,
A1265,Todd S. Gather,,,,1,,1,1,2904,Management,high,,,,,,,,,
A1266,William V. Reiss,,,,1,Robins Kaplan LLP,1,2,2918,ClassCounsel,high,,,,,,,,,
A1267,Aaron M. Sheanin,,,,1,Robins Kaplan LLP,1,2,2918,ClassCounsel; LeadCounsel,high,,,,,,,,,
A1268,Esther E. Berezofsky,,,,1,,1,1,2921,Management,high,,,,,,,,,
A1269,Christopher Gold,,,,1,,1,1,2921,Management,high,,,,,,,,,
A1270,Sarah T. Hansel,,,,1,Motley Rice LLC,1,1,2921,Management,high,,,,,,,,,
A1271,Dory P. Antullis,,,,1,Robbins Geller Rudman & Dowd LLP,1,1,2921,Management,high,,,,,,,,,
A1272,Michael J. Flannery,,,,1,"Cuneo Gilbert & LaDuca, LLP; Cuneo, Gilbert & LaDuca, LLP",4,4,"2918, 2998, 3031, 3107",ClassCounsel; LeadCounsel,high,,,,,,,,,
A1273,Christian E. Hudson,,,,1,"Cuneo Gilbert & LaDuca, LLP",1,1,2918,ClassCounsel,high,,,,,,,,,
A1274,Victoria Sims,,,,1,"Cuneo Gilbert & LaDuca, LLP",1,1,2918,ClassCounsel; LeadCounsel,high,,,,,,,,,
A1275,Joanne M. O’Connor,,,,1,,1,1,2924,Communications,high,,,,,,,,,
A1276,Sarah E. Johnston,,,,1,BARNES & THORNBURG LLP,2,3,"2924, 3043",Communications,high,,,,,,,,,
A1277,Tracy Finken,Tracy A. Finken,,,1,ANAPOL WEISS; ANAPOLWEISS; Anapol Weiss,3,5,"2924, 3079, 3140",LeadCounsel; Management,high,,,,,,,,,
A1278,Michael McGlamry,Michael L. McGlamry,,,1,"POPE McGLAMRY, P.C.",1,2,2924,LeadCounsel,high,,,,,,,,,
A1279,Daniel A. Nigh,Daniel Nigh,,,1,"LEVIN, PAPANTONIO, THOMAS, MITCHELL, RAFFERTY & PROCTOR, P.A.; Levin Papantonio",2,3,"2924, 3044",Expert; Management,high,,,,,,,,,
A1280,Adam Pulaski,,,,1,"PULASKI KHERKHER, PLLC",1,3,2924,LeadCounsel; Vetting,high,,,,,,,,,
A1281,Robert Gilbert,Robert C. Gilbert,,,1,KOPELOWITZ OSTROW FERGUSON WEISELBERG GILBERT,1,2,2924,LeadCounsel,high,,,,,,,,,
A1282,Joseph Petrosinelli,Joseph G. Petrosinelli,,,1,Williams & Connolly; WILLIAMS & CONNOLLY LLP,2,4,"2924, 3140",Communications; LeadCounsel; Management; Settlement; Vetting,high,,,,,,,,,
A1283,Anand Agneshwar,,,,1,Arnold & Porter; ARNOLD & PORTER KAYE SCHOLER LLP,1,2,2924,LeadCounsel; Management,high,,,,,,,,,
A1284,Andrew Bayman,Andrew T. Bayman,,,1,King & Spalding; KING & SPALDING LLP,1,2,2924,LeadCounsel; Management,high,,,,,,,,,
A1285,Thomas Yoo,Thomas J. Yoo,,,1,Holland & Knight; HOLLAND & KNIGHT LLP,1,2,2924,Communications,high,,,,,,,,,
A1286,Richard Barnes,Richard M. Barnes,,,1,"Goodell Devries; GOODELL, DEVRIES, LEECH & DANN, LLP",1,2,2924,Communications,high,,,,,,,,,
A1287,Frank Maderal,,,,1,,1,2,2924,ProSe,high,,,,,,,,,
A1288,Luke Bosso,,,,1,KING & SPALDING LLP,1,1,2924,Management,high,,,,,,,,,
A1289,TaCara Harris,,,,1,KING & SPALDING LLP,1,1,2924,Management,high,,,,,,,,,
A1290,Nur Kara,,,,1,DLA PIPER LLP (US),1,1,2924,Management,high,,,,,,,,,
A1291,Rachel Leary,,,,1,DECHERT LLP,1,1,2924,Management,high,,,,,,,,,
A1292,Emma Nino,,,,1,WILLIAMS & CONNOLLY LLP,1,1,2924,Management,high,,,,,,,,,
A1293,Oluoma Kas-Osoka,,,,1,ARNOLD & PORTER KAYE SCHOLER LLP,1,1,2924,Management,high,,,,,,,,,
A1294,Sharon Turret,,,,1,DECHERT LLP,1,1,2924,Management,high,,,,,,,,,
A1295,Francisco R. Maderal,Francisco Maderal,,,1,Maderal Byrne PLLC; Colson Hicks Edison,2,5,"2924, 2973",Communications; Management,high,,,,,,,,,
A1296,Alden Atkins,,,,1,Vinson & Elkins LLP,1,1,2925,Communications,high,,,,,,,,,
A1297,Athena Dickson,,,,1,Siro Smith Dickson Law Firm; SIRO SMITH DICKSON LAW FIRM,1,7,2936,ClassCounsel; Communications; Management,high,,,,,,,,,
A1298,Tricia Campbell,,,,1,"LANGDON & EMISON; Krause & Kinsman; Langdon & Emison; Langdon & Emison, LLC",2,8,"2936, 3043",ClassCounsel; Management; Settlement,high,,,,,,,,,
A1299,John R. Malkinson,,,,1,Malkinson & Halpern PC,1,2,2931,Management,high,,,,,,,,,
A1300,John Radice,,,,1,Radice Law Firm,1,2,2931,Management,high,,,,,,,,,
A1301,Gregory P. Hansel,,,,1,"Preti Flaherty, Beliveau & Pachios LLP",1,2,2931,Management,high,,,,,,,,,
A1302,Eugene A. Spector,,,,1,"Spector Roseman & Kodroff, P.C.",1,2,2931,Management,high,,,,,,,,,
A1303,Ashley C. Keller,Ashley Keller,,,1,,2,5,"2924, 3043",LeadCounsel; Management; Motions,high,,,,,,,,,
A1304,Steve Rotman,,,,1,,1,1,2924,Management,high,,,,,,,,,
A1305,Paige Boldt,,,,1,WATTS GUERRA LLP,2,5,"2924, 3047",Management,high,,,,,,,,,
A1306,Je Yon Jung,,,,1,"MAY LIGHTFOOT, PLLC",1,2,2924,Management,high,,,,,,,,,
A1307,Adam Krause,Adam William Krause,,,1,"KRAUSE AND KINSMAN, LLC",1,2,2924,Management,high,,,,,,,,,
A1308,Nicola Larmond-Harvey,,,,1,"SAUNDERS & WALKER, P.A.",1,2,2924,Management,high,,,,,,,,,
A1309,Bradford Lear,Bradford B. Lear,,,1,LEAR WERTS LLP,1,2,2924,Management,high,,,,,,,,,
A1310,Brooke Achua,,,,1,,1,1,2924,Management,high,,,,,,,,,
A1311,Harrison Biggs,,,,1,,1,1,2924,Management,high,,,,,,,,,
A1312,Lea Bucciero,,,,1,,1,1,2924,Management,high,,,,,,,,,
A1313,Alexander Cohen,,,,1,,1,1,2924,Management,high,,,,,,,,,
A1314,Kendra Goldhirsch,,,,1,,1,1,2924,Management,high,,,,,,,,,
A1315,Noah Heinz,,,,1,,1,1,2924,Management,high,,,,,,,,,
A1316,Catelyn McDonough,,,,1,,1,1,2924,Management,high,,,,,,,,,
A1317,Caroline McGlamry,,,,1,,1,1,2924,Management,high,,,,,,,,,
A1318,Madeline Pendley,,,,1,,1,1,2924,Management,high,,,,,,,,,
A1319,Laura Stemkowski,,,,1,,2,2,"2924, 3101",Management,high,,,,,,,,,
A1320,Daniel Tropin,,,,1,,1,1,2924,Management,high,,,,,,,,,
A1321,Michael O’Neil,,,,1,Reed Smith LLP,1,1,2933,LeadCounsel,high,,,,,,,,,
A1322,Robert B. Remar,,,,1,Rogers & Hardin LLP,1,1,2933,Communications,high,,,,,,,,,
A1323,Albert E. Hartmann,,,,1,Reed Smith LLP,1,1,2933,Communications,high,,,,,,,,,
A1324,Marlene Goldenberg,Marlene J. Goldenberg,,,1,"GoldenbergLaw, PLLC; GOLDENBERGLAW, PLLC; Nigh Goldenberg Raso & Vaughn, PLLC; Nigh, Goldenberg, Raso & Vaughn PLLC",4,6,"2924, 3004, 3084, 3089",Management,high,,,,,,,,,
A1325,Jennifer Moore,,,,1,,1,1,2924,Management,high,,,,,,,,,
A1326,Leonard Bennett,Leonard A. Bennett,,,1,"Consumer Litigation Associates, P.C.",2,3,"2933, 3128",ClassCounsel; Management,high,,,,,,,,,
A1327,Craig Marchiando,,,,1,"Consumer Litigation Associates, P.C.",1,2,2933,ClassCounsel,high,,,,,,,,,
A1328,Kristi Kelly,,,,1,"Kelly Guzzo PLC; Kelly Guzzo, PLC",2,3,"2933, 3128",ClassCounsel; LeadCounsel,high,,,,,,,,,
A1329,Andrew Guzzo,,,,1,Kelly Guzzo PLC,1,2,2933,ClassCounsel,high,,,,,,,,,
A1330,Joseph C. Hashmall,,,,1,Berger Montague PC,1,2,2933,ClassCounsel,high,,,,,,,,,
A1331,James Francis,,,,1,Francis Mailman Soumilas P.C.,1,2,2933,ClassCounsel,high,,,,,,,,,
A1332,John Soumilas,,,,1,Francis Mailman Soumilas P.C.,1,2,2933,ClassCounsel,high,,,,,,,,,
A1333,Lauren KW Brennan,,,,1,Francis Mailman Soumilas P.C.,1,2,2933,ClassCounsel,high,,,,,,,,,
A1334,"Robert C. Khayat, Jr",,,,1,Khayat Law Firm,1,2,2933,ClassCounsel,high,,,,,,,,,
A1335,Daniel S. Pariser,,,,1,ARNOLD & PORTER KAYE SCHOLER LLP,1,1,2924,Management,high,,,,,,,,,
A1336,Paige H. Sharpe,,,,1,ARNOLD & PORTER KAYE SCHOLER LLP,1,1,2924,Management,high,,,,,,,,,
A1337,Judy L. Leone,,,,1,DECHERT LLP,1,1,2924,Management,high,,,,,,,,,
A1338,Will W. Sachse,,,,1,DECHERT LLP,1,1,2924,Management,high,,,,,,,,,
A1339,Ilana H. Eisenstein,,,,1,DLA PIPER LLP,1,1,2924,Management,high,,,,,,,,,
A1340,Matthew A. Holian,,,,1,DLA PIPER LLP,1,1,2924,Management,high,,,,,,,,,
A1341,Robert B. Friedman,,,,1,KING & SPALDING LLP,1,1,2924,Management,high,,,,,,,,,
A1342,Eva Canaan,,,,1,KING & SPALDING LLP,1,1,2924,Management,high,,,,,,,,,
A1343,Michael B. Shortnacy,,,,1,KING & SPALDING LLP,1,1,2924,Management,high,,,,,,,,,
A1344,Thomas J. Sheehan,,,,1,PHILLIPS LYTLE LLP,1,1,2924,Management,high,,,,,,,,,
A1345,Patrick L. Oot,,,,1,SHOOK HARDY & BACON,1,1,2924,Management,high,,,,,,,,,
A1346,M. Elaine Horn,,,,1,WILLIAMS & CONNOLLY LLP,1,1,2924,Management,high,,,,,,,,,
A1347,Jessica B. Rydstrom,Jessica Bodger Rydstrom,,,1,WILLIAMS & CONNOLLY LLP; Williams & Connolly,2,2,"2924, 3140",Coordination; Management,high,,,,,,,,,
A1348,Tommy Huynh,,,,1,ARNOLD & PORTER KAYE SCHOLER LLP,1,1,2924,Management,high,,,,,,,,,
A1349,Lindsey B. Cohan,,,,1,DECHERT LLP,1,1,2924,Management,high,,,,,,,,,
A1350,Caroline Power,,,,1,DECHERT LLP,1,1,2924,Management,high,,,,,,,,,
A1351,Jonathan S. Tam,,,,1,DECHERT LLP,1,1,2924,Management,high,,,,,,,,,
A1352,Katherine W. Insogna,,,,1,DLA PIPER LLP,1,1,2924,Management,high,,,,,,,,,
A1353,Leeanne S. Mancari,,,,1,DLA PIPER LLP,1,1,2924,Management,high,,,,,,,,,
A1354,Mark A. Sentenac,,,,1,KING & SPALDING LLP,1,1,2924,Management,high,,,,,,,,,
A1355,Julia Zousmer,,,,1,KING & SPALDING LLP,1,1,2924,Management,high,,,,,,,,,
A1356,Hope E. Daily,,,,1,WILLIAMS & CONNOLLY LLP,1,1,2924,Management,high,,,,,,,,,
A1357,Michelle L. Hood,,,,1,WILLIAMS & CONNOLLY LLP,1,1,2924,Management,high,,,,,,,,,
A1358,Annie E. Schowalter,,,,1,WILLIAMS & CONNOLLY LLP,1,1,2924,Management,high,,,,,,,,,
A1359,Dirk Hubbard,,,,1,"Horn Aylward & Bandy, LLC; HORN AYLWARD & BANDY, LLC",1,6,2936,ClassCounsel; Communications; Discovery; Expert; LeadCounsel; Management; Motions,high,,,,,,,,,
A1360,Bryan White,Bryan T. White,,,1,"White, Graham, Buckley & Carr, L.L.C.; WHITE, GRAHAM, BUCKLEY, & CARR, L.L.C",1,6,2936,ClassCounsel; Discovery; Expert; LeadCounsel; Management; Motions,high,,,,,,,,,
A1361,Clayton Jones,,,,1,"Clayton Jones Law Firm; CLAYTON JONES, ATTORNEY AT LAW",1,6,2936,ClassCounsel; Discovery; Expert; LeadCounsel; Management; Motions,high,,,,,,,,,
A1362,Gretchen Garrison,,,,1,"Gray Ritter Graham; Gray, Ritter, Graham",1,3,2936,ClassCounsel,high,,,,,,,,,
A1363,Morry Cole,,,,1,"Gray, Ritter, Graham",1,1,2936,ClassCounsel,high,,,,,,,,,
A1364,John Emerson,John G. Emerson,,,1,"Emerson Firm, PLLC; EMERSON FIRM, PLLC",1,6,2936,ClassCounsel; Management,high,,,,,,,,,
A1365,Mark Bryant,Mark. P. Bryant,,,1,"Bryant Law Center, P.S.C.; BRYANT LAW CENTER, P.S.C.",1,6,2936,ClassCounsel; Management,high,,,,,,,,,
A1366,Teris Swanson,,,,1,"Bryant Law Center, P.S.C.",1,1,2936,ClassCounsel,high,,,,,,,,,
A1367,Christopher Jennings,Christopher D. Jennings,,,1,Johnson Firm; Jennings PLLC; JOHNSON FIRM,1,6,2936,ClassCounsel; Discovery; Motions,high,,,,,,,,,
A1368,Stephen Basser,Stephen R. Basser,,,1,"Barrack, Rodos & Bacine; BARRACK, RODOS & BACINE; Barrack Rodos & Bacine; BARRACK RODOS & BACINE",4,9,"2936, 2948, 3040, 3078",ClassCounsel; Discovery; Management; Motions,high,,,,,,,,,
A1369,Paul Lundberg,Paul D. Lundberg,,,1,"Lundberg Law Firm, P.L.C.; LUNDBERG LAW FIRM, P.L.C.",1,6,2936,ClassCounsel; Expert,high,,,,,,,,,
A1370,James Malters,,,,1,"Malters, Shepher & Von Holtum; Malters, Shepherd & Von Holtum",1,5,2936,ClassCounsel,high,,,,,,,,,
A1371,Jon Robinson,,,,1,"Bolen Robinson & Ellis, LLP",1,5,2936,ClassCounsel,high,,,,,,,,,
A1372,Zachary Anderson,Zachary T. Anderson,,,1,"Bolen Robinson & Ellis, LLP; BOLEN ROBINSON & ELLIS, LLP",1,6,2936,ClassCounsel; Management,high,,,,,,,,,
A1373,Martha A. Geer,Martha Geer,,,1,"Milberg Coleman Bryson Phillips Grossman, PLLC; Milberg Coleman Bryson Phillips Grossman PLLC; Whitfield Bryson LLP",2,4,"2938, 2988",ClassCounsel; LeadCounsel,high,,,,,,,,,
A1374,Gene Graham,,,,1,"White, Graham, Buckley & Carr, L.L.C.",1,2,2936,ClassCounsel,high,,,,,,,,,
A1375,Bill Carr,,,,1,"White, Graham, Buckley & Carr, L.L.C.",1,2,2936,ClassCounsel,high,,,,,,,,,
A1376,Patricia Campbell,,,,1,Krause & Kinsman; Wagstaff & Cartmell,1,2,2936,ClassCounsel,high,,,,,,,,,
A1377,Sam Ward,,,,1,"Barrack, Rodos & Bacine",1,2,2936,ClassCounsel,high,,,,,,,,,
A1378,Ekwan Rhow,Ekwan Eric Rhow,,,1,"BIRD, MARELLA, BOXER, WOLPERT, NESSIM, DROOKS, LINCENBERG & RHOW, P.C.; Bird, Marella, Boxer, Wolpert, Nessim, Drooks, Lincenberg & Rhow, P.C.",1,3,2948,ClassCounsel; LeadCounsel,high,,,,,,,,,
A1379,Stuart Goldenberg,,,,1,,1,1,2949,Management,high,,,,,,,,,
A1380,James Towe,,,,1,,1,1,2949,Management,high,,,,,,,,,
A1381,Christopher Yuhl,,,,1,,1,1,2949,Management,high,,,,,,,,,
A1382,Ashleigh Raso,,,,1,,1,1,2949,Management,high,,,,,,,,,
A1383,Michael J. Blakely,"Michael J. Blakely, Jr.","Michael J. Blakely, II",,1,"Pope McGlamry, P.C.; Pope McGlamry",2,3,"2949, 3014",Management,high,,,,,,,,,
A1384,John M. Sandy,,,,1,"SANDY LAW FIRM, P.C.",1,1,2936,Expert,high,,,,,,,,,
A1385,Edward F. Haber,,,,1,"Shapiro Haber & Urmy, LLP",1,1,2938,Communications,high,,,,,,,,,
A1386,Alison E. Chase,,,,1,Keller Rohrback LLP,1,1,2938,Management,high,,,,,,,,,
A1387,Mark R. Rosen,,,,1,"Barrack, Rodos & Bacine",1,1,2938,Management,high,,,,,,,,,
A1388,Tiasha Palikovic,,,,1,Wittels McInturff Palikovic,1,1,2951,ClassCounsel; LeadCounsel,high,,,,,,,,,
A1389,Rosemarie Riddell Bogdan,Rosemarie Bogdan,,,1,"MARTIN, HARDING & MAZZOTTI; Harding Mazzotti, LLP; Harding Mazzotti",3,4,"2924, 3029, 3140",Expert; Management,high,,,,,,,,,
A1390,Ricardo M. Martinez-Cid,,,,1,"PODHURST ORSECK, P.A.",1,1,2924,Management,high,,,,,,,,,
A1391,Lauren S. Miller,Lauren Sanderson Miller,,,1,"Hagens Berman Sobol Shapiro LLP; CORY WATSON, P.C.",2,3,"2924, 3014",Management,high,,,,,,,,,
A1392,Melanie H. Muhlstock,Melanie Muhlstock,,,1,"PARKER WAICHMAN LLP; Parker Waichman, LLP; Parker Waichman LLP",3,3,"2924, 2973, 3089",Management,high,,,,,,,,,
A1393,Carmen Scott,Carmen S. Scott,,,1,MOTLEY RICE LLC; Motley Rice,2,3,"2924, 3140",Management,high,,,,,,,,,
A1394,Sarah N. Westcot,,,,1,"Bursor & Fisher; BURSOR & FISHER, P.A.",3,4,"2924, 2985, 3001",Management,high,,,,,,,,,
A1395,Mark J. Connot,,,,1,Fox Rothschild LLP,1,1,2945,LeadCounsel,high,,,,,,,,,
A1396,Mark D. Taylor,,,,1,Baker McKenzie,1,1,2945,LeadCounsel,high,,,,,,,,,
A1397,Michael E. Brewer,,,,1,Baker McKenzie,1,1,2945,LeadCounsel,high,,,,,,,,,
A1398,Michael Matula,,,,1,Ogletree Deakins,1,1,2945,LeadCounsel,high,,,,,,,,,
A1399,Brandon Gaskins,,,,1,Moore & Van Allen PLLC,1,1,2945,Communications,high,,,,,,,,,
A1400,Julien Adams,,,,1,"Dovel & Luner, LLP",2,4,"2955, 3043",ClassCounsel; LeadCounsel; Management,high,,,,,,,,,
A1401,Bradley T. Wilders,,,,1,"Stueve Siegel Hanson, LLP",1,1,2955,ClassCounsel; LeadCounsel,high,,,,,,,,,
A1402,Shannon Marie McNulty,,,,1,"Clifford Law Offices, P.C.",1,2,2948,ClassCounsel; Communications,high,,,,,,,,,
A1403,Jonathan Jagher,,,,1,Freed Kanner London & Millen LLC,3,5,"2948, 3025, 3083",ClassCounsel; Management; Settlement,high,,,,,,,,,
A1404,Megan E. Jones,,,,1,Hausfeld LLP,1,2,2948,ClassCounsel; Management,high,,,,,,,,,
A1405,Michael Gervais,,,,1,Susman Godfrey LLP,1,2,2948,ClassCounsel; Management,high,,,,,,,,,
A1406,Amanda K. Klevorn,,,,1,Burns Charest LLP,2,4,"2948, 3052",ClassCounsel; Discovery; Management,high,,,,,,,,,
A1407,Albert Y. Chang,,,,1,"Bottini & Bottini, Inc.",2,4,"2948, 3149",ClassCounsel; Management,high,,,,,,,,,
A1408,Paul James,,,,1,"James & Carter, PLC",1,1,2949,Communications,high,,,,,,,,,
A1409,George E. McLaughlin,,,,1,"Warshauer McLaughlin Law Group, P.C.",2,3,"2949, 3044",Bellwether; Discovery; Expert; LeadCounsel; Motions,high,,,,,,,,,
A1410,N. Kirkland Pope,,,,1,"Pope McGlamry, P.C.",1,1,2949,LeadCounsel,high,,,,,,,,,
A1411,Murray Wells,,,,1,Wells and Associates,1,1,2949,Coordination,high,,,,,,,,,
A1412,Carey Alexander,,,,1,"Scott & Scott Attorneys at Law LLP; SCOTT & SCOTT, ATTORNEYS AT LAW, LLP",2,2,"2948, 3074",Management,high,,,,,,,,,
A1413,Kate M. Baxter-Kauf,,,,1,Lockridge Grindal Nauen PLLP; LOCKRIDGE GRINDAL NAUEN P.L.L.P.,2,2,"2948, 3074",LeadCounsel; Management,high,,,,,,,,,
A1414,Israel David,,,,1,Israel David LLC,2,2,"2948, 3096",Communications; Management,high,,,,,,,,,
A1415,Tyler S. Graden,,,,1,"Kessler, Topaz, Meltzer, & Check, LLP; KESSLER TOPAZ MELTZER CHECK LLP",2,2,"2948, 3149",Management,high,,,,,,,,,
A1416,John Herman,,,,1,Herman Jones LLP,1,1,2948,Management,high,,,,,,,,,
A1417,Bryan P. Thompson,,,,1,"Chicago Consumer Law Center, P.C.",1,1,2948,Management,high,,,,,,,,,
A1418,Bronwyn F. Pollock,,,,1,Mayer Brown LLP,1,1,2968,LeadCounsel,high,,,,,,,,,
A1419,Christopher James Houpt,,,,1,Mayer Brown LLP (NY),1,1,2968,Communications,high,,,,,,,,,
A1420,Sean Burke,,,,1,Duane Morris LLP,1,1,2949,Communications; LeadCounsel,high,,,,,,,,,
A1421,Dana Ash,,,,1,Duane Morris LLP,1,1,2949,LeadCounsel,high,,,,,,,,,
A1422,Erin Bosman,,,,1,Morrison & Foerster LLP,1,1,2949,LeadCounsel,high,,,,,,,,,
A1423,Julie Park,,,,1,Morrison & Foerster LLP,1,1,2949,LeadCounsel,high,,,,,,,,,
A1424,Anthony J. Weibell,,,,1,"Wilson Sonsini Goodrich & Rosati, P.C.",1,1,2948,LeadCounsel,high,,,,,,,,,
A1425,Kelly Iverson,Kelly K. Iverson,,,1,"Lynch Carpenter, LLP; Carlson Lynch; Carlson Lynch, LLP",4,8,"2969, 2972, 3014, 3055",Expert; LeadCounsel; Management; Settlement,high,,,,,,,,,
A1426,Adam Moskowitz,Adam M. Moskowitz,,,1,"The Moskowitz Law Firm, PLLC; The Moskowitz Law Firm PLLC",2,5,"2969, 3076",ClassCounsel; LeadCounsel; Management,high,,,,,,,,,
A1427,George L. Stewart,,,,1,"Reed Smith, LLP",1,2,2969,Communications; Management,high,,,,,,,,,
A1428,"John ""Jack"" Goodrich",John “Jack” Goodrich,,,1,"Goodrich & Associates, P.C.",1,2,2969,Coordination; Management,high,,,,,,,,,
A1429,"William F. ""Chip"" Merlin, Jr.",William “Chip” F. Merlin,,,1,Merlin Law Group,1,2,2969,Management,high,,,,,,,,,
A1430,Marlon Kimpson,,,,1,Motley Rice LLC,1,2,2972,ClassCounsel; LeadCounsel,high,,,,,,,,,
A1431,Krysta Pachman,,,,1,Susman Godfrey LLP,1,2,2972,ClassCounsel; LeadCounsel,high,,,,,,,,,
A1432,Frank Ulmer,Frank B. Ulmer,,,1,McCulley McCluer LLC,1,3,2972,Communications,high,,,,,,,,,
A1433,Desiree Cummings,,,,1,Robbins Geller Rudman & Dowd LLP,1,2,2972,Management,high,,,,,,,,,
A1434,Melissa Emert,,,,1,"Kantrowitz, Goldhammer & Graifman, PC",1,2,2972,Management,high,,,,,,,,,
A1435,Ronald Raether,,,,1,Troutman Pepper Hamilton Sanders LLP,1,2,2972,LeadCounsel,high,,,,,,,,,
A1436,"Ashley Taylor, Jr.",,,,1,Troutman Pepper Hamilton Sanders LLP,1,2,2972,LeadCounsel,high,,,,,,,,,
A1437,David Anthony,,,,1,Troutman Pepper Hamilton Sanders LLP,1,2,2972,LeadCounsel,high,,,,,,,,,
A1438,Tambry Bradford,,,,1,Troutman Pepper Hamilton Sanders LLP,1,2,2972,LeadCounsel,high,,,,,,,,,
A1439,Angelo Stio III,,,,1,Troutman Pepper Hamilton Sanders LLP,1,2,2972,LeadCounsel,high,,,,,,,,,
A1440,Amy Pritchard Williams,,,,1,Troutman Pepper Hamilton Sanders LLP,1,2,2972,LeadCounsel,high,,,,,,,,,
A1441,Cindy Hanson,,,,1,Troutman Pepper Hamilton Sanders LLP,1,2,2972,LeadCounsel,high,,,,,,,,,
A1442,Josh Davey,,,,1,Troutman Pepper Hamilton Sanders LLP,1,2,2972,LeadCounsel,high,,,,,,,,,
A1443,Timothy St. George,,,,1,Troutman Pepper Hamilton Sanders LLP,1,2,2972,LeadCounsel,high,,,,,,,,,
A1444,Celeste Jones,,,,1,Burr Forman McNair,1,2,2972,LeadCounsel,high,,,,,,,,,
A1445,J. Rutledge Young III,,,,1,"Duffy & Young, LLC",1,2,2972,LeadCounsel,high,,,,,,,,,
A1446,Scott R. Drury,,,,1,Loevy & Loevy,1,1,2967,LeadCounsel,high,,,,,,,,,
A1447,Dena C. Sharp,Dena Sharp,,,1,"Girard Sharp LLP; Girard Sharp, LLP; GIRARD SHARP LLP",4,7,"2966, 3014, 3107, 3113",ClassCounsel; LeadCounsel; Management,high,,,,,,,,,
A1448,Joseph Saveri,Joseph R. Saveri,,,1,"Joseph Saveri Law Firm, LLP; Joseph Saveri Law Firm, Inc.",3,4,"2966, 2989, 3071",LeadCounsel; Management,high,,,,,,,,,
A1449,Jessica R. MacAuley,,,,1,Hagens Berman Sobol Shapiro LLP,1,1,2966,Management,high,,,,,,,,,
A1450,Karin Garvey,,,,1,Labaton Sucharow; Labaton Sucharow LLP,2,3,"2966, 2993",Management,high,,,,,,,,,
A1451,Clark Craddock,,,,1,Radice Law Firm,1,1,2966,Management,high,,,,,,,,,
A1452,John Macoretta,,,,1,Spector Roseman & Kodroff PC,1,1,2966,Management,high,,,,,,,,,
A1453,Mark Fischer,,,,1,"Rawlings & Associates, PLLC",1,1,2966,Management,high,,,,,,,,,
A1454,Chirali Patel,,,,1,"Carella Byrne Cecchi Brody & Agnello, P.C.",1,2,2973,Communications; Management,high,,,,,,,,,
A1455,Adam J. Kaiser,,,,1,"Alston & Bird, LLP",1,1,2969,LeadCounsel; Management,high,,,,,,,,,
A1456,Tiffany L. Powers,,,,1,"Alston & Bird, LLP",1,1,2969,LeadCounsel; Management,high,,,,,,,,,
A1457,Kristin A. Shepard,,,,1,"Alston & Bird, LLP",1,1,2969,LeadCounsel; Management,high,,,,,,,,,
A1458,Robert T. Horst,,,,1,"Timoney Knox, LLP",1,1,2969,Communications; Management,high,,,,,,,,,
A1459,Robert M. Runyon III,,,,1,"Timoney Knox, LLP",1,1,2969,Communications; Management,high,,,,,,,,,
A1460,Matthew B. Malamud,,,,1,"Timoney Knox, LLP",1,1,2969,Communications; Management,high,,,,,,,,,
A1461,Paul K. Geer,,,,1,"DiBella, Geer, McAllister & Best, P.C.",1,1,2969,Communications; Management,high,,,,,,,,,
A1462,Richard DiBella,,,,1,"DiBella, Geer, McAllister & Best, P.C.",1,1,2969,Communications; Management,high,,,,,,,,,
A1463,Tara L. Maczuzak,,,,1,"DiBella, Geer, McAllister & Best, P.C.",1,1,2969,Communications; Management,high,,,,,,,,,
A1464,Aimee Wagstaff,Aimee H. Wagstaff,,,1,"Andrus & Wagstaff, P.C.; Wagstaff Law Firm",3,4,"2973, 3004, 3101",LeadCounsel; Management,high,,,,,,,,,
A1465,Audrey Perlman Raphael,,,,1,"Levy Konigsberg, LLP; Levy Kongsberg, LLP",1,2,2973,Management,high,,,,,,,,,
A1466,Emily Acosta,,,,1,"Martin Baughman; Levy Konisgberg, LLP",1,2,2973,Management,high,,,,,,,,,
A1467,Sindhu Daniel,,,,1,"Grant & Eisenhofer, P.A.; Scott + Scott",2,4,"2973, 3140",Management; Vetting,high,,,,,,,,,
A1468,Robert J. Drakulich,,,,1,"The Drakulich Firm, APLC",1,2,2973,Management,high,,,,,,,,,
A1469,Catherine Hilliard,,,,1,"Hilliard Martinez Gonzales, LLP",1,2,2973,Management,high,,,,,,,,,
A1470,Megan Moore,,,,1,"Pulaski Kherkher, PLLC",1,2,2973,Management,high,,,,,,,,,
A1471,Ruth Rizkalla,,,,1,The Carlson Law Firm,4,8,"2973, 2974, 3043, 3047",Management,high,,,,,,,,,
A1472,Thomas P. Valet,,,,1,"Rappaport, Glass, Levine, & Zullo, LLP",1,2,2973,Management,high,,,,,,,,,
A1473,Melanie S. Bailey,,,,1,"Burg Simpson Eldredge Hersh & Jardine, P.C.",1,2,2973,Management,high,,,,,,,,,
A1474,Mitchell T. Theodore,,,,1,Cory Watson Attorneys,1,1,2973,Management,high,,,,,,,,,
A1475,Ann E. Rice Ervin,,,,1,Motley Rice,1,1,2973,Management,high,,,,,,,,,
A1476,Scott Morgan,,,,1,"Schlicter Board & Denton, LLP",1,2,2973,Management,high,,,,,,,,,
A1477,Lee Floyd,Lee Adair Floyd,,,1,Breit Biniazan; BREIT BINIAZAN,2,4,"2974, 3092",Management,high,,,,,,,,,
A1478,James F. Murdica,,,,1,Barnes & Thornburg LLP,1,1,2973,Communications,high,,,,,,,,,
A1479,Frederick M. Erny,,,,1,"Ulmer & Berne, LLP",1,2,2974,LeadCounsel,high,,,,,,,,,
A1480,Gina M. Saelinger,,,,1,"Ulmer & Berne, LLP",1,2,2974,LeadCounsel,high,,,,,,,,,
A1481,Christopher D. Morris,,,,1,Butler Snow LLP,1,2,2974,LeadCounsel,high,,,,,,,,,
A1482,Lori G. Cohen,,,,1,"Greenberg Traurig, LLP",1,3,2974,Communications,high,,,,,,,,,
A1483,Allison Ng,,,,1,"Greenberg Traurig, LLP",1,3,2974,Communications,high,,,,,,,,,
A1484,"Kasey M. Adams, Esq.",Kasey M. Adams,,,1,Butler Snow LLP,1,2,2974,LeadCounsel,high,,,,,,,,,
A1485,Tara L. Blake,"Tara L. Blake, Esq.",,,1,Butler Snow LLP,1,3,2974,LeadCounsel,high,,,,,,,,,
A1486,Jason Johnston,,,,1,,1,2,2974,Management,high,,,,,,,,,
A1487,Robert Kinsman,,,,1,,1,2,2974,Management,high,,,,,,,,,
A1488,Hunter Linville,,,,1,,1,2,2974,Management,high,,,,,,,,,
A1489,Jon Mann,,,,1,"Pittman, Dutton, Hellums, Bradley & Mann",2,4,"2974, 3140",Discovery; Management,high,,,,,,,,,
A1490,Alfred Olinde,,,,1,,1,2,2974,Management,high,,,,,,,,,
A1491,Theinkim “Kim” Truongle,,,,1,,1,2,2974,Management,high,,,,,,,,,
A1492,C. Andrew Childers,C. Andy Childers,,,1,"CHILDERS, SCHLUETER & SMITH, LLC; Childers, Schlueter & Smith, LLC; Levin, Papantonio, Proctor, Buchanan, O’Brien, Barr & Mougey, P.A.",4,10,"2974, 3026, 3079, 3092",Communications; LeadCounsel; Management,high,,,,,,,,,
A1493,Timothy Clark,,,,1,,1,2,2974,LeadCounsel; Management,high,,,,,,,,,
A1494,Kristen Hermiz,,,,1,,1,1,2974,Management,high,,,,,,,,,
A1495,Danae Benton,,,,1,The Cochran Firm,2,2,"2974, 3094",Management,high,,,,,,,,,
A1496,Hannah Pfeifler,,,,1,"Aylstock Witkin Kries & Overholtz, PLLC; Wagstaff & Cartmell, LLP",2,3,"2974, 3094",Management,high,,,,,,,,,
A1497,Rachel E. Schwartz,,,,1,Stueve Siegel Hanson LLP,1,1,2975,ClassCounsel; LeadCounsel,high,,,,,,,,,
A1498,John Schirger,,,,1,Miller Schirger LLC,1,1,2975,ClassCounsel; LeadCounsel,high,,,,,,,,,
A1499,Kristen Fournier,Kristen R. Fournier,,,1,King & Spalding,2,2,"2973, 3043",Communications; LeadCounsel,high,,,,,,,,,
A1500,Bruce Hurley,,,,1,King & Spalding,1,1,2973,LeadCounsel,high,,,,,,,,,
A1501,Michael C. Zogby,,,,1,Faegre Drinker,1,1,2973,Communications,high,,,,,,,,,
A1502,Richard Bernardo,,,,1,Skadden,1,1,2973,Discovery,high,,,,,,,,,
A1503,Pamela L. Ferrell,,,,1,Butler Snow LLP,1,1,2974,LeadCounsel,high,,,,,,,,,
A1504,Caroline D. Walker,,,,1,Butler Snow LLP,1,1,2974,LeadCounsel,high,,,,,,,,,
A1505,Drew Edmonson,,,,1,Riggs Abney Neal Turpen Orbison & Lewis,1,1,2977,Communications,high,,,,,,,,,
A1506,W.A. Edmondson,,,,1,Riggs Abney Neal Turpen Orbison & Lewis,1,2,2977,Communications; LocalCounsel,high,,,,,,,,,
A1507,Rachel Soffin,,,,1,"Milberg Coleman Bryson Phillips Grossman, PLLC; Milberg Coleman Bryson Phillips Grossman PLLC; Milberg Coleman Cryson Phillips Grossman, PCCL",2,4,"2988, 3009",ClassCounsel; LeadCounsel,high,,,,,,,,,
A1508,Nicole Berg,,,,1,,1,1,2974,Management,high,,,,,,,,,
A1509,Fidelma Fitzpatrick,,,,1,,1,1,2974,Management,high,,,,,,,,,
A1510,"Robert M. Hammers, Jr.",,,,1,,1,1,2974,Management,high,,,,,,,,,
A1511,Tim Porter,,,,1,,1,1,2974,Management,high,,,,,,,,,
A1512,Christina Feller,,,,1,,1,1,2974,Management,high,,,,,,,,,
A1513,R. Andrew Jones,,,,1,"Cory Watson, P.C.",2,2,"2974, 3125",LeadCounsel; Management,high,,,,,,,,,
A1514,Patrick Luff,,,,1,,3,5,"2974, 3037, 3043",Management,high,,,,,,,,,
A1515,Justin Parafinczuk,,,,1,,1,1,2974,Management,high,,,,,,,,,
A1516,Marcus Susen,Marcus J. Susen,,,1,Susen Law Firm; Susen Law Group,2,3,"2974, 3094",Management,high,,,,,,,,,
A1517,Dennis S. Ellis,,,,1,Browne George Ross O’Brien Annaguey & Ellis; Browne George Ross O’Brien Annaguey & Ellis LLP,1,2,2989,Management,high,,,,,,,,,
A1518,"Roy T. Willey, IV",Roy Willey,,,1,"Anastopoulo Law Firm, LLC",2,3,"2989, 3037",Management,high,,,,,,,,,
A1519,Gabriel A. Assaad,Gabriel Assaad,,,1,"McDonald Worley, PC; McDonald Worley",2,3,"2989, 3081",Management,high,,,,,,,,,
A1520,Maurice D. Pessah,,,,1,"Pessah Law Group, PC",1,2,2989,Management,high,,,,,,,,,
A1521,M. Anderson Berry,,,,1,"Clayeo C. Arnold, A Professional Law Corp.; Clayeo C. Arnold, A Profession Corporation; Clayeo C. Arnold A Professional Corporation; Clayeo C. Arnold, APC",3,5,"2994, 3056, 3149",ClassCounsel; LeadCounsel; Management,high,,,,,,,,,
A1522,Natalia M. Salas,Natalia Salas,,,1,"The Ferraro Law Firm, P.A.; The Ferraro Law Firm",2,2,"2989, 3080",LeadCounsel; Management,high,,,,,,,,,
A1523,Peter Safirstein,,,,1,Safirstein Metcalf LLP,1,1,2989,LeadCounsel,high,,,,,,,,,
A1524,Rachel Furst,,,,1,Grossman Roth Yaffa Cohen P.A.,1,1,2989,Communications,high,,,,,,,,,
A1525,Virginia Anello,Virginia E. Anello,,,1,"Douglas & London, P.C.; Douglas & London PC; Douglas & London, P.C; Douglas & London",4,5,"2973, 3080, 3089, 3140",LeadCounsel; Management,high,,,,,,,,,
A1526,Parvin Aminolroaya,,,,1,Seeger Weiss LLP,2,2,"2973, 3094",LeadCounsel; Management,high,,,,,,,,,
A1527,Paola Pearson,,,,1,Anapol Weiss,1,1,2973,Management,high,,,,,,,,,
A1528,Danielle Gold,,,,1,"Weitz & Luxenberg, P.C.",2,3,"2973, 3044",Bellwether; Discovery; Expert; Management; Motions,high,,,,,,,,,
A1529,Rachel L. Shkolnik,,,,1,"Napoli Shkolnik, PLLC",1,1,2973,Management,high,,,,,,,,,
A1530,Danielle Mason,,,,1,"Sanders Phillips Grossman, LLC",1,1,2973,Management,high,,,,,,,,,
A1531,Nina Towle Herring,,,,1,Cory Watson Attorneys,1,1,2973,Management,high,,,,,,,,,
A1532,Lubna Faruqi,,,,1,"Faruqi & Faruqi, LLP",1,1,2984,ClassCounsel,high,,,,,,,,,
A1533,Todd Carpenter,,,,1,"Carlson Lynch, LLP",1,1,2984,ClassCounsel,high,,,,,,,,,
A1534,Tim Dollar,,,,1,"Dollar, Burns, Becker & Hershewe, L.C.",1,1,2984,Communications,high,,,,,,,,,
A1535,Bonner Walsh,,,,1,Walsh PLLC,1,1,2984,Management,high,,,,,,,,,
A1536,Blaine Finley,BLAINE FINLEY,,,1,"Cuneo Gilbert & LaDuca, LLP",2,5,"2998, 3031",ClassCounsel; Communications; LeadCounsel,high,,,,,,,,,
A1537,Maureen Brady,Maureen M. Brady,Maureen E. Brady,,1,"McShane & Brady, LLC; McShane & Brady LLC",5,11,"2994, 3019, 3073, 3090, 3096",ClassCounsel; Communications; LeadCounsel; Management,high,,,,,,,,,
A1538,Rafey S. Balabanian,,,,1,Edelson PC,2,3,"2985, 3001",LeadCounsel,high,,,,,,,,,
A1539,Andrea Gold,,,,1,Tycko & Zavareei LLP,3,4,"2985, 3001, 3083",Discovery; Management; Vetting,high,,,,,,,,,
A1540,John Norris,,,,1,Davis & Norris,2,3,"2985, 3001",Management,high,,,,,,,,,
A1541,Todd Logan,,,,1,Edelson PC,2,3,"2985, 3001",Management; Motions,high,,,,,,,,,
A1542,Jill Manning,,,,1,Steyer Lowenthal,2,3,"2985, 3001",Discovery; Management,high,,,,,,,,,
A1543,Cecily Shiel,,,,1,Tousley Brain and Stephens,2,3,"2985, 3001",Discovery; Management,high,,,,,,,,,
A1544,Theo Benjamin,,,,1,Edelson PC,2,3,"2985, 3001",Discovery; Management,high,,,,,,,,,
A1545,Glenn Chappell,,,,1,Tycko & Zavareei,2,3,"2985, 3001",Discovery; Management,high,,,,,,,,,
A1546,Kristen Cardoso,Kristen Lake Cardoso,,,1,Kopelowitz Ostrow P.A.; KOPELOWITZ OSTROW P.A.,3,4,"2985, 3001, 3149",Discovery; Management,high,,,,,,,,,
A1547,Christin Cho,,,,1,Dovel & Luner,2,3,"2985, 3001",Discovery; Management,high,,,,,,,,,
A1548,Hassan A. Zavareei,,,,1,Tycko & Zavareei LLP,2,3,"2985, 3001",Management; Vetting,high,,,,,,,,,
A1549,Cyrus Mehri,,,,1,"Mehri & Skalet, PLLC",1,1,2996,Management,high,,,,,,,,,
A1550,Lloyd B. Miller,,,,1,"Sonosky, Chambers, Sachse, Miller & Monkman, LLP",1,1,2996,Management,high,,,,,,,,,
A1551,Aelish M. Baig,,,,1,"Robbins Geller Rudman & Dowd, LLP",2,2,"2996, 3047",Management,high,,,,,,,,,
A1552,Emily Roark,,,,1,"Bryant Law Center, PSC",1,1,2996,Management,high,,,,,,,,,
A1553,Matthew Browne,,,,1,"Browne Pelican, PLLC",1,1,2996,Management,high,,,,,,,,,
A1554,Julie Braman Kane,,,,1,Colson Hicks Eidson,1,1,2994,Communications,high,,,,,,,,,
A1555,Robert J. Kuntz,,,,1,Devine Goodman Rasco & Watts-FitzGerald LLP,1,1,2994,Management,high,,,,,,,,,
A1556,Bibianne U. Fell,,,,1,"Fell Law, PC",1,1,2994,Management,high,,,,,,,,,
A1557,Elizabeth M. Dalzell,,,,1,Law Office of Kenneth E. Berger LLC,1,1,2994,Management,high,,,,,,,,,
A1558,Dennis Damonn Spurling,,,,1,Dennis Spurling PLLC Attorneys at Law,1,1,3014,LeadCounsel,high,,,,,,,,,
A1559,David Cates,,,,1,"The Cates Law Firm; Cates Mahoney, LLC",1,2,3004,Coordination; Management,high,,,,,,,,,
A1560,Amy Eskin,,,,1,Schneider Wallace Cottrell Konecky LLP,1,2,3004,Coordination; Management,high,,,,,,,,,
A1561,Chad Finley,,,,1,TorHoerman Law,1,2,3004,Management,high,,,,,,,,,
A1562,Leslie LaMacchia,,,,1,"LaMacchia Law, PC; Pulaski Kherkher PLLC",1,2,3004,Management,high,,,,,,,,,
A1563,LaRuby May,,,,1,"Levin, Papantonio, Rafferty, Proctor, Buchanan, O’Brien, Barr & Mougey, P.A.",1,2,3004,Management,high,,,,,,,,,
A1564,Alicia O’Neill,,,,1,Watts Guerra LLP,1,2,3004,Management,high,,,,,,,,,
A1565,Amanda Williamson,,,,1,"Heninger Garrison Davis, LLC",1,2,3004,Management,high,,,,,,,,,
A1566,Michael Williams,Michael A. Williams,,,1,Williams Dirks Dameron LLC,1,2,3009,ClassCounsel; LeadCounsel,high,,,,,,,,,
A1567,Raymond C. Silverman,,,,1,Parker Waichman LLP,1,1,3006,LeadCounsel,high,,,,,,,,,
A1568,Richard M. Elias,,,,1,Elias LLC,1,1,3006,LeadCounsel,high,,,,,,,,,
A1569,Lawana Wichmann,,,,1,OnderLaw LLC,1,1,3006,LeadCounsel,high,,,,,,,,,
A1570,Chris Oxx,,,,1,Parker Waichman LLP,1,1,3006,Communications,high,,,,,,,,,
A1571,Andrew L. Reissaus,,,,1,Hollingsworth LLP,1,1,3006,Communications,high,,,,,,,,,
A1572,Yonatan Even,,,,1,,1,1,3010,Motions,high,,,,,,,,,
A1573,Kimberly Barone Baden,,,,1,Motley Rice LLC,1,1,3014,LeadCounsel,high,,,,,,,,,
A1574,Christian Bagin,,,,1,Wienand and Bagin,1,1,3014,LeadCounsel,high,,,,,,,,,
A1575,Elizabeth Pollock-Avery,,,,1,"Lynch Carpenter, LLP",1,1,3014,Communications; Discovery,high,,,,,,,,,
A1576,Laura Hughes McNally,,,,1,"Morgan, Lewis & Bockius, LLP",1,1,3014,Communications; Discovery,high,,,,,,,,,
A1577,Suniti N. Mehta,,,,1,"Sullivan & Cromwell, LLP",1,1,3014,Communications; Discovery,high,,,,,,,,,
A1578,Elizabeth N. Olsen,,,,1,"Sullivan & Cromwell, LLP",1,1,3014,Communications; Discovery,high,,,,,,,,,
A1579,Cari Laufenberg,Cari Campen Laufenberg,Cari C. Laufenberg,,1,Keller Rohrback L.L.P.,4,8,"3019, 3073, 3089, 3098",ClassCounsel; LeadCounsel; Management,high,,,,,,,,,
A1580,Sarah Bradshaw,,,,1,,1,1,3021,Management,high,,,,,,,,,
A1581,Richard J. Lajaunie,,,,1,,1,1,3021,Management,high,,,,,,,,,
A1582,Sara Watkins,Sara J. Watkins,,,1,"Robert Peirce & Associates, P.C.; ROBERT PEIRCE & ASSOCIATES P.C.; Robert Peirce & Associates",3,5,"3021, 3092, 3140",Management,high,,,,,,,,,
A1583,Danielle Perry,,,,1,,2,2,"3021, 3090",ClassCounsel; Management,high,,,,,,,,,
A1584,Carl Malmstrom,,,,1,Wolf Haldenstein Adler Freeman & Herz LLC,1,1,3009,Communications,high,,,,,,,,,
A1585,Yeremey Krishoey,,,,1,"Bursor & Fisher, P.A.",1,1,3009,Management,high,,,,,,,,,
A1586,Michael Laird,,,,1,Zimmerman Reed LLP,1,1,3009,Management,high,,,,,,,,,
A1587,Kevin Laukaitis,,,,1,Shub Law Firm LLC; Shub Law Firm,2,2,"3009, 3025",ClassCounsel; Management,high,,,,,,,,,
A1588,Brad Lear,,,,1,Lear Werts LLP,1,1,3009,Management,high,,,,,,,,,
A1589,Scott Levensten,,,,1,"Levensten Law Firm, PC",1,1,3009,Management,high,,,,,,,,,
A1590,Alex Lumaghi,,,,1,"Dowd & Dowd, P.C.",1,1,3009,Management,high,,,,,,,,,
A1591,Brian Morrison,,,,1,Tadler Law LLP,1,1,3009,Management,high,,,,,,,,,
A1592,John Nelson,,,,1,"Finkelstein & Krinsk LLP; MILBERG COLEMAN BRYSON PHILLIPS GROSSMAN, PLLC",2,2,"3009, 3149",Management,high,,,,,,,,,
A1593,Alexis Wood,,,,1,Law Offices of Ronald Marron; Law Offices of Ronald Maron,1,2,3019,Communications,high,,,,,,,,,
A1594,Robert Lopez,,,,1,Hagens Berman Sobol Shapiro LLP,1,2,3019,Management,high,,,,,,,,,
A1595,Margaret C. MacLean,,,,1,"Lowey Dannenberg, P.C.",1,2,3019,Management,high,,,,,,,,,
A1596,Kaleigh N.B. Powell,,,,1,Tousley Brian Stephens PLLC; Tousley Brain Stephens PLLC,1,2,3019,Management,high,,,,,,,,,
A1597,Kenya Jamila Reddy,Kenya J. Reddy,,,1,Morgan & Morgan Mass Tort Dept.; Morgan & Morgan,1,2,3019,Management,high,,,,,,,,,
A1598,Sabita J. Soneji,Sabita Soneji,,,1,Tycko & Zavareei LLP; Tycko and Zavareei LLP,5,8,"3019, 3055, 3090, 3108, 3115",ClassCounsel; LeadCounsel; Management; Motions,high,,,,,,,,,
A1599,Rachel Kristine Tack,Rachel K. Tack,,,1,"Zimmerman Reed, LLP",1,2,3019,Management,high,,,,,,,,,
A1600,Karen Cannon Shanks,,,,1,Hotze Runkle LLC,1,2,3023,Communications,high,,,,,,,,,
A1601,Douglas Moore,,,,1,Irwin Fritchie Urquhart & Moore LLC,1,2,3023,Communications,high,,,,,,,,,
A1602,Patrick Hotze,,,,1,Hotze Runkle PLLC,1,1,3023,Management,high,,,,,,,,,
A1603,Sandra Duggan,,,,1,Levin Sedran & Berman LLP; Levin Sedran & Berman,1,2,3014,LeadCounsel; Management; Settlement,high,,,,,,,,,
A1604,Ron Austin,Ron Anthony Austin,,,1,"Ron Austin Law, LLC; Ron Austin Law",2,6,"3014, 3047",Management,high,,,,,,,,,
A1605,Virginia Marie Buchanan,Virginia Buchanan,,,1,"Levin, Papantonio, Rafferty, Proctor, Buchanan, O’Brien, Barr & Mougey, P.A.; Levin Law Firm; Levin Papantonio",2,4,"3014, 3140",Management; Trial,high,,,,,,,,,
A1606,Ruth Anne French-Hodson,,,,1,"Sharp Law, LLP; Sharp Law LLP",3,5,"2993, 3014, 3021",LeadCounsel; Management,high,,,,,,,,,
A1607,Jason Rathod,Jason S. Rathod,,,1,Migliaccio & Rathod LLP,4,7,"3014, 3052, 3108, 3114",ClassCounsel; Expert; Management,high,,,,,,,,,
A1608,Joyce Chambers Reichard,Joyce Reichard,,,1,"Kelley Ferraro LLC; Kelley & Ferraro, LLP",3,5,"3014, 3080, 3092",Management,high,,,,,,,,,
A1609,Peter St. Tienne Wolff,Peter S. Wolff,,,1,"Pietragallo Gordon Alfano Bosick & Raspanti, LLP",1,2,3014,Communications,high,,,,,,,,,
A1610,"Arthur H. Stroyd, Jr.",,,,1,Del Sole Cavanaugh Stroyd LLC,1,2,3014,Settlement,high,,,,,,,,,
A1611,Miriam Agrait,Miriam Fresco Agrait,,,1,"Rubenstein Law, P.A.; Rubenstein Law",2,3,"3014, 3140",Management; Vetting,high,,,,,,,,,
A1612,Kristina Anderson,,,,1,"Hensley Legal Group, PC",1,2,3014,Management,high,,,,,,,,,
A1613,Claire E. Kreider,,,,1,"Gainsburgh, Benjamin, David, Meunier & Warshauer, LLC",1,1,3014,Management,high,,,,,,,,,
A1614,Ava Cavaco,,,,1,Meshbesher & Spence; Nigh Goldenberg Raso & Vaughn,2,4,"3014, 3140",Expert; Management,high,,,,,,,,,
A1615,Syreeta Defrance-Poindexter,,,,1,"Babin Law, LLC",1,2,3014,Management,high,,,,,,,,,
A1616,Ashley B. DiLiberto,,,,1,"Messa & Associates, P.C.",1,2,3014,Management,high,,,,,,,,,
A1617,Kathryn L. Harrison,,,,1,"Campbell & Levine, LLC",1,2,3014,Management,high,,,,,,,,,
A1618,Inez Johnson Ross,,,,1,"Onder Law, LLC",1,2,3014,Management,high,,,,,,,,,
A1619,Ian Sloss,Ian W. Sloss,,,1,Silver Golub & Teitell LLP,3,5,"3014, 3090, 3128",ClassCounsel; LeadCounsel; Management,high,,,,,,,,,
A1620,Kevin W. Tucker,,,,1,East End Trial Group LLC,1,2,3014,Management,high,,,,,,,,,
A1621,John M. Dealke,,,,1,"Deakle-Johnson Law Firm, PLLC",1,1,3021,Management,high,,,,,,,,,
A1622,Jubal Hamil,,,,1,Deakle Sholtis & Hamil,1,1,3021,Management,high,,,,,,,,,
A1623,Derek Chad Nuce,,,,1,"Pasley, Nuce, Mallory & Davis, LLC",1,1,3021,Management,high,,,,,,,,,
A1624,Gretchen E. Moore,,,,1,"Strassburger, McKenna, Gutnick & Gefsky",1,1,3021,Communications,high,,,,,,,,,
A1625,Miriam Fresco Agait,,,,1,"Rubenstein Law, P.A.",1,1,3014,Management,high,,,,,,,,,
A1626,Claire E. Berg,,,,1,"Gainsburgh, Benjamin, David, Meunier & Warshauer, LLC",1,1,3014,Management,high,,,,,,,,,
A1627,Ellen A. Presby,Ellen Presby,,,1,Ferrer Poirot Feller; Ferrer Poirot Feller Daniel,2,4,"3026, 3094",Management,high,,,,,,,,,
A1628,Randolph H. Donatelli,,,,1,"Lyons & Flood, LLP",1,1,3028,Management,high,,,,,,,,,
A1629,Edward Keane,,,,1,"Mahoney & Keane, LLP",1,1,3028,Management,high,,,,,,,,,
A1630,Joseph Perrone,,,,1,"Giuliano, McDonnell and Perrone, LLP",1,1,3028,Management,high,,,,,,,,,
A1631,Erich Wise,,,,1,"Flynn, Delich and Wise, LLP",1,1,3028,Management,high,,,,,,,,,
A1632,Steven Block,,,,1,"Lane, Powell, P.C.",1,1,3028,Management,high,,,,,,,,,
A1633,Kenderick Jordan,,,,1,"Marwedel, Minichello and Reeb, PC",1,1,3028,Management,high,,,,,,,,,
A1634,Elizabeth A. Kaveny,Elizabeth Kaveny,,,1,Kaveny & Kroll,1,4,3026,Communications; Coordination; Management,high,,,,,,,,,
A1635,Justin M. Heilig,,,,1,Hill Rivkins LLP,1,1,3028,Management,high,,,,,,,,,
A1636,Kevin J.B. O'Malley,Kevin O'Malley,Kevin John Byron O’Malley,,1,Nicoletti Hornig & Sweeney; NICOLETTI HORNIG & SWEENEY,1,3,3028,Communications; LeadCounsel; Management,high,,,,,,,,,
A1637,Joshua Southwick,,,,1,Gibson Robb & Lindh LLP,1,1,3028,Management,high,,,,,,,,,
A1638,Jonathan W. Thames,,,,1,Kennedys Law LLP,1,1,3028,Management,high,,,,,,,,,
A1639,Sean P. Fahey,,,,1,,1,2,3026,Communications,high,,,,,,,,,
A1640,Rebecca Fitzpatrick,,,,1,,1,2,3026,Communications,high,,,,,,,,,
A1641,James F. Hurst,,,,1,,1,2,3026,Communications,high,,,,,,,,,
A1642,Gary Klinger,Gary M. Klinger,,,1,"Milberg Coleman Bryson Phillips Grossman; Milberg Coleman Bryson Grossman, LLC; Milberg Coleman Bryson Phillips Grossman PLLC; Milberg Coleman Bryson Phillips Grossman, PLLC",7,11,"3025, 3032, 3056, 3083, 3096, 3108, 3127",ClassCounsel; Discovery; LeadCounsel; Management; Vetting,high,,,,,,,,,
A1643,Richard S. Wayne,,,,1,"Strauss Troy Co., LPA",1,2,3025,ClassCounsel; LeadCounsel,high,,,,,,,,,
A1644,Mark S. Reich,,,,1,"Levi & Korsinsky, LLP",1,2,3025,ClassCounsel,high,,,,,,,,,
A1645,Terence R. Coates,,,,1,"Markovits, Stock & Demarco, LLC",1,2,3025,ClassCounsel,high,,,,,,,,,
A1646,Amber L. Schubert,Amber Schubert,,,1,Schubert Jonckheer & Kolbe LLP; Schubert Jonckheer & Kolbe,3,3,"3025, 3096, 3149",ClassCounsel; Management,high,,,,,,,,,
A1647,Paul Doolittle,,,,1,"Poulin Willey Anastopoulo, LLC",1,2,3025,ClassCounsel,high,,,,,,,,,
A1648,Kiley Grombacher,,,,1,"Bradley Grombacher LLP; Bradley/Grombacher, LLP",4,4,"3025, 3037, 3089, 3115",ClassCounsel; Management,high,,,,,,,,,
A1649,Stephanie E. Parker,,,,1,,1,1,3026,LeadCounsel,high,,,,,,,,,
A1650,Meir Feder,,,,1,,1,1,3026,Communications,high,,,,,,,,,
A1651,Bridget K. O’Connor,,,,1,,1,1,3026,Communications,high,,,,,,,,,
A1652,Rachel Cannon,,,,1,,1,1,3026,LeadCounsel,high,,,,,,,,,
A1653,Darlene Alt,,,,1,,1,1,3026,Communications,high,,,,,,,,,
A1654,William Andrichik,,,,1,,1,1,3026,Communications,high,,,,,,,,,
A1655,Ashlie Case Sletvold,,,,1,"PEIFFER WOLF CARR KANE CONWAY & WISE, LLP; Peiffer Wolf Carr Kane Conway & Wise, LLP; Peiffer Wolf Carr Kane Conway & Wise",3,6,"3026, 3079, 3092",Communications; LeadCounsel; Management,high,,,,,,,,,
A1656,Diane K. Watkins,Diane Watkins,,,1,Wagstaff & Cartmell,2,3,"3026, 3101",Management,high,,,,,,,,,
A1657,Russell T. Abney,,,,1,Watts LLP,1,2,3026,Management,high,,,,,,,,,
A1658,"Gerald J. Diaz, Jr.",,,,1,Diaz Law Firm,1,2,3026,Management,high,,,,,,,,,
A1659,Deborah S. Dixon,,,,1,The Dixon Firm,1,2,3026,Management,high,,,,,,,,,
A1660,Kelly Hyman,,,,1,,1,1,3026,Management,high,,,,,,,,,
A1661,Kristine K. Kraft,Kristine Kraft,,,1,Schlicter Bogard & Denton; Schlicter Bogard LLP; SCHLICTER BOGARD & DENTON,3,7,"3026, 3044, 3092",Management,high,,,,,,,,,
A1662,Noah C. Lauricella,,,,1,Goldenberg Lauricella PLLC,1,2,3026,Management,high,,,,,,,,,
A1663,Christopher T. Nace,,,,1,,1,1,3026,Management,high,,,,,,,,,
A1664,Stephen Reck,,,,1,,1,1,3026,Management,high,,,,,,,,,
A1665,Pearl A. Robertson,Pearl Robertson,,,1,Irpino Avin & Hawkins,2,3,"3026, 3080",Management,high,,,,,,,,,
A1666,John F. Romano,,,,1,Romano Law Group,1,2,3026,Management,high,,,,,,,,,
A1667,James M. Williams,,,,1,,1,1,3026,Management,high,,,,,,,,,
A1668,Jeffrey A. Bowersox,,,,1,,1,1,3026,Management,high,,,,,,,,,
A1669,Diandra S. Debrosse,,,,1,DiCello Levitt,1,1,3026,LeadCounsel,high,,,,,,,,,
A1670,Alyson Steele Beridon,,,,1,"HERZFELD, SUETHOLZ, GASTEL, LENISKI, AND WALL, PLLC; Herzfeld, Suetholz, Gastel, Leniski, and Wall, PLLC; Herzfeld Suetholz Gastel Liniski & Wall, PLLC",3,5,"3026, 3079, 3092",Communications; Management,high,,,,,,,,,
A1671,Thomas L. Tisdale,Thomas Leonard Tisdale,,,1,"TISDALE & NAST LAW OFFICES, LLC",1,2,3028,Communications; LeadCounsel,high,,,,,,,,,
A1672,Noah M. Schubert,,,,1,Schubert Jonckheer & Kolbe LLP,1,1,3025,ClassCounsel,high,,,,,,,,,
A1673,Kelsey L. Stokes,Kelsey Stokes,,,1,"Fleming, Nolen & Jez, LLP; FLEMING, NOLEN & JEZ, L.L.P.; Fleming, Nolen & Jez, L.L.P.",2,3,"3029, 3089",Fees; LeadCounsel; Management,high,,,,,,,,,
A1674,Walter Kelley,,,,1,"Bernheim Kelley Battista & Bliss, LLC",1,2,3029,Communications; Management,high,,,,,,,,,
A1675,Christopher Chorba,,,,1,"Gibson, Dunn & Crutcher LLP",1,2,3032,Communications; LeadCounsel,high,,,,,,,,,
A1676,Jason R. Meltzer,,,,1,"Gibson, Dunn & Crutcher LLP",1,2,3032,Communications; LeadCounsel,high,,,,,,,,,
A1677,Andrea Giovannone,,,,1,Rueb Stoller Daniel,1,1,3029,Management,high,,,,,,,,,
A1678,C. Brett Vaughn,,,,1,"Nigh Goldenberg Raso & Vaughn, PLLC",1,1,3029,Management,high,,,,,,,,,
A1679,Ashley Crowell,,,,1,"Babin Law, LLC",1,1,3029,Management,high,,,,,,,,,
A1680,Scott Fraser,,,,1,McDonald Worley,1,1,3029,Management,high,,,,,,,,,
A1681,Robert King,,,,1,King Law,1,1,3029,Management,high,,,,,,,,,
A1682,PHILIP IOVIENO,,,,1,"Cadwalader, Wickersham & Taft LLP",1,1,3031,Communications,high,,,,,,,,,
A1683,Michelle Looby,MICHELLE LOOBY,,,1,Gustafson Gluek PLLC,2,3,"2993, 3031",ClassCounsel; Communications; LeadCounsel,high,,,,,,,,,
A1684,SHANA SCARLETT,,,,1,Hagens Berman Sobol Shapiro LLP,1,1,3031,Communications,high,,,,,,,,,
A1685,PATRICK MCGAHAN,,,,1,Scott+Scott Attorneys at Law LLP,1,1,3031,Communications,high,,,,,,,,,
A1686,Dean Graybill,,,,1,AARP Foundation,1,3,3035,Management,high,,,,,,,,,
A1687,Julie Nepveu,,,,1,AARP Foundation,1,1,3035,Management,high,,,,,,,,,
A1688,Elizabeth Hopkins,,,,1,"KANTOR & KANTOR LLP; Kantor & Kantor, LLP",1,3,3035,Management,high,,,,,,,,,
A1689,Susan L. Meter,,,,1,"Kantor & Kantor, LLP",1,1,3035,Management,high,,,,,,,,,
A1690,James Streett,,,,1,"Streett Law Firm, P.A.",1,1,3032,Coordination; Management,high,,,,,,,,,
A1691,Cristina Sabbagh,,,,1,,1,2,3037,Management,high,,,,,,,,,
A1692,David Silverman,,,,1,,1,1,3037,Management,high,,,,,,,,,
A1693,Clement S. Roberts,,,,1,,1,1,3042,LeadCounsel,high,,,,,,,,,
A1694,Jesenka Mrdjenovic,,,,1,"Gibson, Dunn & Crutcher LLP",1,1,3032,Communications; LeadCounsel,high,,,,,,,,,
A1695,Allyson M Julien,,,,1,Goldman Ismail Tomaselli Brennan & Baum LLP,1,1,3036,LeadCounsel,high,,,,,,,,,
A1696,David Eidson Dukes,,,,1,Nelson Mullins Riley & Scarborough,1,1,3036,LeadCounsel,high,,,,,,,,,
A1697,"David Calep Wright , III",,,,1,Robinson Bradshaw & Hinson,1,1,3036,Communications,high,,,,,,,,,
A1698,Bijan Esfandiari,,,,1,Baum Hedlund Aristei & Goldman,1,1,3036,LeadCounsel,high,,,,,,,,,
A1699,K. Rachel Lanier,,,,1,The Lanier Law Firm,1,1,3036,LeadCounsel,high,,,,,,,,,
A1700,Allison Mullins,,,,1,Turning Point Litigation; Mullins Duncan Harrell & Russell PLLC,1,1,3036,Communications,high,,,,,,,,,
A1701,E. Samuel Geisler,,,,1,"AYLSTOCK, WITKIN, KREIS & OVERHOLTZ PLLC",2,3,"3037, 3079",LeadCounsel; Management,high,,,,,,,,,
A1702,Marjorie Levine,,,,1,,1,1,3037,Management,high,,,,,,,,,
A1703,B. Kristian Rasmussen,,,,1,,1,1,3037,Management,high,,,,,,,,,
A1704,Daniel J.T. Sciano,,,,1,Tinsman & Sciano Inc.,1,2,3037,LeadCounsel; Management,high,,,,,,,,,
A1705,Jonathan Sedgh,,,,1,,1,1,3037,Management,high,,,,,,,,,
A1706,Gregorio A. Francis,,,,1,"OSBORNE & FRANCIS LAW FIRM, PLLC",1,2,3035,ClassCounsel; LeadCounsel; Management,high,,,,,,,,,
A1707,Dhamian Blue,,,,1,Blue LLP,1,2,3035,Management,high,,,,,,,,,
A1708,Kenneth S. Byrd,,,,1,"LIEFF CABRASHER HEIMANN & BERNSTEIN, LLP",1,2,3035,Management,high,,,,,,,,,
A1709,Nicole Lovett,,,,1,"Morgan & Morgan, P.A.",1,1,3036,Management,high,,,,,,,,,
A1710,Aaron Siri,,,,1,Siri & Glimstad LLP,1,1,3036,Management,high,,,,,,,,,
A1711,Tracy Turner,,,,1,"Pendley, Baudin & Coffin, LLP",2,2,"3036, 3101",Management,high,,,,,,,,,
A1712,Andrew Downing,,,,1,"Downing, Allison & Jorgenson",1,1,3036,Management,high,,,,,,,,,
A1713,Justin K. Gelfand,,,,1,"Margulis Gelfand, LLC",1,1,3036,Management,high,,,,,,,,,
A1714,Robert Hatch,,,,1,Bronster Fujichaku Robbins A Law Corporation,1,1,3036,Management,high,,,,,,,,,
A1715,Brian O. Marty,,,,1,"Shindler, Anderson, Goplerud & Weese P.C.",1,1,3036,Management,high,,,,,,,,,
A1716,Kim Mack Rosenberg,,,,1,Mack Rosenberg Law,1,1,3036,Management,high,,,,,,,,,
A1717,Anthony Liberatore,,,,1,"A. LIBERATORE, P.C.",1,1,3036,Management,high,,,,,,,,,
A1718,Mark Sadaka,,,,1,"Law Offices of Sadaka Associates, LLC",1,1,3036,Management,high,,,,,,,,,
A1719,Monique Alarcon,,,,1,Baum Hedlund Aristei & Goldman,2,2,"3036, 3101",Communications; Coordination,high,,,,,,,,,
A1720,Claudia I. Guerrero,,,,1,Dilley Law Firm,1,1,3037,LeadCounsel,high,,,,,,,,,
A1721,Marc Matthews,,,,1,"McIntyre Thanasides Bringgold Elliott Grimaldi & Guito, P.A.",1,1,3037,LeadCounsel,high,,,,,,,,,
A1722,Niall McCarthy,,,,1,"Cotchett, Pitre & McCarthy",1,1,3040,Management,high,,,,,,,,,
A1723,Gerald Singleton,,,,1,"Singleton Schreiber, LLP",1,1,3043,LeadCounsel,high,,,,,,,,,
A1724,Kristen L. Richer,,,,1,,1,1,3043,Communications,high,,,,,,,,,
A1725,Lori B. Leskin,,,,1,,1,1,3043,Communications,high,,,,,,,,,
A1726,Daniel Sullivan,,,,1,,1,3,3043,Communications; Management,high,,,,,,,,,
A1727,Ashley Barriere,,,,1,,1,3,3043,Management; Motions,high,,,,,,,,,
A1728,Evan Janush,,,,1,,1,1,3043,Discovery; Management,high,,,,,,,,,
A1729,W. Roger Smith,,,,1,Beasley Allen,2,5,"3043, 3140",Expert; Management; Vetting,high,,,,,,,,,
A1730,Amanda Hunt,,,,1,,1,1,3043,Expert; Management,high,,,,,,,,,
A1731,Zoe Littlepage,,,,1,,1,3,3043,Management; Settlement,high,,,,,,,,,
A1732,Charles J. Cooper,,,,1,,1,3,3043,Management,high,,,,,,,,,
A1733,Eric W. Cracken,,,,1,,1,3,3043,Management,high,,,,,,,,,
A1734,Greg Dovel,,,,1,,1,1,3043,Management,high,,,,,,,,,
A1735,Lindsey Scarcello,,,,1,"Wagstaff & Cartmell, LLP",2,4,"3043, 3089",Management,high,,,,,,,,,
A1736,Paul Danziger,,,,1,,1,2,3043,Management,high,,,,,,,,,
A1737,Krista Batchelder,,,,1,Colorado Attorney General's Office,1,1,3047,Communications,high,,,,,,,,,
A1738,Megan O’Neill,,,,1,California Attorney General's Office,1,1,3047,Communications,high,,,,,,,,,
A1739,Jorge A. Mestre,Jorge Mestre,,,1,"Rivero Mestre, LLP; Rivero Mestre LLP",1,2,3050,LeadCounsel,high,,,,,,,,,
A1740,Kirk Pope,,,,1,,1,2,3044,LeadCounsel; Management,high,,,,,,,,,
A1741,David Landever,,,,1,Weisman Kennedy,1,2,3044,Management,high,,,,,,,,,
A1742,Carasuana B. Wall,,,,1,,1,2,3044,Management,high,,,,,,,,,
A1743,Rayna Kessler,,,,1,,1,2,3044,Communications,high,,,,,,,,,
A1744,Joseph Saunders,,,,1,,1,2,3044,Coordination,high,,,,,,,,,
A1745,Michael P. Cutler,,,,1,,1,2,3044,Management,high,,,,,,,,,
A1746,Maria Fleming,,,,1,,1,2,3044,Management,high,,,,,,,,,
A1747,Matthew McCarley,,,,1,"Forester Haynie, PLLC",1,1,3044,Management,high,,,,,,,,,
A1748,Jason Goldstein,,,,1,Park Waichman,2,3,"3044, 3094",Management,high,,,,,,,,,
A1749,David Harman,,,,1,,1,2,3044,Management,high,,,,,,,,,
A1750,Hadley Lundback,,,,1,,1,2,3044,Management,high,,,,,,,,,
A1751,Ben C. Martin,,,,1,,1,2,3044,Management,high,,,,,,,,,
A1752,Justin Presnal,,,,1,Simmons Hanly,2,4,"3044, 3140",Management; Motions; Trial,high,,,,,,,,,
A1753,Patrick J. Wigle,,,,1,,1,2,3044,Management,high,,,,,,,,,
A1754,Cameron J. Falcon,,,,1,,1,2,3044,Bellwether; Discovery; Expert; Motions,high,,,,,,,,,
A1755,Kevin M. Fitzgerald,,,,1,,1,2,3044,Bellwether; Discovery; Expert; Motions,high,,,,,,,,,
A1756,Courtney L. Mohammadi,Courtney Mohammadi,,,1,Pope McGlamry,2,4,"3044, 3140",Bellwether; Discovery; Expert; Motions; Vetting,high,,,,,,,,,
A1757,Joannah Oh,,,,1,,1,2,3044,Bellwether; Discovery; Expert; Motions,high,,,,,,,,,
A1758,Craig M. Silverman,Craig Silverman,,,1,Sullivan Paipan Block McManus Coffinas & Cannavo,2,3,"3044, 3094",Bellwether; Discovery; Expert; Management; Motions,high,,,,,,,,,
A1759,Eli A. Fuchsberg,,,,1,"Jacob D. Fuchsberg Law Firm, LLP",1,1,3044,Bellwether; Discovery; Expert; Motions,high,,,,,,,,,
A1760,Amanda Fernandez,,,,1,,1,2,3044,Bellwether; Discovery; Expert; Motions,high,,,,,,,,,
A1761,Arati Chauhan Furness,,,,1,"Forester Haynie, PLLC",1,2,3044,Management,high,,,,,,,,,
A1762,Ilana Wolk,Ilana S. Wolk,,,1,"Jacob D. Fuchsberg Law Firm, LLP",1,2,3044,Bellwether; Discovery; Expert; Motions,high,,,,,,,,,
A1763,Sin-Ting Mary Liu,,,,1,,1,3,3047,Management,high,,,,,,,,,
A1764,Melissa L. Yeates,Melissa Yeates,,,1,"Kessler Topaz Meltzer & Check, LLP",2,4,"3047, 3080",ClassCounsel; LeadCounsel; Management,high,,,,,,,,,
A1765,Sarah Emery,,,,1,,1,2,3047,Management,high,,,,,,,,,
A1766,Alexandra Walsh,Alexandra M. Walsh,,,1,Walsh Law PLLC,4,6,"3047, 3084, 3094, 3101",Management,high,,,,,,,,,
A1767,Emily Jeffcott,,,,1,,1,4,3047,Coordination; Management; Motions,high,,,,,,,,,
A1768,Andre Mura,,,,1,,1,3,3047,Management; Motions,high,,,,,,,,,
A1769,Matthew Bergman,,,,1,,1,3,3047,Management,high,,,,,,,,,
A1770,Lexi Hazam,,,,1,,1,3,3047,LeadCounsel,high,,,,,,,,,
A1771,Previn Warren,,,,1,,1,3,3047,LeadCounsel,high,,,,,,,,,
A1772,James Bilsborrow,,,,1,,1,3,3047,Management,high,,,,,,,,,
A1773,Carrie Goldberg,,,,1,,1,2,3047,Management,high,,,,,,,,,
A1774,Jennie Lee Anderson,Jennie Anderson,,,1,,1,2,3047,Communications,high,,,,,,,,,
A1775,Ellyn Hurd,Ellyn H. Hurd,,,1,Simmons Hanly Conroy LLP,2,2,"3047, 3084",Management,high,,,,,,,,,
A1776,Felicia J. Craick,,,,1,,1,1,3047,Management,high,,,,,,,,,
A1777,Kirk Goza,,,,1,,1,1,3047,Management,high,,,,,,,,,
A1778,Matthew P. Legg,,,,1,,1,1,3047,Management,high,,,,,,,,,
A1779,James Marsh,,,,1,,1,2,3047,Management,high,,,,,,,,,
A1780,Hillary Nappi,,,,1,,1,2,3047,Management,high,,,,,,,,,
A1781,Emmie Paulos,,,,1,,1,2,3047,Management,high,,,,,,,,,
A1782,Kenneth B. McClain,,,,1,"Humphrey Farrington & McClain, P.C.; HUMPHREY FARRINGTON & McCLAIN",1,4,3052,ClassCounsel; Management,high,,,,,,,,,
A1783,Ashley Simonsen,,,,1,,1,1,3047,Communications,high,,,,,,,,,
A1784,Rick L. Ashton,,,,1,"ALLEN STOVAL NEUMAN & ASHTON, LLP",1,1,3052,Management,high,,,,,,,,,
A1785,Elliot R. Feldman,,,,1,COZEN O’CONNOR,1,1,3052,Management,high,,,,,,,,,
A1786,William J. Hoffmann,,,,1,GROTEFFELD HOFFMANN LLP,1,1,3052,Management,high,,,,,,,,,
A1787,Nathan Dooley,,,,1,COZEN O’CONNOR,1,1,3052,Management,high,,,,,,,,,
A1788,Craig S. Simon,,,,1,"BERGER KAHN, A Law Corporation.",1,1,3052,Management,high,,,,,,,,,
A1789,Daniel Hogan,,,,1,LAW OFFICES OF ROBERT A. STUNTMAN. P.C.,1,1,3052,Management,high,,,,,,,,,
A1790,Adam M. Romney,,,,1,GROTEFELD HOFFMANN LLP,1,1,3052,Management,high,,,,,,,,,
A1791,Susan M. Benson,,,,1,GROTEFFELD HOFFMANN LLP,1,1,3052,Discovery,high,,,,,,,,,
A1792,Emery K. Harlan,,,,1,MWH Law Group LLP,1,1,3052,Discovery,high,,,,,,,,,
A1793,Ryan McDevitt,,,,1,KELLER ROHRBACK LLP,1,1,3052,Discovery; Expert,high,,,,,,,,,
A1794,Thomas Paolini,,,,1,GROTEFELD HOFFMANN LLP,1,1,3052,Expert,high,,,,,,,,,
A1795,Elizabeth Castillo,Elizabeth T. Castillo,,,1,"Cotchett, Pitre & McCarthy; Cotchett, Pitre & McCarthy, LLP",2,3,"2993, 3051",Management,high,,,,,,,,,
A1796,Matthew D. Schultz,,,,1,"Levin, Papantonio, Rafferty, Proctor, Buchanan, O’Brien, Barr & Mougey, P.A.",1,1,3051,Management,high,,,,,,,,,
A1797,Kevin R. Dean,,,,1,Motley Rice LLC,1,1,3051,Management,high,,,,,,,,,
A1798,Michael A. Caplan,,,,1,Caplan Cobb LLC,1,1,3051,Communications,high,,,,,,,,,
A1799,M.J. Blakely,,,,1,"The Blakely Firm, LLC",1,1,3051,Communications,high,,,,,,,,,
A1800,Tiffany Marko Yiatras,,,,1,,1,2,3052,Discovery,high,,,,,,,,,
A1801,Matthew D. Schelkopf,,,,1,,1,2,3052,Expert,high,,,,,,,,,
A1802,Peter J. Brennan,,,,1,JENNER & BLOCK LLP,1,1,3052,Management,high,,,,,,,,,
A1803,Nada Djordjevic,,,,1,,1,1,3055,Expert,high,,,,,,,,,
A1804,Ryan Clarkson,,,,1,,1,1,3055,Discovery,high,,,,,,,,,
A1805,Christopher Ayers,,,,1,,1,1,3055,Discovery,high,,,,,,,,,
A1806,Catherine DeRenze,,,,1,,1,1,3055,Communications,high,,,,,,,,,
A1807,Mr. Berman,,,,1,,1,1,3052,ClassCounsel; Management,high,,,,,,,,,
A1808,Ms. Fegan,,,,1,,1,1,3052,ClassCounsel; Management,high,,,,,,,,,
A1809,Mr. McClain,,,,1,,1,1,3052,ClassCounsel; Management,high,,,,,,,,,
A1810,Mr. Tellis,,,,1,,1,1,3052,ClassCounsel; Management,high,,,,,,,,,
A1811,Nick Suciu,,,,1,Milberg Coleman Bryson Phillips Grossman PLLC,1,1,3059,ClassCounsel,high,,,,,,,,,
A1812,Marc Dann,,,,1,Dann Law,1,1,3056,Management,high,,,,,,,,,
A1813,Matt Wilson,,,,1,Meyer Wilson,1,1,3056,Management,high,,,,,,,,,
A1814,Leigh Perica,,,,1,"McCune Wright Arevalo, LLP",1,1,2993,Communications,high,,,,,,,,,
A1815,Sharon Rosenberg,,,,1,"Thompson Coburn, LLP",1,1,2993,Communications,high,,,,,,,,,
A1816,Nicholas Horattas,,,,1,DiCello Levitt,1,1,3060,ProSe,high,,,,,,,,,
A1817,Alfred Sargente,,,,1,Eckert Seamans,1,1,3060,ProSe,high,,,,,,,,,
A1818,Kate Lv,,,,1,Burke LLP,1,2,3071,Management,high,,,,,,,,,
A1819,Walter Noss,,,,1,Korein Tillery P.C.,1,3,3071,Management,high,,,,,,,,,
A1820,Daniel Herrera,,,,1,Cafferty Clobes Meriwether & Sprengel LLP,1,2,3071,Management,high,,,,,,,,,
A1821,Christian Levis,,,,1,"Lowey Dannenberg, P.C.; Lowery Dannenberg, P.C.",1,2,3071,Management,high,,,,,,,,,
A1822,Benjamin Widlanski,,,,1,Koyzak Tropin & Throckmorton LLP; Kozyak Tropin & Throckmorton LLP,2,3,"3071, 3080",LeadCounsel; Management,high,,,,,,,,,
A1823,Michaela Wallin,,,,1,"Berger Montague; Berger Montague, P.C.",1,2,3071,Management,high,,,,,,,,,
A1824,Sara Aguiñiga,,,,1,DiCello Levitt,1,2,3060,Communications; ProSe,high,,,,,,,,,
A1825,Timothy McCann,,,,1,Eckert Seamans; Hawkins Parnell,1,2,3060,Communications; ProSe,high,,,,,,,,,
A1826,Samuel P. Funk,,,,1,"Sims Funk PLC; Sims Funk, PLC",1,3,3071,Communications; Management,high,,,,,,,,,
A1827,Patrick Coughlin,,,,1,"Scott+Scott Attorneys at Law, LLP; Scott + Scott Attorneys at Law LLP",2,5,"3071, 3119",ClassCounsel; LeadCounsel,high,,,,,,,,,
A1828,Swathi Bojedla,,,,1,"Hausfeld, LLP",1,3,3071,ClassCounsel; LeadCounsel,high,,,,,,,,,
A1829,Kaleigh Boyd,Kaleigh N. Boyd,,,1,Tousley Brian Stephens PLLC,1,3,3073,Management,high,,,,,,,,,
A1830,Candace Smith,Candace N. Smith,,,1,Herman Jones LLP,1,3,3073,Management,high,,,,,,,,,
A1831,Alyse F. Stach,,,,1,,1,1,3071,Management,high,,,,,,,,,
A1832,Carl W. Hittinger,Carl Hittinger,,,1,Baker & Hostetler LLP,1,2,3071,Management,high,,,,,,,,,
A1833,Karen Hoffman Lent,,,,1,"Skadden, Arps, Slate, Meagher & Flom LLP",1,2,3071,Management,high,,,,,,,,,
A1834,Michael Maddigan,Michael M. Maddigan,,,1,Hogan Lovells US LLP,2,3,"3071, 3108",Coordination; Management,high,,,,,,,,,
A1835,David D. Cross,,,,1,Morrison & Foerster LLP,1,1,3071,,high,,,,,,,,,
A1836,Daniel DeSouza,,,,1,"DeSouza Law, PA",1,1,3075,LeadCounsel,high,,,,,,,,,
A1837,Lidia C. Mowad,,,,1,Miles & Stockbridge P.C.,1,1,3075,LeadCounsel,high,,,,,,,,,
A1838,Tricia Herzfeld,,,,1,"Herzfeld, Suetholz, Gastel, Leniski and Wall, PLLC",1,2,3071,Communications,high,,,,,,,,,
A1839,Brendan Glackin,,,,1,"Lieff Cabraser Heimmann & Bernstein, LLP",1,2,3071,Management,high,,,,,,,,,
A1840,Daniel J. Walker,,,,1,"Berger Montague, P.C.",1,2,3071,Management,high,,,,,,,,,
A1841,Rebecca A. Peterson,,,,1,Lockridge Grindal Nauen P.L.L.P.,1,2,2993,ClassCounsel; LeadCounsel,high,,,,,,,,,
A1842,Adam J. Zapala,,,,1,"Cotchett, Pitre & McCarthy; Cotchett, Pitre & McCarthy, LLP",2,3,"2993, 3107",LeadCounsel; Management,high,,,,,,,,,
A1843,Sati Gibson,,,,1,Edelson Lechtzin LLP,1,2,2993,Management,high,,,,,,,,,
A1844,Michael Cashman,,,,1,Hellmuth & Johnson PLL C; Hellmuth & Johnson PLLC,1,2,2993,Management,high,,,,,,,,,
A1845,Anne Reagan,,,,1,Hellmuth & Johnson PLL C; Hellmuth & Johnson PLLC,1,2,2993,Management,high,,,,,,,,,
A1846,Ashlea Schwarz,,,,1,Paul LLP,1,2,2993,Management,high,,,,,,,,,
A1847,Roberta Yard,,,,1,Reinhardt Wendorf & Blanchfield,1,2,2993,Management,high,,,,,,,,,
A1848,William G. Caldes,,,,1,"Spector, Roseman & Kodroff, PC; Spector Roseman & Kodroff, P.C.; SPECTOR ROSEMAN & KODROFF, P.C.",3,4,"2993, 3107, 3113",LeadCounsel; Management,high,,,,,,,,,
A1849,Icee N. Etheridge,,,,1,"Spector, Roseman & Kodroff, PC",1,2,2993,Management,high,,,,,,,,,
A1850,Archana Tamoshunas,,,,1,"Taus, Cebulash & Landau LLP",1,2,2993,Management,high,,,,,,,,,
A1851,Brett Cebulash,,,,1,"Taus, Cebulash & Landau LLP",1,2,2993,Management,high,,,,,,,,,
A1852,David Boies,,,,1,Boies Schiller Flexner LLP,1,3,3076,ClassCounsel,high,,,,,,,,,
A1853,Ian J. Barlow,,,,1,Kershaw Talley Barlow PC; KERSHAW TALLEY & BARLOW,1,3,3078,ClassCounsel; LeadCounsel,high,,,,,,,,,
A1854,Jay Srinivasan,,,,1,"Gibson, Dunn & Crutcher LLP",1,1,3071,Communications; Management,high,,,,,,,,,
A1855,Britt Miller,,,,1,Mayer Brown LLP,1,1,3071,Management,high,,,,,,,,,
A1856,Gregory Casas,,,,1,Greenberg Traurig LLP,1,1,3071,Management,high,,,,,,,,,
A1857,Joseph H. Kanee,,,,1,MARCUS & ZELMAN LLC,1,1,3074,LeadCounsel,high,,,,,,,,,
A1858,Jennifer McLoone,,,,1,SHOOK HARDY & BACON LLP,1,1,3074,LeadCounsel,high,,,,,,,,,
A1859,Molly Condon Wells,,,,1,WALLACE MILLER,1,1,3079,Communications,high,,,,,,,,,
A1860,Mark Abramowitz,,,,1,"DICELLO LEVITT, LLP",1,1,3079,Management,high,,,,,,,,,
A1861,Brandon L. Bogle,Brandon Bogle,,,1,"LEVIN, PAPANTONIO, RAFFERTY, PROCTOR, BUCHANAN, O’BRIEN, BARR & MOUGEY, P.A.; Levin Papantonio Rafferty Proctor Buchanan O’Brien Barr Mougey, P.A.",2,2,"3079, 3080",LeadCounsel; Management,high,,,,,,,,,
A1862,Nola H. Cross,,,,1,CROSS LAW FIRM,1,1,3078,Communications,high,,,,,,,,,
A1863,David G. Omer,,,,1,"OMER LAW FIRM, PLLC",1,1,3078,Management,high,,,,,,,,,
A1864,Dorothy P. Antullis,,,,1,Robbins Geller Rudman & Dowd LLP,1,1,3080,Management,high,,,,,,,,,
A1865,Mark O’Connor,,,,1,Beus O’Connor McGroder PLLC; Beus O’Connor McGroder,2,4,"3081, 3125",Management,high,,,,,,,,,
A1866,Joseph M. Vanek,,,,1,Sperling & Slater LLC,1,1,3080,Management,high,,,,,,,,,
A1867,Matthew F. Gately,,,,1,Cohn Lifland Pearlman Herrmann & Knopf LLP,1,1,3080,Communications,high,,,,,,,,,
A1868,Adam M. Evans,,,,1,"Dickerson Oxton, LLC",1,2,3081,LeadCounsel,high,,,,,,,,,
A1869,Rebecca Phillips,,,,1,Lanier Law Firm,1,3,3081,LeadCounsel,high,,,,,,,,,
A1870,Michael Sacchet,,,,1,"Ciresi Conlin, LLP; Ciresi Conlin LLP; Ciresi Conlin",3,6,"3081, 3089, 3140",LeadCounsel; Management; Motions,high,,,,,,,,,
A1871,Steve German,,,,1,Scout Law Group,1,3,3081,Communications; LocalCounsel; Management,high,,,,,,,,,
A1872,Anne Schiavone,,,,1,"Holman Schiavone, LLC; Holman Schiavone LLC",2,3,"3081, 3125",LeadCounsel; Management,high,,,,,,,,,
A1873,Stuart Ratzan,,,,1,Ratzan Weissman & Boldt,1,3,3081,Management,high,,,,,,,,,
A1874,Danielle Rogers,,,,1,Langdon & Emison,1,3,3081,Management,high,,,,,,,,,
A1875,Larry Taylor,,,,1,"The Cochran Firm – Dallas, PLLC",1,3,3081,Management,high,,,,,,,,,
A1876,Alex Barlow,,,,1,Scott & Scott,1,3,3081,LeadCounsel; Management,high,,,,,,,,,
A1877,Tom Pirtle,,,,1,"Laminack, Pirtle & Martines",1,3,3081,Management,high,,,,,,,,,
A1878,Roman Balaban,,,,1,Balaban Law LLC; Balaban Law,2,4,"3081, 3125",Management,high,,,,,,,,,
A1879,Gabe Assaad,,,,1,McDonald Worley,1,2,3081,Management,high,,,,,,,,,
A1880,Bradley Leger,,,,1,"Leger Ketchum & Cohoon, PLLC",1,3,3081,Management,high,,,,,,,,,
A1881,Chelsea Dickerson,,,,1,"Dickerson Oxton, LLC; Dickerson Oxton LLC",2,4,"3081, 3125",Management,high,,,,,,,,,
A1882,Brian Tadtman,,,,1,"Woodworth Law Firm, LLC",1,3,3081,Management,high,,,,,,,,,
A1883,Aaron Dickey,,,,1,"Dickey Anderson, LLC",1,3,3081,Management,high,,,,,,,,,
A1884,Robert Brown,,,,1,Robert Brown Law,1,3,3081,Management,high,,,,,,,,,
A1885,Jakob Norman,,,,1,"Trial Lawyers for Justice, P.C.",1,3,3081,Management,high,,,,,,,,,
A1886,Ryan Cavanaugh,,,,1,"Constant Legal Group, LLP; Constant Legal Group LLP",2,4,"3081, 3125",Management,high,,,,,,,,,
A1887,Jon Conlin,,,,1,"Cory Watson, P.C.",1,3,3081,Management,high,,,,,,,,,
A1888,Megan Odom,,,,1,"Ciresi Conlin, LLP",1,2,3081,Management,high,,,,,,,,,
A1889,Kristen A. Johnson,Kristen Johnson,,,1,Hagens Berman Sobol Shapiro LLP,2,14,"03083, 3083",ClassCounsel; Communications; Management,high,,,,,,,,,
A1890,Brandon Henry,,,,1,"Wagstaff & Cartmell, LLP; Wagstaff & Cartmell",2,3,"3081, 3140",Management; Trial,high,,,,,,,,,
A1891,Cameron Cano,,,,1,Scott & Scott,1,1,3081,Management,high,,,,,,,,,
A1892,Evan Buxner,,,,1,The Gori Law Firm,2,2,"3081, 3094",Management,high,,,,,,,,,
A1893,Sara Craig,,,,1,Peiffer Wolf,1,1,3081,Management,high,,,,,,,,,
A1894,Mark Pifko,,,,1,"Baron & Budd, P.C.",1,1,3080,LeadCounsel,high,,,,,,,,,
A1895,Ben Crump,,,,1,Ben Crump Law,1,1,3080,Management,high,,,,,,,,,
A1896,David Ko,David J. Ko,,,1,Keller Rohrback LLP; Keller Rohrback,2,2,"3080, 3148",LeadCounsel; Management,high,,,,,,,,,
A1897,Melody Dickson,,,,1,Wagstaff & Cartmell LLP,1,1,3080,Management,high,,,,,,,,,
A1898,Gregory Cade,,,,1,Environmental Litigation Group PC,1,1,3080,Management,high,,,,,,,,,
A1899,Dara Hegar,,,,1,The Lanier Law Firm,1,1,3080,Management,high,,,,,,,,,
A1900,Caitlyn Miller,,,,1,Aylstock Witkin Kreis & Overholtz PLLC,1,1,3080,Management,high,,,,,,,,,
A1901,Dan Goetz,,,,1,Weisman Kennedy & Berris Co. LPA,1,1,3080,Management,high,,,,,,,,,
A1902,Greg Stamatopoulos,,,,1,"Weitz and Luxenberg, P.C.",1,1,3080,Management,high,,,,,,,,,
A1903,Ronnie Spiegel,,,,1,Joseph Saveri Law Firm; Joseph Saveri Law Firm LLP,2,3,"3080, 3108",Management,high,,,,,,,,,
A1904,Joanne Cicala,,,,1,The Cicala Law Firm PLLC,1,1,3080,LeadCounsel,high,,,,,,,,,
A1905,Lawrence Deas,,,,1,Liston & Deas PLLC,1,1,3080,LeadCounsel,high,,,,,,,,,
A1906,Russell Budd,,,,1,"Baron & Budd, P.C.",1,1,3080,LeadCounsel,high,,,,,,,,,
A1907,Trey Watkins,,,,1,Forman Watkins & Krutz LLP,1,1,3080,LeadCounsel,high,,,,,,,,,
A1908,Hannah Brennan,,,,1,Hagens Berman Sobol Shapiro LLP,1,1,3080,Management,high,,,,,,,,,
A1909,Donald Ecklund,,,,1,"Carella, Byrne, Cecchi, Brody & Agnello, P.C.",1,1,3080,Management,high,,,,,,,,,
A1910,Karen Halbert,,,,1,"Roberts Law Firm US, PC",1,1,3080,Management,high,,,,,,,,,
A1911,Janpaul Portal,,,,1,MSP Recovery Law Firm,1,1,3080,Management,high,,,,,,,,,
A1912,Chad Roberts,,,,1,"eDiscovery CoCounsel, PLLC",1,1,3081,Management,high,,,,,,,,,
A1913,Troy A. Brenes,,,,1,,1,1,3081,Management,high,,,,,,,,,
A1914,Rachel B. Abrams,,,,1,"Peiffer Wolf Carr Kane Conway & Wise, LLP",1,1,3084,LeadCounsel,high,,,,,,,,,
A1915,Brian A. Abramson,,,,1,"Williams Hart & Boundas, LLP",1,1,3084,Management,high,,,,,,,,,
A1916,Sara M. Peters,,,,1,"Walkup, Melodia, Kelly and Schoenberger, APC",1,1,3084,Management,high,,,,,,,,,
A1917,Bret D. Stanley,,,,1,"Pulaski Kherkher, PLLC",1,1,3084,Management,high,,,,,,,,,
A1918,Meredith Stratigopoulos,,,,1,Watts Guerra LLP,1,1,3084,Management,high,,,,,,,,,
A1919,Sarah Gelsomino,,,,1,Friedman Gilbert + Gerhardstein; FRIEDMAN GILBERT + GERHARDSTEIN,1,3,3092,Management,high,,,,,,,,,
A1920,Robert W. Cowan,,,,1,Bailey Cowan Heckaman PLLC,1,2,3087,LeadCounsel,high,,,,,,,,,
A1921,Rene F. Rocha,,,,1,Morgan & Morgan,1,2,3087,LeadCounsel,high,,,,,,,,,
A1922,Anya Fuchs,,,,1,Pearce Lewis LLP,1,1,3087,Coordination,high,,,,,,,,,
A1923,Cameron Bell,,,,1,Oliver Law Group P.C.,1,1,3087,Management,high,,,,,,,,,
A1924,Eli J. Hare,,,,1,Dicello Levitt LLP,1,1,3087,Management,high,,,,,,,,,
A1925,Lowell P. McKelvey,,,,1,McKelvey Law LLC,1,1,3087,Management,high,,,,,,,,,
A1926,Megan L. Roper,,,,1,Bailey Cowan Heckaman PLLC,1,1,3087,Management,high,,,,,,,,,
A1927,Matthew K. Felty,,,,1,Lytle Soule & Felty P.C.,1,1,3087,Management,high,,,,,,,,,
A1928,Aaron M. Heckaman,,,,1,Bailey Cowan Heckaman PLLC,1,1,3087,Management,high,,,,,,,,,
A1929,Hayden N. Wyatt,,,,1,Bailey Cowan Heckaman PLLC,1,1,3087,Management,high,,,,,,,,,
A1930,Thiago Coelho,,,,1,,1,1,3083,Expert,high,,,,,,,,,
A1931,Jennifer Hoekstra,,,,1,Aylstock Witkin Kreis Overholtz PLLC,1,1,3089,Management,high,,,,,,,,,
A1932,Jason P. Sultzer,,,,1,The Sultzer Law Group P.C.,1,1,3089,Management,high,,,,,,,,,
A1933,Sarah Wescot,,,,1,"Bursor & Fisher, P.A.",1,1,3089,Management,high,,,,,,,,,
A1934,Shireen M. Clarkson,,,,1,Clarkson Law Firm P.C.,1,1,3089,Management,high,,,,,,,,,
A1935,Alexander E. Barnett,,,,1,"Cotchett, Pitre & McCarthy, LLP",1,1,3089,Management,high,,,,,,,,,
A1936,Darren T. Kaplan,,,,1,Kaplan Gore LLP,1,1,3089,Management,high,,,,,,,,,
A1937,Jordan E. Jacobson,,,,1,"Kessler, Topaz, Meltzer & Check, LLP",1,1,3089,Management,high,,,,,,,,,
A1938,Laura Dunning,,,,1,"Levin Papantonio Rafferty Proctor Buchanan O’Brien Barr Mougey, P.A.",1,1,3089,Management,high,,,,,,,,,
A1939,Mason Barney,,,,1,,1,4,3090,ClassCounsel; Management,high,,,,,,,,,
A1940,John Michael Allen,,,,1,Frazer PLC; FRAZER PLC,1,3,3092,Management,high,,,,,,,,,
A1941,Jamie Mauhay Powers,,,,1,KERSHAW TALLEY BARLOW,1,1,3092,Management,high,,,,,,,,,
A1942,Rachel Archambeau,,,,1,"Johnson Becker, PLLC; JOHNSON BECKER, PLLC",1,3,3092,Management,high,,,,,,,,,
A1943,Lindsey K. Self,,,,1,Haber LLP; HABER LLP,1,3,3092,Management,high,,,,,,,,,
A1944,Marilyn Ukropina,,,,1,"PEIFFER WOLF CARR KANE CONWAY & WISE, LLP",1,1,3092,Management,high,,,,,,,,,
A1945,Alex Parker,,,,1,Flint Cooper Cohn Thompson & Miracle; FLINT COOPER COHN THOMPSON & MIRACLE,1,3,3092,Management,high,,,,,,,,,
A1946,Layne Hilton,,,,1,Meyer Wilson; MEYER WILSON,2,4,"3092, 3094",Management,high,,,,,,,,,
A1947,Russ Abney,,,,1,Watts LLP; WATTS LLP,1,3,3092,Management,high,,,,,,,,,
A1948,Meghan P. Connolly,,,,1,Tittle & Perlmuter; LOWE SCOTT FISHER,1,3,3092,Management,high,,,,,,,,,
A1949,Jessica Wieczorkiewicz,,,,1,Wallace Miller; WALLACE MILLER,1,3,3092,Management,high,,,,,,,,,
A1950,Sara Schramm,,,,1,Hammers Law Firm; Hammers Law; HAMMERS LAW FIRM,2,4,"3092, 3094",Management,high,,,,,,,,,
A1951,Sara Papantonio,,,,1,"Levin, Papantonio, Proctor, Buchanan, O’Brien, Barr & Mougey, P.A.; LEVIN, PAPANTONIO, RAFFERTY, PROCTOR, BUCHANAN, O’BRIEN, BARR & MOUGEY, P.A.",1,3,3092,Management,high,,,,,,,,,
A1952,P. Davis Cooper,,,,1,"Cooper Law Partners, PLLC; COOPER LAW PARTNERS PLLC",1,3,3092,Management,high,,,,,,,,,
A1953,R. Stanley Gipe,,,,1,Dolman Law Group; DOLMAN LAW GROUP,1,3,3092,Management,high,,,,,,,,,
A1954,N. John Bey,,,,1,Bey & Associates; BEY & ASSOCIATES,1,3,3092,Management,high,,,,,,,,,
A1955,Heaven N. Jaafar,,,,1,"Peiffer Wolf Carr Kane Conway & Wise, LLP",1,2,3092,Management,high,,,,,,,,,
A1956,Kathryn L. Avila,,,,1,Nigh Goldenberg Raso & Vaughn,1,2,3092,Management,high,,,,,,,,,
A1957,Matthew Marcin,,,,1,"Aylstock Witkin Kries & Overholtz, PLLC",1,1,3094,Management,high,,,,,,,,,
A1958,Sarah Ruane,,,,1,Wagstaff and Cartmell LLP,1,1,3094,LeadCounsel,high,,,,,,,,,
A1959,Jonathan D. Orent,,,,1,Motley Rice LLC,1,1,3094,LeadCounsel,high,,,,,,,,,
A1960,Bradley Honnold,,,,1,"Goza & Honnold, LLC",1,1,3094,Management,high,,,,,,,,,
A1961,Sara Couch,,,,1,Motley Rice LLC,1,2,3094,Management,high,,,,,,,,,
A1962,W. Cameron Stephenson,,,,1,"Levin, Papantonio, Rafferty, Proctor, Buchanan, O’Brien, Barr & Mougey; Levin, Papantonio, Rafferty, Proctor Buchanan, O’Brien, Barr & Mougey, P.A.",1,2,3094,Management,high,,,,,,,,,
A1963,Keith Verrier,,,,1,Levin Sedran & Berman,1,1,3094,Management,high,,,,,,,,,
A1964,Daniel Seltz,,,,1,Leif Cabraser Heimann and Bernstien,1,1,3094,Management,high,,,,,,,,,
A1965,Ryan Duplechin,,,,1,Beasley Allen,1,1,3094,Management,high,,,,,,,,,
A1966,Daniel Robinson,,,,1,Robinson Calcagnie,1,1,3094,Management,high,,,,,,,,,
A1967,Digger Earles,,,,1,Laborde Earles Injury Lawyers,1,1,3094,Management,high,,,,,,,,,
A1968,Lori Feldman,,,,1,,1,1,3090,ClassCounsel; Management,high,,,,,,,,,
A1969,Sharon Zinns,,,,1,,1,1,3090,ClassCounsel; Management,high,,,,,,,,,
A1970,Anthony Parkhill,,,,1,,1,1,3090,ClassCounsel; Management,high,,,,,,,,,
A1971,Kevin Sharp,,,,1,,1,1,3090,ClassCounsel; Management,high,,,,,,,,,
A1972,Steven Sukert,,,,1,,1,1,3090,ClassCounsel; Management,high,,,,,,,,,
A1973,Erin Green Comite,Erin Comite,,,1,Scott + Scott Attorneys at Law LLP,2,3,"3090, 3108",ClassCounsel; Management,high,,,,,,,,,
A1974,Bart Cohen,,,,1,,1,1,3090,ClassCounsel; Management,high,,,,,,,,,
A1975,Nina Spizer,,,,1,Dilworth Paxson LLP,1,1,3094,Communications,high,,,,,,,,,
A1976,Mike Daly,,,,1,Pogust Goodhead,1,1,3094,Management,high,,,,,,,,,
A1977,Alex Walsh,,,,1,Alex Walsh Law,1,1,3094,Management,high,,,,,,,,,
A1978,Timothy Jackson,,,,1,,1,1,3101,Management,high,,,,,,,,,
A1979,Anthony Russo,,,,1,,1,1,3101,Management,high,,,,,,,,,
A1980,William Sykes,,,,1,,1,1,3101,Management,high,,,,,,,,,
A1981,Mary Raybon,,,,1,,1,1,3101,Management,high,,,,,,,,,
A1982,William Smith,,,,1,,1,1,3101,Management,high,,,,,,,,,
A1983,Madeleine Clavier,,,,1,,1,1,3101,Management,high,,,,,,,,,
A1984,Emily DeVuono,,,,1,,1,1,3101,Management,high,,,,,,,,,
A1985,Joseph Masterman,,,,1,,1,1,3101,Management,high,,,,,,,,,
A1986,Steven Brady,,,,1,,1,1,3101,Management,high,,,,,,,,,
A1987,Tiffany Ellis,,,,1,,1,1,3101,Management,high,,,,,,,,,
A1988,Pedram Esfandiary,,,,1,,1,1,3101,Management,high,,,,,,,,,
A1989,Brooke Killian Kim,,,,1,,1,1,3101,Communications,high,,,,,,,,,
A1990,Emily E. Hughes,,,,1,"The Miller Law Firm, P.C.",2,2,"3096, 3115",ClassCounsel; Management,high,,,,,,,,,
A1991,Peter L. Bishop,,,,1,"Abraham, Fruchter & Twersky, LLP",1,1,3096,ClassCounsel,high,,,,,,,,,
A1992,Connor Hayes,,,,1,Lynch Carpenter LLP,1,1,3096,ClassCounsel; Coordination,high,,,,,,,,,
A1993,Kosta Stojilkovic,,,,1,Wilkinson Stekloff LLP,1,2,3110,Management,high,,,,,,,,,
A1994,Christopher Plumlee,,,,1,RMP LLP,1,2,3110,Management,high,,,,,,,,,
A1995,Timothy Cameron,,,,1,"Cravath, Swaine & Moore LLP",1,2,3110,Management,high,,,,,,,,,
A1996,David C. Kully,David Kully,,,1,Holland & Knight LLP,1,2,3110,Management,high,,,,,,,,,
A1997,David I. Berl,,,,1,Williams & Connolly LLP,1,1,3103,Communications,high,,,,,,,,,
A1998,John R. Labbe,,,,1,"Marshall, Gerstein & Borun LLP",1,1,3103,Communications,high,,,,,,,,,
A1999,Robert Cerwinski,,,,1,Gemini Law LLP,1,1,3103,Communications,high,,,,,,,,,
A2000,"Louis E. Fogel, Ph.D.",,,,1,Fish & Richardson P.C.,1,1,3103,Communications,high,,,,,,,,,
A2001,William A. Rakoczy,,,,1,Rakoczy Molino Mazzochi Siwik LLP,1,1,3103,Communications,high,,,,,,,,,
A2002,Raymond N. Nimrod,,,,1,"Quinn Emanuel Urquhart & Sullivan, LLP",1,1,3103,Communications,high,,,,,,,,,
A2003,Jordan A. Rice,,,,1,MoloLamken LLP,1,1,3113,ClassCounsel,high,,,,,,,,,
A2004,Jonathan E. Barbee,Jonathan Barbee,,,1,MoloLamken LLP; MOLOLAMKEN LLP,1,2,3113,ClassCounsel,high,,,,,,,,,
A2005,David L. Balser,,,,1,King & Spalding LLP,1,1,3111,LeadCounsel,high,,,,,,,,,
A2006,Bryan A. Fratkin,,,,1,McGuireWoods LLP,1,1,3111,LocalCounsel,high,,,,,,,,,
A2007,Chet B. Waldman,Chet M. Waldman,,,1,Wolf Popper LLP,1,4,3111,ClassCounsel; LeadCounsel,high,,,,,,,,,
A2008,Kellie Lerner,,,,1,Robins Kaplan LLP,1,1,3107,LeadCounsel,high,,,,,,,,,
A2009,Gary A Corroto,,,,1,Plakas Mannos,1,1,3107,Communications,high,,,,,,,,,
A2010,Ethan J. Barlieb,,,,1,"Kessler Topaz Meltzer & Check, LLP",1,1,3107,Management,high,,,,,,,,,
A2011,Michelle C. Clerkin,,,,1,Spiro Harrison & Nelson,1,1,3107,Management,high,,,,,,,,,
A2012,Kimberly Justice,Kimberly A. Justice,,,1,Freed Kanner London & Millen LLC,2,3,"3107, 3110",LeadCounsel; Management,high,,,,,,,,,
A2013,April D. Lambert,,,,1,"Radice Law Firm, P.C.",1,1,3107,Management,high,,,,,,,,,
A2014,Kevin Landau,,,,1,"Taus, Cebulash & Landau, LLP",1,1,3107,Management,high,,,,,,,,,
A2015,Bobby Pouya,,,,1,"Pearson Warshaw, LLP",1,1,3107,Management,high,,,,,,,,,
A2016,Heidi M. Silton,Heidi Silton,,,1,Lockridge Grindal Nauen PLLP; LOCKRIDGE GRINDAL NAUEN PLLP,4,5,"3107, 3110, 3113, 3148",LeadCounsel; Management,high,,,,,,,,,
A2017,Thomas H. Burt,,,,1,Wolf Haldenstein Adler Freeman & Herz LLP,1,1,3107,LeadCounsel,high,,,,,,,,,
A2018,Michelle L. Kranz,,,,1,"Zoll & Kranz, LLC",1,1,3107,Communications,high,,,,,,,,,
A2019,Brian J. Dunne,,,,1,Bathaee Dunne LLP,1,1,3107,Management,high,,,,,,,,,
A2020,"James L. Ward, Jr.",,,,1,"McGowan, Hood, Felder & Phillips, LLC",1,1,3107,Management,high,,,,,,,,,
A2021,Timothy D. Battin,,,,1,BoiesBattin LLP,1,1,3107,Management,high,,,,,,,,,
A2022,Warren Burns,Warren Tavares Burns,,,1,Burns Charest LLP,2,4,"3107, 3108",ClassCounsel; LeadCounsel,high,,,,,,,,,
A2023,Daniel C. Hedlund,,,,1,Gustafson Gluek PLLC,1,1,3107,LeadCounsel,high,,,,,,,,,
A2024,Robin F. Zwerling,,,,1,"Zwerling, Schachter & Zwerling, LLP",1,1,3107,LeadCounsel,high,,,,,,,,,
A2025,Sadik Huseny,,,,1,,1,1,3121,Communications,high,,,,,,,,,
A2026,David Hodge,,,,1,"Morris, King & Hodge P.C.",1,3,3108,Communications; Coordination,high,,,,,,,,,
A2027,Allison Holt Ryan,,,,1,Hogan Lovells US LLP,1,3,3108,Communications; Coordination; LeadCounsel,high,,,,,,,,,
A2028,Peter H. Walsh,,,,1,Hogan Lovells US LLP,1,1,3108,Coordination,high,,,,,,,,,
A2029,Vassi Iliadis,,,,1,Hogan Lovells US LLP,1,3,3108,Communications; Coordination; LeadCounsel,high,,,,,,,,,
A2030,Alicia J. Paller,,,,1,Hogan Lovells US LLP,1,3,3108,Communications; Coordination; LeadCounsel,high,,,,,,,,,
A2031,Shauna Itri,,,,1,Seeger Weiss LLP,1,2,3114,ClassCounsel; Management,high,,,,,,,,,
A2032,Sean S Modjarrad,Sean Modjarrad,,,1,Modjarrad Abusaad & Said,1,2,3114,ClassCounsel; Management,high,,,,,,,,,
A2033,"Larry A Golston, Jr.",,,,1,"Beasley, Allen, Crow, Methvin, Portis & Miles, P.C.",1,1,3114,Management,high,,,,,,,,,
A2034,Nicholas R Lange,,,,1,Freed Kanner London & Millen LLC,1,1,3114,Management,high,,,,,,,,,
A2035,Rebecca L Solomon,,,,1,Tousley Brain Stephens PLLC,1,1,3114,Management,high,,,,,,,,,
A2036,Christopher Dodd,,,,1,"Dodd Law Office, LLC",2,4,"03119, 3119",Communications,high,,,,,,,,,
A2037,Michael Dell’Angelo,Michael Dell'Angelo,,,1,Berger Montague; BERGER MONTAGUE PC,2,3,"3113, 3119",LeadCounsel,high,,,,,,,,,
A2038,Karin Swope,,,,1,"Cotchett, Pitre & McCarthy LLP",1,2,3119,LeadCounsel,high,,,,,,,,,
A2039,Lawrence E. Buterman,Lawrence Buterman,,,1,Latham & Watkins LLP,1,2,3110,Communications; LeadCounsel; Management,high,,,,,,,,,
A2040,Djordje Petkoski,,,,1,"Allen Overy Shearman Sterling US LLP; Paul, Weiss, Rifkind, Wharton & Garrison LLP",1,2,3110,Management,high,,,,,,,,,
A2041,Vanessa G. Jacobsen,Vanessa Jacobsen,,,1,Eimer Stahl LLP,1,2,3110,Management,high,,,,,,,,,
A2042,"Peter Barile, III",,,,1,"Lowey Dannenberg, P.C.",1,2,3110,LeadCounsel; Management,high,,,,,,,,,
A2043,Stephen M. Medlock,,,,1,Vinson & Elkins LLP,1,2,3121,Management,high,,,,,,,,,
A2044,Matthew Lavin,,,,1,Arnall Golden Gregory LLP,1,2,3121,Management,high,,,,,,,,,
A2045,Jennifer Scullion,,,,1,Seeger Weiss LLP,2,4,"3108, 3121",Management,high,,,,,,,,,
A2046,J. Devlan Geddes,,,,1,,1,1,3114,ClassCounsel,high,,,,,,,,,
A2047,Raph Graybill,,,,1,,1,1,3114,ClassCounsel,high,,,,,,,,,
A2048,John Heenan,,,,1,,1,1,3114,ClassCounsel,high,,,,,,,,,
A2049,Melinda Coolidge,Melinda R. Coolidge,,,1,Hausfeld LLP; HAUSFELD LLP,1,2,3113,ClassCounsel; LeadCounsel,high,,,,,,,,,
A2050,Shawn Rabin,Shawn J. Rabin,,,1,Susman Godfrey LLP; SUSMAN GODFREY LLP; Susman Godfrey L.L.P.,3,5,"3113, 3121, 3148",ClassCounsel; Communications; LeadCounsel; Management,high,,,,,,,,,
A2051,Natasha Fernández-Silber,Natasha J. Fernández-Silber,,,1,Edelson PC,2,3,"3121, 3148",ClassCounsel; LeadCounsel; Management,high,,,,,,,,,
A2052,Yaman Salahi,,,,1,Edelson PC,1,1,3121,ClassCounsel; LeadCounsel,high,,,,,,,,,
A2053,Halley Josephs,,,,1,Susman Godfrey LLP,1,2,3121,ClassCounsel; LeadCounsel,high,,,,,,,,,
A2054,Tom Boardman,,,,1,Susman Godfrey LLP,1,2,3121,ClassCounsel; LeadCounsel,high,,,,,,,,,
A2055,Zachary D. Caplan,,,,1,Berger Montague PC,1,2,3121,ClassCounsel; LeadCounsel,high,,,,,,,,,
A2056,Patrick F. Madden,,,,1,Berger Montague PC,1,2,3121,ClassCounsel; LeadCounsel,high,,,,,,,,,
A2057,Adam Polk,Adam E. Polk,,,1,Girard Sharp; Girard Sharp LLP,2,3,"3108, 3115",Management,high,,,,,,,,,
A2058,Melissa Gardner,,,,1,Lieff Cabraser Heimann & Bernstein,1,2,3108,Management,high,,,,,,,,,
A2059,Nick Murphy,,,,1,Hausfeld LLP,1,2,3108,Management,high,,,,,,,,,
A2060,David Berger,,,,1,Gibbs Law Group LLP,1,2,3108,Management,high,,,,,,,,,
A2061,Deepali Brahmbhatt,,,,1,Devlin Law Firm LLC,1,2,3108,Management,high,,,,,,,,,
A2062,Jack Meyerson,,,,1,Meyerson & Miller,1,2,3108,Management,high,,,,,,,,,
A2063,Jan Conlin,,,,1,Ciresi Conlin LLP,1,2,3108,Management,high,,,,,,,,,
A2064,Stephen J. Herman,,,,1,Fishman Haygood L.L.P.,1,2,3108,Management,high,,,,,,,,,
A2065,Ronald Podolny,,,,1,"Morgan and Morgan, P.A.",1,2,3108,Management,high,,,,,,,,,
A2066,Kennedy M. Brian,,,,1,Federman & Sherwood,1,1,3108,Management,high,,,,,,,,,
A2067,P. Graham Maiden,,,,1,Motley Rice LLC,1,1,3115,Management,high,,,,,,,,,
A2068,Jennifer M. French,,,,1,"Lynch Carpenter, LLP",2,2,"3115, 3149",Communications; Management,high,,,,,,,,,
A2069,Chris Springer,,,,1,Keller Rohrback LLP – CA,1,1,3115,Management,high,,,,,,,,,
A2070,M. Brandon Smith,,,,1,"Childers, Schlueter & Smith, LLC",1,1,3115,Communications,high,,,,,,,,,
A2071,David Frederick,David C. Frederick,,,1,"KELLOGG, HANSEN, TODD FIGEL & FREDERICK, P.L.L.C.; Kellogg Hansen",2,3,"3113, 3140",ClassCounsel; Motions,high,,,,,,,,,
A2072,Aaron M. Panner,,,,1,"KELLOGG, HANSEN, TODD FIGEL & FREDERICK, P.L.L.C.",1,1,3113,ClassCounsel,high,,,,,,,,,
A2073,Scott K. Attaway,,,,1,"KELLOGG, HANSEN, TODD FIGEL & FREDERICK, P.L.L.C.",1,1,3113,ClassCounsel,high,,,,,,,,,
A2074,Ariela Migdal,,,,1,"KELLOGG, HANSEN, TODD FIGEL & FREDERICK, P.L.L.C.",1,1,3113,ClassCounsel,high,,,,,,,,,
A2075,Alex A. Parkinson,,,,1,"KELLOGG, HANSEN, TODD FIGEL & FREDERICK, P.L.L.C.",1,1,3113,ClassCounsel,high,,,,,,,,,
A2076,George A. Zelcs,,,,1,KOREIN TILLERY LLC,1,1,3113,ClassCounsel,high,,,,,,,,,
A2077,Marc A. Wallenstein,,,,1,KOREIN TILLERY LLC,1,1,3113,ClassCounsel,high,,,,,,,,,
A2078,David Walchak,,,,1,KOREIN TILLERY LLC,1,1,3113,ClassCounsel,high,,,,,,,,,
A2079,Carol O'Keefe,,,,1,KOREIN TILLERY LLC,1,1,3113,ClassCounsel,high,,,,,,,,,
A2080,Andrew Ellis,,,,1,KOREIN TILLERY LLC,1,1,3113,ClassCounsel,high,,,,,,,,,
A2081,Steven F. Molo,,,,1,MOLOLAMKEN LLP,1,1,3113,ClassCounsel,high,,,,,,,,,
A2082,Lauren Dayton,,,,1,MOLOLAMKEN LLP,1,1,3113,ClassCounsel,high,,,,,,,,,
A2083,Eric A. Posner,,,,1,MOLOLAMKEN LLP,1,1,3113,ClassCounsel,high,,,,,,,,,
A2084,Kathleen N. Fennelly,,,,1,"MCELROY, DEUTSCH, MULVANEY & CARPENTER, LLP",1,1,3113,Communications,high,,,,,,,,,
A2085,"Stanley O. King, Esq.",,,,1,"JAVERBAUM WURGAFT HICKS KAHN WIKSTROM & SININS, P.C.",1,1,3113,Communications,high,,,,,,,,,
A2086,Candice J. Enders,,,,1,BERGER MONTAGUE PC,1,1,3113,LeadCounsel,high,,,,,,,,,
A2087,Jessica N. Servais,,,,1,LOCKRIDGE GRINDAL NAUEN PLLP,1,1,3113,LeadCounsel,high,,,,,,,,,
A2088,Joseph C. Bourne,,,,1,LOCKRIDGE GRINDAL NAUEN PLLP,1,1,3113,LeadCounsel,high,,,,,,,,,
A2089,Matthew S. Weiler,,,,1,SCHNEIDER WALLACE COTTRELL KONECKY LLP,1,1,3113,LeadCounsel,high,,,,,,,,,
A2090,Todd M. Schneider,,,,1,SCHNEIDER WALLACE COTTRELL KONECKY LLP,1,1,3113,LeadCounsel,high,,,,,,,,,
A2091,Jason H. Kim,,,,1,SCHNEIDER WALLACE COTTRELL KONECKY LLP,1,1,3113,LeadCounsel,high,,,,,,,,,
A2092,Mahzad K. Hite,,,,1,SCHNEIDER WALLACE COTTRELL KONECKY LLP,1,1,3113,LeadCounsel,high,,,,,,,,,
A2093,Raymond S. Levine,,,,1,SCHNEIDER WALLACE COTTRELL KONECKY LLP,1,1,3113,LeadCounsel,high,,,,,,,,,
A2094,Jeffrey L. Spector,,,,1,"SPECTOR ROSEMAN & KODROFF, P.C.",1,1,3113,LeadCounsel,high,,,,,,,,,
A2095,Jessica A. Wilkes,,,,1,Federman & Sherwood,1,1,3108,Management,high,,,,,,,,,
A2096,Andrew van Arsdale,,,,1,AVA Law Group,1,1,3125,LeadCounsel,high,,,,,,,,,
A2097,Jennifer Domer,,,,1,"Cutter Law, P.C.",1,1,3125,Communications,high,,,,,,,,,
A2098,Kim Boldt,,,,1,Ratzan Weissman & Boldt,1,1,3125,Management,high,,,,,,,,,
A2099,Teresa Bowen Hatch,,,,1,"Bowen Hatch Law, PC",1,1,3125,Management,high,,,,,,,,,
A2100,Nicholas Rowley,,,,1,Trial Lawyers for Justice,1,1,3125,Management,high,,,,,,,,,
A2101,Blair B. Matyszczyk,,,,1,Dickerson Oxton LLC,1,1,3125,Management,high,,,,,,,,,
A2102,Lynn Toops,,,,1,Cohen & Malad LLP,1,3,3127,ClassCounsel; Management,high,,,,,,,,,
A2103,Frank Watson,,,,1,"Watson Burns, PLLC",1,3,3127,ClassCounsel; Communications,high,,,,,,,,,
A2104,Eric Kafka,,,,1,Cohen Milstein Sellers & Toll PLLC,1,3,3144,LeadCounsel,high,,,,,,,,,
A2105,Derek W. Loeser,Derek Loeser,,,1,Keller Rohrback LLP; Keller Rohrback L.L.P.,1,3,3144,LeadCounsel,high,,,,,,,,,
A2106,Francis A. Bottini,,,,1,,1,1,3149,Management,high,,,,,,,,,
A2107,Justin A. Nelson,,,,1,Susman Godfrey L.L.P.,1,1,3143,ClassCounsel,high,,,,,,,,,
A2108,Sharon K. Robertson,,,,1,Cohen Milstein Sellers & Toll PLLC,1,1,3148,Management,high,,,,,,,,,
A2109,Scott Grzenczyk,,,,1,Girard Sharp LLP,1,1,3148,Management,high,,,,,,,,,
A2110,"Robert G. Methvin, Jr.",,,,1,"Methvin, Terrell, Yancey, Stephens, & Miller, P.C.",1,1,3148,Management,high,,,,,,,,,
A2111,Elizabeth C. Pritzker,,,,1,Pritzker Levine LLP,1,1,3148,Management,high,,,,,,,,,
A2112,Stephen M. Prignano,,,,1,McIntyre Tate LLP,1,1,3148,Communications,high,,,,,,,,,
A2113,David Casey,"David S. Casey, Jr",,,1,"Casey Gerry Francavilla Blatt LLP; Casey, Gerry, Francavilla, Blatt, LLP",1,3,3149,Communications; LeadCounsel,high,,,,,,,,,
A2114,Carol C. Villegas,,,,1,Lebaton Keller Sucharow LLP,1,1,3149,LeadCounsel,high,,,,,,,,,
A2115,Yana Hart,,,,1,Clarkson Law Firm,1,1,3149,Management,high,,,,,,,,,
A2116,Amy Judkins,,,,1,"Newsome Melton, P.A.",1,1,3128,ClassCounsel; LeadCounsel,high,,,,,,,,,
A2117,Bryant Dunivan,,,,1,"The Consumer Protection Attorney, P.A.",1,1,3128,Management,high,,,,,,,,,
A2118,Jarrett Faber,,,,1,Kneupper & Covey P.C.,1,1,3128,Management,high,,,,,,,,,
A2119,Jeffrey Gentes,,,,1,Connecticut Fair Housing Center,1,1,3128,Management,high,,,,,,,,,
A2120,Kas Gallucci,,,,1,Law Offices of Ron Marron,1,1,3128,Management,high,,,,,,,,,
A2121,Ian Crosby,,,,1,Susman Godfrey,1,1,3143,LeadCounsel; Management,high,,,,,,,,,
A2122,Davida Brook,,,,1,Susman Godfrey,1,1,3143,Communications; LeadCounsel; Management,high,,,,,,,,,
A2123,Steven Lieberman,,,,1,Rothwell Figg,1,1,3143,LeadCounsel; Management,high,,,,,,,,,
A2124,Jennifer Maisel,,,,1,Rothwell Figg,1,1,3143,LeadCounsel; Management,high,,,,,,,,,
A2125,Matthew Topic,,,,1,Loevy and Loevy,1,1,3143,LeadCounsel; Management,high,,,,,,,,,
A2126,Lance Koonce,,,,1,Klaris Law,1,1,3143,LeadCounsel; Management,high,,,,,,,,,
A2127,James P. Frantz,,,,1,"Frantz Law Group, APLC",1,1,3149,LeadCounsel,high,,,,,,,,,
A2128,William B. Shinoff,William Shinoff,,,1,"Frantz Law Group, APLC",1,2,3149,LeadCounsel,high,,,,,,,,,
A2129,Kristin Westphal,,,,1,"FRANTZ LAW GROUP, APLC",1,2,3149,Management,high,,,,,,,,,
A2130,Edward Burak,,,,1,"FRANTZ LAW GROUP, APLC",1,2,3149,Management,high,,,,,,,,,
A2131,Peter Mello,,,,1,"MURPHY, HESSE, TOOMEY & LEHANE LLP",1,1,3149,Management,high,,,,,,,,,
A2132,Felicia Vasudevan,,,,1,"MURPHY, HESSE, TOOMEY & LEHANE LLP",1,1,3149,Management,high,,,,,,,,,
A2133,Daniel Shinoff,,,,1,ARTIANO SHINOFF,1,1,3149,Management,high,,,,,,,,,
A2134,Gil Abed,,,,1,ARTIANO SHINOFF,1,1,3149,Management,high,,,,,,,,,
A2135,Christopher Paulos,,,,1,Levin Papantonio,1,2,3140,Communications; Management,high,,,,,,,,,
A2136,Tara Sutton,,,,1,Robins Kaplan,1,2,3140,Management,high,,,,,,,,,
A2137,Katharine Krottinger,,,,1,Monsour Law Firm,1,2,3140,Discovery; Management,high,,,,,,,,,
A2138,Adam Gomez,,,,1,Grant & Eisenhofer,1,2,3140,Expert; Management,high,,,,,,,,,
A2139,Savannah Green,,,,1,"Aylstock, Witkin, Kreis & Overholtz",1,2,3140,Management,high,,,,,,,,,
A2140,Caleb Seeley,,,,1,Seeger Weiss,1,2,3140,Management,high,,,,,,,,,
A2141,Lee McGartland,,,,1,McGartland Law Firm,1,2,3140,Fees,high,,,,,,,,,
A2142,Janna Maples,,,,1,Stranch Jennings,1,2,3140,Discovery,high,,,,,,,,,
A2143,Jessica Glitz,,,,1,,1,1,3140,Discovery,high,,,,,,,,,
A2144,Kelly McNabb,,,,1,Lieff Cabraser,1,2,3140,Discovery,high,,,,,,,,,
A2145,Connor Sheehan,,,,1,Dunn Sheehan,1,2,3140,Discovery,high,,,,,,,,,
A2146,Alejandro Alvarez,,,,1,Alvarez Law Firm,1,2,3140,Trial,high,,,,,,,,,
A2147,Andrew Schwaba,,,,1,Schwaba Law Firm,1,2,3140,Trial,high,,,,,,,,,
A2148,Genevieve Outlaw,,,,1,Robinson Calcagnie,1,2,3140,Motions,high,,,,,,,,,
A2149,Colleen Garvey,,,,1,Stranch Jennings,1,2,3140,Motions,high,,,,,,,,,
A2150,C. Hogan Paschal,,,,1,Fishman Haygood,1,2,3140,Motions,high,,,,,,,,,
A2151,Cynthia Garber,,,,1,OnderLaw,1,2,3140,Expert,high,,,,,,,,,
A2152,Brian Devine,,,,1,Seeger Devine,1,2,3140,Expert,high,,,,,,,,,
A2153,Ashley Liuzza,,,,1,Stag Liuzza,1,2,3140,Expert,high,,,,,,,,,
A2154,Sara Castronuova,,,,1,Douglas & London,1,2,3140,Expert,high,,,,,,,,,
A2155,Brendan McDonough,,,,1,Weitz & Luxenberg,1,2,3140,Expert,high,,,,,,,,,
A2156,Bonnie Rickert,,,,1,Hilliard Law,1,2,3140,Expert,high,,,,,,,,,
A2157,Kevin Hannon,,,,1,Singleton Schreiber,1,2,3140,,high,,,,,,,,,
A2158,Starr Culpepper,,,,1,Culpepper & Associates,1,2,3140,Communications; ProSe,high,,,,,,,,,
A2159,Shelby Yarbrough,,,,1,Law Office of Barrett Yarbrough,1,2,3140,Communications; ProSe,high,,,,,,,,,
A2160,Katherine Cornell,,,,1,Cornell Law,1,2,3140,Coordination,high,,,,,,,,,
A2161,Peter Kaufman,,,,1,"Panish, Shea, Boyle, Ravipudi",1,2,3140,Coordination,high,,,,,,,,,
A2162,Jeremy Branning,,,,1,Clark Partington,1,1,3140,Communications,high,,,,,,,,,
