Attorney_ID,Canonical_Name,AKA_1,AKA_2,AKA_3,Variants_Merged,Firms,N_MDLs,N_Mentions,MDLs,Roles,Corpora,Confidence
A0001,Christopher A. Seeger,Christopher Seeger,Chris Seeger,Mr. Christopher A. Seeger,2,"Seeger Weiss LLP; Seeger Weiss; SEEGER WEISS; Seeger Weiss, LLP",41,85,"1657, 1699, 1708, 1742, 1789, 1842, 1909, 1938, 2047, 2087, 2158, 2197, 2243, 2244, 2299, 2323, 2342, 2428, 2436, 2506, 2545, 2591, 2672, 2687, 2750, 2779, 2789, 2796, 2804, 2828, 2885, 2904, 2973, 3014, 3047, 3055, 3089, 3113, 3114, 3121, 3140",ClassCounsel; Communications; Coordination; Fees; LeadCounsel; Management; Settlement; Trial,new_extracted/old_extracted,merged
A0002,James E. Cecchi,James Cecchi,James E Cecchi,JAMES CECCHI,3,"Carella, Byrne, Cecchi, Olstein, Brody, & Agnello, PC; CARELLA, BYRNE, CECCHI, OLSTEIN, BRODY & AGNELLO, PC; Carella Byrne Cecchi Olstein Brody & Agnello, P.C.; CARELLA, BYRNE, CECCHI, OLSTEIN, BRODY & AGNELLO, P.C.",31,73,"1914, 1938, 2020, 2158, 2228, 2243, 2332, 2353, 2415, 2471, 2506, 2514, 2540, 2577, 2591, 2599, 2672, 2687, 2750, 2779, 2904, 2948, 3051, 3055, 3073, 3080, 3089, 3090, 3113, 3114, 3149",ClassCounsel; Communications; LeadCounsel; Management; Settlement,new_extracted/old_extracted,merged
A0003,Elizabeth J. Cabraser,Elizabeth Cabraser,Elizabeth Joan Cabraser,ELIZABETH CABRASER,1,"Lieff Cabraser Heimann & Bernstein, LLP; LIEFF CABRASER HEIMANN & BERNSTEIN, LLP; Lieff Cabraser Heimann & Bernstein LLP; Lieff, Cabraser, Heimann & Bernstein, LLP",20,71,"1431, 1657, 1699, 1708, 1845, 1938, 2151, 2179, 2184, 2335, 2419, 2543, 2599, 2656, 2672, 2724, 2777, 2804, 2996, 3084",Bellwether; ClassCounsel; Communications; Coordination; Discovery; Fees; LeadCounsel; Management; Settlement; Trial,new_extracted/old_extracted,high
A0004,Richard J. Arsenault,Richard Arsenault,,,1,"Neblett, Beard & Arsenault; NEBLETT, BEARD & ARSENAULT; Neblett Beard & Arsenault; Neblett, Beard & Arsenault, LLP",25,44,"1657, 1699, 1708, 1742, 1811, 1905, 1964, 2151, 2187, 2197, 2199, 2220, 2223, 2244, 2263, 2272, 2284, 2299, 2320, 2328, 2333, 2382, 2391, 2434, 2514",ClassCounsel; Discovery; Fees; LeadCounsel; Management; Settlement,new_extracted/old_extracted,high
A0005,Steve W. Berman,Steven W. Berman,Steve Berman,"Steve W. Berman, Esq.",3,"Hagens Berman Sobol Shapiro LLP; HAGENS BERMAN SOBOL SHAPIRO LLP; Hagens Berman Sobol Shapiro, LLP; Hagens Berman Sobol Shapiro LLP (Seattle)",22,42,"1699, 1850, 1938, 1972, 2151, 2428, 2455, 2492, 2543, 2627, 2672, 2743, 2744, 2773, 2777, 2779, 2938, 3040, 3052, 3071, 3080, 3113",ClassCounsel; Communications; Discovery; LeadCounsel; Management,new_extracted/old_extracted,merged
A0006,W. Mark Lanier,Mark Lanier,,,2,The Lanier Law Firm; THE LANIER LAW FIRM; Lanier Law Firm; Law Offices of W Mark Lanier,15,41,"1657, 1871, 1968, 2151, 2197, 2244, 2272, 2299, 2391, 2545, 2785, 2885, 2973, 3043, 3114",ClassCounsel; Communications; Coordination; Fees; LeadCounsel; Management; Trial,new_extracted/old_extracted,merged
A0007,Thomas P. Cartmell,Thomas Cartmell,Tom Cartmell,,2,"Wagstaff & Cartmell, LLP; Wagstaff & Cartmell LLP; Wagstaff & Cartmell; Wagstaff & Cartmell, LP",16,41,"1699, 1871, 2187, 2244, 2325, 2326, 2327, 2342, 2387, 2440, 2591, 2641, 2885, 3047, 3073, 3081",Fees; LeadCounsel; Management,new_extracted/old_extracted,merged
A0008,Michael A. London,Michael London,"Michael London, Esq.",,1,"Douglas & London, P.C.; Douglas & London; Douglas and London; DOUGLAS & LONDON",17,41,"1742, 1842, 1953, 2023, 2051, 2068, 2100, 2197, 2272, 2385, 2433, 2545, 2750, 2754, 2846, 2873, 3089",ClassCounsel; Communications; Fees; LeadCounsel; Management; Settlement,new_extracted/old_extracted,high
A0009,Hunter J. Shkolnik,Hunter Shkolnik,Mr. Hunter J. Shkolnik,Hunter S. Shkolnik,1,"Napoli Bern Ripka Shkolnik, LLP; Rheingold, Valet, Rheingold, Shkolnik & McCartney LLP; Napoli Shkolnik PLLC; Napoli Shkolnik",21,40,"1708, 1905, 1964, 2066, 2151, 2187, 2199, 2220, 2244, 2272, 2385, 2440, 2452, 2677, 2738, 2740, 2750, 2754, 2873, 3080, 3121",ClassCounsel; Communications; LeadCounsel; Management; Settlement,new_extracted/old_extracted,high
A0010,Dianne M. Nast,Dianne Nast,Diane Nast,,2,"RodaNast, P.C.; NastLaw LLC; NASTLAW LLC; Roda Nast, P.C.",23,39,"1431, 1730, 1871, 1905, 1997, 2068, 2187, 2226, 2299, 2323, 2342, 2406, 2434, 2436, 2441, 2458, 2502, 2543, 2545, 2592, 2724, 2819, 3080",ClassCounsel; Communications; Coordination; Discovery; Fees; LeadCounsel; Management,new_extracted/old_extracted,merged
A0011,"James R. Dugan, II",James Dugan,James R. Dugan II,James R. Dugan,2,"The Dugan Law Firm, LLC; MURRAY LAW FIRM; The Dugan Law Firm, APLC; The Dugan Law Firm",24,38,"1431, 1657, 1789, 1938, 2067, 2068, 2242, 2243, 2323, 2332, 2385, 2409, 2428, 2445, 2460, 2472, 2492, 2724, 2754, 2996, 3026, 3037, 3080, 3140",Bellwether; ClassCounsel; Discovery; Fees; LeadCounsel; Management; Trial,new_extracted/old_extracted,merged
A0012,Charles E. Schaffer,Charles Schaffer,Charles E Schaffer,,1,"Levin Sedran & Berman LLP; Levin Sedran & Berman; Levin, Fishbein, Sedran & Berman; Levin Fishbein Sedran and Berman",17,37,"2000, 2223, 2263, 2320, 2359, 2382, 2514, 2827, 2828, 2873, 2887, 3014, 3050, 3056, 3083, 3108, 3114",ClassCounsel; Communications; Discovery; Expert; LeadCounsel; Management; Motions,new_extracted/old_extracted,high
A0013,Dawn M. Barrios,Dawn Barrios,,,1,"BARRIOS, KINGSDORF & CASTIEX, LLP; Barrios, Kingsdorf & Casteix, LLP; Barrios Kingsdorf & Casteix; Barrios, Kindsdorf, Casteix, LLP",9,35,"1657, 2047, 2151, 2179, 2299, 2543, 2545, 2592, 2740",Bellwether; Communications; Coordination; Fees; Management; SettlementAdministration; Trial,new_extracted/old_extracted,high
A0014,Thomas M. Sobol,Thomas Sobol,Mr. Thomas M. Sobol,Sobol,2,"HAGENS BERMAN SOBOL SHAPIRO LLP; Hagens Berman Sobol Shapiro LLP; Hagens Berman Sobol Shapiro, LLP; HAGENS, BERMAN SOBOL SHAPIRO LLP",17,34,"1657, 1708, 1730, 1938, 2067, 2332, 2343, 2409, 2419, 2445, 2460, 2472, 2516, 2724, 2819, 2836, 2878",Bellwether; ClassCounsel; Communications; Fees; LeadCounsel; Management; Settlement; Trial,new_extracted/old_extracted,merged
A0015,Gary F. Lynch,Gary Lynch,,,1,"Lynch Carpenter, LLP; Carlson Lynch Sweet Kilpela & Carpenter, LLP; Carlson Lynch Sweet & Kilpela, LLP; Lynch Carpenter LLP",12,33,"1674, 2522, 2583, 2595, 2669, 2693, 2800, 2833, 2879, 3056, 3083, 3108",ClassCounsel; LeadCounsel; Management; Settlement,new_extracted/old_extracted,high
A0016,Norman E. Siegel,Norman Siegel,Norm Siegel,Norman Eli Siegel,3,"Stueve Siegel Hanson LLP; Stueve Siegel Hanson LLP - KCMO; STUEVE SIEGEL HANSON LLP; Stueve Siegel, LLP",15,33,"2086, 2522, 2567, 2583, 2789, 2800, 2879, 2904, 2915, 3019, 3073, 3083, 3098, 3108, 3115",ClassCounsel; Communications; LeadCounsel; Management; Settlement,new_extracted/old_extracted,merged
A0017,Joseph F. Rice,Joe Rice,Joseph Rice,Jospeh Rice,3,"Motley Rice, LLC; Motley Rice LLC; Law Firm of Motley Rice LLC; Motley Rice",14,33,"2179, 2187, 2325, 2326, 2327, 2387, 2440, 2502, 2543, 2672, 2777, 2804, 2873, 2996",ClassCounsel; Fees; LeadCounsel; Management; Settlement,new_extracted/old_extracted,merged
A0018,Roland Tellis,ROLAND TELLIS,Roland K. Tellis,Mr. Tellis,2,"Baron & Budd, P.C.; BARON & BUDD; Baron Budd, P.C.; Baron & Budd, PC",9,32,"2415, 2599, 2672, 2777, 2905, 2948, 3047, 3051, 3052",ClassCounsel; LeadCounsel; Management,new_extracted/old_extracted,merged
A0019,Michael D. Hausfeld,Michael Hausfeld,,,1,"Hausfeld LLP; Hausfeld, LLP; Cohen, Milstein, Hausfeld & Toll P.L.L.C.; Cohen, Milstein, Hausfeld & Toll, PLLC",14,30,"1682, 1768, 1775, 1869, 1935, 1942, 2002, 2196, 2221, 2323, 2406, 2656, 2672, 2925",ClassCounsel; Communications; LeadCounsel; Management,new_extracted/old_extracted,high
A0020,Jayne Conroy,Jane Conroy,,,2,"Simmons Hanly Conroy; Hanly, Conroy, Bierstein, Sheridan, Fisher & Hayes LLP; Hanly Conroy Bierstein Sheridan Fisher & Hayes LLP; Simmons Hanly Conroy, LLC",17,30,"1570, 1909, 2151, 2187, 2197, 2244, 2299, 2331, 2342, 2502, 2591, 2672, 2782, 2804, 2996, 3047, 3080",ClassCounsel; Communications; Fees; LeadCounsel; Management,new_extracted/old_extracted,merged
A0021,David Boies,,,,1,"Boies, Schiller & Flexner, L.L.P.; BOIES, SCHILLER & FLEXNER, L.L.P.; Boies Schiller Flexner LLP; Boies, Schiller & Flexner LLP",5,30,"2406, 2543, 2599, 2672, 3076",ClassCounsel; LeadCounsel; Management; Settlement,new_extracted/old_extracted,high
A0022,Elizabeth A. Fegan,Elizabeth Fegan,Elizabeth J. Fegan,"Elizabeth Fegan, Esq.",2,Hagens Berman Sobol Shapiro LLP; Fegan Scott LLC; FEGAN SCOTT LLC; HAGENS BERMAN SOBOL SHAPIRO LLP,12,29,"1745, 1907, 2023, 2086, 2455, 2519, 2873, 2924, 2948, 3052, 3089, 3110",ClassCounsel; LeadCounsel; Management,new_extracted/old_extracted,merged
A0023,Karen H. Riebel,Karen Hanson Riebel,Karen Riebel,,1,Lockridge Grindal Nauen PLLP; Lockridge Grindal Nauen P.L.L.P.; Lockridge Grindal Nauen P.L.L.P,10,29,"2359, 2522, 2583, 2595, 2752, 2800, 2833, 2915, 3083, 3108",ClassCounsel; Communications; Discovery; Expert; LeadCounsel; Management,new_extracted/old_extracted,high
A0024,"Mark P. Robinson, Jr.",Mark Robinson,"Mark Robinson, Jr.","Mark P. Robinson, Jr",1,"Robinson, Calcagnie & Robinson; Robinson Calcagnie Robinson Shapiro Davis, Inc.; Robinson Calcagnie & Robinson Inc.; Robinson Calcagnie et al",13,28,"1657, 1699, 1905, 1909, 1953, 2100, 2151, 2197, 2243, 2299, 2342, 2543, 2885",Communications; Discovery; Fees; LeadCounsel; Management,new_extracted/old_extracted,high
A0025,Arnold Levin,,,,1,"Levin, Fishbein, Sedran & Berman; LEVIN, FISHBEIN, SEDRAN & BERMAN; Levin Fishbein Sedran & Berman",12,27,"1657, 1763, 1817, 2047, 2100, 2179, 2243, 2323, 2328, 2342, 2428, 2545",ClassCounsel; Communications; Discovery; Fees; LeadCounsel; Management; Settlement; SettlementAdministration,new_extracted/old_extracted,high
A0026,E. Michelle Drake,Michelle Drake,Michele Drake,Michele Dirke,5,"Berger Montague, PC; Berger Montague; Berger Montague PC; Nichols Kaster PLLP",7,27,"2522, 2904, 2933, 3083, 3108, 3128, 3149",ClassCounsel; Communications; Discovery; LeadCounsel; Management; Vetting,new_extracted/old_extracted,merged
A0027,James Pizzirusso,James J. Pizzirusso,James J Pizzirusso,,1,"Hausfeld LLP; HAUSFELD LLP; Hausfeld, LLP - DC; Hausfeld, LLP",14,26,"1982, 2522, 2583, 2633, 2800, 2879, 2904, 3019, 3056, 3073, 3083, 3096, 3127, 3149",ClassCounsel; Communications; LeadCounsel; Management; Motions,new_extracted/old_extracted,high
A0028,Russ M. Herman,Russ Herman,"Russ M, Herman",,1,"Herman, Herman & Katz, LLC; HERMAN, HERMAN, KATZ & COTLAR, L.L.P.; Herman, Herman, Katz & Cotlar, LLP; Herman, Herman, Katz & Cotlar, L.L.P.",3,25,"1657, 2047, 2328",ClassCounsel; Communications; Fees; Management; SettlementAdministration,new_extracted/old_extracted,high
A0029,"Daniel E. Becnel, Jr.",Daniel Becnel,Daniel E. Becnel,"Daniel Becnel, Jr.",1,"Becnel Law Firm, LLC; Becnel Law Offices; Becnel Law Firm, L.L.C.; Law Offices of Daniel E. Becnel, Jr.",17,25,"1431, 1699, 1708, 1785, 1845, 1953, 1960, 1997, 2023, 2047, 2051, 2068, 2100, 2220, 2223, 2226, 2263",ClassCounsel; LeadCounsel; Management,new_extracted/old_extracted,high
A0030,Yvonne Flaherty,Yvonne M. Flaherty,,,1,"Lockridge Grindal Nauen; Lockridge, Grindal Nauen, P.L.L.P.; LOCKRIDGE GRINDAL NAUEN P.L.L.P.; LOCKRIDGE GRINDAL NAUEN PLLP",16,25,"1943, 1964, 2187, 2325, 2326, 2327, 2387, 2434, 2440, 2441, 2545, 2642, 2691, 2741, 2809, 3079",Communications; Fees; Management,new_extracted/old_extracted,high
A0031,Bryan Aylstock,Bryan F. Aylstock,"Bryan E. Aylstock, Esq.",Bryan E. Aylstock,1,"Aylstock Witkin Kreis & Overholtz, PLLC; Aylstock, Witkin, Kreis & Overholtz; Aylstock, Witkin, Kreis & Overholtz, PLLC; Aylstock, Witkin, Kreis & Overholtz PLLC",12,25,"1871, 2187, 2325, 2326, 2327, 2342, 2458, 2734, 2885, 3025, 3089, 3140",ClassCounsel; Communications; Fees; LeadCounsel; Management; Settlement,new_extracted/old_extracted,high
A0032,Peter Prieto,,,,1,"Podhurst Orseck, P.A.; PODHURST ORSECK, P.A.; Podhurst Orseck",4,25,"2406, 2543, 2599, 2905",ClassCounsel; Expert; LeadCounsel; Management,new_extracted/old_extracted,high
A0033,Ben Barnow,,,,1,"Barnow and Associates, P.C.; Barnow & Associates, P.C.; Barnow & Associates",15,24,"1704, 1838, 1940, 1998, 2046, 2068, 2173, 2258, 2357, 2474, 2586, 2705, 2827, 3056, 3090",ClassCounsel; Communications; LeadCounsel; Management; Settlement,new_extracted/old_extracted,high
A0034,"Fred Thompson, III",Fred Thompson,Fred Thompson III,,1,"Motley Rice LLC; Motley Rice, LLC; MOTLEY RICE, LLC; Motley Rice",12,24,"1871, 1905, 1928, 1968, 2087, 2187, 2243, 2325, 2326, 2327, 2434, 2873",Communications; LeadCounsel; Management,new_extracted/old_extracted,high
A0035,Robert N. Kaplan,Robert Kaplan,,,1,"Kaplan Fox & Kilsheimer LLP; Kaplan, Fox & Kilsheimer LLP; KAPLAN FOX & KILSHEIMER LLP; KAPLAN FOX & KILSHEIMER, LLP",10,23,"1682, 1775, 1972, 2328, 2508, 2583, 2656, 2724, 2819, 2931",ClassCounsel; Communications; LeadCounsel; Management; Settlement,new_extracted/old_extracted,high
A0036,Mikal Watts,Mikal C. Watts,,,1,Watts Guerra LLP; Watts Guerra Craft; WATTS GUERRA LLP; Watts Guerra LLC,8,23,"1873, 2179, 2385, 2591, 2875, 2885, 2924, 3043",Discovery; LeadCounsel; Management; Settlement,new_extracted/old_extracted,high
A0037,Daniel K. Bryson,Daniel R. Bryson,,,1,"Whitfield Bryson & Mason LLP; Whitfield Bryson & Mason, LLP; Whitfield, Bryson & Mason, LLP; WHITFIELD BRYSON & MASON LLP",11,23,"1958, 2047, 2333, 2495, 2514, 2577, 2627, 2688, 2743, 2779, 2886",ClassCounsel; LeadCounsel; Management,new_extracted/old_extracted,high
A0038,Clayton A. Clark,Clayton Clark,,,1,"Clark, Love & Hutson, GP; Clark, Love & Hutson, G.P.; CLARK LOVE & HUTSON",9,23,"2187, 2325, 2326, 2327, 2385, 2387, 2440, 2591, 2885",Fees; LeadCounsel; Management; Settlement,new_extracted/old_extracted,high
A0039,David F. Sorensen,David Sorensen,Sorensen,,2,"Berger & Montague, P.C.; BERGER & MONTAGUE, P.C.; BERGER & MONTAGUE, PC; BERGER MONTAGUE PC",10,22,"1730, 2084, 2332, 2409, 2460, 2472, 2516, 2580, 2724, 2819",ClassCounsel; Communications; LeadCounsel; Management; Settlement,new_extracted/old_extracted,merged
A0040,Adam J. Levitt,Adam Levitt,,,1,"Wolf Haldenstein Adler Freeman & Herz LLC; Grant & Eisenhofer, P.A.; Grant & Eisenhofer P.A.; Wolf Haldenstein",16,22,"1811, 1907, 1938, 1990, 2258, 2263, 2284, 2320, 2415, 2441, 2543, 2590, 2672, 2828, 2905, 3089",ClassCounsel; Communications; LeadCounsel; Management; Settlement,new_extracted/old_extracted,high
A0041,Andrew N. Friedman,Andrew S. Friedman,Andrew Friedman,Andrew S Friedman,1,"Cohen Milstein Sellers & Toll PLLC; Bonnett, Fairbourn, Friedman & Balint, P.C.; COHEN MILSTEIN SELLERS & TOLL PLLC; BONNETT FAIRBOURN FRIEDMAN & BALINT, P.C.",14,22,"1825, 1862, 1974, 2020, 2046, 2087, 2096, 2238, 2583, 2586, 2617, 2693, 2800, 2879",ClassCounsel; Communications; LeadCounsel; Management,new_extracted/old_extracted,high
A0042,David P. Matthews,David Matthews,Dave Matthews,,2,Matthews & Associates; MATTHEWS & ASSOCIATES; David Matthews & Associates; Matthews and Associates,8,22,"1871, 1928, 2187, 2385, 2570, 3026, 3043, 3092",LeadCounsel; Management,new_extracted/old_extracted,merged
A0043,John Yanchunis,John A. Yanchunis,"John A. Yanchunis, Sr.",,1,"Morgan & Morgan Complex Litigation Group; Morgan & Morgan; Morgan & Morgan Complex Litigation Group, PA",14,22,"2450, 2522, 2583, 2664, 2677, 2695, 2752, 2800, 2841, 2915, 2994, 3083, 3090, 3115",ClassCounsel; Communications; Expert; LeadCounsel; Management,new_extracted/old_extracted,high
A0044,Ellen Relkin,,,,1,"Weitz & Luxenberg; Weitz & Luxenberg, P.C.; Weitz & Luxenberg, PC; WEITZ & LUXENBERG, P.C.",12,21,"1742, 2087, 2197, 2391, 2592, 2750, 2768, 2776, 2913, 3014, 3044, 3140",Coordination; Fees; LeadCounsel; Management,new_extracted/old_extracted,high
A0045,Brian Barr,Brian H. Barr,,,1,"Levin, Papantonio, Thomas, Mitchell, Echsner & Proctor, P.A.; Levin, Papantonio, Thomas, Mitchell, Rafferty & Proctor, PA; Levin Papantonio Thomas Mitchell Rafferty & Proctor; Levin, Papantonio, Thomas, Mitchell, Rafferty & Proctor, P.A.",4,21,"1928, 2179, 2592, 2885",Communications; Fees; LeadCounsel; Management,new_extracted/old_extracted,high
A0046,Linda P. Nussbaum,Linda Nussbaum,,,1,"Nussbaum Law Group; Nussbaum Law Group, P.C.; Nussbaum Law Group, PC; Grant & Eisenhofer P.A.",13,21,"1960, 2084, 2328, 2420, 2481, 2516, 2687, 2724, 2819, 2904, 3055, 3096, 3127",ClassCounsel; Discovery; LeadCounsel; Management,new_extracted/old_extracted,high
A0047,"Henry G. Garrard, III",Henry Garrard,,,1,"Blasingame, Burch, Garrard & Ashley, PC; Blasingame, Burch, Garrard & Ashley, P.C.; BLASINGAME BURCH GARRARD & ASHLEY",8,21,"2187, 2325, 2326, 2327, 2387, 2440, 2782, 2885",Communications; Fees; LeadCounsel; Management,old_extracted,high
A0048,Kristen A. Johnson,Kristen Johnson,,,1,Hagens Berman Sobol Shapiro LLP; HAGENS BERMAN SOBOL SHAPIRO LLP; Hagens Herman Sobol Shapiro LLP,5,20,"2472, 2819, 2836, 2878, 3083",ClassCounsel; Communications; LeadCounsel; Management,new_extracted/old_extracted,high
A0049,Todd A. Smith,,,,1,"Power, Rogers and Smith, L.L.P.; POWER, ROGERS AND SMITH, L.L.P.; Smith LaCien LLP; Power, Rogers, and Smith",1,20,2599,ClassCounsel; LeadCounsel,old_extracted,high
A0050,Ramon Lopez,Ramon R. Lopez,Ramon Rossi Lopez,Mr. Ramon R. Lopez,1,"Lopez McHugh, LLP; Lopez, Hodes, Restaino, Milman & Skikos; Lopez McHugh LLP; LOPEZ MCHUGH, LLP",8,19,"1708, 1742, 1909, 2385, 2452, 2502, 2570, 2641",Communications; Coordination; LeadCounsel; Management; Settlement,new_extracted/old_extracted,high
A0051,Jerold S. Parker,Jerrold Seth Parker,Jerrold Parker,Jerrold S. Parker,3,"Parker, Waichman & Alonso; Parker & Waichman, LLP; Parker Waichman Alonso LLP; Parker Waichman",9,19,"1742, 1842, 1909, 2047, 2187, 2220, 2244, 2299, 2440",Management,new_extracted/old_extracted,merged
A0052,Roger Denton,Roger C. Denton,,,1,"Schlichter, Bogard & Denton, LLP; Denton Law Firm; Schlichter, Bogard & Denton; Schlichter Bogart & Denton",10,19,"1742, 1909, 1964, 2100, 2385, 2433, 2592, 2789, 2846, 3140",Communications; Coordination; Discovery; LeadCounsel; Management; Settlement; SettlementAdministration,new_extracted/old_extracted,high
A0053,Robert K. Shelquist,Robert Shelquist,,,1,"Lockridge Grindal Nauen P.L.L.P.; Lockridge Grindal Nauen, PLLP; Lockridge Grindal Nauen PLLP; Lockridge, Grindal & Nauen, L.L.P",14,19,"1817, 1905, 1958, 1990, 2000, 2098, 2223, 2247, 2264, 2359, 2551, 2591, 2677, 2744",ClassCounsel; Communications; LeadCounsel; Management,new_extracted/old_extracted,high
A0054,"Riley L. Burnett, Jr.",Riley Burnett,,,1,"Burnett Law Firm; LAW OFFICES OF RILEY L. BURNETT, JR.",9,19,"2004, 2187, 2325, 2326, 2327, 2387, 2440, 2511, 2885",Fees; LeadCounsel; Management,new_extracted/old_extracted,high
A0055,Timothy G. Blood,Timothy Gordon Blood,Timothy Blood,,1,"Blood Hurst & OReardon, LLP; Blood, Hurst & OReardon, LLP; Blood Hurst & OReardon LLP; Blood Hurst & O'Reardon, LLP",8,19,"2087, 2258, 2308, 2357, 2705, 2738, 2827, 2904",ClassCounsel; Communications; Discovery; LeadCounsel; Management,new_extracted/old_extracted,high
A0056,Douglas J. McNamara,Douglas McNamara,Doug McNamara,,2,Cohen Milstein Sellers & Toll PLLC; Cohen Milstein Sellers & Toll LLC,4,19,"2827, 2904, 2972, 3083",ClassCounsel; Discovery; Expert; LeadCounsel; Management,new_extracted/old_extracted,merged
A0057,Scott Summy,,,,1,"Baron & Budd; Baron & Budd, P.C.",2,19,"2179, 2873",ClassCounsel; LeadCounsel; Management,old_extracted,high
A0058,Troy Rafferty,Troy A. Rafferty,,,1,"LEVIN, PAPANTONIO, THOMAS, MITCHELL, ECHSNER & PROCTOR, PA; Levin, Papantonio, Thomas, Mitchell, Rafferty & Proctor, P.A.; Levin Papantonio Thomas Mitchell Eschner & Proctor, P.A.; Levin Papantonio et al",12,18,"1657, 1909, 2197, 2299, 2428, 2545, 2606, 2734, 2789, 2804, 3080, 3140",Fees; LeadCounsel; Management; Settlement,new_extracted/old_extracted,high
A0059,Charles S. Zimmerman,Charles Zimmerman,Charles S. (Bucky) Zimmerman,Bucky S. Zimmerman,2,"Zimmerman Reed PLLP; ZIMMERMAN REED; Zimmerman Reed, PLLP; Zimmerman Reed LLP",10,18,"1431, 1708, 1905, 1943, 1990, 2323, 2441, 2492, 2522, 2820",ClassCounsel; Communications; LeadCounsel; Management,new_extracted/old_extracted,merged
A0060,Wendy R. Fleishman,Wendy Fleishman,Wendy R Fleishman,Wendy Fleischman,2,"Lieff, Cabraser, Heimann & Bernstein, LLP; Lieff Cabraser Heimann & Bernstein, LLP; Lief Cabraser; Lieff, Cabraser, Heimann & Bernstein,LLP",12,18,"1785, 1905, 2158, 2197, 2323, 2441, 2641, 2657, 2754, 2768, 2859, 3026",Communications; Fees; LeadCounsel; Management,new_extracted/old_extracted,merged
A0061,Shawn M. Raiter,Shawn Raiter,,,1,"Larson King, LLP; Larson-King LLP; Larson x King LLP; Larson-King, LLP",12,18,"1958, 2000, 2247, 2311, 2441, 2495, 2551, 2724, 2918, 2998, 3031, 3108",ClassCounsel; Communications; LeadCounsel; Management,new_extracted/old_extracted,high
A0062,Douglass A. Kreis,Doug Kreis,Douglass A Kreis,Douglass Kreis,4,"Aylstock, Witkin, Kreis & Overholtz; Aylstock, Witkin, Kreis & Overholtz PLLC; Aylstock, Witkin, Kreis & Overholtz, PLLC; Aylstock, Witkin, Kreiss",8,18,"2004, 2046, 2244, 2391, 2441, 2782, 2885, 3140",Expert; LeadCounsel; Management,new_extracted/old_extracted,merged
A0063,Trent Miracle,Trent B. Miracle,,,1,The Simmons Firm; Simmons Hanly Conroy; SIMMONS HANLY CONROY; Flint Cooper LLC,7,18,"2100, 2197, 2244, 2331, 2545, 3079, 3092",Discovery; Fees; LeadCounsel; Management,new_extracted/old_extracted,high
A0064,Amy E. Keller,Amy Keller,Amy R. Keller,Amy Elisabeth Keller,1,DiCello Levitt Gutzler LLC; DiCello Levitt & Casey LLC; Wexler Wallace LLP; DiCELLO LEVITT LLC,10,18,"2688, 2800, 2827, 2879, 2904, 2909, 2972, 3019, 3083, 3115",ClassCounsel; LeadCounsel; Management; Motions,new_extracted/old_extracted,high
A0065,Paul Pennock,Paul J. Pennock,Mr. Paul J. Pennock,,1,"Weitz & Luxenberg, P.C.; Morgan & Morgan, P.A.; Weitz Luxenburg; Weitz & Luxenberg (NY)",9,17,"1708, 1769, 2244, 2299, 2789, 2885, 2973, 3036, 3094",Expert; LeadCounsel; Management,new_extracted/old_extracted,high
A0066,Neil Overholtz,Neil D. Overholtz,,,1,"Aylstock, Witkin, Kreis & Overholtz, PLLC; Aylstock, Witkin, Kreis & Overholtz; Alystock, Witkin, Kreis & Overholtz, PLLC; Aylstock, Witkin, Kreios, Overholtz, PLLC",9,17,"1905, 1928, 2272, 2299, 2385, 2452, 2592, 2789, 2885",Discovery; Management; Motions,new_extracted/old_extracted,high
A0067,Doug Monsour,Douglas Monsour,Douglas C. Monsour,,2,Monsour Law Firm; The Monsour Law Firm; MONSOUR LAW FIRM; THE MONSOUR LAW FIRM,6,17,"1928, 2187, 2272, 2885, 3081, 3140",Discovery; Expert; Management,new_extracted/old_extracted,merged
A0068,"J. Gerard Stranch, IV",J. Gerard Stranch IV,Gerard Stranch,J. Gerard Stranch,2,"BRANSTETTER, STRANCH & JENNINGS, PLLC; Branstetter, Stranch & Jennings, PLLC; Stranch, Jennings & Garvey, PLLC; Branstetter, Stranch & Jennings PLLC",10,17,"2242, 2332, 2419, 2672, 2804, 2904, 3032, 3035, 3083, 3127",ClassCounsel; Communications; Coordination; LeadCounsel; Management,new_extracted/old_extracted,merged
A0069,Peter J. Flowers,Peter Flowers,Pete Flowers,,2,"Foote, Meyers, Mielke & Flowers; Meyers & Flowers, LLC; Meyers & Flowers; FOOTE MEYERS MIELKE & FLOWERS",8,17,"2187, 2197, 2272, 2385, 2391, 2441, 2768, 3004",Communications; Coordination; Fees; LeadCounsel; Management,new_extracted/old_extracted,merged
A0070,Joseph P. Guglielmo,Joseph Guglielmo,Joseph P Guglielmo,,1,"Scott+Scott Attorneys at Law LLP; Scott+Scott, Attorneys at Law, LLP; Scott + Scott Attorneys at Law LLP; Scott+Scott Attorneys at Law, LLP",13,17,"2020, 2409, 2445, 2522, 2583, 2800, 2904, 3050, 3056, 3080, 3083, 3114, 3115",ClassCounsel; Communications; Discovery; LeadCounsel; Management,new_extracted/old_extracted,high
A0071,Ben Gordon,"Ben W. Gordon, Jr.",,,1,"Levin Papantonio Thomas Mitchell Rafferty & Proctor, P.A.; Levin Papantonio, P.A.; LEVIN, PAPANTONIO, THOMAS, MITCHELL, EISHNER, RAFFERTY & PROCTOR PA; Levin, Papantonio, Thomas, Mitchell, Eishner, Rafferty & Proctor PA",8,17,"2047, 2197, 2244, 2406, 2441, 2666, 2740, 2775",Coordination; Expert; Fees; LeadCounsel; Management; Settlement,old_extracted,high
A0072,Julia Reed Zaic,,,,1,Heaviside Reed Zaic; HEAVISIDE REED ZAIC,4,17,"2244, 2452, 2570, 2641",Expert; Management,old_extracted,high
A0073,Genevieve M. Zimmerman,Genevieve Zimmerman,,,1,"Meshbesher & Spence; Zimmerman Reed; Meshbesher & Spence, Ltd.; Meshbesher & Spence LTD",6,17,"2391, 2441, 2666, 2740, 2775, 2885",Coordination; LeadCounsel; Management,old_extracted,high
A0074,Thomas V. Girardi,Thomas Girardi,Tom Girardi,,2,Girardi and Keese; GIRARDI & KEESE; Girardi | Keese; Girardi & Keese,7,16,"1657, 1807, 1840, 1967, 2100, 2323, 2404",ClassCounsel; Coordination; Fees; LeadCounsel; Management,new_extracted/old_extracted,merged
A0075,Don Barrett,John W. Barrett,John W. (Don) Barrett,"John W. (""Don"") Barrett",2,"Barrett Law Group, P.A.; Barrett Law Office, P.A.; Barrett Law Group, PA; BARRETT LAW OFFICE",11,16,"1431, 1699, 1751, 2068, 2311, 2493, 2522, 2555, 2724, 2993, 3080",ClassCounsel; LeadCounsel; Management,new_extracted/old_extracted,merged
A0076,Christopher Coffin,Christopher L. Coffin,Chris Coffin,,2,"Pendley, Baudin & Coffin, LLP; Pendley, Baudin & Coffin, L.L.P.; PENDLEY, BAUDIN & COFFIN, L.L.P.",14,16,"1736, 1958, 2000, 2067, 2247, 2342, 2406, 2441, 2458, 2495, 2502, 2606, 2666, 2740",ClassCounsel; Communications; Coordination; Expert; Fees; LeadCounsel; Management,new_extracted/old_extracted,merged
A0077,Steven N. Williams,Steven Williams,,,1,"Cotchett, Pitre & McCarthy, LLP; Cotchett, Pitre & McCarthy; Cotchet, Pitre & McCarthy; COTCHETT, PITRE & MCCARTHY, LLP",9,16,"1775, 1972, 2335, 2624, 2656, 2724, 2773, 2785, 3107",ClassCounsel; LeadCounsel; Management,new_extracted/old_extracted,high
A0078,Charles J. LaDuca,Charles LaDuca,,,1,"Cuneo Gilbert & LaDuca, LLP; Cuneo, Gilbert & LaDuca, LLP; Cuneo Gilbert & LaDuca LLP",12,16,"1817, 1958, 2000, 2098, 2238, 2247, 2359, 2551, 2555, 2695, 3032, 3108",ClassCounsel; Expert; LeadCounsel; Management,new_extracted/old_extracted,high
A0079,"W. Lewis Garrison, Jr.",W. Lewis Garrison,,,1,"Heninger, Garrison & Davis; Heninger Garrison Davis, LLC; Heninger, Garrison & Davis, LLC; Heninger Garrison Davis",7,16,"1842, 1943, 2023, 2502, 2669, 2677, 2885",ClassCounsel; LeadCounsel; Management; Motions,new_extracted/old_extracted,high
A0080,Carl N. Frankovitch,Carl Frankovitch,,,1,"Frankovitch, Anetakis, Colantonio & Simon; FRANKOVITCH ANETAKIS COLANTONIO & SIMON",7,16,"1968, 2187, 2325, 2326, 2327, 2387, 2440",Communications; Fees; LeadCounsel; Management,new_extracted/old_extracted,high
A0081,Chris Hellums,Chris T. Hellums,,,1,"Pittman, Dutton & Hellums, P.C.; Pittman, Dutton, Kirby & Hellums; Pittman, Dutton, Kirby & Hellums, P.C.; Pittman, Dutton, Hellums, Bradley & Mann",8,16,"1985, 2087, 2406, 2441, 2595, 2734, 2885, 3140",Communications; Coordination; Discovery; Expert; Fees; LocalCounsel; Management; Motions; Settlement,new_extracted/old_extracted,high
A0082,Megan E. Jones,Megan Jones,Megan Elizabeth Jones,Meghan Jones,2,Hausfeld LLP,5,16,"2406, 2862, 2867, 2879, 2948",ClassCounsel; Communications; LeadCounsel; Management; Settlement,new_extracted/old_extracted,merged
A0083,John R. Climaco,John Climaco,,,1,"Climaco, Wilcox, Peca, Tarantino & Garofoli Co., LPA; Climaco, Lefkowitz, Peca, Wilcox & Garofoli Co., L.P.A.; Climaco, Lefkowitz, Peca, Wilxcox & Garofoli Co., LPA; Climaco, Lefkowitz, Peca, Wilcox & Garofoli Co. LPA",12,15,"1431, 1708, 1968, 2066, 2199, 2220, 2223, 2244, 2263, 2320, 2382, 2391",ClassCounsel; Communications; LeadCounsel; Management,new_extracted/old_extracted,high
A0084,Hollis L. Salzman,Hollis Salzman,,,1,"Robins Kaplan LLP; Robins, Kaplan, Miller & Ciresi L.L.P.; Labaton Sucharow & Rudoff LLP; Labaton Sucharow LLP",9,15,"1745, 1775, 1942, 1960, 2196, 2284, 2328, 2668, 2867",ClassCounsel; LeadCounsel; Management,new_extracted/old_extracted,high
A0085,Gary E. Mason,Gary Edward Mason,Gary Mason,,1,"Whitfield Bryson & Mason LLP; Whitfield Bryson & Mason, LLP; The Mason Law Firm, L.L.P.; The Mason Law Firm, P.C.",12,15,"1796, 1817, 1958, 2000, 2025, 2047, 2406, 2495, 2514, 2664, 2887, 3021",ClassCounsel; Communications; LeadCounsel; Management,new_extracted/old_extracted,high
A0086,Donald A. Migliori,Don Migliori,Donald Migliori,,2,"Motley Rice; Motley Rice LLC; Motley Rice, LLC; MOTLEY RICE LLC",8,15,"1570, 1842, 2197, 2244, 2472, 2641, 2782, 3148",Communications; LeadCounsel; Management,new_extracted/old_extracted,merged
A0087,Eric Gibbs,Eric H. Gibbs,,,1,Girard Gibbs LLP; Gibbs Law Group LLP; GIRARD GIBBS LLP,6,15,"1914, 2086, 2617, 2661, 2693, 2800",ClassCounsel; LeadCounsel; Management,new_extracted/old_extracted,high
A0088,Roberta Liebenberg,Roberta D. Liebenberg,Roberta D Liebenberg,,1,"Fine, Kaplan and Black, R.P.C.; FINE KAPLAN & BLACK, R.P.C.; Fine Kaplan and Black, R.P.C.",7,15,"1957, 2724, 2850, 3014, 3055, 3094, 3107",ClassCounsel; Communications; LeadCounsel; Management; Motions; Settlement,new_extracted/old_extracted,high
A0089,Timothy J. Becker,Timothy Becker,,,1,"Johnson // Becker, PLLC; JOHNSON // BECKER, PLLC; Zimmerman Reed; Johnson Becker",8,15,"2197, 2272, 2331, 2458, 2545, 3026, 3079, 3092",Communications; LeadCounsel; Management; Motions,new_extracted/old_extracted,high
A0090,Ruth Rizkalla,,,,1,The Carlson Law Firm; Kirtland & Packard LLP,5,15,"2885, 2973, 2974, 3043, 3047",Management,new_extracted/old_extracted,high
A0091,Kristine K. Kraft,Kristine Kraft,,,1,"Schlicter Bogard & Denton; Schlichter, Bogard & Denton, LLP; Schlicter Bogard LLP; SCHLICTER BOGARD & DENTON",6,15,"1964, 2545, 2666, 3026, 3044, 3092",Communications; LeadCounsel; Management; Settlement,new_extracted/old_extracted,high
A0092,Stephen J. Herman,Stephen Herman,,,1,"Fishman Haygood L.L.P.; Herman, Herman & Katz, LLC",2,15,"2179, 3108",ClassCounsel; Communications; Fees; Management,new_extracted/old_extracted,high
A0093,Navan Ward,"Navan Ward, Jr.",,,1,"Beasley Allen Law Firm; Beasley Allen; Beasley, Allen, Crow, Methvin, Partis & Miles PC; Beasley, Allen, Crow, Methvin, Portis & Miles, P.C.",4,15,"2197, 2244, 2391, 2789",Discovery; Fees; LeadCounsel; Management,old_extracted,high
A0094,Gerald E. Meunier,Gerald Meunier,,,1,"Gainsburgh, Benjamin, David, Meunier & Warshauer, L.L.C.; Gainsburgh, Benjamin; Gainsburgh, Benjamin, David, Meunier & Warshauer",5,14,"1657, 1873, 2047, 2328, 2592",ClassCounsel; Communications; Fees; Management,new_extracted/old_extracted,high
A0095,Gordon Ball,W. Gordon Ball,Gordan Ball,,3,"Ball & Scott; Ball & Scott Law Offices; Ball & Scott, PA; LAW OFFICES OF GORDON BALL",8,14,"1682, 1730, 1768, 1785, 1899, 2343, 2406, 2508",ClassCounsel; Communications; Coordination; LeadCounsel; Management; Settlement,new_extracted/old_extracted,merged
A0096,"Joe R. Whatley, Jr.",Joe Whatley,Joe R. Whatley Jr.,Joe R. Whatley,2,"Whatley Drake and Kallas, LLC; Whatley Drake & Kallas; Whatley Drake, LLC; Whatley Drake & Kallas LLC",11,14,"1658, 1811, 1928, 1938, 1960, 1997, 2020, 2068, 2199, 2406, 2415",ClassCounsel; LeadCounsel; Management; Settlement,new_extracted/old_extracted,merged
A0097,Teresa Toriseva,Ms. Teresa Toriseva,Teresa C. Toriseva,,1,"Toriseva Law; Wexler Toriseva Wallace LLP; Hill Toriseva & Williams, PLLC; Wexler, Toriseva Wallace LLP",5,14,"1708, 1842, 1905, 1968, 2570",LeadCounsel; Management,new_extracted/old_extracted,high
A0098,Annesley DeGaris,Annesley H. DeGaris,Annesley Degaris,,1,"Cory, Watson, Crowder & DeGaris, P.C.; Cory Watson; DeGaris and Rogers LLC; Cory Watson Crowder & Degaris, PC",9,14,"1789, 2087, 2197, 2406, 2441, 2666, 2768, 2875, 3026",Coordination; Expert; Fees; LeadCounsel; Management,new_extracted/old_extracted,high
A0099,Bruce L. Simon,Bruce Simon,,,1,"Pearson, Simon, Warshaw & Penny, LLP; Pearson, Simon, Soter, Warshaw & Penny, LLP; Pearson, Simon, Warshaw and Penny; Pearson, Simon, Soter, Warshaw, and Penny, LLP",8,14,"1822, 1827, 1960, 1972, 1996, 2196, 2420, 2796",ClassCounsel; LeadCounsel; Management; Motions,new_extracted/old_extracted,high
A0100,Stuart A. Davidson,Stuart Davidson,Stuart R. Davidson,Smart Davidson,2,Robbins Geller Rudman & Dowd LLP; Coughlin Stoia Geller Rudman & Robbins LLP; Robbins Geller Rudman & Dowd; Robbins Geller Rudman & Dowd LLP - BR FL,11,14,"1850, 2188, 2199, 2752, 2828, 2879, 2904, 3089, 3090, 3096, 3115",ClassCounsel; Discovery; LeadCounsel; Management,new_extracted/old_extracted,merged
A0101,Daniel E. Gustafson,Daniel Gustafson,,,1,Gustafson Gluek PLLC; Gustafson Gulek PLLC,7,14,"1905, 2406, 2591, 2744, 2993, 3108, 3110",ClassCounsel; Communications; LeadCounsel; Management; Settlement; Trial,new_extracted/old_extracted,high
A0102,David R. Buchanan,Dave Buchanan,David Buchanan,,2,"Seeger Weiss LLP; Seeger Weiss, LLP; Seeger Weiss; SEEGER WEISS, LLP",7,14,"1909, 2323, 2436, 2846, 2885, 3080, 3140",Coordination; Discovery; LeadCounsel; Management; Trial,new_extracted/old_extracted,merged
A0103,Joseph A. Osborne,Joseph Osborne,J A Osborne,,2,"Babbitt, Johnson, Osborne & LeClainche; Babbitt, Johnson, Osborne & LeClainche, P.A.; Osborne & Associates Law Firm, PA; Babbit, Johnson, Osborne and LeClainche",7,14,"1928, 2187, 2272, 2391, 2441, 2641, 2768",Communications; Management,new_extracted/old_extracted,merged
A0104,Marvin A. Miller,Marvin Miller,,,1,"Miller Law LLC; MILLER LAW LLC; Miller Law, LLC",9,14,"1996, 1997, 2196, 2445, 2460, 2472, 2516, 2687, 2836",ClassCounsel; Communications; LeadCounsel; Management,new_extracted/old_extracted,high
A0105,Laurence D. King,Laurence King,,,1,Kaplan Fox and Kilsheimer LLP; Kaplan Fox & Kilsheimer LLP; KAPLAN FOX & KILSHEIMER LLP,4,14,"2086, 2320, 2827, 2904",ClassCounsel; LeadCounsel; Management,new_extracted/old_extracted,high
A0106,Michael M. Buchman,Michael Buchman,,,2,"Motley Rice LLC; MOTLEY RICE LLC; Pomerantz Haudek Grossman & Gross LLP; Pomerantz, Grossman, Hufford, Dahlstrom & Gross, LLP",10,14,"2173, 2332, 2409, 2445, 2460, 2472, 2516, 2724, 2836, 2966",ClassCounsel; Communications; LeadCounsel; Management,new_extracted/old_extracted,merged
A0107,Brian C. Gudmundson,Brian Gudmundson,Brian C. Gudmondson,,2,"Zimmerman Reed LLP; Zimmerman Reed, P.L.L.P.; ZIMMERMAN REED, LLP; Zimmerman Reed PLLP",11,14,"2522, 2583, 2693, 2779, 2795, 2800, 2833, 2879, 3083, 3090, 3108",ClassCounsel; Communications; LeadCounsel; Management; Settlement,new_extracted/old_extracted,merged
A0108,Sindhu Daniel,Sindhu S. Daniel,,,1,"Grant & Eisenhofer, P.A.; Baron & Budd, P.C.; Scott + Scott; BARON & BUDD, P.C.",6,14,"2592, 2738, 2789, 2885, 2973, 3140",Management; Vetting,new_extracted/old_extracted,high
A0109,Justin Presnal,,,,1,"Fisher, Boyd, Brown & Huguenard, LLP; Simmons Hanly; Fisher, Boyd, Johnson & Huguernard",4,14,"2244, 2391, 3044, 3140",Fees; Management; Motions; Trial,new_extracted/old_extracted,high
A0110,Warren Burns,Warren T. Burns,Warren Tavares Burns,,1,Burns Charest LLP; BURNS CHAREST LLP,7,14,"2406, 2656, 2738, 2785, 2796, 3107, 3108",ClassCounsel; LeadCounsel; Management,new_extracted/old_extracted,high
A0111,Kristian Rasmussen,Kristian W. Rasmussen,B. Kristian Rasmussen,B. Kristian W. Rasmussen,2,"Cory Watson Crowder & DeGaris, P.C.; Cory Watson, P.C.; CORY WATSON, P.C.; Cory Watson Attorneys",6,13,"1699, 2428, 2691, 2734, 2885, 3037",LeadCounsel; Management,new_extracted/old_extracted,merged
A0112,Bruce E. Gerstein,Bruce Gerstein,Gerstein,,2,"GARWIN GERSTEIN & FISHER LLP; Garwin Gerstein & Fisher LLP; Garwin Gerstein & Fisher, LLP; Garwin Gerstein and Fisher, LLP",8,13,"1730, 2084, 2332, 2409, 2445, 2460, 2516, 2580",ClassCounsel; Communications; LeadCounsel; Management; Settlement,new_extracted/old_extracted,merged
A0113,Ernest Cory,Ernie Cory,,,2,"Cory, Watson, Crowder & DeGaris; Cory Watson, P.C.; Cory Watson Crowder & DeGaris, P.C.; CORY WATSON, P.C.",7,13,"1785, 1842, 1928, 2502, 2691, 2734, 2885",LeadCounsel; Management; Settlement,new_extracted/old_extracted,merged
A0114,Marc M. Seltzer,Marc Seltzer,,,1,Susman Godfrey L.L.P.; Susman Godfrey L.L.P; Susman Godfrey LLP; Susman Godfrey,5,13,"1891, 1957, 2151, 2543, 2668",ClassCounsel; Discovery; LeadCounsel; Management,new_extracted/old_extracted,high
A0115,Martin Crump,Martin D. Crump,,,1,"Davis & Crump; Davis & Crump, P.C.; Davis & Crump, PC; DAVIS & CRUMP",10,13,"2087, 2187, 2226, 2331, 2440, 2502, 2545, 2666, 2691, 2767",LeadCounsel; Management,new_extracted/old_extracted,high
A0116,Palmer Lambert,M. Palmer Lambert,,,2,"Gainsburgh, Benjamin; Gainsburgh Benjamin David Meunier & Warshauer, LLC; Gainsburgh, Benjamin, David, Meunier & Warshauer, L.L.C.",4,13,"2328, 2454, 2740, 2885",ClassCounsel; Communications; Management,new_extracted/old_extracted,merged
A0117,Khaldoun A. Baghdadi,Khaldoun A Baghdadi,Khaldoun Baghdadi,,1,"Walkup, Melodia, Kelly & Schoenberger; Walkup Melodia Kelly & Schoenberger; Law Offices of Walkup, Melodia, Kelly & Schoenberger, A Professional Corporation; WALKUP, MELODIA, KELLY & SCHONENBERGER",7,13,"2197, 2244, 2443, 2532, 3004, 3047, 3084",Communications; Coordination; Fees; LeadCounsel; Management; Trial,new_extracted/old_extracted,high
A0118,Tina Wolfson,,,,1,"Ahdoot & Wolfson, PC; Ahdoot & Wolfson, P.C.; AHDOOT AND WOLFSON, PC; Adhoot & Wolfson, PC",11,13,"2583, 2588, 2633, 2664, 2827, 2904, 2905, 2951, 3096, 3107, 3148",ClassCounsel; Discovery; LeadCounsel; Management,new_extracted/old_extracted,high
A0119,Russell W. Budd,Russell Budd,,,1,"Baron & Budd, P.C.; BARON & BUDD, P.C.; Baron and Budd P.C.",8,13,"2187, 2440, 2570, 2641, 2642, 2657, 2804, 3080",LeadCounsel; Management; Settlement,new_extracted/old_extracted,high
A0120,Kimberly A. Justice,Ms. Justice,Kimberly Justice,,2,"Freed Kanner London & Millen LLC; Kessler Topaz Meltzer & Check, LLP",5,13,"2796, 2842, 2867, 3107, 3110",LeadCounsel; Management,new_extracted/old_extracted,merged
A0121,Ervin A. Gonzalez,Ervin Amanda Gonzalez,Ervin Gonzalez,,1,"Colson, Hicks, Eidson",2,13,"2047, 2179",Coordination; Management,old_extracted,high
A0122,James Parkerson Roy,James P. Roy,James Roy,,1,Domengeaux Wright Roy Edwards & Colomb LLC,1,13,2179,ClassCounsel; Communications; Fees; Management,old_extracted,high
A0123,Robin L. Greenwald,Robin Greenwald,,,1,"Weitz & Luzenberg, P.C.; Weitz & Luxenberg, P.C.; Weitz & Luxenberg, PC",4,13,"2179, 2543, 2672, 2741",Communications; Fees; LeadCounsel; Management,old_extracted,high
A0124,Kenneth A. Wexler,Kenneth Wexler,,,1,Wexler Wallace LLP; Wexler Toriseva Wallace LLP; THE WEXLER LAW FIRM LLP; WEXLER WALLACE LLP,10,12,"1730, 1745, 1850, 2242, 2332, 2409, 2445, 2460, 2591, 2966",ClassCounsel; LeadCounsel; Management; Settlement; SettlementAdministration,new_extracted/old_extracted,high
A0125,Don M. Downing,Don Downing,,,1,"Gray Ritter & Graham, P.C.; Gray, Ritter & Graham, P.C.; Gray Ritter Graham; Gray, Ritter, Graham",6,12,"1811, 1907, 2562, 2591, 2820, 2936",ClassCounsel; Communications; LeadCounsel; Management,new_extracted/old_extracted,high
A0126,Michael McShane,Michael A. McShane,,,1,"Audet & Partners, LLP; Audet & Partners LLP",9,12,"1817, 1958, 2000, 2098, 2238, 2247, 2270, 2359, 2705",ClassCounsel; Expert; LeadCounsel; Management,new_extracted/old_extracted,high
A0127,Michael Louis Kelly,Michael A. Kelly,MICHAEL LOUIS KELLY,Michael Kelly,1,"Kirtland & Packard LLP; Walkup, Melodia, Kelly & Schoenberger; Kirtland & Packard; KIRTLAND & PACKARD LLP",6,12,"1822, 2151, 2197, 2199, 2532, 2641",ClassCounsel; Communications; Fees; LeadCounsel; Management,new_extracted/old_extracted,high
A0128,Elizabeth C. Pritzker,Pritzker,Elizabeth Prizker,Elizabeth Pritzker,3,Pritzker Levine LLP; Girard & Gibbs; PRITZKER | LAW,7,12,"1827, 2420, 2624, 2785, 2796, 2873, 3148",ClassCounsel; Communications; LeadCounsel; Management,new_extracted/old_extracted,merged
A0129,Thomas V. Bender,Tom Bender,,,2,"Horn Aylward & Bandy, LLC; Walters Bender Strohbehn & Vaughan, P.C.; WALTERS BENDER STROHBEHN & VAUGHAN, P.C.; Horn, Aylward & Bandy, LLC",4,12,"1840, 1967, 2591, 2936",ClassCounsel; Communications; Discovery; Expert; LeadCounsel; Management; Motions,new_extracted/old_extracted,merged
A0130,Howard L. Nations,Howard Nations,,,1,The Nations Law Firm; Nations Law Firm; Law Offices of Howard Nations,5,12,"1909, 2570, 2641, 2846, 3081",Management,new_extracted/old_extracted,high
A0131,Gregory Asciolla,Gregory S. Asciolla,Greg Asciolla,,2,LABATON SUCHAROW LLP; Labaton Sucharow; DiCello Levitt LLP; Labaton Sucharow LLP,6,12,"1957, 2284, 2724, 2993, 3107, 3148",ClassCounsel; LeadCounsel; Management; Settlement,new_extracted/old_extracted,merged
A0132,Scott Weinstein,Scott Wm. Weinstein,Scott William Weinstein,Scott W. Weinstein,1,"Morgan & Morgan; Morgan & Morgan, P.A.; Morgan & Morgan P.A.",6,12,"1953, 1968, 1985, 2023, 2047, 2051",Communications; Coordination; LeadCounsel; Management,new_extracted/old_extracted,high
A0133,Richard Golomb,Richard M. Golomb,,,1,"Golomb & Honik, P.C.; Golomb & Honik, PC; Golomb & Honik, P.A.; Golomb Spirt Grunfeld PC",6,12,"2107, 2428, 2606, 2738, 2969, 3043",ClassCounsel; Communications; Fees; Management,new_extracted/old_extracted,high
A0134,Eric Holland,Eric D. Holland,,,1,"Holland Law Firm; Holland, Groves, Schneller & Stolze; Holland Groves Schneller & Stolze, LLC; Holland Groves Schneller & Stolze",7,12,"2263, 2320, 2359, 2382, 2434, 2474, 3043",ClassCounsel; Discovery; LeadCounsel; Management,new_extracted/old_extracted,high
A0135,John M. Restaino,John Restaino,Jon Restaino,,2,The Restaino Law Firm; Restaino Siler; THE RESTAINO LAW FIRM; Restaino Law Firm,6,12,"2187, 2197, 2244, 2385, 2440, 2452",Expert; Management,new_extracted/old_extracted,merged
A0136,Melissa S. Weiner,Melissa Weiner,,,1,"Pearson, Simon & Warshaw, LLP; Pearson Warshaw, LLP; Halunen Law",7,12,"2792, 2909, 2972, 2985, 3001, 3083, 3108",ClassCounsel; Discovery; LeadCounsel; Management,new_extracted/old_extracted,high
A0137,Gabriel Assaad,Gabriel A. Assaad,Gabe Assaad,,2,"McDonald Worley; McDonald Worley, PC; Kennedy Hodges; Kennedy Hodges, LLP",4,12,"2775, 2885, 2989, 3081",Expert; Management; Motions; Settlement,new_extracted/old_extracted,merged
A0138,Virginia Anello,Virginia E. Anello,,,1,"Douglas & London, P.C.; Douglas & London PC; Douglas & London, P.C; Douglas & London",6,12,"2754, 2885, 2973, 3080, 3089, 3140",Communications; Discovery; LeadCounsel; Management,new_extracted/old_extracted,high
A0139,R. Eric Kennedy,Eric Kennedy,Robert E. (Eric) Kennedy,,3,"Weisman, Kennedy & Berris Co., L.P.A.; Weisman, Kennedy & Berris; WEISMAN, KENNEDY & BERRIS CO., L.P.A.; Weisman, Kennedy, Berris",5,12,"2197, 2441, 3004, 3044, 3140",Coordination; Discovery; Fees; LeadCounsel; Management,new_extracted/old_extracted,merged
A0140,Richard M. Paul III,Rick Paul,"Richard M. Paul, III",RICK PAUL,2,"Paul LLP; Paul McInnes LLP; Paul, LLP",7,12,"2591, 2820, 2993, 3023, 3025, 3031, 3043",ClassCounsel; Communications; Management,new_extracted/old_extracted,merged
A0141,Michael Sacchet,Michael A. Sacchet,,,1,"Ciresi Conlin, LLP; Ciresi Conlin LLP; Ciresi Conlin",4,12,"2885, 3081, 3089, 3140",LeadCounsel; Management; Motions,new_extracted/old_extracted,high
A0142,Jeff Ostrow,Jeffrey M. Ostrow,,,2,Kopelowitz Ostrow Ferguson Weiselberg Gilbert; Kopelowitz Ostrow P.A.,5,12,"3090, 3108, 3114, 3115, 3127",ClassCounsel; Communications; LeadCounsel; Management,new_extracted,merged
A0143,Michelle L. Kranz,Michelle Kranz,,,1,"Zoll, Kranz & Borgess; Zoll & Kranz, LLC; ZOLL & KRANZ, LLC; Zoll Kranz & Borgess",4,12,"2197, 2391, 2545, 3107",Communications; Fees; Management,new_extracted/old_extracted,high
A0144,"Andy D. Birchfield, Jr.",Andy Birchfield,Andy D. Birchfield,,1,"BEASLEY, ALLEN, CROW, METHVIN, PORTIS & MILES, P.C.; BEASLEY ALLEN; Beasley Allen et al; Beasley, Allen, Crow, Methvin, Portis & Miles, P.C.",5,11,"1431, 1657, 2299, 2342, 2592",Fees; LeadCounsel; Management,new_extracted/old_extracted,high
A0145,William M. Audet,William Audet,,,1,"Audet & Partners, LLP; Audet & Partners LLP; Alexander, Hawes & Audet, LLP",7,11,"1699, 1708, 1850, 1953, 2264, 2590, 3014",ClassCounsel; Communications; LeadCounsel; Management,new_extracted/old_extracted,high
A0146,Joseph W. Cotchett,Joseph Cotchett,Joseph W. Cotechett,,2,"Cotchett, Pitre & McCarthy, LLP; Cotchett, Pitre & McCarthy; Cotchett, Pitre & McCarthy LLP; CPM",6,11,"1699, 1807, 1819, 2693, 2773, 2827",ClassCounsel; Communications; LeadCounsel; Management; Trial,new_extracted/old_extracted,merged
A0147,Timothy M. O'Brien,Timothy M. OBrien,Timothy O'Brien,Tim O'Brien,2,"Levin, Papantonio, Thomas, Mitchell, Rafferty & Proctor, P.A.; Levin, Papantonio, Thomas, Mitchell, Echsner & Proctor, P.A.; Levin Papantonio Rafferty Proctor Buchanan OBrien Barr Mougey, P.A.; Levin, Papantonio, Rafferty, Proctor, Buchanan, O'Brien, Barr & Mougey, P.A.",7,11,"1708, 1789, 2750, 2846, 2973, 3029, 3044",Fees; LeadCounsel; Management,new_extracted/old_extracted,merged
A0148,Michelle Parfitt,Michelle A. Parfitt,Michelle Parfit,,2,"Ashcraft & Gerel; Ashcraft & Gerel LLP; Ashcraft & Gerel, LLP; ASHCRAFT & GEREL",8,11,"1742, 1789, 1909, 2187, 2385, 2428, 2738, 2974",LeadCounsel; Management,new_extracted/old_extracted,merged
A0149,"H. Laddie Montague, Jr.",H. Laddie Montague,Laddie Montague,,2,"Berger & Montague, P.C.; BERGER & MONTAGUE, P.C.; Berger & Montague, PC",8,11,"1768, 1782, 1935, 2173, 2270, 2437, 2567, 2687",ClassCounsel; Communications; LeadCounsel; Management,new_extracted/old_extracted,merged
A0150,Jonathan W. Cuneo,Jonathan Cuneo,Jon Cuneo,,2,"Cuneo Gilbert & LaDuca, LLP; Cuneo, Gilbert & LaDuca, LLP; Cuneo, Gilbert, & LaDuca, LLP; Cuneo, Gilbert & Laduca, LLP",6,11,"1763, 1817, 2311, 2555, 2724, 2998",ClassCounsel; LeadCounsel; Management; Settlement,new_extracted/old_extracted,merged
A0151,Jonathan Shub,,,,1,"Seeger Weiss LLP; Seeger Weiss; Kohn, Swift & Graf, P.C.; SEEGER WEISS LLP",11,11,"1817, 1862, 2001, 2333, 2450, 2495, 2506, 2514, 2688, 3021, 3025",ClassCounsel; LeadCounsel; Management,new_extracted/old_extracted,high
A0152,Richard D. Meadow,Richard Meadow,Richard H. Meadow,Rick Meadow,2,The Lanier Law Firm; Lanier Law Firm; THE LANIER LAW FIRM PC; THE LANIER LAW FIRM,4,11,"1953, 2187, 2244, 2738",Coordination; Management,new_extracted/old_extracted,merged
A0153,Vincent J. Esades,Vincent Esades,,,1,"Heins Mills & Olson, PLC; Heins, Mills & Olson, PLC; Heins Mills & Olson P.L.C; Heins Mills & Olson",8,11,"1960, 1999, 2221, 2328, 2332, 2514, 2522, 2583",ClassCounsel; LeadCounsel; Management,new_extracted/old_extracted,high
A0154,Mark P. Chalos,,,,1,"Lieff Cabraser Heimann & Bernstein, LLP; LIEFF CABRASER HEIMANN & BERNSTEIN, LLP; Lieff Cabraser Heimann & Bernstein - Nashville; Lieff Cabraser Heimann & Bernstein",6,11,"2001, 2223, 2419, 2938, 3044, 3078",ClassCounsel; Coordination; LeadCounsel; Management,new_extracted/old_extracted,high
A0155,Michael L. Roberts,Michael Roberts,,,1,"Roberts Law Firm US, PC; Roberts Law Firm, P.A.; ROBERTS LAW FIRM P.A.; ROBERTS LAW FIRM, P.A.",5,11,"2046, 2724, 2819, 3080, 3110",ClassCounsel; LeadCounsel; Management,new_extracted/old_extracted,high
A0156,Gayle M. Blatt,Gayle Blatt,,,1,"Casey Gerry Schenk Francavilla Blatt & Penfield, LLP; Casey Gerry Schenk Francavilla Blatt & Penfield LLP; Casey Gerry Schenk Francavilla Blatt & Penfield; Casey, Gerry Schenk Francavilla Blatt & Penfield, LLP",10,11,"2087, 2258, 2452, 2752, 2827, 2828, 2905, 3040, 3098, 3115",ClassCounsel; Communications; Discovery; LeadCounsel; Management,new_extracted/old_extracted,high
A0157,Shanon J. Carson,Shanon Carson,,,1,"Berger & Montague, P.C.; Berger Montague PC; Berger Montague; Berger & Montague, PC",7,11,"2000, 2359, 2575, 2734, 2792, 3014, 3081",ClassCounsel; LeadCounsel; Management; Motions,new_extracted/old_extracted,high
A0158,"Ronald E. Johnson, Jr.",Ronald Johnson,"Ronald (Rome) V. Johnson, IV",Ronald E. Johnson,1,"Schachter, Hendy & Johnson, PSC; SCHACHTER, HENDY & JOHNSON PSC",5,11,"2308, 2385, 2545, 3021, 3047",Fees; LeadCounsel; Management,new_extracted/old_extracted,high
A0159,Sean Tracey,Sean Patrick Tracey,Sean P. Tracey,,1,Tracey Law Firm; Tracey & Fox Law Firm,3,11,"2342, 2885, 3043",Bellwether; Management; Vetting,new_extracted/old_extracted,high
A0160,W. Daniel Dee Miles,"W. Daniel Miles, III","W. Daniel (Dee) Miles, III",W. Daniel Miles III,1,"Beasley, Allen, Crow, Methvin, Portis & Miles P.C.; Beasley Allen Crow Mehtvin Portis & Miles; Beasley, Allen, Crow, Methvin, Portis & Miles, P.C.; Beasley Allen Crow Methvin Portis & Miles",7,11,"2151, 2406, 2522, 2583, 2672, 2777, 2905",Communications; Management; Motions,new_extracted/old_extracted,high
A0161,Tricia Campbell,Patricia Campbell,,,2,"LANGDON & EMISON; Krause & Kinsman; Langdon & Emison; Langdon & Emison, LLC",2,11,"2936, 3043",ClassCounsel; Management; Settlement,new_extracted,merged
A0162,Dena C. Sharp,Dena Sharp,,,1,"Girard Sharp LLP; Girard Gibbs LLP; Girard Sharp, LLP; GIRARD SHARP LLP",6,11,"2724, 2819, 2966, 3014, 3107, 3113",ClassCounsel; LeadCounsel; Management,new_extracted/old_extracted,high
A0163,Aimee H. Wagstaff,Aimee Wagstaff,Amiee Wagstaff,,2,"Andrus, Hood & Wagstaff, PC; Andrus & Wagstaff, P.C.; Andrus Wagstaff, PC; Wagstaff Law Firm",9,11,"2187, 2325, 2326, 2327, 2741, 2782, 2973, 3004, 3101",LeadCounsel; Management,new_extracted/old_extracted,merged
A0164,C. Andrew Childers,C. Andy Childers,,,1,"Childers, Schlueter & Smith, LLC; CHILDERS, SCHLUETER & SMITH, LLC; Levin, Papantonio, Proctor, Buchanan, OBrien, Barr & Mougey, P.A.",5,11,"2782, 2974, 3026, 3079, 3092",Communications; LeadCounsel; Management,new_extracted/old_extracted,high
A0165,Maureen Brady,Maureen M. Brady,Maureen E. Brady,,1,"McShane & Brady, LLC; McShane & Brady LLC",5,11,"2994, 3019, 3073, 3090, 3096",ClassCounsel; Communications; LeadCounsel; Management,new_extracted,high
A0166,Cari Campen Laufenberg,Cari Laufenberg,Cari C. Laufenberg,,1,Keller Rohrback L.L.P.,6,11,"2705, 2737, 3019, 3073, 3089, 3098",ClassCounsel; LeadCounsel; Management,new_extracted/old_extracted,high
A0167,Gary Klinger,Gary M. Klinger,,,1,"Milberg Coleman Bryson Phillips Grossman; Milberg Coleman Bryson Grossman, LLC; Milberg Coleman Bryson Phillips Grossman PLLC; Milberg Coleman Bryson Phillips Grossman, PLLC",7,11,"3025, 3032, 3056, 3083, 3096, 3108, 3127",ClassCounsel; Discovery; LeadCounsel; Management; Vetting,new_extracted,high
A0168,Ben C. Martin,,,,1,Law Offices of Ben C. Martin,3,11,"2570, 2641, 3044",LeadCounsel; Management,new_extracted/old_extracted,high
A0169,Andre Mura,Andre M. Mura,,,1,Gibbs Law Group LLP,4,11,"2693, 2740, 2885, 3047",ClassCounsel; Management; Motions,new_extracted/old_extracted,high
A0170,Richard S. Lewis,Richard Lewis,,,1,Hausfeld LLP; Hausfeld; Hausefeld,6,11,"2047, 2323, 2441, 2492, 2666, 2873",ClassCounsel; Management; SettlementAdministration,old_extracted,high
A0171,Renee Baggett,,,,1,"Aylstock Witkin Kreis & Overholtz; AYLSTOCK WITKIN KREIS & OVERHOLTZ; Aylstock Witkin Kreis & Overholtz, PLLC",6,11,"2187, 2325, 2326, 2327, 2387, 2440",Fees; LeadCounsel; Management,old_extracted,high
A0172,Paul J. Napoli,,,,1,Napoli Shkolnik; Napoli Shkolnik PLLC,1,11,2873,ClassCounsel; LeadCounsel,old_extracted,high
A0173,Thomas J. Preuss,,,,2,"Wagstaff & Cartmell, LLP; WAGSTAFF & CARTMELL LLP; Preuss | Foster Law",4,10,"1657, 2244, 2452, 3037",Discovery; LeadCounsel; Management,new_extracted/old_extracted,merged
A0174,Leonard A. Davis,Leonard Davis,,,1,"Herman, Herman & Katz, LLC; Herman, Herman, Katz & Cotlar LLP; Herman Gerel LLP; Herman Herman Katz & Cotlar",6,10,"1657, 2197, 2243, 2328, 2436, 2592",Communications; Fees; Management,new_extracted/old_extracted,high
A0175,Steven A. Kanner,Steven A Kanner,Steven Kanner,,1,"FREED KANNER LONDON & MILLEN LLC; Much Shelist Freed Denenberg Ament & Rubenstein, P.C.; Much Shelist Freed Denenberg Ament & Rubenstein, PC; Much Shelist Freed Denenberg Ament & Rubinstein, P.C.",4,10,"1682, 1768, 1942, 1957",ClassCounsel; LeadCounsel,new_extracted,high
A0176,Joseph H. Meltzer,Joseph Meltzer,,,1,"KESSLER TOPAZ MELTZER & CHECK LLP; Kessler Topaz Meltzer & Check, LLP; Schiffrin & Barroway, LLP; Barroway Topaz Kessler Meltzer & Check LLP",8,10,"1658, 2025, 2335, 2472, 2508, 2744, 2905, 3047",ClassCounsel; LeadCounsel; Management; Settlement,new_extracted/old_extracted,high
A0177,Irwin B. Levin,Irwin Levin,Mr. Irwin B. Levin,Irvin B. Levin,2,"Cohen & Malad, LLP; Cohen & Malad, L.L.P.; Cohen Malad LLP; Cohen & Malad",3,10,"1708, 2570, 2667",ClassCounsel; LeadCounsel; Management,new_extracted/old_extracted,merged
A0178,H. Blair Hahn,Blair Hahn,,,2,"Richardson, Patrick, Westbrook & Brickman, LLC; RICHARDSON, PATRICK, WESTBROOK, & BRICKMAN, LLC; Richardson, Patrick, Westbrook, & Brickman LLC",4,10,"1785, 1953, 2333, 2502",ClassCounsel; LeadCounsel; Management,new_extracted,merged
A0179,Roger W. Orlando,Roger Orlando,Robert Orlando,,2,"The Orlando Firm, P.C.; THE ORLANDO FIRM, P.C.; The Orlando Firm; Orlando Law Firm",7,10,"1845, 2087, 2331, 2545, 2767, 2776, 2875",ClassCounsel; Management,new_extracted/old_extracted,merged
A0180,Lawrence J. Gornick,Lawrence J Gornick,Larry Gornick,,2,"Kaiser Gornick LLP; Levin Simes Kaiser & Gornick LLP; KAISER & GORNICK, LLP; Levin, Simes, Kaiser & Gornick",4,10,"1909, 2197, 2244, 2545",Discovery; Fees; Management,new_extracted/old_extracted,merged
A0181,Andres F. Alonso,Andy Alonzo,Andres Alonso,Andy Alonso,3,"Parker & Wachman; Parker Waichman Alonso LLP; Parker, Waichman, Alonso LLP; Parker Waichman Alonso",7,10,"1953, 1968, 2023, 2051, 2068, 2100, 2197",LeadCounsel; Management,new_extracted/old_extracted,merged
A0182,"J. Gordon Rudd, Jr.",J. Gordon Rudd,,,1,"Zimmerman Reed PLLP; Zimmerman Reed, PLLP; ZIMMERMAN REED; ZIMMERMAN REED, LLP",9,10,"1700, 1958, 2000, 2247, 2474, 2522, 2564, 2691, 2734",ClassCounsel; LeadCounsel; Management,new_extracted/old_extracted,high
A0183,Stacy Hauer,Stacy K. Hauer,Stacy K Hauer,,1,"Johnson Becker; Zimmerman Reed; Johnson Becker, PLLC; JOHNSON BECKER",7,10,"1968, 2187, 2391, 2440, 2973, 3037, 3094",LeadCounsel; Management,new_extracted/old_extracted,high
A0184,Lawrence L. Jones,Lawrence Jones,Lawrence L. Jones II,"Lawrence L. Jones, II",1,"Jones Ward; Jones Ward PLC; Bahe, Cook, Cantley & Jones, PLC; Jones, Ward",4,10,"1985, 2391, 2406, 2767",Communications; Expert; LeadCounsel; Management,new_extracted/old_extracted,high
A0185,Stephen A. Corr,Stephen Corr,Stephen A.Cor,,2,"MELLON, WEBSTER & SHELLY; Stark & Stark, P.C.; Mellon, Webster & Shelly",4,10,"1871, 1995, 2342, 2458",ClassCounsel; Communications; Fees; LeadCounsel; Management,new_extracted/old_extracted,merged
A0186,Daniel C. Girard,Daniel Girard,,,1,"Girard Gibbs LLP; Girard Gibbs, LLP; Girard, Gibbs & De Bartolomeo, LLP",9,10,"1998, 2017, 2409, 2460, 2516, 2522, 2583, 2624, 2664",ClassCounsel; LeadCounsel; Management,new_extracted/old_extracted,high
A0187,Jeff Grand,Jeffrey S. Grand,,,3,"Bernstein Liebhard, LLP; Seeger Weiss LLP; BERNSTEIN LIEBHARD; Seeger Weiss, LLP",5,10,"2087, 2187, 2244, 2592, 3089",Discovery; Management,new_extracted/old_extracted,merged
A0188,Matthew Sill,Matthew J. Sill,Matt Sill,,2,Fulmer Sill; Sill Law Group; Sill & Medley; the Sill Law Group,5,10,"2226, 2331, 2700, 3026, 3108",ClassCounsel; Communications; Coordination; LeadCounsel; Management,new_extracted/old_extracted,merged
A0189,Seth Katz,Seth A. Katz,,,1,"Burg Simpson Eldredge Hersh & Jardine, P.C.; Burg, Simpson, Eldredge, Hersh & Jardine; BURG SIMPSON ELDREDGE HERSH & JARDINE, P.C; BURG SIMPSON, P.C.",5,10,"2197, 2385, 2545, 2754, 2789",LeadCounsel; Management; Settlement,new_extracted/old_extracted,high
A0190,Brenda S. Fulmer,Brenda Fulmer,,,1,"Searcy, Denney, Scarola, Barnhart & Shipley; Searcy Denney Scarola Barnhart & Shipley; Searcy Denney Scarola Barnhard & Shipley, P.A.; Searcy Denney Scarola Barnhart & Shipley, P.A.",3,10,"2385, 2391, 2859",Fees; LeadCounsel; Management,new_extracted/old_extracted,high
A0191,Jayne A. Goldstein,Jayne Goldstein,Jayne Arnold Goldstein,,1,"Shepherd, Finkelman, Miller & Shah, LLP; Shepherd Finkelman Miller & Shah, LLP; Miller Shah, LLP; Shepherd Finkelman Miller & Shah LLP",6,10,"2332, 2409, 2460, 2472, 2724, 2792",LeadCounsel; Management,new_extracted/old_extracted,high
A0192,Michael R. Reese,Michael Reese,,,1,Reese LLP,6,10,"2695, 2887, 2909, 2948, 3009, 3025",ClassCounsel; LeadCounsel; Management,new_extracted/old_extracted,high
A0193,Jennifer M. Hoekstra,Jennifer Hoekstra,,,1,"Neblett, Beard & Arsenault; Aylstock Witkin Kreis Overholtz PLLC; Aylstock, Witkin, Kreis & Overholtz",4,10,"2244, 2789, 2885, 3089",Discovery; Management; Motions,new_extracted/old_extracted,high
A0194,Sara Schram,Sara Schramm,Sara E. Schramm,,3,"Hammers Law Firm; Hammers Law; HAMMERS LAW FIRM; Blasingame, Burch, Garrard & Ashley, PC",3,10,"2885, 3092, 3094",Management; Vetting,new_extracted/old_extracted,merged
A0195,Karen Beyea-Schroeder,Karen H. Beyea-Schroeder,,,1,"FLEMING, NOLEN & JEZ, L.L.P.; Fleming & Associates; Bumett Law Firm; Burnett Law Firm",5,10,"2187, 2272, 2440, 2782, 2885",Management,old_extracted,high
A0196,Thomas R. Anapol,Thomas R Anapol,Thomas Anapol,Tom Anapol,2,"Anapol Schwartz; Anapol, Schwartz, Weiss, Cohon, Feldman, & Smalley, PC",4,10,"2187, 2197, 2244, 2391",Discovery; Fees; LeadCounsel; Management,old_extracted,merged
A0197,Shelley Hutson,Shelly Hutson,Shelley V. Hutson,,2,"Clark Love & Hutson; Clark, Love & Hutson, GP",2,10,"2391, 2885",Fees; LeadCounsel; Management,old_extracted,merged
A0198,John Dalimonte,John A. Dalimonte,,,1,"Karon and Dalimonte; Karon & Dalimonte LLP; Karon & Dalimonte, LLP",2,10,"2570, 2641",Management,old_extracted,high
A0199,Joseph R. Johnson,,,,1,"Babbitt, Johnson, Osborne & LaClainche; Babbitt & Johnson, PA",2,10,"2570, 2641",Management,old_extracted,high
A0200,Turner W. Branch,Turner Branch,,,1,Branch Law Firm; BRANCH LAW FIRM,6,9,"1431, 1657, 1871, 2197, 2570, 2641",Coordination; Discovery; Management,new_extracted/old_extracted,high
A0201,Michael S. Burg,Michael Burg,MICHAEL S. BURG,,1,"Burg Simpson Eldredge Hersh & Jardine; Burg, Simpson, Eldredge, Hersh & Jardine; Burg Simpson Eldredge Hersh & Jardine, P.C.",4,9,"1657, 1742, 2100, 2873",ClassCounsel; Communications; Coordination; LeadCounsel; Management; Settlement,new_extracted/old_extracted,high
A0202,Paul Hanly,"Paul J. Hanly, Jr.",,,1,"Hanly, Conroy, Bierstein, Sheridan, Fisher & Hayes LLP; Simmons Hanly Conroy; Hanly Conroy Bierstein & Sheridan LLP",4,9,"1570, 1699, 2244, 2804",Communications; Discovery; Management; Settlement,new_extracted/old_extracted,high
A0203,Frank M. Pitre,Frank Mario Pitre,,,1,"Cotchett, Pitre & McCarthy; Cotchett Pitre & McCarthy LLP",5,9,"1699, 1968, 2151, 2543, 2672",Discovery; LeadCounsel; Management,new_extracted/old_extracted,high
A0204,Joseph J. DePalma,Joseph DePalma,"Joseph J. DePalma, Esq.",,1,"Lite DePalma Greenberg & Rivas, LLC; Lite DePalma and Greenberg, LLC; LITE DEPALMA GREENBERG LLC; Lite DePalma Greenberg & Afanador",5,9,"1658, 1763, 2025, 2904, 3113",ClassCounsel; Communications; Discovery; LeadCounsel; Management,new_extracted,high
A0205,Matthew E. Lundy,Matthew Lundy,,,1,"Lundy & Davis, LLP",2,9,"1742, 2179",Management,new_extracted/old_extracted,high
A0206,W. Joseph Bruckner,,,,1,Lockridge Grindal Nauen P.L.L.P.; Lockridge Grindal Nauen PLLP; LOCKRIDGE GRINDAL NAUEN P.L.L.P.,5,9,"1775, 1942, 1996, 2796, 2993",ClassCounsel; LeadCounsel; Management,new_extracted/old_extracted,high
A0207,Derek H. Potts,Derek Potts,,,1,"The Potts Law Firm, LLP; the Potts Law Firm; THE POTTS LAW FIRM",8,9,"1842, 2004, 2187, 2325, 2326, 2327, 2511, 2968",Communications; LeadCounsel; Management,new_extracted/old_extracted,high
A0208,Steve D. Shadowen,Steven D. Shadowen,,,3,Hilliard & Shadowen LLC; HILLIARD & SHADOWEN LLC; HANGLEY ARONCHICK SEGAL & PUDLIN; HILLIARD & SHADOWEN LLP,7,9,"1935, 2409, 2445, 2460, 2472, 2516, 2878",ClassCounsel; Communications; LeadCounsel,new_extracted/old_extracted,merged
A0209,James R. Ronca,James Ronca,,,1,"Anapol, Schwartz, Weiss, Cohan, Feldman & Smalley, PC; ANAPOL, SCHWARTZ, P.C.; Anapol Weiss; Anapol Schwartz P.C.",4,9,"1928, 2272, 2434, 3026",LeadCounsel; Management,new_extracted/old_extracted,high
A0210,Neal Moskow,Neal L. Moskow,,,1,"Ury & Moskow, LLC; URY & MOSKOW, L.L.C.; URY & MOSKOW, LLC",3,9,"1928, 2452, 3043",Coordination; Management,new_extracted/old_extracted,high
A0211,Stephen Neuwirth,Stephen R. Neuwirth,,,1,"Quinn Emanuel Urquhart & Sullivan, LLP; Quinn Emanuel Urquhart & Sullivan LLP; Quinn Emanuel",5,9,"1938, 2196, 2687, 2925, 2931",ClassCounsel; Communications; LeadCounsel; Management,new_extracted/old_extracted,high
A0212,"C. Calvin Warriner, III",C. Calvin Warriner,Calvin Warriner,"Calvin Warriner, III",2,"Searcy Denney Scarola Barnhart & Shipley PA; Searcy Denney Scarola Barnhart & Shipley, PA",5,9,"2004, 2244, 2768, 2949, 3044",LeadCounsel; Management,new_extracted/old_extracted,merged
A0213,Jason S. Hartley,,,,1,"Hartley LLP; Troutman Sanders, LLP; Stueve Siegel Hanson LLP",4,9,"2007, 2670, 2862, 3149",LeadCounsel; Management,new_extracted/old_extracted,high
A0214,Paul J. Geller,Paul Geller,,,1,"Robbins Geller Rudman & Dowd LLP; Robbins Geller Rudman & Dowd, LLP; CAULEY GELLER BOWMAN & COATES, LLP; Robbins Geller Rudman and Dowd LLP",6,9,"1431, 2258, 2672, 2687, 2785, 2804",ClassCounsel; LeadCounsel; Management; Settlement,new_extracted/old_extracted,high
A0215,Mark S. Cheffo,Mark Cheffo,,,1,"Quinn Emanuel Urquhart & Sullivan, LLP; Dechert; DECHERT LLP; Dechert LLP",5,9,"2342, 2458, 2502, 2873, 2924",Communications; Discovery; LeadCounsel; Management,new_extracted/old_extracted,high
A0216,Erin Copeland,Erin K. Copeland,Erin K Copeland,,1,"Fibich, Leebron, Copeland & Briggs; FIBICH, LEEBRON, COPELAND & BRIGGS; FIBICH HAMPTON LEEBRON BRIGGS & JOSEPHSON",5,9,"2187, 2385, 2809, 2974, 3092",Coordination; LeadCounsel; Management,new_extracted/old_extracted,high
A0217,Frank Petosa,Frank M. Petosa,,,1,"Morgan & Morgan, PA; Morgan and Morgan, P.A.; MORGAN AND MORGAN COMPLEX LITIGATION GROUP; Morgan and Morgan Complex Litigation Group",6,9,"2502, 2514, 2545, 2577, 2750, 2809",ClassCounsel; Management,new_extracted/old_extracted,high
A0218,MaryBeth V. Gibson,Mary Beth Gibson,,,2,"Gibson Consumer Law Group, LLC; The Finley Firm, P.C.; Finley Firm, P.C.; THE FINLEY FIRM, P.C.",6,9,"2583, 2800, 2879, 2948, 3056, 3074",ClassCounsel; Communications; LeadCounsel; Management,new_extracted/old_extracted,merged
A0219,Bryan L. Bleichner,Bryan Bleichner,,,1,"Chestnut Cambronne PA; Chestnut Cambronne, PA; CHESTNUT CAMBRONNE PA",6,9,"2522, 2583, 2800, 2833, 3090, 3108",ClassCounsel; LeadCounsel; Management,new_extracted/old_extracted,high
A0220,Harper T. Segui,Harper Segui,,,3,"Whitfield Bryson LLP; Milberg Coleman Bryson Phillips Grossman, PLLC; Lee Segui PLLC; Kohn, Swift & Graf, P.C.",5,9,"2688, 2886, 2972, 2988, 3078",ClassCounsel; LeadCounsel; Management,new_extracted/old_extracted,merged
A0221,Stacey Slaughter,Stacey P. Slaughter,,,1,"Robins Kaplan LLP; Robins Kaplan, LLP",6,9,"2777, 2800, 2905, 2918, 3071, 3110",ClassCounsel; LeadCounsel; Management,new_extracted/old_extracted,high
A0222,Joseph G. Petrosinelli,Joseph Petrosinelli,,,1,Williams & Connolly LLP; Williams & Connolly; WILLIAMS & CONNOLLY LLP,3,9,"2873, 2924, 3140",Communications; Coordination; LeadCounsel; Management; Settlement; Vetting,new_extracted/old_extracted,high
A0223,Stephen Basser,Stephen R. Basser,,,1,"Barrack, Rodos & Bacine; BARRACK, RODOS & BACINE; Barrack Rodos & Bacine; BARRACK RODOS & BACINE",4,9,"2936, 2948, 3040, 3078",ClassCounsel; Discovery; Management; Motions,new_extracted,high
A0224,Kelly K. Iverson,Kelly Iverson,,,1,"Lynch Carpenter, LLP; Carlson Lynch; Carlson Lynch, LLP; Carlson Lynch Sweet Kilpela & Carpenter, LLP",5,9,"2850, 2969, 2972, 3014, 3055",Communications; Expert; LeadCounsel; Management; Settlement,new_extracted/old_extracted,high
A0225,Diandra Fu Debrosse Zimmermann,Diandra Debrosse Zimmermann,Diandra Fu Debrosse Zimmerman,Diandra Debrossee Zimmermann,2,"Dicello Levitt Gutzler; DiCello Levitt; Grant & Eisenhofer, P.A.; Zarzaur Mujumdar & Debrossee",5,9,"2775, 3004, 3026, 3047, 3094",LeadCounsel; Management,new_extracted/old_extracted,merged
A0226,John F. Romano,John Romano,,,1,Romano Law Group,3,9,"2244, 2331, 3026",Expert; Management,new_extracted/old_extracted,high
A0227,Michelle Looby,Michelle J. Looby,MICHELLE LOOBY,,1,"Gustafson Gluek PLLC; Gustafson Glueck, PLLC; GUSTAFSON GLUEK PLLC",5,9,"2795, 2817, 2886, 2993, 3031",ClassCounsel; Communications; LeadCounsel; Management,new_extracted/old_extracted,high
A0228,Matthew R. McCarley,Matthew McCarley,,,2,"Fears | Nachawati, PLLC; Fears Nachawati Law Firm; Forester Haynie, PLLC",3,9,"2570, 2641, 3044",Management,new_extracted/old_extracted,merged
A0229,Matthew D. Schultz,Matt Schultz,Matthew Schultz,,2,"Levin, Papantonio, Thomas, Mitchell, Rafferty, & Proctor, P.A.; Levin, Papantonio, Thomas, Mitchell, Rafferty & Proctor, P.A.; Levin, Papantonio, Rafferty, Proctor, Buchanan, OBrien, Barr & Mougey, P.A.; Levin Papantonio Thomas Mitchell Rafferty Proctor, PA",6,9,"2570, 2641, 2695, 2816, 2886, 3051",ClassCounsel; Management,new_extracted/old_extracted,merged
A0230,Adam J. Zapala,,,,1,"Cotchett, Pitre & McCarthy, LLP; Cotchett, Pitre & McCarthy",5,9,"2656, 2693, 2724, 2993, 3107",ClassCounsel; LeadCounsel; Management,new_extracted/old_extracted,high
A0231,Tom Pirtle,Thomas W. Pirtle,,,2,"Laminack, Pirtle & Martines; Laminack, Pirtle & Martines, L.L.P.",2,9,"2885, 3081",Expert; Management,new_extracted/old_extracted,merged
A0232,Troy Brenes,Troy A. Brenes,,,1,"Lopez McHugh, LLP; Brenes Law Group, P.C.; Brenes Law Group",4,9,"2570, 2641, 2846, 3081",Management,new_extracted/old_extracted,high
A0233,Rachel Abrams,Rachel B. Abrams,,,1,"LEVIN SIMES; Levin Simes LLP; Peiffer Wolf Carr Kane Conway & Wise, LLP; Hersh & Hersh",7,9,"1871, 2187, 2434, 2441, 2545, 2691, 3084",Communications; LeadCounsel; Management,new_extracted/old_extracted,high
A0234,Bradley Honnold,Bradley D. Honnold,,,1,"Goza & Honnold, LLC",4,9,"2592, 2789, 2885, 3094",Management,new_extracted/old_extracted,high
A0235,Heidi M. Silton,Heidi Silton,,,1,Lockridge Grindal Nauen PLLP; Lockridge Grindal Nauen P.L.L.P.; LOCKRIDGE GRINDAL NAUEN PLLP,5,9,"2724, 3107, 3110, 3113, 3148",LeadCounsel; Management,new_extracted/old_extracted,high
A0236,Brian Devine,Brian J Devine,Brian J. Devine,,1,Seeger Salvas LLP; Seeger Devine; SEEGER o SALVAS LLP; Seeger Salvas & Devine LLP,4,9,"2244, 2391, 2768, 3140",Communications; Expert; Management,new_extracted/old_extracted,high
A0237,Pete Kaufman,Peter Kaufman,,,2,"Panish Shea & Boyle; Panish, Shea, Boyle, Ravipudi; PANISH, SHEA & BOYLE LLP",3,9,"2197, 2244, 3140",Coordination; Expert; Fees,new_extracted/old_extracted,merged
A0238,Robert T. Cunningham,,,,1,"Cunningham Bounds, LLC",1,9,2179,Fees; Management,old_extracted,high
A0239,"Calvin C. Fayard, Jr.",,,,1,"Fayard & Honeycutt, APC",1,9,2179,Fees; Management,old_extracted,high
A0240,Larry P. Boyd,,,,1,"Fisher, Boyd, Brown & Huguenard, LLP; Fisher, Boyd, Johnson & Huguenard; Fisher, Boyd, Brown & Huguenard",2,9,"2244, 2391",LeadCounsel; Management; Trial,old_extracted,high
A0241,D. Todd Mathews,Todd Mathews,Todd Matthews,,3,"Gori Julian & Associates, P.C.; Gori Julian & Associates; Gori, Julian & Associates, P.C.",6,9,"2677, 2753, 2754, 2767, 2775, 2885",ClassCounsel; Management; Settlement,old_extracted,merged
A0242,Edward F. Blizzard,Ed Blizzard,Edward Blizzard,,2,"Blizzard, McCarthy & Nabers; BLIZZARD, MCCARTHY & NABERS, L.L.P.; Blizzard & Nabers; Blizzard, McCarthy & Nabers LLC",7,8,"1657, 1968, 2004, 2187, 2197, 2342, 2657",Fees; Management,new_extracted/old_extracted,merged
A0243,Sheila M. Bossier,Sheila Bossier,,,2,"BOSSIER & ASSOCIATES, PLLC; Freese & Goss, PLLC; Bossier & Associates, PLLC; Bossier and Associates",4,8,"1657, 2272, 2641, 3029",Bellwether; Management; Trial,new_extracted/old_extracted,merged
A0244,Robert A. Bilott,,,,1,"Taft Stettinius & Hollister LLP; Taft, Stettinius & Hollister LLP",3,8,"1733, 2433, 2873",Fees; LeadCounsel; Management,new_extracted/old_extracted,high
A0245,Jeffrey L. Kodroff,Jeffrey Kodroff,,,1,"Spector Roseman Kodroff & Willis, P.C.; SPECTOR ROSEMAN KODROFF & WILLIS, P.C.; Spector Roseman & Kodroff, P.C.; Spector Roseman & Kodroff P.C.",6,8,"1745, 2046, 2184, 2445, 2460, 2472",ClassCounsel; Communications; LeadCounsel; Management,new_extracted/old_extracted,high
A0246,Christopher Lovell,,,,1,"Lovell Stewart Halebian, LLP; Lovell Stewart Halebian LLP; LOVELL STEWART HALEBIAN LLP; Lovell Stewart Halebian & Jacobson LLP",6,8,"1775, 1935, 1996, 1997, 2031, 2213",ClassCounsel; LeadCounsel; Management,new_extracted,high
A0247,Scott E. Poynter,Scott Poynter,,,1,Emerson Poynter LLP; Poynter Law Group,5,8,"1811, 1982, 2591, 2820, 3127",ClassCounsel; Management,new_extracted/old_extracted,high
A0248,Jeff S. Westerman,Jeff Westerman,Jeff S.Westerman,Jeffrey Westerman,2,Milberg LLP; Westerman Law Corp.; Milberg Weiss LLP,4,8,"1891, 2145, 2199, 2264",ClassCounsel; LeadCounsel; Management,new_extracted,merged
A0249,Michael K. Johnson,Michael Johnson,,,1,"Johnson Becker PLLC; Goldenberg & Johnson, PLLC; JOHNSON BECKER, PLLC; Johnson//Becker, PLLC",6,8,"1905, 1964, 2434, 2452, 2816, 3087",LeadCounsel; Management,new_extracted/old_extracted,high
A0250,"Camilo K. Salas, III","Camilo K. Salas, III.",,,1,"Salas & Co., L.C.; Salas & Co.",4,8,"1905, 1953, 1960, 2328",ClassCounsel; Communications; LeadCounsel; Management,new_extracted,high
A0251,Jonathan D. Selbin,Jonathan Selbin,,,1,"Lieff, Cabraser, Heimann & Bernstein; Lieff Cabraser Heimann & Bernstein, LLP; Lieff, Cabraser, Heimann & Bernstein - New York; Lieff, Cabraser, Heimann & Bernstein, LLP",6,8,"1914, 2001, 2284, 2416, 2590, 3089",ClassCounsel; LeadCounsel; Management; Settlement,new_extracted/old_extracted,high
A0252,William B. Federman,William Federman,,,1,Federman & Sherwood,5,8,"1961, 2583, 2792, 2994, 3090",ClassCounsel; Communications; LeadCounsel; Management,new_extracted/old_extracted,high
A0253,A. J. De Bartolomeo,A.J. De Bartolomeo,A. 1. De Bartolomeo,,2,Girard Gibbs LLP; Girard Gibbs; GIRARD GIBBS,5,8,"1982, 2187, 2299, 2385, 2440",ClassCounsel; Management,new_extracted/old_extracted,merged
A0254,James C. Shah,,,,1,"Shepherd, Finkelman, Miller & Shah, LLP; SHEPHERD, FINKELMAN, MILLER & SHAH, LLP; Shepherd Finkelman Miller & Shah - Media",7,8,"1995, 2001, 2263, 2316, 2320, 2540, 2688",ClassCounsel; LeadCounsel; Management,new_extracted/old_extracted,high
A0255,Anne Andrews,,,,1,"Andrews & Thorton; Andrews Thorton; Andrews Thornton Higgins Razmara, LLP; Andrews & Thornton",4,8,"2087, 2391, 2666, 2740",Management,new_extracted/old_extracted,high
A0256,Roopal P. Luhana,Roopal Luhana,,,1,Chaffin Luhana LLP; CHAFFIN LUHANA LLP,5,8,"2100, 2816, 2924, 3004, 3084",Discovery; LeadCounsel; Management,new_extracted/old_extracted,high
A0257,Jay Edelson,JAY EDELSON,,,1,"Edelson McGuire, LLC; Edelson PC; Edelson McGuire LLC",6,8,"2103, 2167, 2250, 2261, 2985, 3001",ClassCounsel; LeadCounsel; Management; Settlement,new_extracted,high
A0258,Mark J. Dearman,Mark Dearman,,,1,Robbins Geller Rudman & Dowd LLP; ROBBINS GELLER RUDMAN & DOWD LLP,6,8,"2188, 2779, 2827, 2905, 2924, 3080",ClassCounsel; Management,new_extracted/old_extracted,high
A0259,J. Douglas Richards,J. DOUGLAS RICHARDS,,,1,"Cohen Milstein Sellers & Toll, PLLC; Cohen Milstein Sellers & Toll PLLC; COHEN MILSTEIN SELLER & TOLL PLLC; Cohen Milstein",7,8,"2213, 2332, 2409, 2445, 2460, 2472, 2516",ClassCounsel; LeadCounsel; Management,new_extracted/old_extracted,high
A0260,Jordan L. Chaikin,Jordan Chaikin,,,1,"Parker Waichman, LLP; Chaikin Law Firm PLLC",8,8,"2000, 2263, 2320, 2333, 2382, 2495, 2514, 2688",ClassCounsel; Management,new_extracted/old_extracted,high
A0261,Michael Weinkowitz,Mike Weinkowitz,,,2,Levin Sedran & Berman LLP,3,8,"2385, 2592, 3047",Coordination; Fees; Management,new_extracted/old_extracted,merged
A0262,Arthur M. Murray,Arthur Murray,,,1,Murray Law Firm; the Murray Law Firm,6,8,"2583, 2657, 2668, 2800, 2879, 3108",ClassCounsel; LeadCounsel; Management,new_extracted/old_extracted,high
A0263,Marlene J. Goldenberg,Marlene Goldenberg,,,1,"GoldenbergLaw, PLLC; GOLDENBERGLAW, PLLC; Nigh Goldenberg Raso & Vaughn, PLLC; Nigh, Goldenberg, Raso & Vaughn PLLC",6,8,"2734, 2875, 2924, 3004, 3084, 3089",Management,new_extracted/old_extracted,high
A0264,Joseph R. Saveri,Joseph Saveri,,,1,"Joseph Saveri Law Firm, Inc.; Joseph Saveri Law Firm, LLP",5,8,"2724, 2819, 2966, 2989, 3071",ClassCounsel; LeadCounsel; Management,new_extracted/old_extracted,high
A0265,Amy Eskin,,,,3,Hersh & Hersh; Schneider Wallace Cottrell Konecky LLP; HERSH & HERSH; Levin Simes,6,8,"2187, 2325, 2326, 2327, 2657, 3004",Coordination; LeadCounsel; Management,new_extracted/old_extracted,merged
A0266,Sabita J. Soneji,Sabita Soneji,,,1,Tycko & Zavareei LLP; Tycko and Zavareei LLP,5,8,"3019, 3055, 3090, 3108, 3115",ClassCounsel; LeadCounsel; Management; Motions,new_extracted,high
A0267,Kenny Byrd,Kenneth S. Byrd,Kenny S. Byrd,,2,"LIEFF CABRASHER HEIMANN & BERNSTEIN, LLP; Lieff, Cabraser, Heimann & Bernstein, LLP",2,8,"2885, 3035",Management; Vetting,new_extracted/old_extracted,merged
A0268,Evan Buxner,Evan D. Buxner,,,1,"The Gori Law Firm; Gori Julian & Associates, P.C.",3,8,"2885, 3081, 3094",Management,new_extracted/old_extracted,high
A0269,David C. Frederick,David Frederick,Mr. Frederick,,2,"Kellogg Hansen Todd Figel & Frederick, PLLC; KELLOGG, HANSEN, TODD FIGEL & FREDERICK, P.L.L.C.; Kellogg Hansen",3,8,"2842, 3113, 3140",ClassCounsel; Management; Motions,new_extracted/old_extracted,merged
A0270,Kevin Hannon,Kevin S. Hannon,"Kevin Hannon, Esq.",,1,"The Hannon Law Firm, LLC; Singleton Schreiber; Morgan & Morgan; Singleton Schreiber, LLP",3,8,"2677, 2873, 3140",ClassCounsel; Management,new_extracted/old_extracted,high
A0271,Katherine Cornell,Katherine L. Cornell,,,1,"Cornell Law; Pulaski Kherkher, PLLC",2,8,"2885, 3140",Coordination; Management,new_extracted/old_extracted,high
A0272,Marc D. Grossman,Marc Grossman,,,1,"The Sanders Firm; Sanders Viener Grossman LLP; Sanders Viener Grossman, LLP",3,8,"1871, 2244, 2331",Management,old_extracted,high
A0273,James Robert Reeves,Jim Reeves,James Reeves,James R. Reeves,2,"Lumpkin & Reeves, PLLC; Reeves & Mestayer, PLLC; Reeves & Mestayer",3,8,"2047, 2495, 2775",Coordination; Management,old_extracted,merged
A0274,Jeffery A. Breit,Jeffrey A. Breit,,,2,,1,8,2179,Management,old_extracted,merged
A0275,"Philip F. Cossich, Jr.",,,,1,,1,8,2179,Management,old_extracted,high
A0276,Alphonso Michael Espy,,,,1,,1,8,2179,Management,old_extracted,high
A0277,Rhon E. Jones,,,,1,,1,8,2179,Management,old_extracted,high
A0278,Michael C. Palmintier,,,,1,,1,8,2179,Management,old_extracted,high
A0279,Paul M. Sterbcow,,,,1,,1,8,2179,Management,old_extracted,high
A0280,"Paul T. Farrell, Jr.","Paul Farrell, Jr.",Paul Farrell,,1,"Greene, Ketchum, Bailey, Walker, Farrell & Tweel; GREENE KETCHUM BAILEY WALKER FARRELL & TWEEL",5,8,"2187, 2325, 2326, 2327, 2804",Communications; Fees; Management,old_extracted,high
A0281,Kenneth M. Seeger,Kenneth Mark Seeger,Ken Seeger,,2,"Seeger Salvas LLP; SEEGER SALVAS, LLP; SEEGER o SALVAS LLP; Seeger Salvas",3,8,"2197, 2244, 2391",Communications; Coordination; Expert; Fees; Management; Trial,old_extracted,merged
A0282,Tim K. Goss,Tim. K. Goss,Tim Goss,,1,"Freese & Goss, PLLC; FREESE & GOSS",2,8,"2187, 2570",Management,old_extracted,high
A0283,Abby McClellan,Abby E. McClellan,,,1,Stueve Siegel Hanson LLP,2,8,"2740, 2885",Management; Vetting,old_extracted,high
A0284,Phillip A. Wittmann,Phil Wittmann,,,2,"Stone Pigman Walther Wittmann, LLC",2,7,"1657, 2179",Communications; Management,new_extracted/old_extracted,merged
A0285,Sol H. Weiss,Mr. Sol Weiss,Sol Weiss,,1,"Anapol, Schwartz, Weiss, Cohan, Feldman and Smalley, P.C.; Anapol, Schwartz, Weiss, Cohan, Felman and Smalley, PC; Anapol, Schwartz, Weiss, Cohan, Feldman & Smalley, P.C.; Anapol Schwartz",5,7,"1657, 1708, 1842, 2323, 2816",Communications; Coordination; LeadCounsel; Management,new_extracted/old_extracted,high
A0286,Seth R. Lesser,Seth Lesser,,,1,"KLAFTER OLSEN & LESSER LLP; LOCKS LAW FIRM, PLLC; Locks Law Firm, PLLC",5,7,"1657, 1708, 1739, 1845, 2025",ClassCounsel; LeadCounsel; Management,new_extracted,high
A0287,Christopher V. Tisi,Christopher Tisi,Chris Tisi,,2,"ASHCRAFT & GEREL, LLP; LEVIN, PAPANTONIO, THOMAS, MITCHELL, RAFFERTY, & PROCTOR, PA",4,7,"1657, 1909, 2545, 2738",Fees; Management,new_extracted/old_extracted,merged
A0288,Francis O. Scarpulla,Mr. Scarpulla,,,2,"Law Offices of Francis O. Scarpulla; Zelle Hofmann Voelbel Mason & Gette, LLP; Francis O. Scarpulla",5,7,"1682, 1819, 1827, 1917, 2724",ClassCounsel; Communications; LeadCounsel; Management,new_extracted/old_extracted,merged
A0289,Michael Galpern,Michael A. Galpern,Mark Galpern,,2,"Javerbaum Wurgaft Hicks Kahn Wikstrom & Sinins PC; Locks Law Firm, LLC; Locks Law Firm",5,7,"1699, 2025, 2331, 2974, 3081",ClassCounsel; Coordination; Management,new_extracted/old_extracted,merged
A0290,Lynn Lincoln Sarko,Lynn L. Sarko,,,1,"Keller Rohrback L.L.P.; KELLER ROHRBACK, LLP",5,7,"1658, 1735, 2672, 2777, 2785",ClassCounsel; LeadCounsel; Management,new_extracted/old_extracted,high
A0291,Lisa J. Rodriguez,Lisa Rodriguez,"Lisa J. Rodriguez, Esq.",,1,"Trujillo Rodriguez & Richards, LLC; SCHNADER HARRISON; Schnader Harrison Segal & Lewis LLP",6,7,"1658, 1850, 1914, 2332, 2472, 2687",Communications; Management,new_extracted/old_extracted,high
A0292,Eric L. Cramer,Eric Cramer,,,1,"BERGER & MONTAGUE, PC; Berger Montague PC; Berger & Montague, P.C.",5,7,"1730, 2084, 2332, 2406, 3121",ClassCounsel; Expert; LeadCounsel; Management,new_extracted/old_extracted,high
A0293,Larry R. Cohan,Lawrence J. Cohan,,,2,"Saltz Mongeluzzi & Bendesky, P.C.; Anapol Weiss; Anapol Schwartz Weiss Cohan Feldman & Smalley P.C.; Anapol Schwartz Weiss Cohan Feldmen & Smalley P.C.",2,7,"1763, 2873",LeadCounsel; Management; Settlement,new_extracted/old_extracted,merged
A0294,Isaac Diel,Issac Diel,Isaac L. Diel,,2,Sharp Law LLP; Sharp McQueen PA,3,7,"1785, 2328, 2993",ClassCounsel; Management,new_extracted,merged
A0295,Vance R. Andrus,Vance Andrus,"Vance R. Andrus, Esq.",,1,"Vance Andrus, Esq.; Andrus, Boudreaux, Lemoine & Tonore; Andrus, Boudreaux, Lemoine & Tonore, P.L.C.; Andrus, Hood & Wagstaff, PC",5,7,"1789, 1842, 1871, 2299, 2642",Fees; Management,new_extracted/old_extracted,high
A0296,Eric M. Quetglas-Jordan,Eric Quetglas,Eric M. Quetgla-Jordan,,3,Quetglas Law Offices; Quetglas/Archie Lamb/Kirk Wood,4,7,"1785, 1905, 1953, 1960",Management; Motions,new_extracted,merged
A0297,Jeffrey Goldenberg,Jeffrey S. Goldenberg,,,1,"Murdock, Goldenberg, Schneider & Groh, LPA; Goldenberg Schneider, LPA",5,7,"1796, 2316, 2887, 3052, 3083",ClassCounsel; Discovery; LeadCounsel; Management; Vetting,new_extracted/old_extracted,high
A0298,Stephen A. Weiss,Stephen Weiss,,,1,"Seeger Weiss LLP; Seeger Weiss, LLP; SEEGER WEISS LLP",6,7,"1811, 1938, 2020, 2196, 2415, 2591",ClassCounsel; Communications; Management,new_extracted/old_extracted,high
A0299,William Isaacson,Bill Isaacson,,,2,"Boies, Schiller & Flexner LLP",3,7,"1826, 2196, 2406",ClassCounsel; LeadCounsel; Management; Settlement,new_extracted/old_extracted,merged
A0300,Sherrie R. Savett,Sherrie Savett,,,1,"Berger & Montague, P.C.; Berger & Montague P.C.; Berger & Montague",5,7,"1838, 1850, 1998, 2046, 2474",ClassCounsel; LeadCounsel; Management,new_extracted,high
A0301,Robert Binstock,Robert J. Binstock,,,1,"Reich & Binstock; Reich & Binstock, LLP",4,7,"1842, 1943, 1968, 2754",Management,new_extracted/old_extracted,high
A0302,Garrett Blanchfield,"Garrett Blanchfield, Jr.",Garrett D. Blanchfield,,1,"Reinhardt Wendorf & Blanchfield; Reinhardt, Wendorf & Blanchfield",5,7,"1845, 2406, 2522, 2993, 3107",ClassCounsel; Communications; Management; Motions,new_extracted/old_extracted,high
A0303,Susan G. Kupfer,,,,1,"Glancy Binkow & Goldberg LLP; Glancy, Binkow & Goldberg LLP",4,7,"1566, 1891, 2173, 2420",ClassCounsel; LeadCounsel; Management,new_extracted/old_extracted,high
A0304,Richard L. Coffman,Richard Coffman,,,1,The Coffman Law Firm; THE COFFMAN LAW FIRM,3,7,"1921, 2046, 2357",ClassCounsel; LeadCounsel; Management,new_extracted/old_extracted,high
A0305,Stephen G. Grygiel,Steve Grygiel,Stephen C. Grygiel,Steven G. Grygiel,3,"Grygiel Law LLC; Grant & Eisenhofer; Silverman, Thompson, Slutkin & White LLC; Keefe Bartels, LLC",3,7,"1938, 2314, 2358",ClassCounsel; Management,new_extracted,merged
A0306,Bernard Persky,,,,1,"LABATON SUCHAROW LLP; Labaton Sucharow LLP; Labaton Sucharow, LLP",3,7,"1957, 2196, 2213",ClassCounsel; Management,new_extracted,high
A0307,Harry Bell,"Harry F. Bell, Jr.",,,1,"The Bell Law Firm PLLC; Bell & Bands PLLC; The Bell Law Firm, PLLC; THE BELL LAW FIRM",5,7,"1968, 2187, 2325, 2326, 2327",Communications; LeadCounsel; Management,new_extracted/old_extracted,high
A0308,Michael Goetz,,,,1,"Morgan & Morgan, P.A.; MORGAN & MORGAN; MORGAN & MORGAN, P.A.; Morgan & Morgan",6,7,"1985, 2187, 2385, 2452, 2592, 2606",Discovery; Expert; Fees; Management,new_extracted/old_extracted,high
A0309,Bryan Clobes,Bryan L. Clobes,Brian Clobes,,2,Cafferty Faucher LLP; Cafferty Clobes Meriwether & Sprengel LLP; Cafferty Clobes Meriwether & Sprengel LLP-IL,6,7,"1960, 1997, 2406, 2818, 2968, 3115",ClassCounsel; LeadCounsel; Management; Motions; Trial,new_extracted/old_extracted,merged
A0310,Robert A. Clifford,Robert Clifford,,,1,"Clifford Law Offices, P.C.; Clifford Law Offices, P.C./ Colucci & Gallaher; Clifford Law Offices",4,7,"2085, 2555, 2705, 2817",Communications; LeadCounsel; Management,new_extracted/old_extracted,high
A0311,David A. Straite,DAVID A. STRAITE,David Straite,,1,"STEWARTS LAW US LLP; DiCello Levitt Gutzler LLC; Kaplan Fox & Kilsheimer, LLP; STRAITE PLLC",2,7,"2314, 2358",ClassCounsel; LeadCounsel; Management,new_extracted,high
A0312,Alyson Oliver,Alyson L. Oliver,,,1,Oliver Law Group PC; Oliver Law Group P.C.; OLIVER LAW GROUP; Kresch Oliver,6,7,"2187, 2272, 2333, 2875, 3014, 3083",Fees; Management,new_extracted/old_extracted,high
A0313,Marc L. Godino,Mark Godino,,,2,"Glancy Prongay & Murray, LLP; Glancy Binkow and Goldberg LLP",2,7,"2357, 2904",ClassCounsel; LeadCounsel; Management,new_extracted/old_extracted,merged
A0314,Joseph J. Zonies,Joseph Zonies,"Joseph J. Zonies, Esq.",Joe Zonies,2,Reilly Pozner LLP; Reilly Pozner & Connelly; Zonies Law LLC; REILLY POZNER,5,7,"1871, 2187, 2342, 2458, 2789",Fees; LeadCounsel; Management,new_extracted/old_extracted,merged
A0315,Richard D. McCune,Richard McCune,,,1,,3,7,"2151, 2450, 2613",ClassCounsel; Communications; Management,new_extracted/old_extracted,high
A0316,Bruce William Steckler,Bruce Steckler,,,1,The Steckler Law Firm,3,7,"2047, 2428, 2450",Management,new_extracted/old_extracted,high
A0317,Michael W. Heaviside,Mike Heaviside,,,2,Heaviside Reed Zaic,2,7,"2502, 2570",LeadCounsel; Management,new_extracted/old_extracted,merged
A0318,Lori A. Siler Restaino,Lori Siler Restaino,,,1,"Restaino Siler; Restaino Siler, LLC",2,7,"2244, 2502",Expert; Management,new_extracted/old_extracted,high
A0319,Katrina Carroll,,,,1,"Lite DePalma Greenberg LLC; Lite DePalma Greenberg, LLC; CARLSON LYNCH LLP; Carlson Lynch, LLP",5,7,"2564, 2595, 2669, 2948, 3032",ClassCounsel; LeadCounsel; Management,new_extracted/old_extracted,high
A0320,Scott C. Harris,Scott Harris,,,1,"Bryson, Harris, Suciu & Demay PLLC; WHITFIELD BRYSON & MASON, LLP; Whitfield Bryson & Mason, LLP; MILBERG COLEMAN BRYSON PHILLIPS GROSSMAN, LLC",3,7,"2577, 2886, 3078",ClassCounsel; LeadCounsel; Management,new_extracted/old_extracted,high
A0321,Kenneth S. Canfield,Kenneth C. Canfield,,,1,"Doffermyre Shields Canfield & Knowles, LLC",4,7,"2084, 2495, 2583, 2800",ClassCounsel; Communications; LeadCounsel; Management; Settlement,new_extracted/old_extracted,high
A0322,Jean Sutton Martin,Jean S. Martin,Jean Martin,,1,Morgan & Morgan; Morgan & Morgan Mass Tort Dept.; Law Office of Jean Sutton Martin,4,7,"2775, 2904, 3096, 3114",ClassCounsel; LeadCounsel; Management,new_extracted/old_extracted,high
A0323,Rosemary M. Rivas,Rosemary Rivas,,,1,"Levi & Korsinsky, LLP; Finkelstein Thompson LLP; LEVI & KORSINSKY LLP",7,7,"2672, 2785, 2827, 2828, 2887, 2905, 2938",ClassCounsel; Discovery; LeadCounsel; Management,new_extracted/old_extracted,high
A0324,Lesley Weaver,Lesley E. Weaver,Ms. Lesley Weaver,Lesley Elizabeth Weaver,3,"Bleichmar Fonti & Auld LLP; Bleichmar Fonti & Auld, LLP; Bleichmar, Fonti & Auld LLP; Bleichmar Fonti & Auld",6,7,"2437, 2672, 2777, 2796, 2843, 2905",LeadCounsel; Management,new_extracted/old_extracted,merged
A0325,Michael L. McGlamry,Michael McGlamry,,,1,"Pope, McGlamry, Kilpatrick, Morrison & Norwood; POPE McGLAMRY, P.C.",3,7,"2323, 2391, 2924",LeadCounsel; Management,new_extracted/old_extracted,high
A0326,Francisco R. Maderal,Frank Maderal,Francisco Maderal,,2,Maderal Byrne PLLC; Colson Hicks Edison,2,7,"2924, 2973",Communications; Management; ProSe,new_extracted,merged
A0327,Athena Dickson,,,,1,Siro Smith Dickson Law Firm; SIRO SMITH DICKSON LAW FIRM,1,7,2936,ClassCounsel; Communications; Management,new_extracted,high
A0328,Melissa R. Emert,Melissa Emert,,,1,"Stull, Stull & Brody; Kantrowitz, Goldhammer & Graifman, PC; STULL, STULL, & BRODY",6,7,"2677, 2796, 2827, 2828, 2887, 2972",ClassCounsel; Discovery; LeadCounsel; Management,new_extracted/old_extracted,high
A0329,Nicole Berg,,,,1,Keller Lenkner LLC,2,7,"2885, 2974",Management; Motions,new_extracted/old_extracted,high
A0330,Jason Rathod,Jason S. Rathod,,,1,Migliaccio & Rathod LLP,4,7,"3014, 3052, 3108, 3114",ClassCounsel; Expert; Management,new_extracted,high
A0331,Kelsey L. Stokes,Kelsey Stokes,,,1,"Fleming, Nolen & Jez, LLP; FLEMING, NOLEN & JEZ, L.L.P.; Fleming, Nolen & Jez, L.L.P.; Fleming, Noal & Jez, L.L.P.",3,7,"2846, 3029, 3089",Fees; LeadCounsel; Management; SettlementAdministration,new_extracted/old_extracted,high
A0332,Rachel Lanier,K. Rachel Lanier,,,2,The Lanier Law Firm; Lanier Law Firm,2,7,"2885, 3036",LeadCounsel; Management; Vetting,new_extracted/old_extracted,merged
A0333,W. Roger Smith,Roger Smith,,,2,"Beasley Allen; Beasley, Allen, Crow, Methvin, Portis & Miles, P.C.",3,7,"2434, 3043, 3140",Expert; Management; Vetting,new_extracted/old_extracted,merged
A0334,Joseph H. Saunders,Joseph Saunders,Joseph A. Saunders,Joe Saunders,2,Saunders & Walker; SAUNDERS & WALKER,3,7,"2187, 2391, 3044",Coordination; Management,new_extracted/old_extracted,merged
A0335,Alexandra Walsh,Alexandra M. Walsh,Alex Walsh,,2,Walsh Law PLLC; Alex Walsh Law,4,7,"3047, 3084, 3094, 3101",Management,new_extracted,merged
A0336,Emily Jeffcott,,,,1,"The Lambert Firm, PLC; Morgan & Morgan",3,7,"2740, 2875, 3047",Coordination; Management; Motions,new_extracted/old_extracted,high
A0337,Kenneth B. McClain,Mr. McClain,,,2,"Humphrey Farrington & McClain, P.C.; HUMPHREY FARRINGTON & McCLAIN; HUMPHREY FARRINGTON & MCCLAIN, P.C.",2,7,"2709, 3052",ClassCounsel; Communications; Management,new_extracted/old_extracted,merged
A0338,Daniel S. Robinson,Daniel Robinson,,,1,"Robinson, Calcagnie, Robinson; Robinson Calcagnie, Inc.; Robinson Calcagnie; Robinson, Calcagnie & Robinson",4,7,"2391, 2737, 2879, 3094",ClassCounsel; Management,new_extracted/old_extracted,high
A0339,David S. Casey,David Casey,"David S. Casey, Jr","David Seabold Casey, Jr.",1,"Casey Gerry Francavilla Blatt LLP; Casey, Gerry, Francavilla, Blatt, LLP; Casey Gerry Schenk Francavilla Blatt & Penfield LLP; Casey, Gerry, Schenk, Francavilla, Blatt & Penfield LLP",5,7,"2323, 2672, 2777, 2797, 3149",Communications; LeadCounsel; Management,new_extracted/old_extracted,high
A0340,Bill Robins,"Bill Robins, III",Bill Robins III,,1,"Heard, Robins, Cloud & Black LLP; HEARD ROBINS CLOUD & BLACK; HEARD ROBINS CLOUD & BLACK LLP; HEARD ROBINS CLOUD LLP",4,7,"1871, 2187, 2545, 2642",Fees; LeadCounsel; Management,old_extracted,high
A0341,Andrea Bierstein,,,,1,"Hanly, Conroy, Bierstein, Sheridan, Fisher & Hayes LLP; Simmons Hanly Conroy; Hanly Conroy Bierstein & Sheridan LLP",2,7,"1570, 2244",Management; Motions,old_extracted,high
A0342,Richard J. Serpe,Richard Serpe,,,1,"Law Offices of Richard J. Serpe, P.C.",1,7,2047,Coordination; Fees; Management; SettlementAdministration,old_extracted,high
A0343,Gretchen M. Nelson,,,,1,Kreindler & Kreindler LLP,2,7,"2151, 2428",Coordination,old_extracted,high
A0344,Conrad S. P. Williams,,,,1,,1,7,2179,Management,old_extracted,high
A0345,"Willard James Moody, Jr.","Willard J. Moody, Jr.","Will Moody, Jr.",,2,"The Moody Law Firm, Inc.; The Moody Law Firm, PLLC",5,7,"2187, 2440, 2545, 2570, 2768",Management,old_extracted,merged
A0346,Steve Harrison,,,,1,"Harrison, Davis, Steakley & Morrison, PC",1,7,2244,Fees; Management,old_extracted,high
A0347,Peter Samberg,,,,1,"Weitz Luxenburg; Weitz & Luxenberg, LLC",2,7,"2244, 2782",Expert; Management,old_extracted,high
A0348,William Kershaw,William A. Kershaw,,,1,"Kershaw, Cutter & Ratinoff; Kershaw, Cook & Talley, PC",2,7,"2244, 2768",Discovery; Management,old_extracted,high
A0349,Kevin Madonna,Kevin J. Madonna,,,1,"Kennedy & Madonna, LLP; Kennedy Madonna LLP",3,7,"2433, 2754, 2873",Management,old_extracted,high
A0350,Thomas Wm. Arbon,,,,1,Law Offices of Ben C. Martin,1,7,2570,Management,old_extracted,high
A0351,Christopher T. Kirchmer,,,,1,"Provost Umphrey Law Firm, L.L.P.; Provost Umphrey Law Firm, LLP",2,7,"2570, 2641",Management,old_extracted,high
A0352,Shelly A. Sanford,Shelly Sanford,,,1,"Goforth Lewis Sanford; Goforth Lewis Sanford, LLP; Sanford Pinedo LLP; Watts Guerra LLP",5,6,"1657, 1699, 1789, 1968, 2782",Management,new_extracted/old_extracted,high
A0353,R. Bruce Carlson,,,,1,"Carlson Lynch Sweet Kilpela & Carpenter, LLP; Carlson Lynch LTD.; Carlson Lynch Ltd.",1,6,1674,ClassCounsel; LeadCounsel,new_extracted,high
A0354,Anthony J. Bolognese,Anthony Bolognese,,,1,"Bolognese & Associates, LLC; BOLOGNESE & ASSOCIATES LLC; Bolognese & Associates LLC",3,6,"1682, 1768, 2460",ClassCounsel; Communications; LeadCounsel; Management,new_extracted/old_extracted,high
A0355,Lance A. Harke,Mr. Lance A. Harke,Lance Harke,,1,"Harke & Clasby LLP; Harke & Clasby, LLP; Harke Clasby & Bushman LLP",5,6,"1708, 1745, 1998, 2046, 2173",ClassCounsel; LeadCounsel; Management,new_extracted,high
A0356,Tobias L. Millrood,Tobias Millrood,Mr. Tobias L. Millrood,Tobias Milrood,2,"Schiffrin & Barroway, LLP; Pogust, Braslow and Millrood; Pogust Braslow & Millrood LLC; Pogust Braslow & Millrood, LLC",5,6,"1708, 1909, 2272, 2657, 2974",LeadCounsel; Management,new_extracted/old_extracted,merged
A0357,Janet G. Abaray,Janet Abaray,,,1,"Burg Simpson Eldredge Hersh & Jardine; Lopez, Hodes, Restaino, Milman & Skikos",2,6,"1742, 1953",Communications; LeadCounsel; Management,new_extracted,high
A0358,Christopher M. Placitella,Christopher M. Placittella,Chris Placitella,,3,"Cohen, Placitella & Roth; Cohen Placitella & Roth; COHEN, PLACITELLA, & ROTH, P.C.; Cohen, Placitella & Roth, A Professional Corporation",5,6,"1763, 1817, 2187, 2197, 2738",Communications; Coordination; Management,new_extracted/old_extracted,merged
A0359,Michael Lehmann,Mr. Lehmann,Michael P. Lehmann,,3,"Cohen Milstein Hausfeld and Toll P.L.L.C.; Furth Lehmann & Grant, LLP; Furth Lehmann LLP; Hausfeld LLP",4,6,"1775, 1826, 2007, 2335",ClassCounsel; LeadCounsel; Management,new_extracted,merged
A0360,Marc Edelson,Marc H. Edelson,,,1,"Edelson & Associates, LLC; Edelson Lechtzin LLP; Hoffman & Edelson",4,6,"1566, 1817, 2514, 2993",Communications; LeadCounsel; Management,new_extracted/old_extracted,high
A0361,Scott A. Kamber,Scott Kamber,,,1,"KamberLaw, LLC; KamberEdelson, LLC; KamberEdelson LLC; KamberLaw, LLP",4,6,"1850, 2264, 2562, 2887",ClassCounsel; LeadCounsel; Management,new_extracted/old_extracted,high
A0362,Edith M. Kallas,Edith Kallas,,,1,"Whatley Drake & Kallas, LLC; WHATLEY DRAKE & KALLAS, LLC; Milberg Weiss Bershad & Schulman LLP; WHATLEY KALLAS, LLC",5,6,"1663, 1907, 1967, 2020, 2406",ClassCounsel; Communications; LeadCounsel; Management; Settlement,new_extracted/old_extracted,high
A0363,Brian Turner,"Brian D. Turner, Jr.",,,1,"Cory, Watson, Crowder & DeGaris, PC; Cory, Watson, Crowder & Degaris, P.C.",1,6,1928,Management,new_extracted,high
A0364,James G. Stranch III,"James G. Stranch, III",James Stranch,,1,"Branstetter Stranch and Jennings, PLLC; Branstetter, Stranch, & Jennings, PLLC; Branstetter, Stranch & Jennings, PLLC; BRANSTETTER, STRANCH & JENNINGS, PLLC",3,6,"1928, 2343, 2472",ClassCounsel; LeadCounsel; Management,new_extracted/old_extracted,high
A0365,Daniel L. Ring,,,,1,Mayer Brown LLP,2,6,"1905, 2873",LeadCounsel; Management,new_extracted/old_extracted,high
A0366,John J. Carey,John Carey,,,1,"Carey & Danis, L.L.C.; Carey & Danis, LLC",2,6,"1928, 1943",Management,new_extracted,high
A0367,Tracy J. Van Steenburgh,Tracy Van Steenburgh,,,1,"Halleland Lewis Nilan & Johnson; Nilan Johnson Lewis PA; HALLELAND LEWIS NILAN SIPKINS & JOHNSON, P.A.",3,6,"1431, 1836, 1943",Communications; LeadCounsel,new_extracted/old_extracted,high
A0368,Daniel Gallucci,Daniel N. Gallucci,,,1,"Rodanast, P.C.; RodaNast, P.C.; Nastlaw, LLC",4,6,"1953, 1968, 2592, 2789",Coordination; Management,new_extracted/old_extracted,high
A0369,Daniel Lapinski,Daniel R. Lapinski,Daniel R. Lapinsky,,2,"Wilentz, Goldman & Spitzer; Wilentz, Goldman and Spitzer; WILENTZ, GOLDMAN & SPITZER, P.A.; Wilentz, Goldman & Spitzer, P.A.",4,6,"1953, 2272, 2738, 2789",Management,new_extracted/old_extracted,merged
A0370,Michael Papantonio,Mike Papantonio,,,2,"Levin, Papantonio, et al.; LEVIN, PAPANTONIO, THOMAS, MITCHELL, RAFFERTY & PROCTOR, PA",2,6,"1953, 2545",Management,new_extracted/old_extracted,merged
A0371,Kirk Wood,E. Kirk Wood,"E. Kirk Wood, Jr.",,2,"Wood Law Firm LLC; Wood Law Firm, LLC",4,6,"1985, 1998, 2406, 2595",Communications; Coordination; Discovery; Expert; LocalCounsel; Management; Motions; Settlement,new_extracted/old_extracted,merged
A0372,Buffy K. Martines,Buffy Martines,,,1,"Laminack, Pirtle & Martines, LLP; Laminack, Pirtle & Martines",4,6,"2004, 2789, 2974, 3140",Management,new_extracted/old_extracted,high
A0373,Christopher M. Burke,Christopher Burke,,,1,SCOTT+SCOTT LLP; Scott + Scott LLP; Scott+Scott LLP; Korein Tillery P.C.,5,6,"2020, 2086, 2208, 2242, 3107",ClassCounsel; LeadCounsel; Management; SettlementAdministration,new_extracted/old_extracted,high
A0374,Mark Zamora,,,,2,"Mark Zamora & Associates; Bunch, James & Zamora; ZAMORA FIRM; Mark Zamora, Esq.",5,6,"2087, 2226, 2419, 2492, 2767",Management,new_extracted/old_extracted,merged
A0375,Michael F. Ram,Michael Ram,,,1,"Levy Ram and Olson, llp; Ram and Olson L.L.P.; Morgan & Morgan Complex Litigation Group; Morgan & Morgan Mass Tort Dept.",3,6,"2098, 3014, 3052",ClassCounsel; Expert; LeadCounsel; Management,new_extracted,high
A0376,Richard A. Koffman,Richard Koffman,,,1,Cohen Milstein Sellers & Toll PLLC; Cohen Milstein L.L.P.,2,6,"2109, 2668",ClassCounsel; LeadCounsel; Management,new_extracted,high
A0377,Mark R. Niemeyer,Mark Niemeyer,,,1,"Niemeyer, Grebel & Kruse, LLC",3,6,"2100, 2385, 2740",Communications; LeadCounsel; Settlement,new_extracted/old_extracted,high
A0378,Behram V. Parekh,BEHRAM V. PAREKH,Behram Parekh,,1,"Kirtland & Packard LLP; KIRTLAND & PACKARD LLP; Kirtland and Packard, LLP; Kirtland & Packard, LLP",5,6,"2188, 2199, 2666, 2734, 2875",ClassCounsel; Discovery; LeadCounsel; Management,new_extracted/old_extracted,high
A0379,Mindee J. Reuben,Mindee Rueben,,,2,"Weinstein Kitchenoff & Asher LLC; Lite DePalma Greenberg, LLC; Lite DePalma Greenberg & Afanador, LLC",2,6,"2196, 2724",Management,new_extracted/old_extracted,merged
A0380,Robert K. Jenner,,,,1,"Janet, Jenner & Suggs, LLC; Jenner Law, P.C.",4,6,"2308, 2502, 2657, 2775",Communications; LeadCounsel; Management,new_extracted/old_extracted,high
A0381,Thomas J.H. Brill,Tom Brill,Thomas H. Brill,Thomas Brill,2,Law Office of Thomas H. Brill,1,6,2328,ClassCounsel; Communications; LeadCounsel,new_extracted,merged
A0382,David F. Miceli,David Miceli,,,1,"Simmons Hanly Conroy; Simmons Browder Gianaris Angelides and Barnerd, LLC; Simmons, Browder, Gianaris, Angelides & Barnerd, LLC",3,6,"2342, 2502, 2740",Management,new_extracted/old_extracted,high
A0383,Michael Gallagher,Michael T. Gallagher,Michael M. Gallagher,,1,"The Gallagher Law Firm, LLP; Morgan & Morgan; GALLAGHER, LEWIS, DOWNEY & KIM",4,6,"1431, 2385, 2641, 3087",Management,new_extracted/old_extracted,high
A0384,"Thomas A. Zimmerman, Jr.",Tom Zimmerman,,,2,"Zimmerman Law Offices; Zimmerman Law Offices, P.C.",4,6,"2439, 2669, 2705, 3108",LeadCounsel; Management,new_extracted/old_extracted,merged
A0385,Caroline F. Bartlett,Caroline Fabend Bartlett,Caroline Bartlett,,1,Carella Byrne Cecchi Brody Agnello P.C.; Carella Byrne,4,6,"2415, 2973, 3055, 3108",Communications; Discovery; LeadCounsel; Management,new_extracted,high
A0386,David M. Cialkowski,David Cialkowski,,,1,"Zimmerman Reed, PLLP; Zimmerman Reed; Zimmerman Reed LLP; ZIMMERMAN REED, LLP",4,6,"2474, 2522, 2993, 3107",ClassCounsel; LeadCounsel; Management,new_extracted/old_extracted,high
A0387,Karen Barth Menzies,Karen Menzies,,,1,"Gibbs Law Group LLP; Robinson Calcagnie Robinson Shapiro Davis, Inc.; ROBINSON CALCAGNIE ROBINSON SHAPIRO DAVIS",4,6,"1871, 2187, 2458, 2740",LeadCounsel; Management,new_extracted/old_extracted,high
A0388,Lisa Gorshe,Lisa Ann Gorshe,Lisa A. Gorshe,,1,"Johnson Becker, PLLC; Johnson Becker PLLC; JOHNSON BECKER, PLLC",5,6,"2187, 2440, 2502, 2691, 3014",Management; Settlement,new_extracted/old_extracted,high
A0389,Eve Cervantez,Eve H. Cervantez,,,1,Altshuler Berzon LLP,1,6,2617,ClassCounsel; Communications; LeadCounsel,new_extracted,high
A0390,Demet Basar,,,,1,"Beasley, Allen, Crow, Methvin, Portis & Miles, P.C.; Wolf Haldenstein Adler Freeman & Herz LLP",2,6,"2903, 3051",ClassCounsel; LeadCounsel; Management,new_extracted,high
A0391,David S. Stellings,David Stellings,,,1,"Lieff Cabraser Heimann & Bernstein, LLP; Lieff Cabraser Heimann & Bernstein LLP",4,6,"2750, 2905, 3014, 3051",LeadCounsel; Management,new_extracted/old_extracted,high
A0392,Gretchen Freeman Cappio,Gretchen F. Cappio,,,1,"Keller Rohrback LLP; Keller Rohrback, LLP; KELLER ROHRBACK LLP; Keller Rohrback L.L.P.",4,6,"2905, 2972, 3052, 3107",Management,new_extracted,high
A0393,Tracy A. Finken,Tracy Finken,,,1,"ANAPOL WEISS; ANAPOLWEISS; Anapol Weiss; Anapol, Weiss",4,6,"2789, 2924, 3079, 3140",LeadCounsel; Management,new_extracted/old_extracted,high
A0394,Anand Agneshwar,,,,1,Arnold & Porter; Arnold & Porter LLP; ARNOLD & PORTER KAYE SCHOLER LLP,4,6,"2418, 2734, 2740, 2924",LeadCounsel; Management; Settlement,new_extracted/old_extracted,high
A0395,Ashley C. Keller,Ashley Keller,,,1,,2,6,"2924, 3043",LeadCounsel; Management; Motions,new_extracted,high
A0396,Frederick Longer,Fred Longer,Frederick S. Longer,,2,"Levin Sedran & Berman LLP; Levin, Fishbein, Sedran & Berman",4,6,"2434, 2592, 2924, 3089",Management; Motions,new_extracted/old_extracted,merged
A0397,Dirk Hubbard,,,,1,"Horn Aylward & Bandy, LLC; HORN AYLWARD & BANDY, LLC",1,6,2936,ClassCounsel; Communications; Discovery; Expert; LeadCounsel; Management; Motions,new_extracted,high
A0398,Bryan White,Bryan T. White,,,1,"White, Graham, Buckley & Carr, L.L.C.; WHITE, GRAHAM, BUCKLEY, & CARR, L.L.C",1,6,2936,ClassCounsel; Discovery; Expert; LeadCounsel; Management; Motions,new_extracted,high
A0399,Clayton Jones,,,,1,"Clayton Jones Law Firm; CLAYTON JONES, ATTORNEY AT LAW",1,6,2936,ClassCounsel; Discovery; Expert; LeadCounsel; Management; Motions,new_extracted,high
A0400,John Emerson,John G. Emerson,,,1,"Emerson Firm, PLLC; EMERSON FIRM, PLLC",1,6,2936,ClassCounsel; Management,new_extracted,high
A0401,Mark Bryant,Mark. P. Bryant,,,1,"Bryant Law Center, P.S.C.; BRYANT LAW CENTER, P.S.C.",1,6,2936,ClassCounsel; Management,new_extracted,high
A0402,Christopher Jennings,Christopher D. Jennings,,,1,Johnson Firm; Jennings PLLC; JOHNSON FIRM,1,6,2936,ClassCounsel; Discovery; Motions,new_extracted,high
A0403,Paul Lundberg,Paul D. Lundberg,,,1,"Lundberg Law Firm, P.L.C.; LUNDBERG LAW FIRM, P.L.C.",1,6,2936,ClassCounsel; Expert,new_extracted,high
A0404,Travis Griffith,Travis A. Griffith,Travis Griffth,,2,"Griffith Law Center, PLLC; GRIFFITH LAW CENTER, PLLC",1,6,2936,ClassCounsel; Discovery,new_extracted,merged
A0405,Zachary Anderson,Zachary T. Anderson,,,1,"Bolen Robinson & Ellis, LLP; BOLEN ROBINSON & ELLIS, LLP",1,6,2936,ClassCounsel; Management,new_extracted,high
A0406,Adam M. Moskowitz,Adam Moskowitz,,,2,"The Moskowitz Law Firm, PLLC; The Moskowitz Law Firm PLLC; Kozyak Tropin & Throckmorton",3,6,"2779, 2969, 3076",ClassCounsel; LeadCounsel; Management,new_extracted/old_extracted,merged
A0407,Ann Callis,Anne Callis,,,2,Holland Law Firm,2,6,"2973, 3043",Coordination; Management,new_extracted,merged
A0408,Rachel Soffin,,,,1,"Milberg Coleman Bryson Phillips Grossman, PLLC; Milberg Coleman Bryson Phillips Grossman PLLC; Milberg Coleman Cryson Phillips Grossman, PCCL; GREG COLEMAN LAW PC",3,6,"2886, 2988, 3009",ClassCounsel; LeadCounsel; Management,new_extracted/old_extracted,high
A0409,Patrick Luff,,,,1,,3,6,"2974, 3037, 3043",Management,new_extracted,high
A0410,Douglas J. Moore,Douglas Moore,,,1,Irwin Fritchie Urquhart & Moore LLC,2,6,"2740, 3023",Communications,new_extracted/old_extracted,high
A0411,Ron Austin,Ron Anthony Austin,,,1,"Ron Austin Law, LLC; Ron Austin Law",2,6,"3014, 3047",Management,new_extracted,high
A0412,Ellen A. Presby,Ellen Presby,,,1,Nemeroff Law Firm; Ferrer Poirot Feller; Ferrer Poirot Feller Daniel,3,6,"2428, 3026, 3094",Management,new_extracted/old_extracted,high
A0413,Ashlie Case Sletvold,,,,1,"PEIFFER WOLF CARR KANE CONWAY & WISE, LLP; Peiffer Wolf Carr Kane Conway & Wise, LLP; Peiffer Wolf Carr Kane Conway & Wise",3,6,"3026, 3079, 3092",Communications; LeadCounsel; Management,new_extracted,high
A0414,Russell T. Abney,Russ Abney,,,2,Watts LLP; WATTS LLP,3,6,"2592, 3026, 3092",Management,new_extracted/old_extracted,merged
A0415,Jeffrey Bowersox,Jeffrey A. Bowersox,Jeff Bowersox,,2,Bowersox Law Firm; Bowersox Law Office; Bowersox Law Firm P.C.,4,6,"2441, 2666, 2775, 3026",Management,new_extracted/old_extracted,merged
A0416,Sterling Aldridge,Sarah Sterling Aldridge,,,2,"Barrett Law Group, P.A.",3,6,"2993, 3031, 3032",ClassCounsel; LeadCounsel,new_extracted,merged
A0417,David E. Dukes,David Eidson Dukes,,,1,Nelson Mullins Riley & Scarborough LLP; Nelson Mullins Riley & Scarborough,2,6,"2873, 3036",Communications; Coordination; LeadCounsel; Management,new_extracted/old_extracted,high
A0418,Ashley Barriere,,,,1,Keller Lenkner LLC,2,6,"2809, 3043",Management; Motions,new_extracted/old_extracted,high
A0419,Jon C. Conlin,Jon Conlin,,,1,"Cory Watson, P.C.; Cory Watson Crowder & Degaris, LLP",3,6,"2433, 2782, 3081",Fees; LeadCounsel; Management,new_extracted/old_extracted,high
A0420,Gregory A. Cade,Gregory Cade,,,1,"Law Offices of Environmental Litigation Group, P.C.; Environmental Litigation Group PC",2,6,"2873, 3080",Management,new_extracted/old_extracted,high
A0421,Michelle C. Clerkin,Ms. Clerkin,,,2,Motley Rice LLC; Spiro Harrison & Nelson,2,6,"2842, 3107",Management,new_extracted/old_extracted,merged
A0422,Daniel Hedlund,Daniel C. Hedlund,,,1,"Gustafson Gluek PLLC; Gustafson Glueck, PLLC",4,6,"2406, 2795, 2817, 3107",LeadCounsel; Management,new_extracted/old_extracted,high
A0423,Tara Sutton,Tara D. Sutton,,,1,"Robins Kaplan; Robins, Kaplan, Miller & Ciresi LLP; Robins Kaplan Miller & Ceresi; Robins Kaplan, LLP",5,6,"1836, 2197, 2606, 2734, 3140",Communications; Fees; LeadCounsel; Management; Motions; Settlement; Trial,new_extracted/old_extracted,high
A0424,Franklin D. Azar,,,,1,"Franklin D. Azar & Associates, P.C.",1,6,2244,Management,old_extracted,high
A0425,Jane Lamberti Sams,,,,1,The Cochran Law Firm,1,6,2244,Discovery; Management,old_extracted,high
A0426,Matthew J. Haindfield,,,,1,"Bradshaw, Fowler, Proctor & Fairgrave, PC",1,6,2244,Discovery,old_extracted,high
A0427,Eric Johnson,,,,1,The Simmons Firm; Simmons Hanly Conroy,1,6,2244,Discovery,old_extracted,high
A0428,Sri Gupta,,,,1,"Neblett, Beard & Arsenault",1,6,2244,Expert,old_extracted,high
A0429,Kevin Parker,,,,1,The Lanier Law Firm,1,6,2244,Motions,old_extracted,high
A0430,Derriel C. McCorvey,Derriel McCorvey,,,1,"Law Office of Derriel C. McCorvey; THE LAW OFFICE OF DERRIEL MCCORVEY; McCorvey Law, LLC",4,6,"2323, 2391, 2545, 2789",Management,old_extracted,high
A0431,Daniel C. Burke,Daniel Burke,,,2,"Parker Waichman; Parker Waichman Alonso; Parker & Waichman; BERNSTEIN LIEBHARD, LLP",3,6,"2272, 2391, 2809",Management,old_extracted,merged
A0432,Jasper Ward,Jasper Ward IV,"Jasper D. Ward, IV",Jasper D. Ward IV,1,Jones Ward PLC,4,6,"2391, 2441, 2677, 2775",ClassCounsel; Fees; LeadCounsel; Management,old_extracted,high
A0433,Gale D. Pearson,Gale Pearson,,,1,"Fears Nachawati Law Firm; Pearson, Randall, & Schumacher, PA; Pearson, Randall & Schumacher, PA",2,6,"2441, 2873",Management,old_extracted,high
A0434,Ariana Tadler,Ariana J. Tadler,,,1,"Milberg Tadler Phillips Grossman LLP; Milberg LLP; Milberg, LLP",5,6,"2522, 2752, 2800, 2827, 2879",ClassCounsel; Discovery; Management,old_extracted,high
A0435,Joseph N. Williams,,,,1,"Riley Williams & Piatt; Price Waicukauski & Riley, LLC",1,6,2570,Communications; Coordination,old_extracted,high
A0436,"Alexander Robertson, IV",Alexander Robertson IV,,,1,"Robertson & Associates, LLP; Robertson & Associates LLP; Robertson & Associates",3,6,"2627, 2743, 2779",ClassCounsel; LeadCounsel; Management; Settlement,old_extracted,high
A0437,M. Elizabeth Graham,Elizabeth Graham,,,2,"Grant & Eisenhofer, P.A.; Grant & Eisenhofer P.A.",3,6,"2657, 2768, 2775",LeadCounsel; Management; Settlement,old_extracted,merged
A0438,Marie Napoli,,,,1,Napoli Shkolnik; Napoli Shkolnik PLLC,2,6,"2775, 2859",Management,old_extracted,high
A0439,Derek T. Ho,Derek Ho,,,1,"Kellogg, Hansen, Todd, Figel & Frederick, P.L.L.C.; Kellogg Hansen",1,6,2817,LeadCounsel,old_extracted,high
A0440,Professor Samuel Issacharoff,Samuel Issacharoff,Samuel Isaacharoff,,2,,1,6,2817,Coordination,old_extracted,merged
A0441,Jonathan C. Bunge,Mr. Bunge,,,2,"Quinn Emanuel Urquhart & Sullivan, LLP",1,6,2842,LeadCounsel,old_extracted,merged
A0442,Mike Burns,Michael A. Burns,,,2,Mostyn Law Firm,1,6,2885,Communications; Management,old_extracted,merged
A0443,Roberto Martinez,,,,1,Colson Hicks Eidson,1,6,2885,Fees; Management,old_extracted,high
A0444,Adam Wolfson,,,,1,"Quinn Emanuel Urquhart & Sullivan, LLP",1,6,2885,Management,old_extracted,high
A0445,Elizabeth Burke,Elizabeth M. Burke,,,1,"Richardson, Patrick, Westbrook & Brickman, LLC",1,6,2885,Management; Vetting,old_extracted,high
A0446,Katherine Charonko,Katherine E. Charonko,,,1,"Bailey Glasser, LLP",1,6,2885,Discovery,old_extracted,high
A0447,Nix Daniel,J. Nixon Daniel,,,2,"Beggs & Lane, RLLP",1,6,2885,Discovery,old_extracted,merged
A0448,Taylor Bartlett,Taylor C. Bartlett,,,1,Henninger Garrison Davis LLC,1,6,2885,Discovery,old_extracted,high
A0449,Erin Rogiers,,,,1,Watts Guerra LLP,1,6,2885,Vetting,old_extracted,high
A0450,Kimberly White,Kimberly W. White,,,1,"Wilson Law, P.A.",1,6,2885,Expert,old_extracted,high
A0451,Troy Bouk,W. Troy Bouk,,,2,"Levin, Papantonio, Thomas, Mitchell, Rafferty & Proctor, P.A.",1,6,2885,,old_extracted,merged
A0452,W. James Singleton,,,,1,Singleton Law Firm; The Singleton Law Firm; SINGLETON LAW FIRM,3,5,"1431, 1657, 2299",Coordination; Management; ProSe,new_extracted/old_extracted,high
A0453,Justin Witkin,Mr. Justin Witkin,Justin G. Witkin,,1,"Aylstock, Witkin & Sasser, PLC; Aylstock, Witkin, Kreis & Overholtz, PLLC",4,5,"1657, 1708, 1998, 2885",Coordination; Management; Settlement,new_extracted/old_extracted,high
A0454,John H. Beisner,John Beisner,,,2,"OMelveny & Meyers LLP; OMelveny & Myers, LLP; OMelveny & Myers LLP; Skadden, Arps, Slate, Meagher & Flom, LLP & Associates",4,5,"1657, 1700, 1785, 2068",LeadCounsel; Management,new_extracted/old_extracted,merged
A0455,R. Frederick Walters,,,,1,"Walters Bender Strohbehn & Vaughan, P.C.; Walters Bender Strohbehn & Vaughan; Walters Bender Strohbehn Vaughn, PC",2,5,"1674, 1785",ClassCounsel; LeadCounsel; Management,new_extracted,high
A0456,Peter S. Pearlman,Peter Pearlman,,,1,Cohn Lifland Pearlman Herrmann & Knopf LLP; COHN LIFLAND PEARLMAN HERRMANN & KNOPF LLP,4,5,"1658, 1730, 2332, 2471",Communications,new_extracted/old_extracted,high
A0457,David J. Worley,,,,3,"Harris Penn Lowry, LLP; Chitwood, Harley & Harnes, LLP; Harris Penn Lowry LLP; Evangelista Worley LLC",3,5,"1677, 2583, 2800",ClassCounsel; Communications; LeadCounsel; Management,new_extracted/old_extracted,merged
A0458,Tina B. Nieves,Tina Nieves,Tina Bailer Nieves,,1,Gancedo & Nieves; Gancedo & Nieves LLP,3,5,"1699, 1789, 1905",Management,new_extracted,high
A0459,C. Brooks Cutter,Mr. C. Brooks Cutter,,,1,"Kershaw, Cutter & Ratinoff, LLP; Kershaw, Cutter & Ratinoff LLP",4,5,"1708, 1905, 1968, 2441",Management,new_extracted/old_extracted,high
A0460,Richard Schulte,Richard W. Schulte,,,1,"Wright & Schulte LLC; Botros, Behnke & Schulte; Behnke, Martin & Schulte, LLC; Wright & Schulte, LLC",4,5,"1742, 2226, 2782, 3035",Discovery; LeadCounsel; Management,new_extracted/old_extracted,high
A0461,Krishna B. Narine,Krishna Narine,Mr. Krishna B. Narine,,1,"Law Office of Krishna B. Narine; LAW OFFICE OF KRISHNA B. NARINE; the Law Office of Krishna B. Narine, P.C.",3,5,"1768, 1785, 2002",Communications; LeadCounsel; Management,new_extracted/old_extracted,high
A0462,Howard Sedran,Howard J. Sedran,,,1,"Levin Fishbein Sedran & Berman; Levin, Fishbein, Sedran & Berman",2,5,"1775, 2522",ClassCounsel; LeadCounsel; Management,new_extracted/old_extracted,high
A0463,Steven A. Hart,,,,2,"Segal, McCambridge, Singer & Mahoney; Segal McCambridge Singer & Mahoney; Segal McCambridge Singer & Mahoney, Ltd.; Hart McLaughlin & Eldridge",3,5,"1822, 1996, 2796",ClassCounsel; Communications; Management,new_extracted/old_extracted,merged
A0464,Steven A. Schwartz,Schwartz A Steven,,,2,"Chimicles & Tikellis LLP; Chimicles & Tikellis, LLP; Chimicles Schwartz Kriner & Donaldson-Smith LLP; Chimicles & Tikellis",3,5,"1817, 2001, 3014",ClassCounsel; LeadCounsel; Management; Settlement,new_extracted,merged
A0465,Edward A. Wallace,Edward Wallace,,,1,Wexler Wallace LLP; WEXLER WALLACE,5,5,"1842, 2187, 2575, 2688, 2974",ClassCounsel; Communications; Management,new_extracted/old_extracted,high
A0466,Joseph M. Alioto,Joseph M Alioto,,,1,Alioto Law Firm,3,5,"1827, 1957, 2143",ClassCounsel; LeadCounsel; Trial,new_extracted,high
A0467,Alejandro Alvarez,Alex Alvarez,,,2,The Alvarez Law Firm; Alvarez Law Firm,4,5,"1842, 1964, 2051, 3140",Management; Trial,new_extracted/old_extracted,merged
A0468,Dennis Reich,Dennis C. Reich,,,1,"Reich & Binstock, LLP; Reich and Binstock LLP",4,5,"1873, 2000, 2406, 2740",ClassCounsel; Management; Settlement,new_extracted/old_extracted,high
A0469,Nicholas J. Drakulich,Nicholas Drakulich,,,1,The Drakulich Firm; Drakulich Firm; THE DRAKULICH FIRM,4,5,"1905, 2299, 2359, 2452",Management,new_extracted/old_extracted,high
A0470,Tor Hoerman,Tor Hoermann,,,2,"Simmons Cooper LLC; TOR HOERMAN LAW, LLC",3,5,"1909, 2385, 2452",Coordination; LeadCounsel; Management; Settlement,new_extracted/old_extracted,merged
A0471,Scott Love,Scott A. Love,,,2,"Fleming & Associates, LLP; Fleming & Associates, L.L.P.; CLARK LOVE & HUTSON",2,5,"1928, 2187",LeadCounsel; Management,new_extracted/old_extracted,merged
A0472,Marc Jay Bern,Marc Bern,Marc J. Bern,,1,"Napoli, Bern, Ripka, LLP; NAPOLI BERN RIPKA, LLP; NAPOLI, BERN, RIPKA & SHKOLNIK LLP",2,5,"1928, 2452",Management,new_extracted/old_extracted,high
A0473,John Evans,John C. Evans,,,1,"Specter Specter Evans & Manogue, P.C.; SPECTER SPECTER EVANS & MANOGUE, P.C.; Specter Specter Evans & Manogue, PC",2,5,"1942, 1953",ClassCounsel; Communications; Management,new_extracted,high
A0474,Lewis J. Saul,Lewis Saul,,,1,Lewis Saul & Associates; Lewis Saul & Associates P.C.,2,5,"1943, 1954",Communications; LeadCounsel; Management,new_extracted,high
A0475,John P. Walsh,John Walsh,,,1,"Hill & Robbins, P.C.",2,5,"1943, 2051",Management,new_extracted,high
A0476,Brian J. McCormick,"Brian J. McCormick, Jr.",,,1,"Sheller, P.C.; Sheller P.C.",2,5,"1871, 1943",Management,new_extracted/old_extracted,high
A0477,Gary B. Friedman,,,,1,Friedman Law Group LLP,2,5,"1982, 2221",ClassCounsel; LeadCounsel,new_extracted/old_extracted,high
A0478,Peter A. Miller,Pete Miller,,,2,The Miller Law Firm; The Miller Firm LLC; Miller Dellafera PLC,3,5,"1968, 2391, 2767",Management,new_extracted/old_extracted,merged
A0479,Mark A. DiCello,Mark DiCello,Mark Dicello,,1,"The Dicello Law Firm; DiCello, Levitt and Casey, LLC",4,5,"2004, 2331, 2768, 3101",LeadCounsel; Management,new_extracted/old_extracted,high
A0480,Jason L. Lichtman,Jason Lichtman,,,1,"Lieff Cabraser Heimann & Bernstein, LLP",4,5,"2001, 2792, 2879, 2904",ClassCounsel; Communications; LeadCounsel; Management,new_extracted/old_extracted,high
A0481,John F. Edgar,John Edgar,John M. Edgar,,1,EDGAR LAW FIRM LLC; Edgar Law Firm LLC,2,5,"1995, 2328",ClassCounsel; LeadCounsel,new_extracted,high
A0482,Thomas Mellon,"Thomas E. Mallon, Jr.",Tom Mellon,Thomas E. Mellon Jr.,3,"Mellon, Webster & Shelley; MELLON, WEBSTER & SHELLY; Mellon, Webster & Shelly",3,5,"1570, 1871, 1995",ClassCounsel; Communications; LeadCounsel; Management,new_extracted/old_extracted,merged
A0483,Bonny E. Sweeney,Bonny Sweeney,Bonney E. Sweeney,,2,"Hausfeld LLP; Coughlin Stoia Geller Rudman & Robbins, LLP",2,5,"2007, 2724",LeadCounsel; Management,new_extracted/old_extracted,merged
A0484,Elaine Ryan,Elaine A. Ryan,,,1,"Bonnett, Fairbourn, Friedman, & Balint, P.C.; Bonnett Fairbourn Friedman & Balint PC",2,5,"2087, 2994",ClassCounsel; Management,new_extracted,high
A0485,William Blechman,William J. Blechman,,,1,"Kenny Nachwalter, P.A.; Kenny Nachwalter",4,5,"2196, 2670, 2724, 2925",Communications,new_extracted/old_extracted,high
A0486,Chul Pak,,,,1,"Wilson Sonsini Goodrich & Rosati, PC",2,5,"2173, 2724",Communications,new_extracted/old_extracted,high
A0487,Brian Strange,Brian R. Strange,,,1,Strange & Carpenter,3,5,"2196, 2238, 2258",ClassCounsel; Management,new_extracted,high
A0488,James O. Latturner,James Latturner,,,1,"Edelman, Combs, Latturner & Goodwin, LLC; Edelman, Combs, Latturner & Goodwin",3,5,"2223, 2286, 2295",ClassCounsel; Communications; LeadCounsel,new_extracted/old_extracted,high
A0489,Tracy Rezvani,Tracy D. Rezvani,,,1,"Finkelstein Thompson LLP; Finkelstein Thompson; Finkelstein Thompson, LLP",3,5,"1871, 2226, 2331",Management,new_extracted/old_extracted,high
A0490,Douglas J. Campion,DOUGLAS J. CAMPION,Douglas Campion,,1,Law Offices of Douglas J. Campion,3,5,"2261, 2286, 2295",ClassCounsel; Communications; LeadCounsel,new_extracted/old_extracted,high
A0491,Jay Barnes,Jason Barnes,,,2,Simmons Hanly Conroy LLC; Barnes & Associates,3,5,"2314, 2443, 2827",ClassCounsel; Management,new_extracted/old_extracted,merged
A0492,Justin O. Lucey,Justin Lucey,"Justin Lucey, Esquire",,1,"JUSTIN OTOOLE LUCEY, PA; The Lucey Law Firm; Justin OToole Lucey, P.A.",3,5,"2333, 2495, 2514",ClassCounsel; Communications; Management,new_extracted/old_extracted,high
A0493,Jeremiah Frei-Pearson,,,,1,"Finkelstein, Blankinship, Frei-Pearson & Garber, LLP",1,5,2357,ClassCounsel; LeadCounsel; Management,old_extracted,high
A0494,Ned McWilliams,,,,1,"Levin, Papantonio, Thomas, Mitchell, Rafferty, Proctor, P.A.; Levin, Papantonio, Thomas, Mitchell, Rafferty & Proctor, P.A; Levin Papantonio Thomas Mitchell Rafferty Proctor, P.A.",3,5,"2385, 2433, 2754",Fees; Management,new_extracted/old_extracted,high
A0495,Sarah Shoemake Doles,,,,1,"Carey Danis & Lowe; Levin, Papantonio, Rafferty, Proctor, Buchanan, OBrien, Barr & Mougey, P.A.",2,5,"2385, 3004",Communications; LeadCounsel; Management,new_extracted,high
A0496,Kit A. Pierson,Kit Pierson,Kit Pearson,,2,"Cohen Milstein Sellers & Toll PLLC; Cohen Milstein Sellers & Toll, PLLC",3,5,"2437, 2508, 2567",ClassCounsel; LeadCounsel; Settlement,new_extracted/old_extracted,merged
A0497,Roy E. Barnes,,,,1,"The Barnes Law Group, LLC; Barnes Law Group, LLC",2,5,"2583, 2800",ClassCounsel; Communications; Management,new_extracted/old_extracted,high
A0498,Matthew E. Lee,,,,1,"Whitfield Bryson & Mason LLP; MILBERG COLEMAN BRYSON PHILLIPS GROSSMAN, PLLC",2,5,"2688, 3035",ClassCounsel; LeadCounsel; Management,new_extracted,high
A0499,E. Powell Miller,,,,1,"The Miller Law Firm, P.C.; The Miller Law Firm",4,5,"2744, 2818, 2901, 3040",Communications; LeadCounsel; Management,new_extracted/old_extracted,high
A0500,Jason T. Dennett,Jason Dennett,,,1,Tousley Brain Stephens PLLC; TOUSLEY BRAIN STEPHENS PLLC,2,5,"2633, 2904",LeadCounsel; Management,new_extracted/old_extracted,high
A0501,Todd S. Garber,Todd Garber,Todd S. Gather,,2,"Finkelstein, Blankinship, Frei-Pearson & Garber, LLP; Finkelstein, Blankenship, Frei-Pearson & Garber LLP",3,5,"2705, 2827, 2904",Management; Trial,new_extracted/old_extracted,merged
A0502,Christopher T. Micheletti,Christopher Micheletti,,,1,Zelle LLP,2,5,"2918, 3107",ClassCounsel; LeadCounsel; Management,new_extracted,high
A0503,Michael J. Flannery,,,,1,"Cuneo Gilbert & LaDuca, LLP; Cuneo, Gilbert & LaDuca, LLP",5,5,"2677, 2918, 2998, 3031, 3107",ClassCounsel; LeadCounsel; Management,new_extracted/old_extracted,high
A0504,Paige Boldt,,,,1,WATTS GUERRA LLP,2,5,"2924, 3047",Management,new_extracted,high
A0505,James Malters,,,,1,"Malters, Shepher & Von Holtum; Malters, Shepherd & Von Holtum",1,5,2936,ClassCounsel,new_extracted,high
A0506,Jon Robinson,,,,1,"Bolen Robinson & Ellis, LLP",1,5,2936,ClassCounsel,new_extracted,high
A0507,Ashleigh Raso,,,,1,"Meshbesher & Spence; Meshbesher & Spence, Ltd.",4,5,"2768, 2859, 2875, 2949",Communications; Management,new_extracted/old_extracted,high
A0508,"Michael J. Blakely, Jr.",Michael J. Blakely,"Michael J. Blakely, II",M.J. Blakely,2,"Pope McGlamry, P.C.; Pope McGlamry; Pope, McGlamry, Kilpatrick, Morrison & Norwood, P.C.; The Blakely Firm, LLC",4,5,"2768, 2949, 3014, 3051",Communications; Management,new_extracted/old_extracted,merged
A0509,Rosemarie Bogdan,Rosemarie Riddell Bogdan,,,1,"MARTIN, HARDING & MAZZOTTI; Harding Mazzotti, LLP; Harding Mazzotti; Martin, Harding & Mazzotti, LLP",4,5,"2875, 2924, 3029, 3140",Expert; Management,new_extracted/old_extracted,high
A0510,Carmen S. Scott,Carmen Scott,,,1,MOTLEY RICE LLC; Motley Rice,4,5,"1964, 2738, 2924, 3140",Management,new_extracted/old_extracted,high
A0511,Sarah N. Westcot,Sarah Wescot,,,2,"Bursor & Fisher; BURSOR & FISHER, P.A.; Bursor & Fisher, P.A.",4,5,"2924, 2985, 3001, 3089",Management,new_extracted,merged
A0512,Julien Adams,,,,1,"Dovel & Luner, LLP",2,5,"2955, 3043",ClassCounsel; LeadCounsel; Management,new_extracted,high
A0513,Jonathan Jagher,,,,1,Freed Kanner London & Millen LLC,3,5,"2948, 3025, 3083",ClassCounsel; Management; Settlement,new_extracted,high
A0514,Lori G. Cohen,,,,1,"Greenberg Traurig, LLP; Greenberg Traurig LLP",3,5,"2740, 2875, 2974",Communications; Management; Settlement,new_extracted/old_extracted,high
A0515,Jon Mann,,,,1,"Pittman, Dutton, Hellums, Bradley & Mann; Pittman, Dutton & Hellums",3,5,"2875, 2974, 3140",Discovery; Management,new_extracted/old_extracted,high
A0516,M. Anderson Berry,,,,1,"Clayeo C. Arnold, A Professional Law Corp.; Clayeo C. Arnold, A Profession Corporation; Clayeo C. Arnold A Professional Corporation; Clayeo C. Arnold, APC",3,5,"2994, 3056, 3149",ClassCounsel; LeadCounsel; Management,new_extracted,high
A0517,Blaine Finley,BLAINE FINLEY,,,1,"Cuneo Gilbert & LaDuca, LLP",2,5,"2998, 3031",ClassCounsel; Communications; LeadCounsel,new_extracted,high
A0518,Sara Watkins,Sara J. Watkins,,,1,"Robert Peirce & Associates, P.C.; ROBERT PEIRCE & ASSOCIATES P.C.; Robert Peirce & Associates",3,5,"3021, 3092, 3140",Management,new_extracted,high
A0519,Virginia Buchanan,Virginia Marie Buchanan,,,1,"Levin, Papantonio, Rafferty, Proctor, Buchanan, OBrien, Barr & Mougey, P.A.; Levin Law Firm; Levin Papantonio",3,5,"2406, 3014, 3140",ClassCounsel; Management; Trial,new_extracted/old_extracted,high
A0520,Ruth Anne French-Hodson,,,,1,"Sharp Law, LLP; Sharp Law LLP",3,5,"2993, 3014, 3021",LeadCounsel; Management,new_extracted,high
A0521,Joyce Chambers Reichard,Joyce Reichard,,,1,"Kelley Ferraro LLC; Kelley & Ferraro, LLP",3,5,"3014, 3080, 3092",Management,new_extracted,high
A0522,Ian Sloss,Ian W. Sloss,,,1,Silver Golub & Teitell LLP,3,5,"3014, 3090, 3128",ClassCounsel; LeadCounsel; Management,new_extracted,high
A0523,Jose M. Rojas,Jose Rojas,Jose M. Rosas,,2,"Levin, Rojas, Camassar & Reck, LLC",2,5,"3026, 3081",Coordination; LeadCounsel; Management,new_extracted,merged
A0524,Alyson Steele Beridon,,,,1,"HERZFELD, SUETHOLZ, GASTEL, LENISKI, AND WALL, PLLC; Herzfeld, Suetholz, Gastel, Leniski, and Wall, PLLC; Herzfeld Suetholz Gastel Liniski & Wall, PLLC",3,5,"3026, 3079, 3092",Communications; Management,new_extracted,high
A0525,Charles J. Cooper,,,,1,,2,5,"2406, 3043",Management,new_extracted/old_extracted,high
A0526,Lindsey Scarcello,,,,1,"Wagstaff & Cartmell, LLP",2,5,"3043, 3089",Management,new_extracted,high
A0527,Lexi Hazam,Lexi J. Hazam,,,1,"Lieff Cabraser Hermann & Bernstein, LLP; Lieff Cabraser Heimann & Bernstein, LLP",3,5,"2606, 2734, 3047",Expert; Fees; LeadCounsel; Management,new_extracted/old_extracted,high
A0528,Patrick Coughlin,,,,1,"Scott+Scott Attorneys at Law, LLP; Scott + Scott Attorneys at Law LLP",2,5,"3071, 3119",ClassCounsel; LeadCounsel,new_extracted,high
A0529,Thomas Loeser,Tom Loeser,Thomas E Loeser,Thomas E. Loeser,2,Cotchett Pitre & McCarthy LLP; Hagens Berman Sobol Shapiro LLP,3,5,"3073, 3114, 3115",Management,new_extracted,merged
A0530,Anne Schiavone,,,,1,"Holman Schiavone, LLC; Holman Schiavone LLC",3,5,"2753, 3081, 3125",LeadCounsel; Management,new_extracted/old_extracted,high
A0531,Robert Cowan,Robert W. Cowan,,,1,Bailey Cowan Heckaman PLLC; Bailey Cowan Heckman,2,5,"2885, 3087",LeadCounsel; Management,new_extracted/old_extracted,high
A0532,Layne Hilton,,,,1,Meyer Wilson; MEYER WILSON,3,5,"2875, 3092, 3094",Management,new_extracted/old_extracted,high
A0533,Jonathan D. Orent,Jonathen D. Orent,,,2,Motley Rice LLC,4,5,"2753, 2846, 2885, 3094",Expert; LeadCounsel; Management; SettlementAdministration,new_extracted/old_extracted,merged
A0534,Shawn Rabin,Shawn J. Rabin,,,1,Susman Godfrey LLP; SUSMAN GODFREY LLP; Susman Godfrey L.L.P.,3,5,"3113, 3121, 3148",ClassCounsel; Communications; LeadCounsel; Management,new_extracted,high
A0535,Derek Loeser,Derek W. Loeser,,,1,Keller Rohrback LLP; Keller Rohrback L.L.P.; Keller Rohrback,2,5,"2843, 3144",LeadCounsel,new_extracted/old_extracted,high
A0536,Kelly K. McNabb,Kelly McNabb,,,1,"Lieff Cabraser Heimann & Bernstein, LLP; Lieff Cabraser; Lieff Cabraser Heimann & Bernstein LLP",2,5,"2859, 3140",Discovery; LeadCounsel; Management,new_extracted/old_extracted,high
A0537,Jan Levine,Jan P. Levine,,,1,Pepper Hamilton LLP; Troutman Pepper Hamilton Sanders LLP,2,5,"2002, 2724",Communications,old_extracted,high
A0538,Hugh P. Lambert,,,,1,,1,5,2047,Management,old_extracted,high
A0539,Joseph Opper,,,,1,"GARWIN GERSTEIN & FISHER LLP; Garwin Gerstein & Fisher LLP; Garwin Gerstein & Fisher, LLP; Garwin Gerstein and Fisher, LLP",4,5,"2084, 2332, 2445, 2516",ClassCounsel; Communications; LeadCounsel,old_extracted,high
A0540,Lewis S. Eidson,,,,1,,1,5,2151,Communications; Management,old_extracted,high
A0541,Donald H. Slavik,,,,1,,1,5,2151,Communications; Management,old_extracted,high
A0542,Wylie A. Aitken,,,,1,,1,5,2151,Coordination,old_extracted,high
A0543,Benjamin L. Bailey,,,,1,Bailey and Glasser LLP,2,5,"2151, 2672",Management,old_extracted,high
A0544,Mark Williams,Marc E. Williams,,,2,"Nelson Mullins Riley & Scarborough, LLP",4,5,"2187, 2325, 2326, 2327",Communications,old_extracted,merged
A0545,Victoria Maniatis,Victoria J. Maniatis,Vicki Maniatis,,2,"Sanders, Wiener, Grossman, LLP; SANDERS VIENER GROSSMAN; Sanders, Phillips, Grossman, LLC; SANDERS PHILLIPS GROSSMAN, LLC",4,5,"2187, 2243, 2606, 2738",Communications; Fees; Management; ProSe,old_extracted,merged
A0546,Renae D. Steiner,Renae Steiner,,,2,"Heins Mills & Olson, P.L.C.; Grant & Eisenhofer P.A.; Heins Miller & Olson PLC",5,5,"2332, 2445, 2460, 2516, 2819",ClassCounsel; LeadCounsel; Management,old_extracted,merged
A0547,Kathleen Chavez,,,,1,"FOOTE, MIELKE, CHAVEZ & O'NEIL LLC",2,5,"2406, 2545",Management; Settlement,old_extracted,high
A0548,Robert T. Dassow,Robert Dassow,,,1,"Hovde Dassow & Deets, LLC",1,5,2391,Communications; Fees,old_extracted,high
A0549,Ahmed Diab,Ahmed S. Diab,,,1,Gomez Trial Attorneys; GOMEZ TRIAL LAWYERS,3,5,"2391, 2642, 2775",Communications; Management,old_extracted,high
A0550,Hadley L. Matarazzo,,,,1,"Faraci Lange, LLP",2,5,"2391, 2641",Management,old_extracted,high
A0551,Scott A. Powell,Scott Powell,,,1,"Hare, Wynn, Newell & Newton; Hare Wynn Newell & Newton L.L.P.",2,5,"2391, 2591",ClassCounsel; LeadCounsel; Management,old_extracted,high
A0552,Frederick R. Hovde,Fredrick R. Hovde,,,2,"Hovde Dassow & Deets, LLC; Hovde, Dassow + Deets, LLC",2,5,"2391, 2570",Communications; Coordination,old_extracted,merged
A0553,J. Kyle Bachus,Kyle Bachus,,,2,"Bachus & Schanker, LLC; Bachus & Shanker, LLC; Bachus and Schanker",3,5,"2391, 2666, 2740",Management,old_extracted,merged
A0554,William B. Curtis,,,,1,Curtis Law Group,1,5,2570,Management,old_extracted,high
A0555,John Scotty MacLean,,,,1,"MacLean Law Firm, P.C.",1,5,2570,Management,old_extracted,high
A0556,Gregory D. Rueb,,,,1,"Rueb & Motta, PLC",1,5,2570,Management,old_extracted,high
A0557,Laura E. Smith,,,,1,Heaviside Reed Zaic,1,5,2570,Management,old_extracted,high
A0558,Paul L. Stoller,Paul L. Stroller,,,2,"Gallagher & Kennedy, P.A.",1,5,2570,Management,old_extracted,merged
A0559,Alex Davis,Alex C. Davis,,,1,Jones Ward PLC; Jones Ward,2,5,"2775, 2859",Management,old_extracted,high
A0560,Sharan Nirmul,Mr. Nirmul,,,2,"Kessler Topaz Meltzer & Check, LLP; Kessler Topaz",1,5,2842,LeadCounsel; Management,old_extracted,merged
A0561,Hilary K. Scherrer,Ms. Scherrer,,,2,Hausfeld LLP,1,5,2842,Management,old_extracted,merged
A0562,Nicholas R. Farnolo,Nicholas Farnolo,,,1,Napoli Shkolnik PLLC,2,5,"2846, 2859",Management,old_extracted,high
A0563,"William Pietragallo, II",,,,1,"Pietragallo Gordon Alfano Bosick & Raspanti, LLP",1,5,2862,Communications,old_extracted,high
A0564,Molly Craig,,,,1,"The Hood Law Firm, LLC",1,5,2873,Coordination; Management,old_extracted,high
A0565,"Frank L. Gallucci, III",,,,1,Plevin & Gallucci,1,5,2873,Management,old_extracted,high
A0566,William J. Jackson,,,,1,Kelley Drye & Warren LLP,1,5,2873,Management,old_extracted,high
A0567,Wesley Bowden,,,,1,"Levin, Papantonio, Thomas, Mitchell, Rafferty, Proctor P.A.",1,5,2873,Management,old_extracted,high
A0568,Nancy Christensen,,,,1,"Weitz & Luxenberg, P.C.",1,5,2873,Management,old_extracted,high
A0569,"T. Roe Frazer, II",,,,1,Frazer PLC,1,5,2873,Management,old_extracted,high
A0570,James Ferraro,,,,1,The Ferraro Law Firm,1,5,2873,Management,old_extracted,high
A0571,Christiaan A. Marcum,,,,1,"Richardson, Patrick, Westbook & Brickman; Rogers, Patrick, Westbook & Brickman",1,5,2873,Management,old_extracted,high
A0572,Christina Cossich,,,,1,"Cossich, Sumich, Parsiola & Taylor LLC",1,5,2873,Management,old_extracted,high
A0573,Carl Solomon,,,,1,"Solomon Law Group, LLC",1,5,2873,Management,old_extracted,high
A0574,Michael A. Olsen,,,,1,Mayer Brown LLP,1,5,2873,Coordination; LeadCounsel; Management,old_extracted,high
A0575,Brian C. Duffy,,,,1,Duffy & Young LLC,1,5,2873,Communications; Coordination; Management,old_extracted,high
A0576,Amanda S. Kitts,,,,1,Nelson Mullins Riley & Scarborough LLP,1,5,2873,Management,old_extracted,high
A0577,Liam J. Montgomery,,,,1,Williams & Connolly LLP,1,5,2873,Management,old_extracted,high
A0578,Lyn P. Pruitt,,,,1,"Mitchell, Williams, Selig, Gates & Woodyard, P.L.L.C.; PCW Law",1,5,2873,Management,old_extracted,high
A0579,Elizabeth Knauer,,,,1,"Sive, Paget & Riesel P.C.",1,5,2873,Management,old_extracted,high
A0580,Mark A. Chertok,,,,1,"Sive Paget & Riesel, P.C.",1,5,2873,Coordination; Management,old_extracted,high
A0581,Perry Weitz,"Perry Weitz, Esq.",,,1,"WEITZ & LUXENBERG; Weitz & Luxemberg; Weitz & Luxenberg, P.C.",3,4,"1657, 1938, 2243",Fees; Management,new_extracted/old_extracted,high
A0582,Jason J. Thompson,Jason Thompson,,,1,SOMMERS SCHWARTZ,3,4,"1657, 2406, 3037",Bellwether; Management; Trial,new_extracted/old_extracted,high
A0583,Ellen Meriwether,,,,1,CAFFERTY FAUCHER LLP; Cafferty Clobes Meriwether & Sprengel LLP,3,4,"1657, 2406, 2819",Bellwether; ClassCounsel; Management; Motions; Trial,new_extracted/old_extracted,high
A0584,Michael A. Caddell,Michael Caddell,,,1,Caddell & Chapman,3,4,"1718, 2046, 2223",ClassCounsel; Communications; LeadCounsel; Management,new_extracted,high
A0585,Robert J. Bonsignore,Robert Bonsignore,,,1,BONSIGNORE & BREWER; Bonsignore Trial Lawyers PLLC,2,4,"1735, 2753",ClassCounsel; LeadCounsel,new_extracted/old_extracted,high
A0586,Peter Weinberger,Peter H. Weinberger,,,1,"Spangenberg, Shibley& Liber, LLP; Spangenberg Shibley & Liber, LLP",4,4,"1733, 1909, 2606, 2804",Fees; Management,new_extracted/old_extracted,high
A0587,Philip S. Beck,Philip Beck,,,1,Bartlit Beck Herman Palenchar & Scott LLP; BARLET BECK HERMAN PALENCHAR & SCOTT,3,4,"1431, 1733, 1928",LeadCounsel,new_extracted/old_extracted,high
A0588,Adam L. Hoeflich,Adam Hoeflich,,,1,"Bartlit Beck Herman Palenchar & Scott LLP; Bartlit Beck Herman Palenchar & Scott, LLP; Bartlit Beck; BARLET BECK HERMAN PALENCHAR & SCOTT",4,4,"1431, 1733, 2023, 2284",Communications; LeadCounsel,new_extracted/old_extracted,high
A0589,"Samuel W. Lanham, Jr.","Samuel Lanham, Jr.",Samuel Lanham,,1,"Cuddy & Lanham; Lanham Blackwell, P.A.; Lanham Blackwell; Lanham, Blackwell, P.A.",3,4,"1742, 1871, 2068",Communications; Discovery; Management,new_extracted/old_extracted,high
A0590,Susan M. Sharko,Susan Sharko,,,1,Drinker Biddle & Reath LLP,3,4,"1742, 2197, 2592",LeadCounsel,new_extracted/old_extracted,high
A0591,Mitchell M. Breit,Mitchell Breit,,,2,"Whatley Drake & Kallas; SIMMONS HANLY CONROY; SIMMONS HANLY CONROY LLC; Simmons Hanly Conroy, LLC",3,4,"1785, 2709, 2886",ClassCounsel; Management,new_extracted/old_extracted,merged
A0592,Harvey L. Kaplan,Harvey Kaplan,,,1,"Shook Hardy & Bacon, LLP; Shook, Hardy & Bacon",2,4,"1785, 2740",LeadCounsel; Settlement,new_extracted/old_extracted,high
A0593,William Chaney,William B. Chaney,,,1,"Looper, Reed & McGraw, P.C.; Gray Reed & McGraw P.C.",2,4,"1811, 2591",ClassCounsel; LeadCounsel; Management,new_extracted/old_extracted,high
A0594,"John J. Stoia, Jr.",,,,1,Robbins Geller Rudman & Dowd LLP; Lerach Coughlin Stoia Geller Rudman & Robbins LLP; Coughlin Stoia Geller Rudman & Robbins LLP,3,4,"1825, 1940, 2238",ClassCounsel; LeadCounsel; Management,new_extracted,high
A0595,Richard Heimann,,,,1,"Lieff, Cabraser, Heimann & Bernstein, LLP; Lieff, Cabraser, Heimann & Bernstein",1,4,1827,ClassCounsel; LeadCounsel,new_extracted,high
A0596,Robert A. Horn,,,,1,"Horn Alward & Bandy, LLC",1,4,1840,ClassCounsel; LeadCounsel,new_extracted,high
A0597,"Robert H. Smalley, III",Robert Smalley,,,1,,1,4,1845,ClassCounsel; Communications,new_extracted,high
A0598,Craig Hoover,Craig A. Hoover,,,1,"Hogan Lovells, LLP",3,4,"1850, 2406, 2617",Communications; LeadCounsel; Settlement,new_extracted/old_extracted,high
A0599,David H. Fink,,,,1,"The Miller Law Firm; The Miller Law Firm, P.C.; Fink + Associates Law; The Miller Law Firm P.C.",2,4,"1867, 2042",ClassCounsel; Communications; LeadCounsel; Management,new_extracted,high
A0600,James H. Welsh,James Walsh,,,2,McGuireWoods LLP,2,4,"1845, 2196",Communications; LeadCounsel,new_extracted,merged
A0601,Dennis G. Pantazis,Dennis Pantazis,,,1,"Wiggins, Childs, Quinn and Pantazis",3,4,"1570, 1845, 2406",ClassCounsel; Management; Settlement,new_extracted/old_extracted,high
A0602,Steven J. Skikos,Steve Skikos,,,2,"Skikos, Crawford, Skikos, Joseph & Millican LLP; SKIKOS, CRAWFORD, SKIKOS & JOSEPH LLP; Skikos, Crawford, Skikos, Joseph & Millican",2,4,"1909, 2197",Fees; LeadCounsel; Management,new_extracted/old_extracted,merged
A0603,James E. Miller,,,,1,"Shepherd, Finkelman, Miller & Shah, LLP; SHEPHERD FINKELMAN MILLER & SHAH, LLP; Shepherd Finkelman Miller & Shah - Chester",3,4,"1911, 1995, 2001",ClassCounsel; LeadCounsel; Management,new_extracted,high
A0604,Steven Maher,Steven R. Maher,Stephen Maher,,2,THE MAHER LAW FIRM; Maher Law Firm,3,4,"1935, 1938, 2100",LeadCounsel; Management,new_extracted,merged
A0605,Theodore Babbitt,Ted Babbitt,,,2,"Babbitt, Johnson, Osborne & LeClainche, P.A.; Babbitt, Johnson, Osborne & LeClainche",1,4,1928,Communications; Management,new_extracted,merged
A0606,Burton H. Finkelstein,,,,1,Finkelstein Thompson LLP,3,4,"1940, 1998, 2046",ClassCounsel; LeadCounsel; Management,new_extracted,high
A0607,Troy Giatras,,,,1,The Giatras Law Firm,1,4,1943,Management,new_extracted,high
A0608,James B. Irwin,James Irwin,,,1,"Irwin, Fritchie, Urquhart & Moore, LLC; Irwin Fritchie Urquhart & Moore, LLC",2,4,"1943, 2592",Communications; LeadCounsel,new_extracted/old_extracted,high
A0609,John Dames,,,,1,"Drinker, Biddle and Reath; Drinker, Biddle, and Reath; Drinker, Biddle & Reath",1,4,1943,LeadCounsel,new_extracted,high
A0610,Jay L. Himes,Jay Himes,,,1,"Labaton Sucharow LLP; Labaton Sucharow, LLP; LABATON SUCHAROW LLP",3,4,"1942, 2007, 2328",ClassCounsel; Communications; LeadCounsel; Management,new_extracted,high
A0611,David Zoll,David W. Zoll,,,1,"Zoll, Kranz & Borgess",1,4,1953,Communications; Management,new_extracted,high
A0612,Ron Goldman,Ronald L.M. Goldman,,,2,"Baum Hedlund, Aristei & Goldman, PC; Baum Hedlund Aristei & Goldman",2,4,"1953, 2085",Management,new_extracted,merged
A0613,Archibald Cleveland Lamb,"Archie C. Lamb, Jr.",Archie Lamb,,2,"The Lamb Firm, L.L.C.; The Lamb Firm, LLC",4,4,"1960, 1985, 2187, 2440",Management; Settlement,new_extracted/old_extracted,merged
A0614,Mark K. Gray,Mark Gray,,,1,"Franklin, Gray & White; Franklin Gray & White; Gray & White",4,4,"1985, 1998, 2406, 2474",Communications; Discovery; LeadCounsel; Management; Settlement,new_extracted/old_extracted,high
A0615,Keith S. Dubanevich,,,,2,Stoll Stoll Berne Lokting & Shlachter P.C.; GARVEY SCHUBERT & BARER; STOLL STOLL BERNE LOKTING & SHLACHTER P.C.,2,4,"1960, 2633",Communications; Management,new_extracted/old_extracted,merged
A0616,James J. Rosemergy,,,,1,"Carey Danis & Lowe; Carey, Danis & Lowe; CAREY DANIS & LOWE",2,4,"2001, 3078",ClassCounsel; LeadCounsel,new_extracted,high
A0617,Robert I. Harwood,Robert Harwood,,,1,HARWOOD FEFFER LLP; Harwood Feffer LLP; WECHSLER HARWOOD LLP,3,4,"1700, 1995, 2335",ClassCounsel; Communications; LeadCounsel; Management,new_extracted/old_extracted,high
A0618,"Frank E. Piscitelli, Jr.","Frank E. Piscitelli, Jr","Frank Piscitelli, Jr.",,1,"The Piscitelli Law Firm; Frank Piscitelli Co., L.P.A.; the Piscitelli Law Firm",4,4,"1998, 2220, 2243, 2317",Management,new_extracted/old_extracted,high
A0619,Matthew K. Edling,Matt Edling,,,2,"Sher Edling, LLP; Cotchett, Pitre, & McCarthy, LLP; Cotchett, Pitre & McCarthy LLP",3,4,"2017, 2624, 2873",Communications; LeadCounsel; Management,new_extracted/old_extracted,merged
A0620,Natalie Finkelman,,,,1,"Shepherd Finkelman Miller & Shah, LLC; Shepherd Finkelman Miller & Shah LLP; Shepherd, Finkelman, Miller & Shah, LLP",4,4,"2046, 2333, 2445, 2460",Management,new_extracted/old_extracted,high
A0621,Allan Kanner,,,,1,"Kanner & Whiteley, L.L.C.; KANNER & WHITELEY, LLC",2,4,"2107, 2709",ClassCounsel; LeadCounsel,new_extracted/old_extracted,high
A0622,Ruben Honik,,,,1,"Honik LLC; Golomb & Honik, P.C.",3,4,"2107, 2875, 3050",ClassCounsel; Communications; LeadCounsel; Management,new_extracted/old_extracted,high
A0623,Conlee Whiteley,Conlee S. Whiteley,Conlee Whitely,,2,"KANNER & WHITELEY, L.L.C.; Kanner & Whiteley, LLC",3,4,"2107, 2875, 2924",ClassCounsel; LeadCounsel; Management,new_extracted/old_extracted,merged
A0624,Gillian Wade,Gillian L. Wade,,,1,"Milstein Adelman LLP; MILSTEIN JACKSON FAIRCHILD & WADE; Milstein, Jackson, Fairchild & Wade, LLP",4,4,"2107, 2199, 2709, 2741",ClassCounsel; Communications; Management,new_extracted/old_extracted,high
A0625,Stanley Bernstein,Stanley D. Bernstein,,,1,"Bernstein Liebhard LLP; Bernstein Liebhard & Lifshitz, LLP",3,4,"2002, 2196, 2827",LeadCounsel; Management; Trial,new_extracted/old_extracted,high
A0626,Patrick Wayne Pendley,Patrick W. Pendley,Patrick Pendley,,1,"Pendley, Baudin & Coffin, L.L.P.; Pendley, Baudin & Coffin, LLP; Pendley, Baudin & Coffin",3,4,"2223, 2406, 3014",Fees; Management,new_extracted/old_extracted,high
A0627,Dawn M. Chmielewski,Dawn Chmielewski,,,1,"Neblett, Beard & Arsenault; Climaco, Wilcox, Peca, Tarantino & Garofoli Co., L.P.A.; Climaco, Wilcox, Peca, Tarantino & Garofoli Co., LPA",2,4,"2299, 2434",Management,new_extracted/old_extracted,high
A0628,Janine L. Pollack,,,,2,Milberg LLP; Wolf Haldenstein Adler Freeman & Herz LLP,2,4,"2308, 2705",ClassCounsel; Management,new_extracted/old_extracted,merged
A0629,Ronald J. Aranoff,,,,1,Wollmuth Maher & Deutsch LLP; BERNSTEIN LIEBHARD LLP,2,4,"2328, 2931",ClassCounsel; Communications; LeadCounsel; Management,new_extracted,high
A0630,Frank Schirripa,Frank R. Schirripa,Frank R. Shirrippa,,2,"HACH ROSE SCHIRRIPA & CHEVERIE LLP; Hach Rose Schirripa & Cheverie LLP; Hach Rose Schirripa & Cheverie, LLP; HACH ROSE SCHIRRIPA & CHEVERIE, LLP",4,4,"2335, 2445, 2472, 2989",LeadCounsel; Management,new_extracted/old_extracted,merged
A0631,Lauren Barnes,Lauren G. Barnes,Lauren Guth Barnes,,1,Hagens Berman Sobol Shapiro LLP; HAGENS BERMAN SOBOL SHAPIRO LLP,3,4,"2343, 2428, 2460",ClassCounsel; Coordination; LeadCounsel,new_extracted/old_extracted,high
A0632,Steven Davis,,,,1,Boies Schiller Flexner LLP,2,4,"2385, 2543",ClassCounsel; Communications; SettlementAdministration,new_extracted/old_extracted,high
A0633,Benedict Morelli,Benedict P. Morelli,,,1,"Morelli, Alters, Ratner, P.C.; Morelli Law Firm, PLLC; Morelli Ratner; Morelli Ratner, P.C.",4,4,"1871, 2331, 2415, 2654",Communications; Management,new_extracted/old_extracted,high
A0634,Charles Barrett,,,,2,"Neal & Harwell, PLC; The Barrett Law Group",2,4,"2508, 3032",Communications; Settlement,new_extracted,merged
A0635,Frank Woodson,,,,1,"Beasley Allen Crow Methvin Portis & Miles, P.C.; Beasley, Allen, Crow, Methvin, Portis & Miles, PC; BEASLEY, ALLEN, CROW, METHVIN, PORTIS & MILES, P.C.",3,4,"2428, 2502, 2924",Management,new_extracted/old_extracted,high
A0636,Andrew Lemmon,Andrew A. Lemmon,,,1,"Lemmon Law Firm, LLC",3,4,"2406, 2514, 2740",Discovery; Management,new_extracted/old_extracted,high
A0637,Benjamin F. Johns,Benjamin Johns,Ben Johns,,2,CHIMICLES & TIKELLIS LLP; Chimicles & Tikellis LLP,2,4,"2577, 3090",ClassCounsel; Management,new_extracted,merged
A0638,John R. Bevis,,,,1,"The Barnes Law Group, LLC; Barnes Law Group, LLC",2,4,"2583, 3115",ClassCounsel; Communications; LeadCounsel; Management,new_extracted,high
A0639,Gary S. Graifman,,,,1,"Kantrowitz, Goldhamer & Graifman, P.C.; KANTROWITZ, GOLDHAMER & GRAIFMAN, P.C.; Kantrowitz Goldhamer & Graifman, P.C.",4,4,"2583, 2827, 3078, 3115",Management,new_extracted/old_extracted,high
A0640,Hart Robinovitch,,,,1,Zimmerman Reed; Zimmerman Reed LLP,3,4,"2639, 2795, 2993",Communications; LeadCounsel; Management,new_extracted/old_extracted,high
A0641,David Bryant,David L. Bryant,,,1,GableGotwals; Bryant Law Center,2,4,"2700, 2885",ClassCounsel; LeadCounsel; Management,new_extracted/old_extracted,high
A0642,Erin Dickerson,Erin K. Dickinson,,,2,Crueger Dickinson LLC; Hansen Reynolds Dickinson Crueger LLC,2,4,"2688, 2873",Communications; Management,new_extracted/old_extracted,merged
A0643,Paul Evans,Paul W. Evans,,,1,"Beasley, Allen, Crow, Methvin, Portis & Miles, P.C.",2,4,"2903, 3149",ClassCounsel; Management,new_extracted,high
A0644,Sarah E. Johnston,,,,1,"BARNES & THORNBURG LLP; Barnes & Thornburg, LLP",3,4,"2875, 2924, 3043",Communications; Management,new_extracted/old_extracted,high
A0645,Daniel A. Nigh,Daniel Nigh,,,1,"LEVIN, PAPANTONIO, THOMAS, MITCHELL, RAFFERTY & PROCTOR, P.A.; Levin Papantonio; Levin, Papantonio, Thomas, Mitchell, Rafferty, Proctor, P.A",3,4,"2875, 2924, 3044",Expert; LeadCounsel; Management,new_extracted/old_extracted,high
A0646,Robert C. Gilbert,Robert Gilbert,,,1,"KOPELOWITZ OSTROW FERGUSON WEISELBERG GILBERT; Grossman Roth, P.A.; Kopelowitz Ostrow Ferguson Weiselberg Gilbert",3,4,"2036, 2626, 2924",Communications; Coordination; LeadCounsel,new_extracted/old_extracted,high
A0647,John D. Radice,John Radice,,,2,"Radice Law Firm; RADICE LAW FIRM, P.C.; Grant & Eisenhofer, P.A.",3,4,"2084, 2819, 2931",ClassCounsel; LeadCounsel; Management,new_extracted/old_extracted,merged
A0648,Eugene A. Spector,Eugene Spector,,,1,"Spector Roseman & Kodroff, P.C.",2,4,"2437, 2931",LeadCounsel; Management,new_extracted/old_extracted,high
A0649,Bradford Lear,Bradford B. Lear,Brad Lear,,2,Lear Werts LLP; LEAR WERTS LLP,3,4,"2827, 2924, 3009",Management,new_extracted/old_extracted,merged
A0650,Marlo Fischer,Marlo Fisher,,,2,Laminack Pirtle & Martines; LAMINACK PIRTLE & MARTINES,2,4,"2924, 3092",Management,new_extracted,merged
A0651,Martha A. Geer,Martha Geer,,,1,"Milberg Coleman Bryson Phillips Grossman, PLLC; Milberg Coleman Bryson Phillips Grossman PLLC; Whitfield Bryson LLP",2,4,"2938, 2988",ClassCounsel; LeadCounsel,new_extracted,high
A0652,Melanie H. Muhlstock,Melanie Muhlstock,,,1,"Parker Waichman LLP; PARKER WAICHMAN LLP; Parker Waichman, LLP",4,4,"2434, 2924, 2973, 3089",Management,new_extracted/old_extracted,high
A0653,Amanda K. Klevorn,,,,1,Burns Charest LLP,2,4,"2948, 3052",ClassCounsel; Discovery; Management,new_extracted,high
A0654,Albert Y. Chang,,,,1,"Bottini & Bottini, Inc.",2,4,"2948, 3149",ClassCounsel; Management,new_extracted,high
A0655,Lee Floyd,Lee Adair Floyd,,,1,Breit Biniazan; BREIT BINIAZAN,2,4,"2974, 3092",Management,new_extracted,high
A0656,Jason P. Johnston,Jason Johnston,,,1,Zimmerman Reed LLP,3,4,"2441, 2768, 2974",Management,new_extracted/old_extracted,high
A0657,Robert L. Kinsman,Robert Kinsman,,,1,Krause & Kinsman Law Firm,2,4,"2846, 2974",Management,new_extracted/old_extracted,high
A0658,Justin Parafinczuk,,,,1,Parfinczuk Wolf,2,4,"2885, 2974",Management,new_extracted/old_extracted,high
A0659,Danielle Gold,,,,1,"Weitz & Luxenberg, P.C.; Weitz & Lutzenberg, P.C.",3,4,"2776, 2973, 3044",Bellwether; Communications; Discovery; Expert; Management; Motions,new_extracted/old_extracted,high
A0660,Andrea Gold,,,,1,Tycko & Zavareei LLP,3,4,"2985, 3001, 3083",Discovery; Management; Vetting,new_extracted,high
A0661,Kristen Cardoso,Kristen Lake Cardoso,,,1,Kopelowitz Ostrow P.A.; KOPELOWITZ OSTROW P.A.,3,4,"2985, 3001, 3149",Discovery; Management,new_extracted,high
A0662,Julia Merritt,Julia A. Merritt,Julia Merrit,,3,Beasley Allen; Chaffin Luhana,2,4,"3004, 3140",Management; Vetting,new_extracted,merged
A0663,D. Aaron Rihn,Daniel Rihn,,,2,"Robert Peirce & Associates, P.C.; Robert Peirce & Associates",2,4,"3014, 3140",Communications; Coordination,new_extracted,merged
A0664,Miriam Agrait,Miriam Fresco Agrait,Miriam Fresco Agait,,2,"Rubenstein Law, P.A.; Rubenstein Law",2,4,"3014, 3140",Management; Vetting,new_extracted,merged
A0665,Ava Cavaco,,,,1,Meshbesher & Spence; Nigh Goldenberg Raso & Vaughn,2,4,"3014, 3140",Expert; Management,new_extracted,high
A0666,Elizabeth A. Kaveny,Elizabeth Kaveny,,,1,Kaveny & Kroll,1,4,3026,Communications; Coordination; Management,new_extracted,high
A0667,Kiley Grombacher,,,,1,"Bradley Grombacher LLP; Bradley/Grombacher, LLP",4,4,"3025, 3037, 3089, 3115",ClassCounsel; Management,new_extracted,high
A0668,Noah C. Lauricella,Noah Lauricella,,,1,"Goldenberg Law, PLLC; Goldenberg Lauricella PLLC",3,4,"2666, 2859, 3026",Management,new_extracted/old_extracted,high
A0669,Walter Kelley,,,,1,"Bernheim Kelley Battista & Bliss, LLC; Kelley Bernheim Dolinsky, LLC; Kelley Bernheim & Dolinsky, LLC",3,4,"2657, 2768, 3029",Communications; LeadCounsel; Management,new_extracted/old_extracted,high
A0670,C. Brett Vaughn,Brett Vaughn,,,3,"The Hollis Law Firm, P.A.; Nigh Goldenberg Raso & Vaughn, PLLC; Hollis Law Firm",3,4,"2846, 2875, 3029",Management,new_extracted/old_extracted,merged
A0671,Jonathan M. Sedge,Jonathan Sedgh,Jonathan M. Sedgh,,2,"Weitz & Luxenberg, PC",2,4,"2570, 3037",Management,new_extracted/old_extracted,merged
A0672,Niall McCarthy,Niall P. McCarthy,,,1,"Cotchett, Pitre & McCarthy, LLP; Cotchett, Pitre & McCarthy",3,4,"2627, 2743, 3040",ClassCounsel; LeadCounsel; Management,new_extracted/old_extracted,high
A0673,Daniel Sullivan,,,,1,,1,4,3043,Communications; Management,new_extracted,high
A0674,Zoe Littlepage,,,,1,,1,4,3043,Management; Settlement,new_extracted,high
A0675,Eric W. Cracken,,,,1,,1,4,3043,Management,new_extracted,high
A0676,Kevin M. Fitzgerald,Kevin Fitzgerald,,,1,"Fitzgerald Law Group; Fitzgerald Law Group, LLC",2,4,"2859, 3044",Bellwether; Discovery; Expert; Management; Motions,new_extracted/old_extracted,high
A0677,Courtney L. Mohammadi,Courtney Mohammadi,,,1,Pope McGlamry,2,4,"3044, 3140",Bellwether; Discovery; Expert; Motions; Vetting,new_extracted,high
A0678,Melissa L. Yeates,Melissa Yeates,,,1,"Kessler Topaz Meltzer & Check, LLP",2,4,"3047, 3080",ClassCounsel; LeadCounsel; Management,new_extracted,high
A0679,Joseph VanZandt,,,,1,,1,4,3047,Coordination; Management,new_extracted,high
A0680,James Bilsborrow,James (Jacksy) Bilsborrow,,,1,"Weitz & Luxenberg, P.C.",2,4,"2820, 3047",Management,new_extracted/old_extracted,high
A0681,Jennie Lee Anderson,Jennie Anderson,,,1,"ANDRUS ANDERSON LLP; Andrus Anderson, LLP",3,4,"2420, 2789, 3047",ClassCounsel; Communications; Management,new_extracted/old_extracted,high
A0682,Anne Reagan,Anne T. Regan,Anne Regan,,3,"Hellmuth & Johnson PLL C; Hellmuth & Johnson PLLC; Zimmerman Reed; Hellmuth & Johnson, PLLC",3,4,"2445, 2795, 2993",Management,new_extracted/old_extracted,merged
A0683,Ashlea G. Schwarz,Ashlea Schwarz,,,1,Paul LLP; Paul McInnes LLP,2,4,"2740, 2993",Management; Settlement,new_extracted/old_extracted,high
A0684,William G. Caldes,,,,1,"Spector, Roseman & Kodroff, PC; Spector Roseman & Kodroff, P.C.; SPECTOR ROSEMAN & KODROFF, P.C.",3,4,"2993, 3107, 3113",LeadCounsel; Management,new_extracted,high
A0685,Nicholas Colella,Nicholas A. Colella,Nicolas Colella,,2,"LYNCH CARPENTER, LLP",2,4,"3074, 3090",ClassCounsel; Communications; LeadCounsel; Management,new_extracted,merged
A0686,Mark OConnor,,,,1,Beus OConnor McGroder PLLC; Beus OConnor McGroder,2,4,"3081, 3125",Management,new_extracted,high
A0687,Adam M. Evans,,,,1,"Dickerson Oxton, LLC; Hollis Law Firm, P.A.",2,4,"2753, 3081",LeadCounsel; Management,new_extracted/old_extracted,high
A0688,Roman Balaban,,,,1,Balaban Law LLC; Balaban Law,2,4,"3081, 3125",Management,new_extracted,high
A0689,Bradley Leger,,,,1,"Leger Ketchum & Cohoon, PLLC",2,4,"2846, 3081",Management,new_extracted/old_extracted,high
A0690,Chelsea Dickerson,,,,1,"Dickerson Oxton, LLC; Dickerson Oxton LLC",2,4,"3081, 3125",Management,new_extracted,high
A0691,Brian Tadtman,,,,2,"Woodworth Law Firm, LLC; Peterson & Associates",2,4,"2776, 3081",Management,new_extracted/old_extracted,merged
A0692,Ryan Cavanaugh,,,,1,"Constant Legal Group, LLP; Constant Legal Group LLP",2,4,"3081, 3125",Management,new_extracted,high
A0693,Mason Barney,,,,1,,1,4,3090,ClassCounsel; Management,new_extracted,high
A0694,Lori G. Feldman,Lori Feldman,,,1,"Levi & Korsinsky LLP; Geragos & Geragos, APC",3,4,"2705, 2795, 3090",ClassCounsel; LeadCounsel; Management,new_extracted/old_extracted,high
A0695,Chet B. Waldman,Chet M. Waldman,,,1,Wolf Popper LLP,1,4,3111,ClassCounsel; LeadCounsel,new_extracted,high
A0696,David Hodge,,,,1,"Morris, King & Hodge P.C.",2,4,"2406, 3108",Communications; Coordination; Settlement,new_extracted/old_extracted,high
A0697,Christopher Dodd,,,,1,"Dodd Law Office, LLC",1,4,3119,Communications,new_extracted,high
A0698,Jennifer Scullion,,,,1,Seeger Weiss LLP,2,4,"3108, 3121",Management,new_extracted,high
A0699,Bill Carmody,William Christopher Carmody,,,2,Susman Godfrey LLP; SUSMAN GODFREY LLP,2,4,"3113, 3121",ClassCounsel; LeadCounsel,new_extracted,merged
A0700,"Michael Critchley, Sr.",Michael Critchiey Sr.,Michael Critchley Sr.,Michael D. Critchley,2,"Critchley & Kinum; CRITCHLEY, KINUM & LURIA, LLC; Critchley, Kinum & DeNoia LLC; Critchley, Kinum & DeNoia, LLC",3,4,"2687, 2779, 3113",Management; Trial,new_extracted/old_extracted,merged
A0701,Lynn Toops,Lynn A. Toops,,,1,Cohen & Malad LLP; Cohen & Malad,2,4,"2667, 3127",ClassCounsel; LeadCounsel; Management,new_extracted/old_extracted,high
A0702,Caleb Seeley,,,,1,Seeger Weiss,2,4,"2885, 3140",Management; Motions,new_extracted/old_extracted,high
A0703,Michael J. Boni,,,,2,"Kohn, Swift & Graf, P.C.; Boni & Zack LLC",2,4,"1566, 2724",Communications; LeadCounsel; Management,old_extracted,merged
A0704,"Victor M. Diaz, Jr.",Victor Manuel Diaz,,,1,,1,4,2047,Management,old_extracted,high
A0705,"Ralph S. Hubbard, III",Ralph S. Hubbard III,,,1,"Lugenbuhl, Wheaton, Peck, Rankin & Hubbard; Lugenbuhl Wheaton Peck Rankin & Hubbard",1,4,2047,LeadCounsel; Management,old_extracted,high
A0706,Robert C. Josefsberg,,,,1,,1,4,2047,Management,old_extracted,high
A0707,J. R. Rogers,J. Robert Rogers,J.R. Rogers,,2,Law Offices of J. Robert Rogers; LAW OFFICES OF J. ROBERT ROGERS,2,4,"2187, 2440",Management,old_extracted,merged
A0708,Laura V. Yeager,Laura Yaeger,,,3,Morgan & Morgan; FLEMING NOLEN & JEZ,3,4,"2187, 2440, 2441",Management,old_extracted,merged
A0709,Wayne Fisher,,,,1,"Fisher, Boyd, Brown & Huguenard, LLP; Fisher, Boyd, Brown & Huguenard; Fisher, Boyd, Johnson & Huguenard",2,4,"2244, 2391",Fees; LeadCounsel; Management,old_extracted,high
A0710,Robert L. Salim,Robert Salim,,,1,"Salim-Beasley, LLC; LAW OFFICES OF ROBERT L. SALIM",3,4,"2187, 2387, 2418",Communications; LeadCounsel; Management,old_extracted,high
A0711,Vincent Moccio,,,,1,"Robins, Kaplan, Miller & Ceresi",1,4,2244,Discovery,old_extracted,high
A0712,Randi Kassan,,,,1,"Sanders Viener Grossman LLP; Sanders Viener Grossman, LLP; Sanders, Viener, Grossman LLP",3,4,"2272, 2428, 2434",Management,old_extracted,high
A0713,Anthony Tarricone,,,,1,Kreindler & Kreindler LLP,3,4,"2323, 2428, 2657",Communications; LeadCounsel; Management,old_extracted,high
A0714,David B. Thomas,,,,1,"Guthrie & Thomas PLLC; Thomas, Combs & Spann, PLLC",4,4,"2325, 2326, 2327, 2387",Communications,old_extracted,high
A0715,Michael McGartland,Michael P. McGartland,Mike McGartland,,2,"McGartland & Borchardt, LLP",3,4,"2406, 2441, 2775",ClassCounsel; Management; Settlement,old_extracted,merged
A0716,Kristen Johnson Parker,,,,1,HAGENS BERMAN SOBOL SHAPIRO LLP; Hagens Berman Sobol Shapiro LLP,4,4,"2332, 2419, 2445, 2472",ClassCounsel; LeadCounsel; Management,old_extracted,high
A0717,Peter R. Kohn,Peter Kohn,,,1,"FARUQI & FARUQI LLP; FARUQI & FARUQI, LLP",3,4,"2445, 2472, 2819",ClassCounsel; LeadCounsel; Management,old_extracted,high
A0718,Mark A. Hoffman,Dr. Mark Alan Hoffman,,,1,"ROSS FELLER CASEY, LLP",2,4,"2545, 2592",Management,old_extracted,high
A0719,Brian Keith Jackson,,,,1,"Riley & Jackson, P.C.",1,4,2570,Management,old_extracted,high
A0720,Patrick J. Stueve,,,,1,Stueve Siegel Hanson LLP,1,4,2591,ClassCounsel; Communications; LeadCounsel,old_extracted,high
A0721,Ari J. Scharg,Ari Scharg,,,1,EDELSON PC; Edelson PC,2,4,"2595, 2633",Management,old_extracted,high
A0722,Curtis Miner,,,,1,Colson Hicks Eidson,1,4,2599,ClassCounsel; LeadCounsel,old_extracted,high
A0723,Steve D. Larson,,,,1,Stoll Stoll Berne Lokting & Shlachter P.C.; STOLL STOLL BERNE LOKTING & SHLACHTER P.C.; STOLL STOLL BERNE LOKTING & SHLACHTER PC,2,4,"2633, 2828",Communications,old_extracted,high
A0724,Steven J. Toll,Steven Toll,,,1,Cohen Milstein Sellers & Toll PLLC,2,4,"2627, 2743",ClassCounsel; LeadCounsel; Settlement,old_extracted,high
A0725,Jeffrey Gibson,Jeff S. Gibson,Jeff Gibson,,3,"Cohen & Malad, LLP; COHEN & MALAD, LLP; Wagner Reese, LLP",3,4,"2657, 2738, 2875",Management,old_extracted,merged
A0726,Kyle Farrar,,,,1,"Kaster, Lynch, Farrar & Ball; Kaster, Lynch, Farrar & Ball LLP",2,4,"2666, 2775",Management,old_extracted,high
A0727,John J. Driscoll,,,,1,"The Driscoll Firm, P.C.; THE DRISCOLL FIRM, P.C.",3,4,"2669, 2691, 2705",Coordination; LeadCounsel; Management,old_extracted,high
A0728,Sheron Korpus,,,,1,Kasowitz Benson Torres LLP,1,4,2724,Communications,old_extracted,high
A0729,Sheila L. Birnbaum,,,,1,"Quinn Emanuel Urquhart & Sullivan, LLP",2,4,"2740, 2804",Settlement,old_extracted,high
A0730,David L. Selby II,David Selby,,,1,Bailey Glasser LLP; Bailey Glasser,2,4,"2753, 2775",Management,old_extracted,high
A0731,Jillian C. Kirn,Jillian C. Kim,,,2,"Greenberg Traurig, LLP",1,4,2873,Management,old_extracted,merged
A0732,"J. Edward Bell, III",,,,1,Bell Legal Group,1,4,2873,Management,old_extracted,high
A0733,David Erickson,,,,1,"Shook Hardy & Bacon, L.L.P.",1,4,2873,Coordination; Management,old_extracted,high
A0734,Matthew Pawa,,,,1,Seeger Weiss; Hagens Berman Sobol Shapiro LLP,1,4,2873,Management,old_extracted,high
A0735,Benjamin Richman,,,,1,Edelson PC,1,4,2873,Management,old_extracted,high
A0736,Michael Stag,,,,1,"Stag Liuzza, LLC",1,4,2873,Management,old_extracted,high
A0737,J. Liat Rome,,,,1,Williams & Connolly LLP,1,4,2873,Management,old_extracted,high
A0738,Christina M. Falk,,,,1,"United States Department of Justice; United States Department of Justice, Civil Division, Environmental Torts Branch",1,4,2873,Management,old_extracted,high
A0739,Barry M. Hill,Barry Hill,,,1,"Hill Toriseva & Williams, PLLC; Hill Williams",2,3,"1657, 1909",Coordination; Management,new_extracted,high
A0740,Richard A. Freese,,,,1,"FREESE & GOSS, PLLC; Freese & Goss, PLLC",2,3,"1657, 2782",Bellwether; Management; Trial,new_extracted/old_extracted,high
A0741,Kimberly R. West,Kimberly West,,,1,"WALLACE, JORDAN, RATLIFF & BRANDT, LLC",2,3,"1657, 2406",Bellwether; LocalCounsel; Trial,new_extracted/old_extracted,high
A0742,Richard C. Stanley,,,,1,"Stanley, Flanagan & Reuter, LLC; Stanley, Reuter, Ross, Thornton & Alford, LLC",2,3,"1657, 2047",LeadCounsel; Management,new_extracted/old_extracted,high
A0743,James D. Young,,,,1,"OFFICE OF THE ATTORNEY GENERAL, STATE OF FLORIDA; Morgan & Morgan",2,3,"1657, 3080",LeadCounsel; Management,new_extracted,high
A0744,Thomas R. Kline,,,,1,"Kline & Specter, P.C.",2,3,"1657, 2654",Management,new_extracted,high
A0745,Carlene Rhodes Lewis,,,,1,,2,3,"1657, 1699",Management,new_extracted,high
A0746,Jamisen A. Etzel,Jamisen Etzel,,,1,"Carlson Lynch Sweet Kilpela & Carpenter, LLP; Carlson Lynch, LLP",2,3,"1674, 2968",ClassCounsel; LeadCounsel,new_extracted,high
A0747,"A. Hoyt Rowell, III",,,,1,"Richardson, Patrick, Westbrook & Brickman, LLC; Richardson, Patrick, Westbrook & Brickman, L.L.C.",2,3,"1674, 1865",ClassCounsel; LeadCounsel; Management,new_extracted,high
A0748,Peter W. Burg,Peter Burg,,,1,"Burg Simpson Eldredge Hersh Jardine, P.C.",2,3,"1699, 1909",Fees; Management,new_extracted,high
A0749,J. Paul Sizemore,Paul Sizemore,,,2,Giardi Keese; Girardi Keese,3,3,"1699, 1871, 1968",Management,new_extracted/old_extracted,merged
A0750,Amy W. Schulman,Amy Schulman,,,1,DLA Piper US LLP,3,3,"1699, 1850, 1909",Communications; LeadCounsel,new_extracted,high
A0751,Joseph M. Price,,,,1,FAEGRE & BENSON; Faegre & Benson,2,3,"1708, 1836",Communications,new_extracted/old_extracted,high
A0752,Jerome M. Marcus,,,,1,,1,3,1712,ClassCounsel; LeadCounsel,new_extracted,high
A0753,Jonathan Auerbach,,,,1,,1,3,1712,ClassCounsel; LeadCounsel,new_extracted,high
A0754,John Hargrove,John R. Hargrove,,,1,,1,3,1712,ClassCounsel; LeadCounsel,new_extracted,high
A0755,Richard A. Lockridge,Richard Lockridge,,,1,"Lockridge Grindal Nauen, PLLP; LOCKRIDGE GRINDAL NAUEN P.L.L.P.",3,3,"1431, 1708, 1960",Expert; LeadCounsel; Management,new_extracted/old_extracted,high
A0756,Jeff Lowe,,,,1,,2,3,"1718, 2100",Management,new_extracted,high
A0757,"Charles R. Houssiere, III",Charles Houssiere,,,1,,2,3,"1718, 2974",Management,new_extracted,high
A0758,Carolyn Beasley Burton,,,,1,THE MILLS LAW FIRM,1,3,1735,ClassCounsel; LeadCounsel,new_extracted,high
A0759,Mila Bartos,Mila F. Bartos,,,1,"Finkelstein, Thompson & Loughran; Finkelstein Thompson LLP",2,3,"1733, 2875",Management,new_extracted/old_extracted,high
A0760,Lori Andrus,Lori E. Andrus,,,2,"Lieff, Cabraser, Heimann & Bernstein; Andrus Liberty & Anderson LLP; Andrus Anderson, LLP",3,3,"1742, 1911, 2741",ClassCounsel; Communications; Coordination; Management,new_extracted/old_extracted,merged
A0761,Ronald Motley,Ronald L. Motley,,,1,Motley Rice; Motley Rice LLC,2,3,"1570, 1763",LeadCounsel; Management; Settlement,new_extracted/old_extracted,high
A0762,K. Camp Bailey,Camp Bailey,,,2,"Bailey Perrin Bailey; Bailey Peavy Bailey, PLLC",3,3,"1769, 1968, 2789",LeadCounsel; Management,new_extracted/old_extracted,merged
A0763,Craig C. Corbitt,Craig Corbitt,,,1,"Zelle Hofmann Voelbel Mason & Gette, LLP; Zelle Hofmann Voelbel & Mason LLP; Zelle, Hofmann, Voelbel, Mason & Gette LLP",3,3,"1566, 1775, 2029",LeadCounsel; Settlement,new_extracted/old_extracted,high
A0764,Mr. Henry A. Cirillo,Henry Cirillo,Henry A. Cirillo,,1,Furth Firm LLP,2,3,"1775, 1826",LeadCounsel,new_extracted,high
A0765,Anthony D. Irpino,Anthony Irpino,,,1,"Irpino, Avin & Hawkins; Irpino Law Firm",3,3,"1789, 2606, 2750",Management; ProSe,new_extracted/old_extracted,high
A0766,Michael T. Cole,,,,1,Nelson Mullins Riley & Scarborough LLP; Nelson Mullins Riley & Scarborough,3,3,"1785, 2502, 2514",Communications; LeadCounsel,new_extracted,high
A0767,John R. Wylie,,,,1,"Futterman Howard Watkins Wylie & Ashley, Chtd.",2,3,"1807, 2046",Management,new_extracted,high
A0768,Clayton Halunen,Clayton D. Halunen,,,1,Halunen & Associates,3,3,"1817, 2000, 2359",ClassCounsel; Management; Motions,new_extracted,high
A0769,Mark C. Tanenbaum,,,,1,"Mark C. Tanenbaum, P.A.",2,3,"1865, 2502",Communications; LeadCounsel; Management,new_extracted,high
A0770,Robert M. Foote,Robert Foote,,,1,"Foote, Meyers, Mielke & Flowers, L.L.C.; Foote, Meyers, Mielke & Flowers, LLC",3,3,"1865, 1997, 2406",Management,new_extracted/old_extracted,high
A0771,Jeffrey A. Klafter,,,,1,Klafter Lesser LLP,2,3,"1845, 2989",ClassCounsel; Management,new_extracted,high
A0772,Andrew Weinstock,Andrew D. Weinstock,,,1,"Duplass, Zwain, Bourgeois, Morton, Pfister & Weinstock, APLC",1,3,1873,Communications; Discovery,new_extracted,high
A0773,Robert G. Abrams,,,,2,Howery LLP; Howrey LLP,2,3,"1895, 1899",Communications; LeadCounsel,new_extracted,merged
A0774,Deborah A. Moeller,,,,1,Shook Hardy & Bacon LLP,2,3,"1909, 2187",LeadCounsel,new_extracted/old_extracted,high
A0775,"Matthew Wild, Esq.",Matthew S. Wild,Matthew Wild,,1,Wild Law Group PLLC,2,3,"1952, 2031",ClassCounsel; LeadCounsel,new_extracted,high
A0776,Barry Eichen,Barry R. Eichen,,,1,"Eichen, Levinson; Eichen Crutchlow Zaslow LLP",2,3,"1938, 2314",Management,new_extracted,high
A0777,Ronald S. Goldser,Ronald S Goldser,Ronald Goldser,,1,"Zimmerman Reed; Zimmerman Reed, PLLP",2,3,"1943, 2272",Communications; LeadCounsel; Management,new_extracted/old_extracted,high
A0778,Michael J. Freed,,,,1,FREED KANNER LONDON & MILLEN LLC,1,3,1957,ClassCounsel,new_extracted,high
A0779,Adam Pessin,,,,1,"FINE KAPLAN & BLACK, R.P.C.",1,3,1957,ClassCounsel,new_extracted,high
A0780,Donald Nolan,,,,1,Nolan Law Group,1,3,1953,Coordination; Management,new_extracted,high
A0781,Jeffrey B. Killino,,,,1,"Woloshin & Killino, P.C.",1,3,1953,Management,new_extracted,high
A0782,James P. Ulwick,James Ulwick,,,1,Kramon & Graham PA,2,3,"1982, 2879",ClassCounsel; Communications,new_extracted/old_extracted,high
A0783,Gregory L. Davis,Greg L. Davis,Greg Davis,,2,The Law Offices of Greg L. Davis,2,3,"1985, 2406",Coordination; Discovery; Management; Settlement,new_extracted/old_extracted,merged
A0784,John Davis,John Clark Davis,,,1,"Law Offices of John C. Davis; Slack Davis Sanger, LLP.",3,3,"1985, 2406, 2875",Discovery; Management; Motions,new_extracted/old_extracted,high
A0785,Mary Jane Fait,,,,1,"Wolf Haldenstein Adler Freeman & Herz LLC; WOLF HALDENSTEIN ADLER FREEMAN & HERZ, LLC",2,3,"1997, 2031",ClassCounsel; Communications; LeadCounsel; Management,new_extracted,high
A0786,Stephen A. Asher,Steven Asher,Steven A. Asher,,2,"Weinstein Kitchenoff & Asher, LLC; Weinstein Kitchenoff & Asher LLC",3,3,"1960, 2002, 2420",Communications; Discovery; LeadCounsel; Management,new_extracted/old_extracted,merged
A0787,Natalie Finkelman Bennett,,,,1,Shepherd Finkelman Miller & Shah - Media; SHEPHERD FINKELMAN MILLER & SHAH LLC; Shepherd Finkelman Miler & Shah LLP,3,3,"2001, 2472, 2516",Management,new_extracted/old_extracted,high
A0788,Gregory S. Weiss,,,,1,"Mrachek, Fitzgerald, Rose, Konopka & Dow, P.A.",2,3,"2046, 2047",ClassCounsel; Management,new_extracted/old_extracted,high
A0789,Shpetim Ademi,Stephen Ademi,,,2,"ADEMI LLP; Ademi & OReilly, LLP",3,3,"2046, 2286, 2709",ClassCounsel; Communications; Management,new_extracted/old_extracted,merged
A0790,Joseph Sauder,Joseph G. Sauder,,,1,Chimicles & Tikellis LLP,3,3,"2046, 2332, 2818",ClassCounsel; LeadCounsel; Management,new_extracted/old_extracted,high
A0791,Joseph P. Thomas,Joseph Thomas,,,1,Ulmer & Berne LLP,3,3,"2100, 2372, 2545",LeadCounsel,new_extracted/old_extracted,high
A0792,James P. Kreindler,,,,1,"Kreindler & Kreindler LLP; Kreindler & Kreindler, LLP/ Lipsitz, Green Scime Cambria, LLP",2,3,"1570, 2085",LeadCounsel; Management,new_extracted/old_extracted,high
A0793,Justin T. Green,,,,1,"Kreindler & Kreindler LLP; Kreindler & Kreindler, LLP/ Lipsitz, Green Scime Cambria, LLP",2,3,"1570, 2085",Communications; LeadCounsel; Management,new_extracted/old_extracted,high
A0794,Paul H. Saint-Antoine,Paul Saint-Antoine,Paul Saint-Antione,,2,"Drinker, Biddle & Reath, LLP; Drinker Biddle & Reath, LLP",2,3,"2081, 2460",Communications,new_extracted/old_extracted,merged
A0795,Michael J. McMorrow,MICHAEL J. MCMORROW,,,1,"Edelson McGuire LLC; Edelson McGuire, LLC; Smith & McMorrow, P.C.",2,3,"2103, 2261",ClassCounsel; LeadCounsel,new_extracted,high
A0796,Charles E. Tompkins,,,,1,Williams Montgomery & John Ltd.,1,3,2109,ClassCounsel; LeadCounsel,new_extracted,high
A0797,Guido Saveri,,,,1,"Saveri & Saveri, Inc; Saveri & Saveri",2,3,"1917, 2143",ClassCounsel; LeadCounsel; Management,new_extracted/old_extracted,high
A0798,Kendall Millard,,,,1,Barnes & Thornburg LLP,1,3,2196,Communications,new_extracted,high
A0799,Robert Eisler,,,,1,Grant & Eisenhofer P.A.,2,3,"2196, 2406",Discovery; Management,new_extracted/old_extracted,high
A0800,Mark J. Geragos,,,,1,"Geragos & Geragos APC; Geragos & Geragos; Geragos & Geragos, APC",3,3,"2199, 2220, 2795",LeadCounsel; Management,new_extracted/old_extracted,high
A0801,Jennifer Rives Culler,,,,1,"STACK & ASSOCIATES, P.C.",1,3,2218,Communications,new_extracted,high
A0802,Daniel Edelman,Daniel A. Edelman,,,1,"Edelman, Combs, Latturner & Goodwin, LLC; Edelman, Combs, Latturner & Goodwin",2,3,"2223, 2286",ClassCounsel; Communications; LeadCounsel,new_extracted/old_extracted,high
A0803,"Gerald J. Diaz, Jr.",Joey Diaz,,,2,The Diaz Law Firm; Diaz Law Firm,2,3,"2226, 3026",Management,new_extracted,merged
A0804,Glen DeValerio,,,,1,Berman DeValerio; BERMAN DEVALERIO,2,3,"2242, 2409",Communications,new_extracted,high
A0805,Robert Kitchenoff,Richard Kitchenoff,,,2,"Weinstein, Kitchenoff & Asher; Weinstein, Kitchenoff & Asher LLC",2,3,"2284, 2668",Communications; Management; Settlement,new_extracted,merged
A0806,Lucy J. Karl,,,,1,"SHAHEEN & GORDON, P.A.",2,3,"2263, 2320",ClassCounsel; LeadCounsel; Management,new_extracted/old_extracted,high
A0807,Stephanie OConnor,Stephanie O'Connor,,,1,"Douglas & London, P.C.; Douglas & London P.C.",3,3,"2299, 2342, 2789",LeadCounsel; Management,new_extracted/old_extracted,high
A0808,"William H. Billy Murphy, Jr.","William H. Murphy, Jr.",William H. Murphy III,,1,"Murphy Falcon Murphy; Murphy, Falcon & Murphy",2,3,"2314, 2800",Management,new_extracted/old_extracted,high
A0809,Paul R. Kiesel,Paul Kiesel,,,1,Kiesel Law LLP; Kiesel Boucher Larson LLP,2,3,"1871, 2314",Management,new_extracted/old_extracted,high
A0810,Andrew J. Lyskowski,Andrew Lyskowski,,,1,Bergmanis Law Firm LLC,2,3,"2314, 2443",Management,new_extracted,high
A0811,Margery Bronster,,,,1,Bronster Fujichaku Robbins A Law Corporation,2,3,"2314, 3036",Management; Settlement,new_extracted,high
A0812,"Douglas G. Thompson, Jr.",Douglas G. Thompson Jr.,Mr. Douglas Thompson,,1,Finkelstein Thompson LLP,2,3,"2328, 2437",LeadCounsel; Management,new_extracted/old_extracted,high
A0813,Michael Brady,Michael F. Brady,,,1,Brady & Associates,1,3,2328,ClassCounsel,new_extracted,high
A0814,"Walter H. Bundy, Jr.","W.H. Bundy, Jr.",,,2,"SMITH, BUNDY, BYBEE & BARNETT, P.C.; Smith Bundy, Bybee & Barnett P.C.; Smith, Bundy, Bybee & Barnett, PC",1,3,2333,ClassCounsel; Management,new_extracted,merged
A0815,Michael Everett Heygood,Michael Heygood,,,1,"Heygood, Orr, Pearson",2,3,"2372, 2672",Coordination; LeadCounsel; Management,new_extracted/old_extracted,high
A0816,Michael Lynch,Michael B. Lynch,,,1,THE MICHAEL BRADY LYNCH FIRM,2,3,"2385, 2691",Management,new_extracted/old_extracted,high
A0817,Eric Weinberg,Eric H. Weinberg,,,1,THE WEINBERG LAW FIRM,2,3,"2385, 2738",Management,new_extracted/old_extracted,high
A0818,Shawn J. Wanta,,,,1,Baillon Thume Jozwiak Miller & Wanta LLP; Baillon Thome Jozwiak & Wanta LLP; BAILLON THOME JOZWIAK & WANTA LLP,2,3,"2359, 2564",ClassCounsel; Discovery; LeadCounsel; Management,new_extracted,high
A0819,Beth E. Terrell,Beth Terrell,,,1,"Terrell Marshall Daudt & Willie, PLLC; TERRELL| MARSHALL LAW GROUP PLLC",2,3,"2416, 2493",ClassCounsel; LeadCounsel,new_extracted/old_extracted,high
A0820,Keith Keogh,Keith J. Keogh,,,1,"Keogh Law, Ltd.; Keogh Law Ltd.; Keogh Law, LTD",2,3,"2416, 2478",ClassCounsel; Communications; LeadCounsel,new_extracted,high
A0821,Stephen P. DeNittis,Stephen Denittis,,,1,"DeNittis Osefchen, P.C.; Denittis Osefchen Prince, P.C.",3,3,"2439, 2588, 2903",ClassCounsel; LeadCounsel; Management,new_extracted,high
A0822,Sergei Lemberg,,,,1,"Lemberg Law, LLC; Lemberg Law LLC",2,3,"2286, 2478",ClassCounsel; Communications; LeadCounsel,new_extracted/old_extracted,high
A0823,"Panagiotis Pete V. Albanis, Esq.",Pete Albanis,Panagiotis V. Albanis,,2,"MORGAN AND MORGAN COMPLEX LITIGATION GROUP; Morgan & Morgan, PA; MORGAN & MORGAN",3,3,"2577, 2688, 3079",ClassCounsel; Management,new_extracted,merged
A0824,Barrett J. Vahle,,,,1,Stueve Siegel Hanson LLP,1,3,2583,ClassCounsel; LeadCounsel; Management,new_extracted,high
A0825,James M. Evangelista,,,,1,"Harris Penn Lowry, LLP; Harris Penn Lowry LLP",1,3,2583,ClassCounsel; LeadCounsel; Management,new_extracted,high
A0826,Howard Longman,Howard T. Longman,,,1,"Stull, Stull & Brody",2,3,"2583, 2972",Management,new_extracted,high
A0827,Jonathan A. Sorkowitz,,,,1,Law Offices of Jonathan A. Sorkowitz; Pierce Bainbridge Beck Price & Hecht LLP,1,3,2903,Management,new_extracted,high
A0828,James Eubank,,,,1,"Beasley, Allen, Crow, Methvin, Portis & Miles, P.C.",1,3,2903,ClassCounsel,new_extracted,high
A0829,L. Timothy Fisher,,,,1,"Bursor & Fisher, P.A.",2,3,"2705, 2903",Management,new_extracted/old_extracted,high
A0830,Esther E. Berezofsky,Esther Berezofsky,,,1,"Williams Cuker Berezofsky; MOTLEY RICE, LLC",3,3,"2197, 2709, 2921",ClassCounsel; LeadCounsel; Management,new_extracted/old_extracted,high
A0831,Adam Pulaski,,,,1,"PULASKI KHERKHER, PLLC",1,3,2924,LeadCounsel; Vetting,new_extracted,high
A0832,Robert Brent Wisner,Brent Wisner,R. Brent Wisner,,3,"BAUM HEDLUND ARISTEI & GOLDMAN, P.C.",2,3,"2924, 3101",LeadCounsel; Management,new_extracted,merged
A0833,Gregory P. Hansel,,,,1,"Preti Flaherty, Beliveau & Pachios LLP; Preti Flaherty",2,3,"2875, 2931",Management,new_extracted/old_extracted,high
A0834,Steven Rotman,Steve Rotman,,,2,"Hausfeld, LLP; HAUSFELD",3,3,"2641, 2657, 2924",Management,new_extracted/old_extracted,merged
A0835,Leonard Bennett,Leonard A. Bennett,,,1,"Consumer Litigation Associates, P.C.",2,3,"2933, 3128",ClassCounsel; Management,new_extracted,high
A0836,Kristi Kelly,,,,1,"Kelly Guzzo PLC; Kelly Guzzo, PLC",2,3,"2933, 3128",ClassCounsel; LeadCounsel,new_extracted,high
A0837,Gretchen Garrison,,,,1,"Gray Ritter Graham; Gray, Ritter, Graham",1,3,2936,ClassCounsel,new_extracted,high
A0838,Ekwan Rhow,Ekwan Eric Rhow,,,1,"BIRD, MARELLA, BOXER, WOLPERT, NESSIM, DROOKS, LINCENBERG & RHOW, P.C.; Bird, Marella, Boxer, Wolpert, Nessim, Drooks, Lincenberg & Rhow, P.C.",1,3,2948,ClassCounsel; LeadCounsel,new_extracted,high
A0839,Stuart L. Goldenberg,Stuart Goldenberg,,,1,"Goldenberg Law, PLLC",2,3,"2641, 2949",Management,new_extracted/old_extracted,high
A0840,Lauren S. Miller,Lauren Sanderson Miller,,,2,"Hagens Berman Sobol Shapiro LLP; CORY WATSON, P.C.",2,3,"2924, 3014",Management,new_extracted,merged
A0841,George E. McLaughlin,,,,1,"Warshauer McLaughlin Law Group, P.C.",2,3,"2949, 3044",Bellwether; Discovery; Expert; LeadCounsel; Motions,new_extracted,high
A0842,Kirk Pope,N. Kirkland Pope,,,2,"Pope McGlamry, P.C.",2,3,"2949, 3044",LeadCounsel; Management,new_extracted,merged
A0843,Frank Ulmer,Frank B. Ulmer,,,1,McCulley McCluer LLC,1,3,2972,Communications,new_extracted,high
A0844,Karin Garvey,,,,1,Labaton Sucharow; Labaton Sucharow LLP,2,3,"2966, 2993",Management,new_extracted,high
A0845,Allison Ng,,,,1,"Greenberg Traurig, LLP",1,3,2974,Communications,new_extracted,high
A0846,Tara L. Blake,"Tara L. Blake, Esq.",,,1,Butler Snow LLP,1,3,2974,LeadCounsel,new_extracted,high
A0847,Timothy Clark,,,,1,"SANDERS PHILLIPS GROSSMAN, LLC",2,3,"2809, 2974",LeadCounsel; Management,new_extracted/old_extracted,high
A0848,Hannah Pfeifler,,,,1,"Aylstock Witkin Kries & Overholtz, PLLC; Wagstaff & Cartmell, LLP",2,3,"2974, 3094",Management,new_extracted,high
A0849,W.A. Edmondson,Drew Edmonson,,,2,Riggs Abney Neal Turpen Orbison & Lewis,1,3,2977,Communications; LocalCounsel,new_extracted,merged
A0850,Fidelma Fitzpatrick,,,,1,MOTLEY RICE; Motley Rice LLC,3,3,"2187, 2325, 2974",LeadCounsel; Management,new_extracted/old_extracted,high
A0851,"Robert M. Hammers, Jr.",,,,1,Schneider Hammers LLC,2,3,"2570, 2974",Management,new_extracted/old_extracted,high
A0852,Marcus Susen,Marcus J. Susen,,,1,Susen Law Firm; Susen Law Group,2,3,"2974, 3094",Management,new_extracted,high
A0853,"Roy T. Willey, IV",Roy Willey,,,1,"Anastopoulo Law Firm, LLC",2,3,"2989, 3037",Management,new_extracted,high
A0854,Rachel Furst,,,,2,Maderal Byrne & Furst PLLC; Grossman Roth Yaffa Cohen P.A.,2,3,"2599, 2989",ClassCounsel; Communications,new_extracted/old_extracted,merged
A0855,D. Nicole Guntner,D. Nicole Gunter,,,2,"Aylstock, Witkin, Kreis & Overholtz, PLLC; Aylstock, Witkin, Kreis & Overholtz PLLC",2,3,"2973, 3094",Management,new_extracted,merged
A0856,Rafey S. Balabanian,,,,1,Edelson PC,2,3,"2985, 3001",LeadCounsel,new_extracted,high
A0857,John Norris,,,,1,Davis & Norris,2,3,"2985, 3001",Management,new_extracted,high
A0858,Todd Logan,,,,1,Edelson PC,2,3,"2985, 3001",Management; Motions,new_extracted,high
A0859,Jill Manning,,,,1,Steyer Lowenthal,2,3,"2985, 3001",Discovery; Management,new_extracted,high
A0860,Cecily Shiel,,,,1,Tousley Brain and Stephens,2,3,"2985, 3001",Discovery; Management,new_extracted,high
A0861,Theo Benjamin,,,,1,Edelson PC,2,3,"2985, 3001",Discovery; Management,new_extracted,high
A0862,Glenn Chappell,,,,1,Tycko & Zavareei,2,3,"2985, 3001",Discovery; Management,new_extracted,high
A0863,Christin Cho,,,,1,Dovel & Luner,2,3,"2985, 3001",Discovery; Management,new_extracted,high
A0864,Hassan A. Zavareei,,,,1,Tycko & Zavareei LLP,2,3,"2985, 3001",Management; Vetting,new_extracted,high
A0865,Leslie LaMacchia,,,,1,"LaMacchia Law, PC; Pulaski Kherkher PLLC; Pulaski Law Firm",2,3,"2767, 3004",Management,new_extracted/old_extracted,high
A0866,Kimberly Barone Baden,Kimberly D. Barone Baden,,,1,Motley Rice LLC; MOTLEY RICE LLC,3,3,"2657, 2691, 3014",LeadCounsel; Management,new_extracted/old_extracted,high
A0867,Sandra Duggan,Sandra L. Duggan,,,1,"Levin Sedran & Berman LLP; Levin Sedran & Berman; Levin, Fishbein, Sedran & Berman",2,3,"2179, 3014",Fees; LeadCounsel; Management; Settlement,new_extracted/old_extracted,high
A0868,Kevin John Byron OMalley,Kevin J.B. O'Malley,Kevin O'Malley,,1,Nicoletti Hornig & Sweeney; NICOLETTI HORNIG & SWEENEY,1,3,3028,Communications; LeadCounsel; Management,new_extracted,high
A0869,Richard S. Wayne,,,,1,"Strauss Troy Co., LPA; Strauss Troy",2,3,"2827, 3025",ClassCounsel; LeadCounsel; Management,new_extracted/old_extracted,high
A0870,Steven Bloch,Steve Bloch,,,2,Silver Golub & Teitell LLP,2,3,"3025, 3144",ClassCounsel; Management,new_extracted,merged
A0871,Amber L. Schubert,Amber Schubert,,,1,Schubert Jonckheer & Kolbe LLP; Schubert Jonckheer & Kolbe,3,3,"3025, 3096, 3149",ClassCounsel; Management,new_extracted,high
A0872,Diane K. Watkins,Diane Watkins,,,1,Wagstaff & Cartmell,2,3,"3026, 3101",Management,new_extracted,high
A0873,Pearl A. Robertson,Pearl Robertson,,,1,Irpino Avin & Hawkins,2,3,"3026, 3080",Management,new_extracted,high
A0874,Andrea Giovannone,,,,1,"Dalimonte Rueb, LLP; Rueb Stoller Daniel",2,3,"2846, 3029",Management,new_extracted/old_extracted,high
A0875,Dean Graybill,,,,1,AARP Foundation,1,3,3035,Management,new_extracted,high
A0876,Elizabeth Hopkins,,,,1,"KANTOR & KANTOR LLP; Kantor & Kantor, LLP",1,3,3035,Management,new_extracted,high
A0877,E. Samuel Geisler,,,,1,"AYLSTOCK, WITKIN, KREIS & OVERHOLTZ PLLC",2,3,"3037, 3079",LeadCounsel; Management,new_extracted,high
A0878,Jason Goldstein,,,,1,Park Waichman,2,3,"3044, 3094",Management,new_extracted,high
A0879,Craig M. Silverman,Craig Silverman,,,1,Sullivan Paipan Block McManus Coffinas & Cannavo,2,3,"3044, 3094",Bellwether; Discovery; Expert; Management; Motions,new_extracted,high
A0880,Sin-Ting Mary Liu,,,,1,,1,3,3047,Management,new_extracted,high
A0881,Matthew Bergman,,,,1,,1,3,3047,Management,new_extracted,high
A0882,Previn Warren,,,,1,,1,3,3047,LeadCounsel,new_extracted,high
A0883,Elizabeth Castillo,Elizabeth T. Castillo,,,1,"Cotchett, Pitre & McCarthy; Cotchett, Pitre & McCarthy, LLP",2,3,"2993, 3051",Management,new_extracted,high
A0884,Steven M. Nathan,Steve Nathan,Steven Nathan,,2,HAUSFELD LLP,3,3,"3055, 3074, 3090",ClassCounsel; Discovery; Management,new_extracted,merged
A0885,Walter Noss,,,,1,Korein Tillery P.C.,1,3,3071,Management,new_extracted,high
A0886,Benjamin Widlanski,,,,1,Koyzak Tropin & Throckmorton LLP; Kozyak Tropin & Throckmorton LLP,2,3,"3071, 3080",LeadCounsel; Management,new_extracted,high
A0887,Samuel P. Funk,,,,1,"Sims Funk PLC; Sims Funk, PLC",1,3,3071,Communications; Management,new_extracted,high
A0888,Swathi Bojedla,,,,1,"Hausfeld, LLP",1,3,3071,ClassCounsel; LeadCounsel,new_extracted,high
A0889,Kaleigh Boyd,Kaleigh N. Boyd,,,1,Tousley Brian Stephens PLLC,1,3,3073,Management,new_extracted,high
A0890,Candace Smith,Candace N. Smith,,,1,Herman Jones LLP,1,3,3073,Management,new_extracted,high
A0891,Michael Maddigan,Michael M. Maddigan,,,1,Hogan Lovells US LLP,2,3,"3071, 3108",Coordination; Management,new_extracted,high
A0892,Ian J. Barlow,,,,1,Kershaw Talley Barlow PC; KERSHAW TALLEY & BARLOW,1,3,3078,ClassCounsel; LeadCounsel,new_extracted,high
A0893,Rebecca Phillips,,,,1,Lanier Law Firm,1,3,3081,LeadCounsel,new_extracted,high
A0894,Steve German,,,,1,Scout Law Group,1,3,3081,Communications; LocalCounsel; Management,new_extracted,high
A0895,Stuart Ratzan,,,,1,Ratzan Weissman & Boldt,1,3,3081,Management,new_extracted,high
A0896,Danielle Rogers,,,,1,Langdon & Emison,1,3,3081,Management,new_extracted,high
A0897,Larry Taylor,,,,1,"The Cochran Firm Dallas, PLLC",1,3,3081,Management,new_extracted,high
A0898,Alex Barlow,,,,1,Scott & Scott,1,3,3081,LeadCounsel; Management,new_extracted,high
A0899,Jenniffer Elwell,Jennifer Elwell,Jenny Elwell,,3,Berger Montague,1,3,3081,Management,new_extracted,merged
A0900,Aaron Dickey,,,,1,"Dickey Anderson, LLC",1,3,3081,Management,new_extracted,high
A0901,Robert Brown,,,,1,Robert Brown Law,1,3,3081,Management,new_extracted,high
A0902,Jakob Norman,,,,1,"Trial Lawyers for Justice, P.C.",1,3,3081,Management,new_extracted,high
A0903,Brandon Henry,,,,1,"Wagstaff & Cartmell, LLP; Wagstaff & Cartmell",2,3,"3081, 3140",Management; Trial,new_extracted,high
A0904,Ronnie Spiegel,,,,1,Joseph Saveri Law Firm; Joseph Saveri Law Firm LLP,2,3,"3080, 3108",Management,new_extracted,high
A0905,Sarah Gelsomino,,,,1,Friedman Gilbert + Gerhardstein; FRIEDMAN GILBERT + GERHARDSTEIN,1,3,3092,Management,new_extracted,high
A0906,Rene F. Rocha,,,,1,Morgan & Morgan,2,3,"2820, 3087",LeadCounsel; Management,new_extracted/old_extracted,high
A0907,John Michael Allen,,,,1,Frazer PLC; FRAZER PLC,1,3,3092,Management,new_extracted,high
A0908,Rachel Archambeau,,,,1,"Johnson Becker, PLLC; JOHNSON BECKER, PLLC",1,3,3092,Management,new_extracted,high
A0909,Lindsey K. Self,,,,1,Haber LLP; HABER LLP,1,3,3092,Management,new_extracted,high
A0910,Alex Parker,,,,1,Flint Cooper Cohn Thompson & Miracle; FLINT COOPER COHN THOMPSON & MIRACLE,1,3,3092,Management,new_extracted,high
A0911,Meghan P. Connolly,,,,1,Tittle & Perlmuter; LOWE SCOTT FISHER,1,3,3092,Management,new_extracted,high
A0912,Jessica Wieczorkiewicz,,,,1,Wallace Miller; WALLACE MILLER,1,3,3092,Management,new_extracted,high
A0913,Sara Papantonio,,,,1,"Levin, Papantonio, Proctor, Buchanan, OBrien, Barr & Mougey, P.A.; LEVIN, PAPANTONIO, RAFFERTY, PROCTOR, BUCHANAN, OBRIEN, BARR & MOUGEY, P.A.",1,3,3092,Management,new_extracted,high
A0914,P. Davis Cooper,,,,1,"Cooper Law Partners, PLLC; COOPER LAW PARTNERS PLLC",1,3,3092,Management,new_extracted,high
A0915,R. Stanley Gipe,,,,1,Dolman Law Group; DOLMAN LAW GROUP,1,3,3092,Management,new_extracted,high
A0916,N. John Bey,,,,1,Bey & Associates; BEY & ASSOCIATES,1,3,3092,Management,new_extracted,high
A0917,Erin Green Comite,Erin Comite,,,1,Scott + Scott Attorneys at Law LLP,2,3,"3090, 3108",ClassCounsel; Management,new_extracted,high
A0918,Allison Holt Ryan,,,,1,Hogan Lovells US LLP,1,3,3108,Communications; Coordination; LeadCounsel,new_extracted,high
A0919,Vassi Iliadis,,,,1,Hogan Lovells US LLP,1,3,3108,Communications; Coordination; LeadCounsel,new_extracted,high
A0920,Alicia J. Paller,,,,1,Hogan Lovells US LLP,1,3,3108,Communications; Coordination; LeadCounsel,new_extracted,high
A0921,Michael DellAngelo,Michael Dell'Angelo,,,1,Berger Montague; BERGER MONTAGUE PC,2,3,"3113, 3119",LeadCounsel,new_extracted,high
A0922,Karin Swope,,,,2,"Cotchett, Pitre & McCarthy LLP; Keller Rohrback LLP",2,3,"2827, 3119",Discovery; LeadCounsel; Management,new_extracted/old_extracted,merged
A0923,Natasha Fernandez-Silber,Natasha J. Fernandez-Silber,,,1,Edelson PC,2,3,"3121, 3148",ClassCounsel; LeadCounsel; Management,new_extracted,high
A0924,Adam Polk,Adam E. Polk,,,1,Girard Sharp; Girard Sharp LLP,2,3,"3108, 3115",Management,new_extracted,high
A0925,Frank Watson,,,,1,"Watson Burns, PLLC",1,3,3127,ClassCounsel; Communications,new_extracted,high
A0926,Eric Kafka,,,,1,Cohen Milstein Sellers & Toll PLLC,1,3,3144,LeadCounsel,new_extracted,high
A0927,Sharon K. Robertson,,,,1,"Cohen Milstein Sellers & Toll PLLC; Cohen Milstein Sellers & Toll, PLLC; COHEN MILSTEIN SELLERS & TOLL PLLC",3,3,"2332, 2472, 3148",ClassCounsel; LeadCounsel; Management,new_extracted/old_extracted,high
A0928,Bob Methvin,"Robert G. Methvin, Jr.",,,2,"Methvin, Terrell, Yancey, Stephens, & Miller, P.C.; McCallum Methvin & Terrell PC",3,3,"2406, 2595, 3148",Management; Settlement,new_extracted/old_extracted,merged
A0929,Lee McGartland,Lee Ann McGartland,,,1,McGartland Law Firm; The McGartland Law Firm,2,3,"2666, 3140",Fees; Management,new_extracted/old_extracted,high
A0930,Stanley M. Chesley,,,,1,"WAITE, SCHNEIDER, BAYLESS & CHESLEY CO., LPA",2,3,"1431, 2151",Management,old_extracted,high
A0931,Michael J. Miller,Michael Miller,Mike Miller,,2,"The Miller Firm; The Miller Firm, LLC; The Miller Firm LLC",3,3,"1871, 2187, 2741",LeadCounsel; Management,old_extracted,merged
A0932,Diogenes P. Kekatos,,,,1,,2,3,"2020, 2434",ClassCounsel; Communications,old_extracted,high
A0933,Aaron Podhurst,Aaron S. Podhurst,,,1,,2,3,"2036, 2406",LeadCounsel; Management; Settlement,old_extracted,high
A0934,W.B. Markovits,,,,1,,1,3,2151,Management,old_extracted,high
A0935,Monica R. Kelley,Monica R. Kelly,,,2,,1,3,2151,LeadCounsel; Motions,old_extracted,merged
A0936,Jerome L. Ringler,,,,1,,1,3,2151,Management,old_extracted,high
A0937,David Allen,,,,1,Cohen & Malad; COHEN & MALAD,2,3,"2187, 2440",Management,old_extracted,high
A0938,Erik Walker,,,,1,"Hissey Kientz, LLP; HISSEY KIENTZ, L.L.P.",3,3,"2187, 2440, 2642",Management,old_extracted,high
A0939,Andrea Roberts Pierson,,,,1,"FAEGRE BAKER DANIELS LLP; Baker Daniels, LLP",2,3,"2272, 2570",LeadCounsel,old_extracted,high
A0940,Michael Bonasso,,,,1,Flaherty Sensbaugh Bonasso PLLC,3,3,"2325, 2326, 2327",Communications,old_extracted,high
A0941,Michael Farrell,,,,1,"Farrell, White & Legg PLLC",3,3,"2325, 2326, 2327",Communications,old_extracted,high
A0942,John D. Winter,,,,1,Patterson Belknap Webb & Tyler; Patterson Belknap Webb & Tyler LLP,1,3,2391,Communications; LeadCounsel,old_extracted,high
A0943,John D. LaDue,John David LaDue,,,1,"LaDue Curran & Keuhn LLC; LaDue Curran & Kuehn LLC; LaDue, Curran & Kuehn",1,3,2391,Communications,old_extracted,high
A0944,Kimberly A. Dougherty,Kim Dougherty,,,2,"Janet, Jenner & Suggs, LLC; JANET, JENNER & SUGGS, LLC",2,3,"2419, 2657",Communications; Management,old_extracted,merged
A0945,Matthew J. McCauley,,,,1,Parker Waichman LLP,1,3,2434,LeadCounsel,old_extracted,high
A0946,Whitney Street,Whitney Erin Street,,,1,Block & Leviton LLP,2,3,"2437, 2687",LeadCounsel; Management,old_extracted,high
A0947,James C. Klick,James Klick,,,1,"Herman Herman & Katz LLC; Herman, Herman & Katz",2,3,"2428, 2657",LeadCounsel; Management,old_extracted,high
A0948,R. Clay Milling,,,,1,Henry Spiegel Milling LLP; HENRY SPIEGEL MILLING LLP,2,3,"2428, 2436",LeadCounsel; Management,old_extracted,high
A0949,Anthony J. Nemo,,,,1,"Meshbesher & Spence, Ltd.; MESHBESHER & SPENCE, LTD.",1,3,2441,Communications; Fees,old_extracted,high
A0950,Richard Schlueter,Richard R. Schlueter,,,1,"Childers, Schlueter & Smith, LLC",3,3,"2441, 2666, 2768",Management,old_extracted,high
A0951,Karl C. Cambronne,Karl L. Cambronne,,,1,Chestnut Cambronne PA; CHESTNUT CAMBRONNE PA,1,3,2522,ClassCounsel; LeadCounsel,old_extracted,high
A0952,Allison P. Fry,Allison Fry,,,1,"John Arthur Eaves, Attorneys at Law",1,3,2557,Communications,old_extracted,high
A0953,Maury A. Herman,,,,1,"HERMAN, HERMAN & KATZ LLC",1,3,2545,Management,old_extracted,high
A0954,T. Matthew Leckman,,,,1,"POGUST, BRASLOW & MILLROOD, LLC",1,3,2545,Management,old_extracted,high
A0955,Matthew Teague,,,,1,"BEASLEY, ALLEN, CROW, METHVIN, PORTIS & MILES, P.C.",1,3,2545,Management,old_extracted,high
A0956,Gregory Spizer,Gregory S. Spizer,,,1,ANAPOL SCHWARTZ,1,3,2545,Management,old_extracted,high
A0957,"Elwood C. Stevens, Jr.",,,,1,"DOMENGEAUX, WRIGHT, ROY & EDWARDS, L.L.C.",1,3,2545,Management,old_extracted,high
A0958,Alex H. MacDonald,,,,1,"MACDONALD, ROTHWEILER, EISENBERG, LLP",1,3,2545,Management,old_extracted,high
A0959,David S. Ratner,,,,1,"MORELLI, ALTERS, RATNER LLP",1,3,2545,Management,old_extracted,high
A0960,Brian J. Perkins,,,,1,MEYERS & FLOWERS,1,3,2545,Communications,old_extracted,high
A0961,Myron Cherry,,,,1,MYRON M. CHERRY & ASSOCIATES,1,3,2545,Communications,old_extracted,high
A0962,David C. DeGreeff,,,,1,Wagstaff & Cartmell LLP,1,3,2570,Management,old_extracted,high
A0963,Douglas B. King,,,,1,WOODEN & MCLAUGHLIN LLP,1,3,2570,LeadCounsel,old_extracted,high
A0964,Jeff Friedman,,,,1,Friedman Dazzio Zulanas & Bowling PC,1,3,2595,ClassCounsel; LeadCounsel; Management,old_extracted,high
A0965,Richard Smith,Richard W. Smith,,,1,Christian & Small LLP; Wiley Rein LLP,2,3,"2595, 2875",Communications; LocalCounsel; Management,old_extracted,high
A0966,Douglas P. Lobel,,,,1,COOLEY LLP; Cooley LLP,2,3,"2587, 2795",Communications; LeadCounsel; Management,old_extracted,high
A0967,David A. Vogel,,,,1,COOLEY LLP; Cooley LLP,2,3,"2587, 2795",Communications; LeadCounsel; Management,old_extracted,high
A0968,Christopher I. Brain,,,,1,Tousley Brain Stephens PLLC; TOUSLEY BRAIN STEPHENS PLLC,1,3,2633,LeadCounsel,old_extracted,high
A0969,Kim D. Stephens,,,,1,Tousley Brain Stephens PLLC; TOUSLEY BRAIN STEPHENS PLLC,1,3,2633,LeadCounsel; Management,old_extracted,high
A0970,Chase C. Alvord,,,,1,Tousley Brain Stephens PLLC; TOUSLEY BRAIN STEPHENS PLLC,1,3,2633,LeadCounsel,old_extracted,high
A0971,Mark A. Friel,,,,1,Stoll Stoll Berne Lokting & Shlachter P.C.; STOLL STOLL BERNE LOKTING & SHLACHTER P.C.,1,3,2633,Communications,old_extracted,high
A0972,Diane Flannery,Dianne Flannery,,,3,McGuireWoods LLP; McGuire Woods LLP,2,3,"2627, 2743",LeadCounsel; Settlement,old_extracted,merged
A0973,Jennifer R. Liakos,Jennifer Liakos,,,1,"Napoli Shkolnik PLLC; Napoli Shkolnik, PLLC",3,3,"2691, 2734, 2885",Expert; Management,old_extracted,high
A0974,Devora W. Allon,,,,1,Kirkland & Ellis LLP,1,3,2724,Communications,old_extracted,high
A0975,Sarah F. Kirkpatrick,Sarah Kirkpatrick,,,1,"Williams & Connolly, LLC; Williams and Connelly",1,3,2724,Communications,old_extracted,high
A0976,Kendra E. Samson,,,,1,"Neal & Harwell, PLC",1,3,2724,Management,old_extracted,high
A0977,Habib Nasrullah,,,,1,Wheeler Trigg ODonnell LLP,1,3,2740,Settlement,old_extracted,high
A0978,Brian S. Rudick,,,,1,,1,3,2740,Settlement,old_extracted,high
A0979,"Lawrence J. Centola, III",,,,1,"Martzell, Bickford, & Centola; Martzell, Bickford & Centola",2,3,"2740, 2754",Management,old_extracted,high
A0980,Bruce H. Nagel,,,,1,Nagel Rice LLP,1,3,2740,Settlement,old_extracted,high
A0981,Jon Strongman,John Strongman,,,2,"Shook, Hardy & Bacon",1,3,2740,Settlement,old_extracted,merged
A0982,Gregory F. Coleman,,,,1,Greg Coleman Law PC; GREG COLEMAN LAW PC,2,3,"2744, 2886",ClassCounsel; Management,old_extracted,high
A0983,Derek K. Burch,,,,1,"Burch, George & Germany",1,3,2775,Management,old_extracted,high
A0984,Charles Weddle,,,,1,White & Weddle,1,3,2775,Management,old_extracted,high
A0985,Laura Pittner,,,,2,"GoldenbergLaw, PLLC; Goldenberg Law; Goldenberg Law, PLLC",2,3,"2776, 2859",Management,old_extracted,merged
A0986,Brian C. Fries,,,,1,"Lathrop Gage LLP; Lathrop GPM, LLP",1,3,2785,Communications,old_extracted,high
A0987,Shannon Pennock,,,,1,Pennock Law Firm,2,3,"2754, 2789",Management,old_extracted,high
A0988,Arthur E. Brown,,,,1,"Arnold & Porter Kaye Scholer, LLP; Arnold & Porter Kaye Scholer LLP",1,3,2792,Communications; LeadCounsel,old_extracted,high
A0989,Rex Sharp,,,,1,,1,3,2785,ClassCounsel; LeadCounsel,old_extracted,high
A0990,Steven A. Reed,,,,1,"Morgan, Lewis & Bockius LLP; Morgan Lewis and Bockius LLP",2,3,"2804, 2836",LeadCounsel; Settlement,old_extracted,high
A0991,Peggy J. Wedgworth,Peggy Wedgworth,,,1,Milberg Tadler Phillips Grossman LLP,1,3,2817,ClassCounsel; LeadCounsel,old_extracted,high
A0992,Leonard A. Bellavia,Leonard Bellavia,,,1,"Bellavia Blatt, PC",1,3,2817,Management,old_extracted,high
A0993,James Barz,,,,1,Robbins Geller Rudman & David LLP,1,3,2817,Management,old_extracted,high
A0994,Frank Richter,,,,1,Robbins Geller Rudman & David LLP,1,3,2817,Management,old_extracted,high
A0995,Lauren E. Godshall,,,,1,"Morris Bart, LLC",1,3,2846,Management,old_extracted,high
A0996,David J. Butler,David Butler,,,1,Taft Stettinius & Hollister LLP; Taft Stettinius & Hollister L.L.P.,1,3,2846,Communications; Management,old_extracted,high
A0997,"Steven C. Babin, Jr.",Steve Babin,,,2,"Babin Law, LLC",2,3,"2846, 2875",Management,old_extracted,merged
A0998,Andrew Norden,,,,1,"Osborne & Francis; Osborne & Associates Law Firm, P.A.",1,3,2859,LeadCounsel; Management,old_extracted,high
A0999,Ashley Campbell,,,,1,SL Environmental Law Group,1,3,2873,Management,old_extracted,high
A1000,Kaitlyn Maxwell,Kaitlyn R. Maxwell,,,1,"Greenberg Traurig, LLP; Greenberg Taurig, LLP",1,3,2873,Management,old_extracted,high
A1001,Stephanie Biehl,"Stephanie Biehl, Esq.",,,1,"Sher Edling, LLP",1,3,2873,Management,old_extracted,high
A1002,Jessica Pahl,,,,1,Williams & Connolly LLP,1,3,2873,Management,old_extracted,high
A1003,Brent Dwerlkotte,,,,1,"Shook Hardy & Bacon, L.L.P.",1,3,2873,Management,old_extracted,high
A1004,David Hammack,,,,1,"United States Department of Justice; United States Department of Justice, Civil Division, Environmental Torts Branch",1,3,2873,Management,old_extracted,high
A1005,Haroon Anwar,,,,1,"United States Department of Justice; United States Department of Justice, Civil Division, Environmental Torts Branch",1,3,2873,Management,old_extracted,high
A1006,Renee Finch,,,,1,Messner Reeves LLP,1,3,2885,Management,old_extracted,high
A1007,Gregory Graf,Gregory C. Graf,,,1,"Bertram & Graf, LLC",1,3,2885,Expert,old_extracted,high
A1008,Edward Rowan,Edward P. Rowan,,,1,"Taylor Martino, P.C.",1,3,2885,,old_extracted,high
A1009,Grant L. Davis,,,,1,"DAVIS, BETHUNE & JONES, LLC",1,2,1657,Management,new_extracted,high
A1010,Michael A. Stratton,,,,1,,1,2,1657,Communications,new_extracted,high
A1011,Shawn G. Foster,,,,1,,1,2,1657,Management,new_extracted,high
A1012,Ann B. Oldfather,,,,1,,1,2,1657,LeadCounsel; Management,new_extracted,high
A1013,Richard Getty,,,,1,,1,2,1657,Fees,new_extracted,high
A1014,James Lyle,,,,1,,1,2,1657,Fees,new_extracted,high
A1015,Art Sadin,,,,1,"SADIN LAW FIRM, P.C.",1,2,1657,Bellwether; Trial,new_extracted,high
A1016,William Riley,,,,1,"PRICE WAICUKAUSKI & RILEY, LLC",1,2,1657,Bellwether; Trial,new_extracted,high
A1017,Christopher J. McDonald,,,,1,LABATON SUCHAROW LLP,1,2,1657,Bellwether; Trial,new_extracted,high
A1018,Eric L. Young,,,,1,KENNEY EGAN MCCAFFERTY & YOUNG,1,2,1657,Bellwether; Trial,new_extracted,high
A1019,Andrew Yung,,,,1,SCOTT YUNG LLP,1,2,1657,Bellwether; Trial,new_extracted,high
A1020,"Garve W. Ivey, Jr.",,,,1,THE IVEY LAW FIRM,1,2,1657,Bellwether; Trial,new_extracted,high
A1021,Pamela B. Slate,,,,1,"SLATE KENNEDY, LLC",1,2,1657,Bellwether; Trial,new_extracted,high
A1022,Douglas R. Marvin,,,,1,"Williams & Connolly, LLP",1,2,1657,LeadCounsel; Management,new_extracted,high
A1023,Theodore V.H. Mayer,,,,1,Hughes Hubbard & Reed LLP,1,2,1657,Management,new_extracted,high
A1024,Anthony M. DiLeo,,,,1,Stone Pigman Walther Wittmann LLC,1,2,1657,Management,new_extracted,high
A1025,Matthew B. Kaplan,,,,2,"Cohen, Milstein, Hausfeld & Toll, P.L.L.C.; Kaplan Law Firm",2,2,"1656, 3111",ClassCounsel; LeadCounsel; LocalCounsel,new_extracted,merged
A1026,Randall M. Fox,,,,1,"OFFICE OF ANDREW M. CUOMO, NEW YORK STATE ATTORNEY GENERAL",1,2,1657,Management,new_extracted,high
A1027,James E. Fosler,,,,1,"FOSLER LAW GROUP, INC.",1,2,1657,Management,new_extracted,high
A1028,"Stuart A. Kritzer, Esquire",,,,1,"LAW OFFICES OF STUART A. KRITZER, P.C.",1,2,1657,Management,new_extracted,high
A1029,John Low-Beer,,,,1,NEW YORK CITY LAW DEPARTMENT,1,2,1657,Management,new_extracted,high
A1030,H. Vincent McKnight,,,,1,"ASHCRAFT & GEREL, LLP",1,2,1657,Management,new_extracted,high
A1031,Diane Paolicelli,,,,1,"LEVY PHILLIPS & KONINGSBERG, LLP",1,2,1657,Management,new_extracted,high
A1032,Bill Rossbach,,,,1,"ROSSBACH HART, PC",1,2,1657,Management,new_extracted,high
A1033,Mark C. Schultz,,,,1,"COHEN, PLACITELLA & ROTH",1,2,1657,Management,new_extracted,high
A1034,Joseph W Steele V,,,,1,"STEELE & BIGGS, LLC",1,2,1657,Management,new_extracted,high
A1035,Drew Ranier,,,,1,,1,2,1657,Management,new_extracted,high
A1036,David M. Skeens,,,,1,"Walters Bender Strohbehn & Vaughan, P.C.",1,2,1674,ClassCounsel,new_extracted,high
A1037,J. Michael Vaughan,,,,1,"Walters Bender Strohbehn & Vaughan, P.C.",1,2,1674,ClassCounsel,new_extracted,high
A1038,Garrett M. Hodes,,,,1,"Walters Bender Strohbehn & Vaughan, P.C.",1,2,1674,ClassCounsel,new_extracted,high
A1039,William H. Parish,,,,1,"Parish & Small, PC",1,2,1682,LeadCounsel,new_extracted,high
A1040,Daniel Myers,,,,1,"Richardson, Patrick, Westbrook & Brickman, LLC",1,2,1674,ClassCounsel,new_extracted,high
A1041,Peter H. Burke,Peter Burke,,,1,"Whatley Drake, LLC",2,2,"1658, 2406",ClassCounsel; LeadCounsel,new_extracted/old_extracted,high
A1042,Thomas W. Withers,Thomas A. Withers,,,1,"Gillen, Withers & Lake, LLC",2,2,"1677, 2583",Communications; Management,new_extracted,high
A1043,Timothy A. Pratt,,,,1,SHOOK HARDY & BACON LLP,1,2,1708,LeadCounsel,new_extracted,high
A1044,D. Michael Campbell,,,,1,Campbell Law,2,2,"1718, 2359",Management; Motions,new_extracted,high
A1045,Paul O. Paradis,,,,1,"ABBEY SPANIER RODD ABRAMS & PARADIS LLP; ABBEY SPANIER RODD ABRAMS & PARADIS, LLP",2,2,"1730, 1737",ClassCounsel; LeadCounsel; Management,new_extracted,high
A1046,Dan Berger,,,,1,"BERGER & MONTAGUE, PC",1,2,1730,Management,new_extracted,high
A1047,Stuart Des Roches,,,,1,"ODOM & DES ROCHES, L.L.P.",1,2,1730,Management,new_extracted,high
A1048,Greg Odom,,,,1,"ODOM & DES ROCHES, L.L.P.",1,2,1730,Management,new_extracted,high
A1049,David P. Smith,,,,1,"PERCY, SMITH & FOOTE",1,2,1730,Management,new_extracted,high
A1050,Robert Blanchard,,,,1,"Levin, Papantonio, Thomas, Mitchell, Echsner & Procter, PA; Levin, Papantonio, Thomas, Mitchell, Echsner & Proctor, P.A.",2,2,"1742, 1968",Management,new_extracted,high
A1051,Robert C. Tucker,,,,1,Tucker Ellis & West LLP,2,2,"1742, 2197",LeadCounsel,new_extracted/old_extracted,high
A1052,Julie A. Callsen,Julie Callsen,,,1,Tucker Ellis & West LLP; Tucker Ellis & West,1,2,1742,Communications,new_extracted,high
A1053,Russel H. Beatie,,,,1,BEATIE AND OSBORN LLP; Beatie & Osborn LLP,2,2,"1760, 1789",LeadCounsel; Management,new_extracted,high
A1054,Robert G. Germany,Bob Germany,,,2,"PITTMAN, GERMANY, ROBERTS & WELSH, L.L.P.; Pittman, Germany, Roberts & Welsh, LLP",2,2,"1760, 1789",Management,new_extracted,merged
A1055,Joe G. Hollingsworth,Joe Hollingsworth,,,1,Spriggs & Hollingsworth; Hollingsworth LLP,2,2,"1760, 3006",LeadCounsel,new_extracted,high
A1056,Fred T. Magaziner,,,,1,Dechert LLP; DECHERT,2,2,"1431, 1769",Communications; LeadCounsel,new_extracted/old_extracted,high
A1057,Barbara Hart,,,,1,Labaton Sucharow & Rudoff LLP,1,2,1775,ClassCounsel; LeadCounsel,new_extracted,high
A1058,Louis Battista,,,,1,"Krupnick, Campbell, Malone, et al; Krupnick, Campbell, Malone, et al.",1,2,1789,Management,new_extracted,high
A1059,"Gedney M. Howe, III",,,,1,,1,2,1785,Communications,new_extracted,high
A1060,Kirk D. Tresemer,,,,1,"IRWIN & BOESEN, P.C.; Irwin & Boesen, P.C.",2,2,"1790, 2153",ClassCounsel; Communications; LeadCounsel; Management,new_extracted/old_extracted,high
A1061,Peter J. McNulty,,,,1,MCNULTY LAW FIRM; McNulty Law Firm,2,2,"1790, 2153",ClassCounsel; Communications; LeadCounsel; Management,new_extracted/old_extracted,high
A1062,Melissa M. Harnett,Melissa Harnett,,,1,"Wasserman, Comden & Casselman LLP; Wasserman, Comden & Casselman, L.L.P.",2,2,"1785, 1822",ClassCounsel; Management,new_extracted,high
A1063,Daniel R. Karon,Daniel Karon,,,1,Goldman Scarlato & Karon; Goldman Scarlato Karon & Penny PC,2,2,"1785, 2460",Management,new_extracted/old_extracted,high
A1064,Bruce Afran,,,,1,the Mayer Law Group; Mayer Law Group,1,2,1791,ClassCounsel,new_extracted,high
A1065,John Murdock,,,,1,"Murdock, Goldenberg, Schneider & Groh, LPA",1,2,1796,ClassCounsel,new_extracted,high
A1066,Douglas Rosinski,,,,1,"Ogletree, Deakins, Nash, Smoak & Stewart, P.C",1,2,1796,ClassCounsel,new_extracted,high
A1067,Donald Cockrill,,,,1,"Ogletree, Deakins, Nash, Smoak & Stewart, P.C",1,2,1796,ClassCounsel,new_extracted,high
A1068,Marc Mezibov,,,,1,,1,2,1796,ClassCounsel,new_extracted,high
A1069,Mark Smilow,,,,1,Weiss & Lurie,1,2,1796,ClassCounsel,new_extracted,high
A1070,Jeffery G. Smith,Jeffrey G. Smith,,,2,Wolf Haldenstein Adler Freeman & Herz LLP,1,2,1807,LeadCounsel; Management,new_extracted,merged
A1071,Edward J. Wynne,,,,1,the Wynne Law Firm; Wynne Law Firm,1,2,1807,Management,new_extracted,high
A1072,Gerald D. Wells III,Gerald D. Wells II,,,1,"Schiffrin, Barroway, Topaz & Kessler LLP",1,2,1807,Management,new_extracted,high
A1073,James F. Clapp,,,,1,"Dostart Clapp Gordon & Coveney, LLP",1,2,1807,Management,new_extracted,high
A1074,John Halebian,,,,1,Lovell Steward Halebian LLP; Lovell Stewart Halebian LLP,1,2,1807,Management,new_extracted,high
A1075,John Kelson,,,,1,the John M. Kelson Law Office; John M. Kelson Law Office,1,2,1807,Management,new_extracted,high
A1076,Mark J. Tamblyn,Mark J.Tamblyn,,,1,Wexler Toriseva Wallace LLP; Wexler Wallace LLP,1,2,1820,ClassCounsel; LeadCounsel,new_extracted,high
A1077,David J. George,,,,1,Coughlin Stoia Geller Rudman & Robbins LLP,1,2,1820,ClassCounsel; LeadCounsel,new_extracted,high
A1078,Jack Lee,Lee,,,2,Minami,1,2,1827,Communications,new_extracted,merged
A1079,Albert Boro,Boro,,,2,Pillsbury,1,2,1827,Communications,new_extracted,merged
A1080,Lester L. Levy,,,,1,Wolf Popper LLP,2,2,"1838, 1968",ClassCounsel; Management,new_extracted,high
A1081,Martin M. Loring,,,,1,"Blackwell Sanders, LLP",1,2,1840,Communications,new_extracted,high
A1082,Richard Paul Rouco,Richard Rouco,,,1,"Whatley, Drake & Kallas, L.L.C.",2,2,"1865, 2406",Management; Motions,new_extracted/old_extracted,high
A1083,Pete Strom,,,,1,"Strom Law Firm, L.L.C.",2,2,"1865, 2406",Management; Trial,new_extracted/old_extracted,high
A1084,"Robert E. DeRose, II",Robert E. DeRose,,,1,"Barkan Neff Handelman Meizlish, LLP; Barakan Neff Handelman Meizlish LLP",2,2,"1854, 2025",ClassCounsel; Management,new_extracted,high
A1085,James Neale,,,,1,McGuireWoods LLP,1,2,1845,Communications,new_extracted,high
A1086,Angela M. Spivey,,,,1,McGuireWoods LLP,1,2,1845,Communications,new_extracted,high
A1087,Bethany G. Lukitsch,,,,1,McGuireWoods LLP,1,2,1845,Communications,new_extracted,high
A1088,Justin I. Woods,Justin Woods,,,1,"Gainsburgh, Benjamin, David, Meunier & Warshauer, L.L.C.",1,2,1873,Communications; Discovery,new_extracted,high
A1089,Matthew B. Moreland,Matt Moreland,,,2,,2,2,"1873, 2328",Management,new_extracted,merged
A1090,Livia M. Kiser,,,,1,Latham & Watkins LLP,1,2,1907,Communications; LeadCounsel,new_extracted,high
A1091,Jim Doyle,,,,1,"Williams, Kherkher, Hart & Boundas LLP",1,2,1905,Management,new_extracted,high
A1092,R. Jackson Drake,,,,1,Whatley Drake & Kallas; Whatley Drake & Kallas LLC,1,2,1905,Management,new_extracted,high
A1093,Marcus L. Stevenson,,,,1,"Sanford, Stevenson Riff LLP; Sanford Stevenson Riff LLP",1,2,1905,Management,new_extracted,high
A1094,Leila H. Watson,,,,1,"Corey, Watson, Crowder & DeGaris, P.C.",1,2,1905,Management,new_extracted,high
A1095,George W. Soule,,,,1,Bowman & Brooke LLP,1,2,1905,Communications,new_extracted,high
A1096,Jennifer K. Huelskoetter,,,,1,Bowman & Brooke LLP,1,2,1905,Communications,new_extracted,high
A1097,Melissa R. Stull,,,,1,Bowman & Brooke LLP,1,2,1905,Communications,new_extracted,high
A1098,"Peter W. Herzog, III",Peter W. Herzog III,,,1,Bryan Cave LLP,2,2,"1911, 1914",ClassCounsel; LeadCounsel,new_extracted,high
A1099,Mark S. Mester,,,,1,Latham & Watkins LLP,2,2,"1907, 2492",LeadCounsel,new_extracted/old_extracted,high
A1100,Peter J. Brodhead,,,,1,"Spangenberg, Shibley & Liber; Spangenberg, Shibley & Liber, LLP",1,2,1909,Communications; Management,new_extracted,high
A1101,Thomas C. Jessee,,,,1,Jessee & Jessee,1,2,1899,Communications,new_extracted,high
A1102,Paul H. Friedman,,,,1,Dechert LLP,1,2,1899,Communications; LeadCounsel,new_extracted,high
A1103,Carolyn H. Feeney,,,,1,Dechert LLP,1,2,1899,Communications,new_extracted,high
A1104,"Richard L. Wyatt, Jr.",,,,1,"Akin Gump Strauss Hauer & Feld, LLP",1,2,1899,LeadCounsel,new_extracted,high
A1105,Thomas R. Curtin,,,,2,"Graham Curtin, P.A.; MCELROY, DEUTSCH, MULVANEY & CARPENTER, LLP",2,2,"1914, 3113",Communications,new_extracted,merged
A1106,E. Armistead (Armi) Easterby,,,,1,"Williams Kherkher Hart Boundas, LLC",1,2,1928,ClassCounsel; Management,new_extracted,high
A1107,Joey Danis,,,,1,"Carey and Danis, LLC",1,2,1928,Management,new_extracted,high
A1108,Steven E. Derringer,,,,1,Bartlit Beck Herman Palenchar & Scott LLP,1,2,1928,LeadCounsel,new_extracted,high
A1109,Eugene A. Schoon,,,,1,Sidley Austin LLP,1,2,1928,LeadCounsel,new_extracted,high
A1110,Richard K. Dandrea,,,,1,"Eckert Seamans Cherin & Mellott, LLC",1,2,1928,LeadCounsel,new_extracted,high
A1111,Susan Artinian,,,,1,Dykema Gossett PLLC,1,2,1928,LeadCounsel,new_extracted,high
A1112,Patricia E. Lowry,,,,1,"Squire, Sanders & Dempsey L.L.P.",1,2,1928,Communications,new_extracted,high
A1113,Frederic S. Fox,,,,1,"Kaplan Fox & Kilsheimer LLP; KAPLAN, FOX & KILSHEIMER, LLP",2,2,"1431, 1940",ClassCounsel; LeadCounsel; Management,new_extracted/old_extracted,high
A1114,William Robinson,,,,1,Leclair Ryan; LeClair Ryan,1,2,1943,LeadCounsel,new_extracted,high
A1115,Michael J. Quirk,,,,2,"WILLIAMS CUKER BEREZOFSKY; MOTLEY RICE, LLC",2,2,"1955, 2709",ClassCounsel; LeadCounsel,new_extracted/old_extracted,merged
A1116,Kurt B. Arnold,,,,1,Arnold & Itkin LLP,1,2,1953,Management,new_extracted,high
A1117,Gary D. McCallister,,,,1,"Gary D. McCallister & Associates, LLC",1,2,1957,ClassCounsel,new_extracted,high
A1118,Martin R. Fox,,,,1,"BLEAU FOX, A P.L.C.",1,2,1957,ClassCounsel,new_extracted,high
A1119,Daniel Shulman,,,,1,"Gray, Plant, Mooty, Mooty& Bennett, P.A.",1,2,1957,ClassCounsel,new_extracted,high
A1120,David Black,,,,1,Perkins Coie LLP,2,2,"1958, 2247",ClassCounsel,new_extracted,high
A1121,Joel R. Rhine,,,,1,"Rhine Law Firm, P.C.",2,2,"1958, 2047",ClassCounsel,new_extracted/old_extracted,high
A1122,G. Erick Rosemond,Erick Rosemond,,,2,"Hissey Kientz, L.L.P.; Hissey Kientz, L.L.P",1,2,1968,Management,new_extracted,merged
A1123,Robert B. Carey,,,,1,Hagens Berman Sobol Shapiro LLP; Hagens Berman Sobol Shapiro,2,2,"1977, 2567",ClassCounsel; LeadCounsel,new_extracted/old_extracted,high
A1124,Leonard W. Aragon,,,,1,Hagens Berman Sobol Shapiro LLP,2,2,"1977, 3149",ClassCounsel; Management,new_extracted,high
A1125,M. Alex Goldsmith,,,,1,"Christian & Small, LLP",1,2,1985,Communications,new_extracted,high
A1126,Matthew P. Moriarty,,,,1,Tucker Ellis and West LLP,2,2,"1968, 2740",LeadCounsel; Settlement,new_extracted/old_extracted,high
A1127,Fred Taylor Isquith,,,,1,Wolf Haldenstein; Wolf Haldenstein Adler Freeman & Herz LLP,2,2,"1997, 2542",Communications; Management,new_extracted/old_extracted,high
A1128,C. Wes Pittman,Wes Pittman,,,2,"Pittman & Perry, PA",2,2,"1985, 2406",Coordination; Discovery; Expert; Management; Motions; Settlement,new_extracted/old_extracted,merged
A1129,John F. Nevares,John Nevares,,,1,"John F. Nevares & Associates, P.S.C.",2,2,"1960, 2223",ClassCounsel; Communications; Management,new_extracted,high
A1130,Paul M. Weiss,,,,1,Freed & Weiss; Complex Litigation Group LLC,2,2,"2001, 2415",Management,new_extracted,high
A1131,Mark Schlachet,,,,1,,2,2,"2001, 2220",Management,new_extracted,high
A1132,Edward W. Ciolko,,,,1,"Barroway Topaz Kessler Meltzer & Check, LLP; Kessler Topaz Meltzer & Check, LLP",2,2,"2003, 2508",ClassCounsel; LeadCounsel; Settlement,new_extracted,high
A1133,Ralph K. Phalen,,,,1,"Ralph K. Phalen, Attorney at Law",2,2,"1998, 2046",Management,new_extracted,high
A1134,Christine M. Ford,Christine Ford,,,1,"Meiselman, Denlea, Packman, Carton & Eberz P.C.",1,2,2023,Management,new_extracted,high
A1135,Jeffrey I. Carton,Jeff Carton,,,2,Denlca & Carton LLP,2,2,"2023, 2491",LeadCounsel; Management,new_extracted,merged
A1136,"Ilan Chorowsky, Esq.",Ilan Chorowsky,,,1,,1,2,2031,Communications,new_extracted,high
A1137,Mitchell A. Toups,,,,1,Weller Green Toups & Terrell,2,2,"2046, 2223",Management,new_extracted,high
A1138,Nicholas A. Migliaccio,,,,2,"Mason, LLP; Migliaccio & Rathod LLP",2,2,"2025, 2875",ClassCounsel; Management,new_extracted/old_extracted,merged
A1139,Jennifer Sarnelli,,,,2,"Lite DePalma and Greenberg, LLC; Gardy & Notis LLP",2,2,"2025, 2188",ClassCounsel,new_extracted,merged
A1140,Daniel J. Mogin,Daniel Mogin,,,1,"The Mogin Law Firm P.C.; the Mogin Law Firm, P.C.",2,2,"2023, 2668",Management,new_extracted,high
A1141,S. Thomas Weinner,Thomas Wienner,,,2,"Weinner & Gould, P.C.; Wienner & Gould, P.C.",1,2,2042,Management,new_extracted,merged
A1142,David E. Plunkett,,,,1,"Williams, Williams, Rattner & Plunkett, P.C.",1,2,2042,LeadCounsel; Management,new_extracted,high
A1143,Eric Chaffin,,,,2,Bernstein Liebhard LLP; CHAFFIN LUHANA LLP,2,2,"2051, 2187",Coordination; Management,new_extracted/old_extracted,merged
A1144,Stephen J. Foley,,,,1,Foley & Mansfield PLLP,1,2,2066,LeadCounsel,new_extracted,high
A1145,Edward M. Gergosian,,,,1,GERGOSIAN & GRALEWSKI LLP; Gergosian & Gralewski,1,2,2086,ClassCounsel; Management,new_extracted,high
A1146,Richard J. Hood,Rich Hood,,,2,"Andrus Boudreaux, PLC; The Hood Law Firm",2,2,"2087, 2767",LeadCounsel; Management,new_extracted/old_extracted,merged
A1147,Thomas P. Rosenfeld,Thomas Rosenfeld,,,1,,2,2,"2096, 2443",ClassCounsel; LeadCounsel; Management,new_extracted,high
A1148,Kenneth P. Nolan,Ken Nolan,,,2,"Speiser Krause Nolan & Granito/ Connors & Vilardo, LLC; Speiser Krause Nolan & Granito",2,2,"1570, 2085",LeadCounsel; Management,new_extracted/old_extracted,merged
A1149,Terrence M. Connors,,,,1,"Speiser Krause Nolan & Granito/ Connors & Vilardo, LLC; Connors LLP",2,2,"2085, 2903",Communications; LeadCounsel; Management,new_extracted,high
A1150,Michel Baumeister,,,,1,"Baumeister & Samuels, PC; Baumeister & Samuels, P.C.",2,2,"1570, 2085",LeadCounsel; Management,new_extracted/old_extracted,high
A1151,Thea M. Capone,Thea Capone,,,1,"Baumeister & Samuels, PC; Baumeister & Samuels, P.C.",2,2,"1570, 2085",LeadCounsel; Management,new_extracted/old_extracted,high
A1152,Jeffrey Cereghino,,,,1,"Merrill Nomura & Molineux, LLP; Merrill Namora & Molineaux LLP",1,2,2098,ClassCounsel; LeadCounsel,new_extracted,high
A1153,Sam Lock,,,,1,Law Offices of Sam Lock,1,2,2098,Communications,new_extracted,high
A1154,A.J. DeBartolomeo,,,,1,,1,2,2100,Management,new_extracted,high
A1155,David C. Parisi,,,,1,Parisi & Havens LLP,2,2,"2103, 2513",ClassCounsel; Management,new_extracted,high
A1156,Ronald P. Gossett,Ronald Gossett,,,1,,1,2,2183,Communications; LeadCounsel,new_extracted,high
A1157,J.R. Whaley,,,,1,"Neblett, Beard & Arsenault",1,2,2199,Management,new_extracted,high
A1158,HEATHER M. PETERSON,,,,1,KIRTLAND & PACKARD LLP; Kirtland & Packard LLP,1,2,2199,LeadCounsel,new_extracted,high
A1159,Francis R. Greene,,,,1,"Edelman, Combs, Latturner & Goodwin, LLC",1,2,2223,Communications,new_extracted,high
A1160,Vincent Briganti,,,,1,"Lowey Dannenberg Cohen & Hart, P.C.; Lowey Dannenberg, P.C.",2,2,"2213, 3107",LeadCounsel; Management,new_extracted,high
A1161,William P. Butterfield,Bill Butterfield,,,2,Hausfeld LLP,2,2,"2213, 2406",Discovery; Management,new_extracted/old_extracted,merged
A1162,Donald Stack,,,,1,,1,2,2218,Communications,new_extracted,high
A1163,Rachel L. Jensen,,,,1,"Robbins Geller Rudman & Dowd LLP; Robbins, Geller, Rudman & Dowd LLP",2,2,"2238, 2777",ClassCounsel; Management,new_extracted/old_extracted,high
A1164,Phong L. Tran,Phong Tran,,,2,"Robbins Geller Rudman & Dowd LLP; Johnson Fistel, LLP",2,2,"2238, 2827",ClassCounsel; Management,new_extracted/old_extracted,merged
A1165,David A. McKay,,,,1,"Herman Gerel, LLP; Law Offices of David A. McKay LLC",1,2,2258,ClassCounsel; Management,new_extracted,high
A1166,Penny Unkraut Hendy,Penny U. Hendy,,,1,"Schachter, Hendy & Johnson, PSC",1,2,2308,Communications; LeadCounsel; Management,new_extracted,high
A1167,Ralph N. Sianni,RALPH N. SIANNI,,,1,STEWARTS LAW US LLP,1,2,2314,LeadCounsel,new_extracted,high
A1168,James P. Frickleton,James Frickleton,,,1,"Bartimus, Frickleton, Robertson & Goza, P.C.; Bartimus Frickleton Robertson Rader",1,2,2314,Management,new_extracted,high
A1169,Mark S. Mandell,,,,1,,1,2,2314,Management,new_extracted,high
A1170,John A. Peca,,,,1,"Climaco, Wilcox, Peca, Tarantino & Garofoli Co., LPA",2,2,"2320, 2333",Management,new_extracted,high
A1171,David C. Rash,,,,1,,2,2,"2263, 2320",Management,new_extracted/old_extracted,high
A1172,"Stephen B. Murray, Jr.",Stephen B. Murray,,,1,Murray Law Firm; MURRAY LAW FIRM,2,2,"2299, 2452",Management,new_extracted/old_extracted,high
A1173,Stephen M. Gorny,Stephen Gorny,,,1,"the Gorny Law Firm, LC",1,2,2314,Management,new_extracted,high
A1174,"William M. Cunningham, Jr.",,,,1,"Burns, Cunningham & Mackey, P.C.",1,2,2314,Management,new_extracted,high
A1175,William B. Gaudet,,,,1,"Adams and Reese, LLP",1,2,2328,Communications,new_extracted,high
A1176,Scott R. Bickford,,,,1,"Martzell, Bickford & Centola, APC",2,2,"2328, 2996",Management,new_extracted,high
A1177,Catherine H. McElveen,Katie McElveen,,,2,"Richardson, Patrick, Westbrook & Brickman, LLC; McCulley McCluer LLC",2,2,"2333, 2972",Communications; Management,new_extracted,merged
A1178,"Edward Eshoo, Jr.",,,,1,"Childress Duffy, Ltd.",2,2,"2333, 2688",Management,new_extracted,high
A1179,Peter J. Mougey,,,,1,"Levin, Papantonio, Thomas, Mitchell, Rafferty & Proctor, P.A.",1,2,2357,Management,old_extracted,high
A1180,David C. OMara,,,,1,"The OMara Law Firm, P.C.",1,2,2357,Communications,old_extracted,high
A1181,John R. Gibson,John Gibson,,,1,Duane Morris LLP,1,2,2371,Communications,new_extracted,high
A1182,Orlando Rod Richmond,,,,1,,1,2,2385,LeadCounsel,new_extracted,high
A1183,Dan Ball,,,,1,,1,2,2385,Communications,new_extracted,high
A1184,Eric Hudson,,,,1,,1,2,2385,Communications,new_extracted,high
A1185,Beth S. Rose,,,,1,,1,2,2385,Communications; LeadCounsel,new_extracted,high
A1186,Chris Cueto,,,,1,,1,2,2385,Management,new_extracted,high
A1187,Ron Michael Meneo,Ron Meneo,,,1,,1,2,2385,Coordination; Settlement,new_extracted,high
A1188,Judy Scolnick,,,,1,"Scott + Scott, LLP; SCOTT+SCOTT LLP",2,2,"2332, 2415",Management,new_extracted/old_extracted,high
A1189,Brian Penny,,,,1,"Goldman, Scarlato, Karon & Penny, PC; Goldman Scarlato & Penny PC",2,2,"2409, 2595",Management,new_extracted/old_extracted,high
A1190,"Garth D. Wojtanowicz, Esq.",Garth D. Wojtanowicz,,,1,HAGENS BERMAN SOBOL SHAPIRO LLP,1,2,2455,ClassCounsel,new_extracted,high
A1191,Eric Lechtzin,,,,1,"Berger & Montague, P.C.; Berger & Montague",1,2,2474,ClassCounsel; LeadCounsel,new_extracted,high
A1192,Lewis Goldfarb,,,,1,"McElroy, Deutsch, Mulvaney & Carpenter, LLP",1,2,2471,Communications,new_extracted,high
A1193,Joseph Scott Nabers,J. Scott Nabers,,,2,"Blizzard, McCarthy & Nabers; Nabers Law Firm",2,2,"2458, 2875",Management,new_extracted/old_extracted,merged
A1194,R. Jason Richards,Jason Richards,,,2,"Aylstock Witkin Kreis & Overholtz, PLLC; AYLSTOCK, WITKIN, KREIS & OVERHOLTZ, PLLC",2,2,"2458, 2642",Management,new_extracted/old_extracted,merged
A1195,Christopher Schnieders,,,,1,Wagstaff & Cartmell,2,2,"2458, 2657",Management,new_extracted/old_extracted,high
A1196,Brad E. Seidel,Brad Seidel,,,1,"Nix, Patterson & Roach, LLP",1,2,2502,Management,new_extracted,high
A1197,"Edwin J. Kilpela, Jr.",,,,2,"Del Sole Cavanaugh Stroyd LLC; Carlson Lynch Sweet & Kilpela, LLP",2,2,"2491, 2586",LeadCounsel; Management,new_extracted/old_extracted,merged
A1198,Derek Y. Brandt,Derek Brandt,,,2,"Simmons, Browder Gianaris Angelides & Barnerd, LLC; McCune Wright Arevalo, LLP",2,2,"2519, 2993",ClassCounsel; Communications,new_extracted,merged
A1199,Solomon B. Cera,,,,1,Gold Bennett Cera & Sidener LLP; Cera LLP,1,2,2508,ClassCounsel; Settlement,new_extracted,high
A1200,"Scott N. Brown, Jr.",Scott N. Brown,,,1,"Spears, Moore, Rebman & Williams, P.C.",1,2,2508,Communications; Settlement,new_extracted,high
A1201,Terence S. Ziegler,,,,1,"Kessler Topaz Meltzer & Check, LLP; KESSLER TOPAZ MELTZER & CHECK LLP",2,2,"2472, 2508",LeadCounsel; Settlement,new_extracted/old_extracted,high
A1202,Margaret Branch,,,,1,Branch Law Firm,2,2,"2502, 2641",Management,new_extracted/old_extracted,high
A1203,Catherine Heacox,,,,1,The Lanier Law Firm,2,2,"2434, 2502",Management,new_extracted/old_extracted,high
A1204,Casey Lott,,,,1,"Langston & Lott, PA",2,2,"2406, 2502",Coordination; Management,new_extracted/old_extracted,high
A1205,John G. Simon,John Simon,,,1,"Simon Law Firm, P.C.; The Simon Law Firm, P.C.",2,2,"2382, 2562",ClassCounsel; Communications; LeadCounsel; Management,new_extracted/old_extracted,high
A1206,Joseph I. Marchese,Joseph Marchese,,,1,"Bursor & Fisher, P.A.",2,2,"2562, 2875",Management,new_extracted/old_extracted,high
A1207,Theodore J. Leopold,Ted Leopold,,,2,"COHEN MILSTEIN SELLERS & TOLL PLLC; Cohen Milstein Sellers & Toll, PLLC",1,2,2540,ClassCounsel; LeadCounsel,new_extracted,merged
A1208,Richard J. Burke,Richard Burke,,,1,"QUANTUM LEGAL, LLC; Quantum Legal, LLC",1,2,2540,ClassCounsel; LeadCounsel,new_extracted,high
A1209,Jack Landskroner,,,,1,"LANDSKRONER, GRIECO, MERRIMAN, LLC; Landskroner, Grieco, Merriman, LLC",1,2,2577,ClassCounsel; Management,new_extracted,high
A1210,Michael W. Sobol,Michael Sobol,,,1,"Lieff Cabraser Heimann & Bernstein, LLP; Lieff Cabraser Heimann & Bernstein LLP",1,2,2617,ClassCounsel; Management,new_extracted,high
A1211,Mark Troutman,,,,1,"Isaac, Wiles, Burkholder & Teeter, LLC; Isaac Wiles Burkholder & Teetor, LLC",1,2,2661,Communications,new_extracted,high
A1212,Gregory Travalio,,,,1,"Isaac, Wiles, Burkholder & Teeter, LLC; Isaac Wiles Burkholder & Teetor, LLC",1,2,2661,Communications,new_extracted,high
A1213,Ranse M. Partin,,,,1,"Conley Griggs Partin LLP; Conley Griggs Partin, LLP",2,2,"2583, 2800",Communications; Management,new_extracted/old_extracted,high
A1214,"Joseph Henry (Hank) Bates, III","Joseph Hank Bates, III",,,1,"Carney Bates & Pulliam, PLLC",2,2,"2583, 2800",Management,new_extracted/old_extracted,high
A1215,David E. Keglovits,David Keglovits,,,1,GableGotwals,1,2,2700,ClassCounsel; LeadCounsel,new_extracted,high
A1216,Howard I. Langer,,,,1,"Langer, Grogan & Diver L.L.P.; Langer, Grogan & Diver, P.C.",1,2,2668,ClassCounsel; LeadCounsel,new_extracted,high
A1217,Scott Martin,,,,1,Hausfeld LLP,1,2,2668,ClassCounsel; LeadCounsel,new_extracted,high
A1218,Melissa W. Wolchansky,,,,1,Halunen Law,2,2,"2688, 2695",LeadCounsel; Management,new_extracted/old_extracted,high
A1219,Scott Bursor,,,,1,,1,2,2904,Communications,new_extracted,high
A1220,Todd C. Werts,,,,1,,1,2,2904,Management,new_extracted,high
A1221,Jonathan K. Levine,Jonathan Levine,,,1,Pritzker Levine LLP,2,2,"2624, 2905",Communications; LeadCounsel,new_extracted/old_extracted,high
A1222,Sarah R. London,Sarah London,,,1,"Lieff Cabraser Heimann & Bernstein, LLP",2,2,"2913, 3084",Communications; LeadCounsel; Management,new_extracted,high
A1223,David L. Raiser,David L. Balser,,,2,King & Spalding LLP,2,2,"2915, 3111",LeadCounsel,new_extracted,merged
A1224,William V. Reiss,,,,1,Robins Kaplan LLP,1,2,2918,ClassCounsel,new_extracted,high
A1225,Aaron M. Sheanin,,,,1,Robins Kaplan LLP,1,2,2918,ClassCounsel; LeadCounsel,new_extracted,high
A1226,Dorothy P. Antullis,Dory P. Antullis,,,2,Robbins Geller Rudman & Dowd LLP,2,2,"2921, 3080",Management,new_extracted,merged
A1227,Andrew T. Bayman,Andrew Bayman,,,1,King & Spalding; KING & SPALDING LLP,1,2,2924,LeadCounsel; Management,new_extracted,high
A1228,Thomas J. Yoo,Thomas Yoo,,,1,Holland & Knight; HOLLAND & KNIGHT LLP,1,2,2924,Communications,new_extracted,high
A1229,Richard M. Barnes,Richard Barnes,,,1,"Goodell Devries; GOODELL, DEVRIES, LEECH & DANN, LLP",1,2,2924,Communications,new_extracted,high
A1230,John R. Malkinson,,,,1,Malkinson & Halpern PC,1,2,2931,Management,new_extracted,high
A1231,Je Yon Jung,,,,1,"MAY LIGHTFOOT, PLLC",1,2,2924,Management,new_extracted,high
A1232,Adam William Krause,Adam Krause,,,1,"KRAUSE AND KINSMAN, LLC",1,2,2924,Management,new_extracted,high
A1233,Nicola Larmond-Harvey,,,,1,"SAUNDERS & WALKER, P.A.",1,2,2924,Management,new_extracted,high
A1234,Laura Stemkowski,,,,1,,2,2,"2924, 3101",Management,new_extracted,high
A1235,Jennifer A. Moore,Jennifer Moore,,,1,"GROSSMAN & MOORE, PLLC",2,2,"2809, 2924",LeadCounsel; Management,new_extracted/old_extracted,high
A1236,Craig Marchiando,,,,1,"Consumer Litigation Associates, P.C.",1,2,2933,ClassCounsel,new_extracted,high
A1237,Andrew Guzzo,,,,1,Kelly Guzzo PLC,1,2,2933,ClassCounsel,new_extracted,high
A1238,Joseph C. Hashmall,,,,1,Berger Montague PC,1,2,2933,ClassCounsel,new_extracted,high
A1239,James Francis,,,,1,Francis Mailman Soumilas P.C.,1,2,2933,ClassCounsel,new_extracted,high
A1240,John Soumilas,,,,1,Francis Mailman Soumilas P.C.,1,2,2933,ClassCounsel,new_extracted,high
A1241,Lauren KW Brennan,,,,1,Francis Mailman Soumilas P.C.,1,2,2933,ClassCounsel,new_extracted,high
A1242,"Robert C. Khayat, Jr",,,,1,Khayat Law Firm,1,2,2933,ClassCounsel,new_extracted,high
A1243,Matthew A. Holian,,,,1,DLA PIPER LLP; DLA Piper LLP,2,2,"2545, 2924",LeadCounsel; Management,new_extracted/old_extracted,high
A1244,Jessica Bodger Rydstrom,Jessica B. Rydstrom,,,1,WILLIAMS & CONNOLLY LLP; Williams & Connolly,2,2,"2924, 3140",Coordination; Management,new_extracted,high
A1245,Gene Graham,,,,1,"White, Graham, Buckley & Carr, L.L.C.",1,2,2936,ClassCounsel,new_extracted,high
A1246,Bill Carr,,,,1,"White, Graham, Buckley & Carr, L.L.C.",1,2,2936,ClassCounsel,new_extracted,high
A1247,Sam Ward,,,,1,"Barrack, Rodos & Bacine",1,2,2936,ClassCounsel,new_extracted,high
A1248,Ricardo M. Martinez-Cid,,,,1,"PODHURST ORSECK, P.A.; Podhurst Orseck, P.A.",2,2,"2323, 2924",Management,new_extracted/old_extracted,high
A1249,Shannon Marie McNulty,,,,1,"Clifford Law Offices, P.C.",1,2,2948,ClassCounsel; Communications,new_extracted,high
A1250,Michael Gervais,,,,1,Susman Godfrey LLP,1,2,2948,ClassCounsel; Management,new_extracted,high
A1251,Carey Alexander,,,,1,"Scott & Scott Attorneys at Law LLP; SCOTT & SCOTT, ATTORNEYS AT LAW, LLP",2,2,"2948, 3074",Management,new_extracted,high
A1252,Kate M. Baxter-Kauf,,,,1,Lockridge Grindal Nauen PLLP; LOCKRIDGE GRINDAL NAUEN P.L.L.P.,2,2,"2948, 3074",LeadCounsel; Management,new_extracted,high
A1253,Israel David,,,,1,Israel David LLC,2,2,"2948, 3096",Communications; Management,new_extracted,high
A1254,Tyler S. Graden,,,,1,"Kessler, Topaz, Meltzer, & Check, LLP; KESSLER TOPAZ MELTZER CHECK LLP",2,2,"2948, 3149",Management,new_extracted,high
A1255,Erin Bosman,,,,1,Morrison & Foerster LLP,2,2,"2740, 2949",LeadCounsel; Settlement,new_extracted/old_extracted,high
A1256,George L. Stewart,,,,1,"Reed Smith, LLP",1,2,2969,Communications; Management,new_extracted,high
A1257,"John ""Jack"" Goodrich",John Jack Goodrich,,,1,"Goodrich & Associates, P.C.",1,2,2969,Coordination; Management,new_extracted,high
A1258,"William F. ""Chip"" Merlin, Jr.",William Chip F. Merlin,,,1,Merlin Law Group,1,2,2969,Management,new_extracted,high
A1259,Marlon Kimpson,,,,1,Motley Rice LLC,1,2,2972,ClassCounsel; LeadCounsel,new_extracted,high
A1260,Krysta Pachman,,,,1,Susman Godfrey LLP,1,2,2972,ClassCounsel; LeadCounsel,new_extracted,high
A1261,Desiree Cummings,,,,1,Robbins Geller Rudman & Dowd LLP,1,2,2972,Management,new_extracted,high
A1262,Ronald Raether,,,,1,Troutman Pepper Hamilton Sanders LLP,1,2,2972,LeadCounsel,new_extracted,high
A1263,"Ashley Taylor, Jr.",,,,1,Troutman Pepper Hamilton Sanders LLP,1,2,2972,LeadCounsel,new_extracted,high
A1264,David Anthony,,,,1,Troutman Pepper Hamilton Sanders LLP,1,2,2972,LeadCounsel,new_extracted,high
A1265,Tambry Bradford,,,,1,Troutman Pepper Hamilton Sanders LLP,1,2,2972,LeadCounsel,new_extracted,high
A1266,Angelo Stio III,,,,1,Troutman Pepper Hamilton Sanders LLP,1,2,2972,LeadCounsel,new_extracted,high
A1267,Amy Pritchard Williams,,,,1,Troutman Pepper Hamilton Sanders LLP,1,2,2972,LeadCounsel,new_extracted,high
A1268,Cindy Hanson,,,,1,Troutman Pepper Hamilton Sanders LLP,1,2,2972,LeadCounsel,new_extracted,high
A1269,Josh Davey,,,,1,Troutman Pepper Hamilton Sanders LLP,1,2,2972,LeadCounsel,new_extracted,high
A1270,Timothy St. George,,,,1,Troutman Pepper Hamilton Sanders LLP,1,2,2972,LeadCounsel,new_extracted,high
A1271,Celeste Jones,,,,1,Burr Forman McNair,1,2,2972,LeadCounsel,new_extracted,high
A1272,J. Rutledge Young III,,,,1,"Duffy & Young, LLC",1,2,2972,LeadCounsel,new_extracted,high
A1273,John Macoretta,,,,1,"Spector Roseman & Kodroff PC; SPECTOR ROSEMAN KODROFF & WILLIS, P.C.",2,2,"2445, 2966",Communications; Management,new_extracted/old_extracted,high
A1274,Chirali Patel,,,,1,"Carella Byrne Cecchi Brody & Agnello, P.C.",1,2,2973,Communications; Management,new_extracted,high
A1275,Audrey Perlman Raphael,,,,1,"Levy Konigsberg, LLP; Levy Kongsberg, LLP",1,2,2973,Management,new_extracted,high
A1276,Emily Acosta,,,,1,"Martin Baughman; Levy Konisgberg, LLP",1,2,2973,Management,new_extracted,high
A1277,Robert J. Drakulich,,,,1,"The Drakulich Firm, APLC",1,2,2973,Management,new_extracted,high
A1278,Catherine Hilliard,,,,1,"Hilliard Martinez Gonzales, LLP",1,2,2973,Management,new_extracted,high
A1279,Megan Moore,,,,1,"Pulaski Kherkher, PLLC",1,2,2973,Management,new_extracted,high
A1280,Thomas P. Valet,,,,1,"Rappaport, Glass, Levine, & Zullo, LLP",1,2,2973,Management,new_extracted,high
A1281,Melanie S. Bailey,,,,1,"Burg Simpson Eldredge Hersh & Jardine, P.C.",1,2,2973,Management,new_extracted,high
A1282,Scott Morgan,,,,1,"Schlicter Board & Denton, LLP",1,2,2973,Management,new_extracted,high
A1283,Scott A. Morgan,Scott Morgan,,,1,"MORGAN LAW FIRM, LTD.; Morgan Law Firm",2,2,"2691, 2875",Management,old_extracted,high
A1284,Frederick M. Erny,,,,1,"Ulmer & Berne, LLP",1,2,2974,LeadCounsel,new_extracted,high
A1285,Gina M. Saelinger,,,,1,"Ulmer & Berne, LLP",1,2,2974,LeadCounsel,new_extracted,high
A1286,Christopher D. Morris,,,,1,Butler Snow LLP,1,2,2974,LeadCounsel,new_extracted,high
A1287,"Kasey M. Adams, Esq.",Kasey M. Adams,,,1,Butler Snow LLP,1,2,2974,LeadCounsel,new_extracted,high
A1288,Hunter Linville,,,,1,,1,2,2974,Management,new_extracted,high
A1289,Alfred Olinde,,,,1,,1,2,2974,Management,new_extracted,high
A1290,Theinkim Kim Truongle,,,,1,,1,2,2974,Management,new_extracted,high
A1291,Danae Benton,,,,1,The Cochran Firm,2,2,"2974, 3094",Management,new_extracted,high
A1292,Rachel E. Schwartz,,,,1,Stueve Siegel Hanson LLP,2,2,"2887, 2975",ClassCounsel; Communications; LeadCounsel,new_extracted/old_extracted,high
A1293,Kristen R. Fournier,Kristen Fournier,,,1,King & Spalding,2,2,"2973, 3043",Communications; LeadCounsel,new_extracted,high
A1294,Michael C. Zogby,,,,1,"Faegre Drinker; Drinker Biddle & Reath, LLP",2,2,"2606, 2973",Communications,new_extracted/old_extracted,high
A1295,Tim Porter,,,,1,PORTER MALOUF,2,2,"2809, 2974",Management,new_extracted/old_extracted,high
A1296,R. Andrew Jones,,,,1,"Cory Watson, P.C.",2,2,"2974, 3125",LeadCounsel; Management,new_extracted,high
A1297,Dennis S. Ellis,,,,1,Browne George Ross OBrien Annaguey & Ellis; Browne George Ross OBrien Annaguey & Ellis LLP,1,2,2989,Management,new_extracted,high
A1298,Maurice D. Pessah,,,,1,"Pessah Law Group, PC",1,2,2989,Management,new_extracted,high
A1299,Natalia M. Salas,Natalia Salas,,,1,"The Ferraro Law Firm, P.A.; The Ferraro Law Firm",2,2,"2989, 3080",LeadCounsel; Management,new_extracted,high
A1300,Parvin Aminolroaya,,,,1,Seeger Weiss LLP,2,2,"2973, 3094",LeadCounsel; Management,new_extracted,high
A1301,Danielle Ward Mason,Danielle Mason,,,2,"Sanders Phillips Grossman, LLC; Beasley, Allen, Crow, Methvin, Portis & Miles, P.C.",2,2,"2750, 2973",Management,new_extracted/old_extracted,merged
A1302,Aelish M. Baig,,,,1,"Robbins Geller Rudman & Dowd, LLP",2,2,"2996, 3047",Management,new_extracted,high
A1303,Julie Braman Kane,Julie Braham Kane,,,1,Colson Hicks Eidson,2,2,"2841, 2994",Communications; LeadCounsel,new_extracted/old_extracted,high
A1304,David Cates,,,,1,"The Cates Law Firm; Cates Mahoney, LLC",1,2,3004,Coordination; Management,new_extracted,high
A1305,Chad Finley,,,,1,TorHoerman Law,1,2,3004,Management,new_extracted,high
A1306,LaRuby May,,,,1,"Levin, Papantonio, Rafferty, Proctor, Buchanan, OBrien, Barr & Mougey, P.A.",1,2,3004,Management,new_extracted,high
A1307,Alicia ONeill,,,,1,Watts Guerra LLP,1,2,3004,Management,new_extracted,high
A1308,Amanda Williamson,,,,1,"Heninger Garrison Davis, LLC",1,2,3004,Management,new_extracted,high
A1309,Michael A. Williams,Michael Williams,,,1,Williams Dirks Dameron LLC,1,2,3009,ClassCounsel; LeadCounsel,new_extracted,high
A1310,Danielle Perry,,,,1,,2,2,"3021, 3090",ClassCounsel; Management,new_extracted,high
A1311,Kevin Laukaitis,,,,1,Shub Law Firm LLC; Shub Law Firm,2,2,"3009, 3025",ClassCounsel; Management,new_extracted,high
A1312,John Nelson,,,,2,"Finkelstein & Krinsk LLP; MILBERG COLEMAN BRYSON PHILLIPS GROSSMAN, PLLC",2,2,"3009, 3149",Management,new_extracted,merged
A1313,Alexis Wood,,,,1,Law Offices of Ronald Marron; Law Offices of Ronald Maron,1,2,3019,Communications,new_extracted,high
A1314,Robert Lopez,,,,1,Hagens Berman Sobol Shapiro LLP,1,2,3019,Management,new_extracted,high
A1315,Margaret C. MacLean,,,,1,"Lowey Dannenberg, P.C.",1,2,3019,Management,new_extracted,high
A1316,Kaleigh N.B. Powell,,,,1,Tousley Brian Stephens PLLC; Tousley Brain Stephens PLLC,1,2,3019,Management,new_extracted,high
A1317,Kenya Jamila Reddy,Kenya J. Reddy,,,1,Morgan & Morgan Mass Tort Dept.; Morgan & Morgan,1,2,3019,Management,new_extracted,high
A1318,Rachel Kristine Tack,Rachel K. Tack,,,1,"Zimmerman Reed, LLP",1,2,3019,Management,new_extracted,high
A1319,Karen Cannon Shanks,,,,1,Hotze Runkle LLC,1,2,3023,Communications,new_extracted,high
A1320,Peter St. Tienne Wolff,Peter S. Wolff,,,1,"Pietragallo Gordon Alfano Bosick & Raspanti, LLP",1,2,3014,Communications,new_extracted,high
A1321,"Arthur H. Stroyd, Jr.",,,,1,Del Sole Cavanaugh Stroyd LLC,1,2,3014,Settlement,new_extracted,high
A1322,Kristina Anderson,,,,1,"Hensley Legal Group, PC",1,2,3014,Management,new_extracted,high
A1323,Syreeta Defrance-Poindexter,,,,1,"Babin Law, LLC",1,2,3014,Management,new_extracted,high
A1324,Ashley B. DiLiberto,,,,1,"Messa & Associates, P.C.",1,2,3014,Management,new_extracted,high
A1325,Kathryn L. Harrison,,,,1,"Campbell & Levine, LLC",1,2,3014,Management,new_extracted,high
A1326,Inez Johnson Ross,,,,1,"Onder Law, LLC",1,2,3014,Management,new_extracted,high
A1327,Kevin W. Tucker,,,,1,East End Trial Group LLC,1,2,3014,Management,new_extracted,high
A1328,Jubal L. Hamil,Jubal Hamil,,,1,Deakle Sholtis & Hamil,2,2,"1964, 3021",Management,new_extracted/old_extracted,high
A1329,Timothy Semenoro,Timothy Semenero,,,2,"Montgomery McCracken Walker & Rhoads LLP; Montgomery McCracken, Walker & Rhoads LLP",1,2,3028,LeadCounsel; Management,new_extracted,merged
A1330,Sean P. Fahey,,,,1,,1,2,3026,Communications,new_extracted,high
A1331,Rebecca Fitzpatrick,,,,1,,1,2,3026,Communications,new_extracted,high
A1332,James F. Hurst,,,,1,,1,2,3026,Communications,new_extracted,high
A1333,Mark S. Reich,,,,1,"Levi & Korsinsky, LLP",1,2,3025,ClassCounsel,new_extracted,high
A1334,Terence R. Coates,,,,1,"Markovits, Stock & Demarco, LLC",1,2,3025,ClassCounsel,new_extracted,high
A1335,Paul Doolittle,,,,1,"Poulin Willey Anastopoulo, LLC",1,2,3025,ClassCounsel,new_extracted,high
A1336,Deborah S. Dixon,,,,1,The Dixon Firm,1,2,3026,Management,new_extracted,high
A1337,Thomas Leonard Tisdale,Thomas L. Tisdale,,,1,"TISDALE & NAST LAW OFFICES, LLC",1,2,3028,Communications; LeadCounsel,new_extracted,high
A1338,Christopher Chorba,,,,1,"Gibson, Dunn & Crutcher LLP",1,2,3032,Communications; LeadCounsel,new_extracted,high
A1339,Jason R. Meltzer,,,,1,"Gibson, Dunn & Crutcher LLP",1,2,3032,Communications; LeadCounsel,new_extracted,high
A1340,Cristina Sabbagh,,,,1,,1,2,3037,Management,new_extracted,high
A1341,Daniel J.T. Sciano,,,,1,Tinsman & Sciano Inc.,1,2,3037,LeadCounsel; Management,new_extracted,high
A1342,Gregorio A. Francis,,,,1,"OSBORNE & FRANCIS LAW FIRM, PLLC",1,2,3035,ClassCounsel; LeadCounsel; Management,new_extracted,high
A1343,Dhamian Blue,,,,1,Blue LLP,1,2,3035,Management,new_extracted,high
A1344,Tracy Turner,,,,1,"Pendley, Baudin & Coffin, LLP",2,2,"3036, 3101",Management,new_extracted,high
A1345,Monique Alarcon,,,,1,Baum Hedlund Aristei & Goldman,2,2,"3036, 3101",Communications; Coordination,new_extracted,high
A1346,Evan Janush,,,,1,,1,2,3043,Discovery; Management,new_extracted,high
A1347,Amanda Hunt,,,,1,,1,2,3043,Expert; Management,new_extracted,high
A1348,Greg Dovel,,,,1,,1,2,3043,Management,new_extracted,high
A1349,Paul Danziger,,,,1,,1,2,3043,Management,new_extracted,high
A1350,Jorge A. Mestre,Jorge Mestre,,,1,"Rivero Mestre, LLP; Rivero Mestre LLP",1,2,3050,LeadCounsel,new_extracted,high
A1351,David Landever,,,,1,Weisman Kennedy,1,2,3044,Management,new_extracted,high
A1352,Carasuana B. Wall,,,,1,,1,2,3044,Management,new_extracted,high
A1353,Rayna Kessler,,,,1,,1,2,3044,Communications,new_extracted,high
A1354,Michael P. Cutler,,,,1,,1,2,3044,Management,new_extracted,high
A1355,Maria Fleming,,,,1,,1,2,3044,Management,new_extracted,high
A1356,David Harman,,,,1,,1,2,3044,Management,new_extracted,high
A1357,Hadley Lundback,,,,1,,1,2,3044,Management,new_extracted,high
A1358,Patrick J. Wigle,,,,1,,1,2,3044,Management,new_extracted,high
A1359,Cameron J. Falcon,,,,1,,1,2,3044,Bellwether; Discovery; Expert; Motions,new_extracted,high
A1360,Joannah Oh,,,,1,,1,2,3044,Bellwether; Discovery; Expert; Motions,new_extracted,high
A1361,Amanda Fernandez,,,,1,,1,2,3044,Bellwether; Discovery; Expert; Motions,new_extracted,high
A1362,Arati Chauhan Furness,,,,1,"Forester Haynie, PLLC",1,2,3044,Management,new_extracted,high
A1363,Ilana S. Wolk,Ilana Wolk,,,1,"Jacob D. Fuchsberg Law Firm, LLP",1,2,3044,Bellwether; Discovery; Expert; Motions,new_extracted,high
A1364,Sarah Emery,,,,1,,1,2,3047,Management,new_extracted,high
A1365,Carrie Goldberg,,,,1,,1,2,3047,Management,new_extracted,high
A1366,Ellyn H. Hurd,Ellyn Hurd,,,1,Simmons Hanly Conroy LLP,2,2,"3047, 3084",Management,new_extracted,high
A1367,James Marsh,,,,1,,1,2,3047,Management,new_extracted,high
A1368,Hillary Nappi,,,,1,,1,2,3047,Management,new_extracted,high
A1369,Emmie Paulos,,,,1,,1,2,3047,Management,new_extracted,high
A1370,Elliot R. Feldman,,,,1,COZEN OCONNOR; Cozen O'Connor,2,2,"1570, 3052",Management,new_extracted/old_extracted,high
A1371,Kevin R. Dean,Kevin Dean,,,1,Motley Rice LLC; Motley Rice,2,2,"2543, 3051",ClassCounsel; Management,new_extracted/old_extracted,high
A1372,Tiffany Marko Yiatras,,,,1,,1,2,3052,Discovery,new_extracted,high
A1373,Matthew D. Schelkopf,,,,1,,1,2,3052,Expert,new_extracted,high
A1374,Kate Lv,,,,1,Burke LLP,1,2,3071,Management,new_extracted,high
A1375,Daniel Herrera,,,,1,Cafferty Clobes Meriwether & Sprengel LLP,1,2,3071,Management,new_extracted,high
A1376,Christian Levis,,,,1,"Lowey Dannenberg, P.C.; Lowery Dannenberg, P.C.",1,2,3071,Management,new_extracted,high
A1377,Michaela Wallin,,,,1,"Berger Montague; Berger Montague, P.C.",1,2,3071,Management,new_extracted,high
A1378,Sara Aguiniga,,,,1,DiCello Levitt,1,2,3060,Communications; ProSe,new_extracted,high
A1379,Timothy McCann,,,,1,Eckert Seamans; Hawkins Parnell,1,2,3060,Communications; ProSe,new_extracted,high
A1380,Carl W. Hittinger,Carl Hittinger,,,1,Baker & Hostetler LLP,1,2,3071,Management,new_extracted,high
A1381,Karen Hoffman Lent,,,,1,"Skadden, Arps, Slate, Meagher & Flom LLP",1,2,3071,Management,new_extracted,high
A1382,Tricia Herzfeld,,,,1,"Herzfeld, Suetholz, Gastel, Leniski and Wall, PLLC",1,2,3071,Communications,new_extracted,high
A1383,Brendan Glackin,,,,1,"Lieff Cabraser Heimmann & Bernstein, LLP",1,2,3071,Management,new_extracted,high
A1384,Daniel J. Walker,,,,1,"Berger Montague, P.C.",1,2,3071,Management,new_extracted,high
A1385,Rebecca A. Peterson,,,,1,Lockridge Grindal Nauen P.L.L.P.,1,2,2993,ClassCounsel; LeadCounsel,new_extracted,high
A1386,Sati Gibson,,,,1,Edelson Lechtzin LLP,1,2,2993,Management,new_extracted,high
A1387,Michael Cashman,,,,1,Hellmuth & Johnson PLL C; Hellmuth & Johnson PLLC,1,2,2993,Management,new_extracted,high
A1388,Roberta Yard,,,,1,Reinhardt Wendorf & Blanchfield,1,2,2993,Management,new_extracted,high
A1389,Icee N. Etheridge,,,,1,"Spector, Roseman & Kodroff, PC",1,2,2993,Management,new_extracted,high
A1390,Archana Tamoshunas,,,,1,"Taus, Cebulash & Landau LLP",1,2,2993,Management,new_extracted,high
A1391,Brett Cebulash,,,,1,"Taus, Cebulash & Landau LLP",1,2,2993,Management,new_extracted,high
A1392,Brandon L. Bogle,Brandon Bogle,,,1,"LEVIN, PAPANTONIO, RAFFERTY, PROCTOR, BUCHANAN, OBRIEN, BARR & MOUGEY, P.A.; Levin Papantonio Rafferty Proctor Buchanan OBrien Barr Mougey, P.A.",2,2,"3079, 3080",LeadCounsel; Management,new_extracted,high
A1393,Juan R. Martinez,Juan Martinez,,,1,Morgan & Morgan,1,2,3080,Management,new_extracted,high
A1394,Joseph M. Vanek,,,,2,"Sperling & Slater LLC; VANEK, VICKERS & MASINI P.C.",2,2,"2819, 3080",ClassCounsel; Management,new_extracted/old_extracted,merged
A1395,Megan Odom,,,,1,"Ciresi Conlin, LLP",1,2,3081,Management,new_extracted,high
A1396,David J. Ko,David Ko,,,1,Keller Rohrback LLP; Keller Rohrback,2,2,"3080, 3148",LeadCounsel; Management,new_extracted,high
A1397,Karen S. Halbert,Karen Halbert,,,1,"Roberts Law Firm US, PC; Roberts Law Firm, P.A.",2,2,"2800, 3080",Management,new_extracted/old_extracted,high
A1398,Heaven N. Jaafar,,,,1,"Peiffer Wolf Carr Kane Conway & Wise, LLP",1,2,3092,Management,new_extracted,high
A1399,Kathryn L. Avila,,,,1,Nigh Goldenberg Raso & Vaughn,1,2,3092,Management,new_extracted,high
A1400,Sara Couch,,,,1,Motley Rice LLC,1,2,3094,Management,new_extracted,high
A1401,W. Cameron Stephenson,,,,1,"Levin, Papantonio, Rafferty, Proctor, Buchanan, OBrien, Barr & Mougey; Levin, Papantonio, Rafferty, Proctor Buchanan, OBrien, Barr & Mougey, P.A.",1,2,3094,Management,new_extracted,high
A1402,Emily E. Hughes,,,,1,"The Miller Law Firm, P.C.",2,2,"3096, 3115",ClassCounsel; Management,new_extracted,high
A1403,Kosta Stojilkovic,,,,1,Wilkinson Stekloff LLP,1,2,3110,Management,new_extracted,high
A1404,Christopher Plumlee,,,,1,RMP LLP,1,2,3110,Management,new_extracted,high
A1405,Timothy Cameron,,,,1,"Cravath, Swaine & Moore LLP",1,2,3110,Management,new_extracted,high
A1406,David C. Kully,David Kully,,,1,Holland & Knight LLP,1,2,3110,Management,new_extracted,high
A1407,Jonathan E. Barbee,Jonathan Barbee,,,1,MoloLamken LLP; MOLOLAMKEN LLP,1,2,3113,ClassCounsel,new_extracted,high
A1408,"James L. Ward, Jr.",,,,1,"McGowan, Hood, Felder & Phillips, LLC; McGowan, Hood & Felder, LLC",2,2,"2816, 3107",Management,new_extracted/old_extracted,high
A1409,Shauna Itri,,,,1,Seeger Weiss LLP,1,2,3114,ClassCounsel; Management,new_extracted,high
A1410,Sean S Modjarrad,Sean Modjarrad,,,1,Modjarrad Abusaad & Said,1,2,3114,ClassCounsel; Management,new_extracted,high
A1411,Lawrence E. Buterman,Lawrence Buterman,,,1,Latham & Watkins LLP,1,2,3110,Communications; LeadCounsel; Management,new_extracted,high
A1412,Djordje Petkoski,,,,1,"Allen Overy Shearman Sterling US LLP; Paul, Weiss, Rifkind, Wharton & Garrison LLP",1,2,3110,Management,new_extracted,high
A1413,Vanessa G. Jacobsen,Vanessa Jacobsen,,,1,Eimer Stahl LLP,1,2,3110,Management,new_extracted,high
A1414,"Peter Barile, III",,,,1,"Lowey Dannenberg, P.C.",1,2,3110,LeadCounsel; Management,new_extracted,high
A1415,Stephen M. Medlock,,,,1,Vinson & Elkins LLP,1,2,3121,Management,new_extracted,high
A1416,Matthew Lavin,,,,1,Arnall Golden Gregory LLP,1,2,3121,Management,new_extracted,high
A1417,Melinda R. Coolidge,Melinda Coolidge,,,1,Hausfeld LLP; HAUSFELD LLP,1,2,3113,ClassCounsel; LeadCounsel,new_extracted,high
A1418,Halley Josephs,,,,1,Susman Godfrey LLP,1,2,3121,ClassCounsel; LeadCounsel,new_extracted,high
A1419,Tom Boardman,,,,1,Susman Godfrey LLP,1,2,3121,ClassCounsel; LeadCounsel,new_extracted,high
A1420,Zachary D. Caplan,,,,1,Berger Montague PC,1,2,3121,ClassCounsel; LeadCounsel,new_extracted,high
A1421,Patrick F. Madden,,,,1,Berger Montague PC,1,2,3121,ClassCounsel; LeadCounsel,new_extracted,high
A1422,Melissa Gardner,,,,1,Lieff Cabraser Heimann & Bernstein,1,2,3108,Management,new_extracted,high
A1423,Nick Murphy,,,,1,Hausfeld LLP,1,2,3108,Management,new_extracted,high
A1424,David Berger,,,,1,Gibbs Law Group LLP,1,2,3108,Management,new_extracted,high
A1425,Deepali Brahmbhatt,,,,1,Devlin Law Firm LLC,1,2,3108,Management,new_extracted,high
A1426,Jack Meyerson,,,,1,Meyerson & Miller,1,2,3108,Management,new_extracted,high
A1427,Jan Conlin,,,,1,Ciresi Conlin LLP,1,2,3108,Management,new_extracted,high
A1428,Ronald Podolny,,,,1,"Morgan and Morgan, P.A.",1,2,3108,Management,new_extracted,high
A1429,Jennifer M. French,,,,1,"Lynch Carpenter, LLP",2,2,"3115, 3149",Communications; Management,new_extracted,high
A1430,"M. Brandon Smith, Esq.",M. Brandon Smith,,,1,"Childers, Schlueter & Smith, LLC; Childers, Schlueter & Smith L.L.C.",2,2,"2734, 3115",Communications; Management,new_extracted/old_extracted,high
A1431,Carol C. Villegas,Carol Villegas,,,1,Lebaton Keller Sucharow LLP; Labaton Sucharow LLP,2,2,"2879, 3149",ClassCounsel; Communications; LeadCounsel,new_extracted/old_extracted,high
A1432,William B. Shinoff,William Shinoff,,,1,"Frantz Law Group, APLC",1,2,3149,LeadCounsel,new_extracted,high
A1433,Kristin Westphal,,,,1,"FRANTZ LAW GROUP, APLC",1,2,3149,Management,new_extracted,high
A1434,Edward Burak,,,,1,"FRANTZ LAW GROUP, APLC",1,2,3149,Management,new_extracted,high
A1435,Christopher Paulos,,,,1,Levin Papantonio,1,2,3140,Communications; Management,new_extracted,high
A1436,Katharine Krottinger,,,,1,Monsour Law Firm,1,2,3140,Discovery; Management,new_extracted,high
A1437,Adam Gomez,,,,1,Grant & Eisenhofer,1,2,3140,Expert; Management,new_extracted,high
A1438,Savannah Green,,,,1,"Aylstock, Witkin, Kreis & Overholtz",1,2,3140,Management,new_extracted,high
A1439,Janna Maples,,,,1,Stranch Jennings,1,2,3140,Discovery,new_extracted,high
A1440,Connor Sheehan,,,,1,Dunn Sheehan,1,2,3140,Discovery,new_extracted,high
A1441,Andrew Schwaba,,,,1,Schwaba Law Firm,1,2,3140,Trial,new_extracted,high
A1442,Genevieve Outlaw,,,,1,Robinson Calcagnie,1,2,3140,Motions,new_extracted,high
A1443,Colleen Garvey,,,,1,Stranch Jennings,1,2,3140,Motions,new_extracted,high
A1444,C. Hogan Paschal,,,,1,Fishman Haygood,1,2,3140,Motions,new_extracted,high
A1445,Cynthia Garber,,,,1,OnderLaw,1,2,3140,Expert,new_extracted,high
A1446,Ashley Liuzza,,,,1,Stag Liuzza,1,2,3140,Expert,new_extracted,high
A1447,Sara Castronuova,,,,1,Douglas & London,1,2,3140,Expert,new_extracted,high
A1448,Brendan McDonough,,,,1,Weitz & Luxenberg,1,2,3140,Expert,new_extracted,high
A1449,Bonnie Rickert,,,,1,Hilliard Law,1,2,3140,Expert,new_extracted,high
A1450,Starr Culpepper,,,,1,Culpepper & Associates,1,2,3140,Communications; ProSe,new_extracted,high
A1451,Shelby Yarbrough,,,,1,Law Office of Barrett Yarbrough,1,2,3140,Communications; ProSe,new_extracted,high
A1452,Timothy B. Mills,,,,1,"Maggs & McDermott, LLC",1,2,1570,LeadCounsel,old_extracted,high
A1453,Andrew J. Maloney,,,,1,Kreindler & Kreindler LLP,1,2,1570,Management,old_extracted,high
A1454,Marc S. Moller,,,,1,Kreindler & Kreindler LLP,1,2,1570,Management,old_extracted,high
A1455,Lynn Rossman Faris,,,,1,"Leonard Carder, LLP; LEONARD CARDER, LLP",1,2,1700,Communications; LeadCounsel; Management,old_extracted,high
A1456,Susan E. Ellingstad,,,,1,"Lockridge Grindal Nauen P.L.L.P.; LOCKRIDGE GRINDAL NAUEN, P.L.L.P.",1,2,1700,Communications; LeadCounsel; Management,old_extracted,high
A1457,Robert M. Schwartz,,,,1,OMelveny & Myers LLP,1,2,1700,Communications; LeadCounsel,old_extracted,high
A1458,Scott A. Smith,,,,1,"HALLELAND LEWIS NILAN SIPKINS & JOHNSON, P.A.; Halleland Lewis Nilan & Johnson",2,2,"1431, 1836",Communications; LeadCounsel,old_extracted,high
A1459,Samuel Fisher,,,,1,"Wiggins, Childs, Quinn & Pantazis, LLC; Wiggins, Childs, Pantazis, Fisher & Goldfarb, LLC",2,2,"1871, 2875",Management,old_extracted,high
A1460,Terrence Collingsworth,,,,1,,1,2,1916,LeadCounsel,old_extracted,high
A1461,Michael K. Brown,,,,1,Reed Smith; Reed Smith LLP,2,2,"1836, 2846",LeadCounsel,old_extracted,high
A1462,Eric Roberson,,,,1,,1,2,1964,Management,old_extracted,high
A1463,Rhett Klok,,,,1,,1,2,1964,Management,old_extracted,high
A1464,Mario N. Alioto,Mario Alioto,,,1,"Trump, Alioto, Trump & Prescott; Trump, Alioto, Trump & Prescott, LLP",1,2,1917,ClassCounsel; LeadCounsel,old_extracted,high
A1465,Paul D. Rheingold,,,,1,,1,2,1964,LeadCounsel; Management,old_extracted,high
A1466,Steven B. Blau,,,,1,,1,2,1964,LeadCounsel; Management,old_extracted,high
A1467,Bruce S. Rogow,,,,1,"Bruce S. Rogow, P.A.",1,2,2036,LeadCounsel; Management,old_extracted,high
A1468,Stephen Susman,Steve Susman,,,2,Susman Godfrey LLP; Susman Godfrey L.L.P.,2,2,"2002, 2567",LeadCounsel,old_extracted,merged
A1469,D. Brian Hufford,D.Brian Hufford,,,2,POMERANTZ GROSSMAN HUFFORD DAHLSTROM & GROSS LLP,2,2,"2020, 2406",ClassCounsel; Motions,old_extracted,merged
A1470,Robert J. Axelrod,Robert Axelrod,,,1,POMERANTZ GROSSMAN HUFFORD DAHLSTROM & GROSS LLP,2,2,"2020, 2406",ClassCounsel; Motions,old_extracted,high
A1471,Christopher P. Ridout,Christopher Ridout,,,1,Zimmerman Reed LLP,2,2,"2020, 2827",ClassCounsel; Discovery; Management,old_extracted,high
A1472,Raymond R. Boucher,Raymond Boucher,,,1,BOUCHER LLP,2,2,"2020, 2809",ClassCounsel; Management,old_extracted,high
A1473,Kevin P. Roddy,,,,1,"WILENTZ, GOLDMAN & SPITZER; Wilentz, Goldman & Spitzer, P.A.",2,2,"2020, 2445",ClassCounsel; Management,old_extracted,high
A1474,Kerry J. Miller,,,,1,Frilot L.L.C.,2,2,"2047, 2179",Communications,old_extracted,high
A1475,"Richard G. Duplantier, Jr.",Richard Duplantier,,,1,"Galloway, Johnson, Tompkins, Burr & Smith",1,2,2047,Coordination; Management,old_extracted,high
A1476,Judy Y. Barrasso,,,,1,"Barrasso Usdin Kupperman Freeman & Sarver, LLC",1,2,2047,LeadCounsel; Management,old_extracted,high
A1477,"H. Minor Pipes, III",,,,1,"Barrasso Usdin Kupperman Freeman & Sarver, LLC",1,2,2047,Management,old_extracted,high
A1478,Adrianne L. Baumgartner,,,,1,Porteous Hainkel & Johnson,1,2,2047,Management,old_extracted,high
A1479,Charles L. Chassaignac,,,,1,Porteous Hainkel & Johnson,1,2,2047,Management,old_extracted,high
A1480,Robert M. Darroch,,,,1,"Goodman McGuffey Lindsey & Johnson, LLP",1,2,2047,Management,old_extracted,high
A1481,Neal J. Favret,,,,1,Johnson Johnson Barrios & Yacoubian,1,2,2047,Management,old_extracted,high
A1482,Alan J. Yacoubian,,,,1,Johnson Johnson Barrios & Yacoubian,1,2,2047,Management,old_extracted,high
A1483,Seth A. Schmeeckle,,,,1,Lugenbuhl Wheaton Peck Rankin & Hubbard,1,2,2047,Management,old_extracted,high
A1484,Jennifer McNamara,,,,1,"Baker Donelson Bearman Caldwell & Berkowitz, PC",1,2,2047,Management,old_extracted,high
A1485,Gary J. Russo,,,,1,Jones Walker Waechter Poitevent Carrere Denegre,1,2,2047,Management,old_extracted,high
A1486,Jay Russell Sever,,,,1,"Phelps Dunbar, LLP",1,2,2047,Management,old_extracted,high
A1487,Virginia Y. Trainor,,,,1,"Phelps Dunbar, LLP",1,2,2047,Management,old_extracted,high
A1488,Eric B. Snyder,,,,1,,1,2,2151,Communications,old_extracted,high
A1489,S. Scott West,,,,1,,1,2,2151,Communications,old_extracted,high
A1490,Don K. Haycraft,,,,1,,1,2,2179,Communications,old_extracted,high
A1491,Sandra A. Bresnick,,,,1,"Quinn Emanuel Urquhart & Sullivan, LLP",1,2,2187,LeadCounsel,old_extracted,high
A1492,Brian Panish,,,,1,,1,2,2151,Communications; Management,old_extracted,high
A1493,John Foley,,,,1,Simmons Browder Gianaris Angelides & Barnerd LLC,2,2,"2187, 2440",Management,old_extracted,high
A1494,Norwood S. Wilner,,,,1,"Wilner Hartley & Metcalf, P.A.; WILNER HARTLEY & METCALF",1,2,2187,Management,old_extracted,high
A1495,Lawrence J. Tweel,Lawrence Tweel,,,1,"Greene, Ketchum, Bailey, Walker, Farrell & Tweel",1,2,2187,Communications,old_extracted,high
A1496,Mark Reinhardt,,,,1,"Reinhardt, Wendorf & Blanchfield; Reinhardt Wendorf & Blanchfield",1,2,2221,ClassCounsel; LeadCounsel; Management,old_extracted,high
A1497,Benjamin H. Anderson,Ben Anderson,,,2,"ANDERSON LAW OFFICES; Anderson Law Offices, LLC",2,2,"2187, 2440",LeadCounsel; Management,old_extracted,merged
A1498,Mark Mueller,,,,1,MUELLER LAW; Mueller Law PLLC,2,2,"2187, 2387",LeadCounsel; Management,old_extracted,high
A1499,P. Leigh ODell,Leigh O'Dell,,,2,"BEASLEY ALLEN CROW METHVIN PORTIS & MILES; BEASLEY, ALLEN, CROW, METHVIN, PORTIS & MILES, P.C.",2,2,"2187, 2738",LeadCounsel; Management,old_extracted,merged
A1500,Eric S. Johnson,,,,1,KUTAK ROCK LLP,1,2,2587,Management,old_extracted,high
A1501,Paul R Cordella,,,,1,The Lanier Law Firm,1,2,2244,Expert,old_extracted,high
A1502,Christopher M. Ellis,,,,1,"Bolen Robinson & Ellis, LLP",2,2,"2263, 2591",Management,old_extracted,high
A1503,Leonard A. Gail,,,,1,Massey & Gail LLP,1,2,2296,Management,old_extracted,high
A1504,Megan J. McKenzie,,,,1,"Robins, Kaplan, Miller & Ceresi",1,2,2244,Discovery,old_extracted,high
A1505,Ethan Mark Preston,Ethan Preston,,,1,Preston Law Offices,1,2,2295,ClassCounsel; LeadCounsel,old_extracted,high
A1506,Robert T. Adams,,,,1,"Shook, Hardy & Bacon LLP",1,2,2326,LeadCounsel,old_extracted,high
A1507,Scott E. Perwin,Scott Perwin,,,1,Kenny Nachwalter PA,2,2,"2332, 2836",LeadCounsel; Settlement,old_extracted,high
A1508,Steven C. Marks,Steven Marks,,,1,"Podhurst Orseck, P.A.",2,2,"2323, 2626",Management; Trial,old_extracted,high
A1509,Jeannine M. Kenney,,,,1,Hausfeld LLP,2,2,"2323, 2724",Communications; Management,old_extracted,high
A1510,Alan Carl Milstein,Alan Milstein,,,1,"Sherman, Silverstein, Kohl, Rose & Podolsky, P.A.",2,2,"2331, 2677",ClassCounsel; Management,old_extracted,high
A1511,Christy D. Jones,,,,1,"Butler, Snow, O'Mara, Stevens & Cannada, PLLC; BUTLER, SNOW, O'MARA, STEVENS & CANNADA, PLLC",2,2,"2327, 2436",LeadCounsel,old_extracted,high
A1512,Erin Linder Hanig,,,,1,LADUE CURRAN & KUEHN LLC,1,2,2391,Communications,old_extracted,high
A1513,Tanya Chutkan,,,,1,,1,2,2406,Expert,old_extracted,high
A1514,Cyril Smith,Cy Smith,,,2,,1,2,2406,Management; Settlement,old_extracted,merged
A1515,Debra Hayes,,,,1,,1,2,2406,Management; Settlement,old_extracted,high
A1516,U.W. Clemon,,,,1,,1,2,2406,Management; Settlement,old_extracted,high
A1517,John Fiske,,,,1,Gomez Trial Attorneys,1,2,2391,Management,old_extracted,high
A1518,Shayna E. Sacks,,,,1,"Napoli Bern Ripka Shkolnik LLP; Napoli Shkolnik, PLLC",2,2,"2418, 2789",Communications; Management,old_extracted,high
A1519,Barry A. Ragsdale,Barry Ragsdale,,,1,,1,2,2406,Communications; Discovery; Management,old_extracted,high
A1520,Annika K. Martin,,,,1,,2,2,"2419, 2818",LeadCounsel; ProSe,old_extracted,high
A1521,Shelley Kaufman,Shelly Kaufman,,,2,Geragos & Geragos; Geragos and Geragos,1,2,2434,Management,old_extracted,merged
A1522,R. Alexander Saveri,,,,1,"SAVERI & SAVERI, INC.; Saveri & Saveri",2,2,"2420, 2566",ClassCounsel; LeadCounsel; Management,old_extracted,high
A1523,Steven Bizar,,,,1,,1,2,2437,Communications; LeadCounsel,old_extracted,high
A1524,"Richard ""Flip"" Phillips",,,,1,"Smith Phillips Mitchell Scott & Nowak, LLP",1,2,2428,Management,old_extracted,high
A1525,J. Burton LeBlanc,,,,1,"Baron & Budd, P.C.",1,2,2428,Management,old_extracted,high
A1526,Laurence S. Berman,,,,1,"LEVIN FISHBEIN SEDRAN & BERMAN; LEVIN, FISHBEIN, SEDRAN & BERMAN",2,2,"2436, 2738",Communications; LeadCounsel; Management,old_extracted,high
A1527,Maxwell S. Kennerly,Max Kennerly,,,2,THE BEASLEY FIRM; Kennerly Loutey LLC,2,2,"2452, 2767",Communications; Management,old_extracted,merged
A1528,Joseph J. Siprut,Joseph Siprut,,,1,Siprut PC,1,2,2492,ClassCounsel; LeadCounsel,old_extracted,high
A1529,Deborah R. Gross,,,,1,"Law Offices of Bernard M. Gross; LAW OFFICES BERNARD M. GROSS, PC",2,2,"2460, 2472",Management,old_extracted,high
A1530,Jonathan R. Marshall,,,,1,BAILEY & GLASSER LLP,1,2,2493,ClassCounsel; Communications,old_extracted,high
A1531,Felipe J. Arroyo,,,,1,Robbins Arroyo LLP,1,2,2522,LeadCounsel,old_extracted,high
A1532,Christopher Walsh,,,,1,Walsh Law Firm,1,2,2522,Communications,old_extracted,high
A1533,Paul F. Novak,,,,1,Milberg LLP,2,2,"2445, 2687",Management,old_extracted,high
A1534,Ephraim R. Gerstein,,,,1,"GARWIN GERSTEIN & FISHER LLP; Garwin Gerstein and Fisher, LLP",1,2,2516,LeadCounsel,old_extracted,high
A1535,David S. Nalven,,,,1,HAGENS BERMAN SOBOL SHAPIRO LLP; Hagens Berman Sobol Shapiro LLP,1,2,2516,Management,old_extracted,high
A1536,"Gerald C. Pia, Jr.",,,,1,ROCHE PIA LLC; Roche Pia LLC,1,2,2516,Communications,old_extracted,high
A1537,Brian C. Roche,,,,1,ROCHE PIA LLC; Roche Pia LLC,1,2,2516,Communications,old_extracted,high
A1538,David R. Schaefer,,,,1,"BRENNER, SALTZMAN & WALLMAN LLP; Brenner, Saltzman & Wallman, LLP",1,2,2516,Communications,old_extracted,high
A1539,Andrew K. Solow,,,,1,Kaye Scholer LLP,2,2,"2545, 2592",LeadCounsel,old_extracted,high
A1540,Robert C. Hilliard,,,,1,,1,2,2543,LeadCounsel,old_extracted,high
A1541,Lance A. Cooper,,,,1,,1,2,2543,Management,old_extracted,high
A1542,Melanie L. Cyganowski,,,,1,,1,2,2543,Management,old_extracted,high
A1543,Hal K. Litchford,Hal Litchford,,,1,"Baker, Donelson, Bearman, Caldwell & Berkowitz, PC",1,2,2557,Communications,old_extracted,high
A1544,"Simon Bahne Paris, Esq.",Simon Paris,,,1,"Saltz Mongeluzzi Barrett & Bendesky, PC; Saltz, Mongeluzzi, Barrett & Bendesky",1,2,2575,ClassCounsel; Communications; LeadCounsel,old_extracted,high
A1545,Russell Button,,,,1,Law Offices of Ben C. Martin,1,2,2570,Management,old_extracted,high
A1546,Gregory Laker,,,,1,"Cohen & Malad, LLP",1,2,2570,Management,old_extracted,high
A1547,Charles S. Siegel,,,,1,"Waters, Kraus & Paul, LLC",1,2,2570,Management,old_extracted,high
A1548,Zona Jones,,,,2,"Provost Umphrey Law Firm, L.L.P; Harrison, Davis, Steakley, Morrison and Jones",2,2,"2555, 2875",Management,old_extracted,merged
A1549,Steven Glickstein,,,,1,Kaye Scholer LLP,1,2,2592,LeadCounsel,old_extracted,high
A1550,Gibson Vance,,,,1,Beasley Allen Crow Methvin Portis & Miles,2,2,"2592, 2595",Coordination; Management,old_extracted,high
A1551,Thomas P. Schult,,,,1,Berkowitz Oliver LLP,2,2,"2591, 2887",Communications,old_extracted,high
A1552,Christopher W. Savage,,,,1,DAVIS WRIGHT TREMAINE LLP,1,2,2587,Management,old_extracted,high
A1553,Adam S. Caldwell,,,,1,DAVIS WRIGHT TREMAINE LLP,1,2,2587,Management,old_extracted,high
A1554,Juliet A. Cox,,,,1,KUTAK ROCK LLP,1,2,2587,Management,old_extracted,high
A1555,Matthew A. Brill,,,,1,LATHAM & WATKINS LLP,1,2,2587,Management,old_extracted,high
A1556,Christian F. Binnig,,,,1,MAYER BROWN LLP,1,2,2587,Management,old_extracted,high
A1557,Jeffrey M. Strauss,,,,1,MAYER BROWN LLP,1,2,2587,Management,old_extracted,high
A1558,Russell Blau,,,,1,"MORGAN, LEWIS & BOCKIUS LLP",1,2,2587,Management,old_extracted,high
A1559,Gerard J. Duffy,,,,1,"BLOOSTON, MORDKOFSKY, DICKENS, DUFFY & PRENDERGAST LLP",1,2,2587,Management,old_extracted,high
A1560,Gregory R. Merz,,,,1,"GRAY, PLANT, MOOTY, MOOTY & BENNETT, P.A.",1,2,2587,Management,old_extracted,high
A1561,Brook B. Brown,,,,1,MCGINNIS LOCHRIDGE & KILGORE LLP,1,2,2587,Management,old_extracted,high
A1562,Carl R. Galant,,,,1,MCGINNIS LOCHRIDGE & KILGORE LLP,1,2,2587,Management,old_extracted,high
A1563,Todd A. Holleman,,,,1,"MILLER, CANFIELD, PADDOCK AND STONE, P.L.C.",1,2,2587,Management,old_extracted,high
A1564,James A.L. Buddenbaum,,,,1,PARR RICHEY OBREMSKEY FRANDSEN & PATTERSON LLP,1,2,2587,Management,old_extracted,high
A1565,Travis W. Montgomery,,,,1,PARR RICHEY OBREMSKEY FRANDSEN & PATTERSON LLP,1,2,2587,Management,old_extracted,high
A1566,David J. Hogue,,,,1,"PRINGLE & HERIGSTAD, P.C.",1,2,2587,Management,old_extracted,high
A1567,Paul M. Schudel,,,,1,WOODS & AITKEN LLP,1,2,2587,Management,old_extracted,high
A1568,Adam M. Slater,Adam Slater,,,1,"Mazie Slater Katz & Freeman, LLC",2,2,"2606, 2875",Communications; Fees; LeadCounsel; Management,old_extracted,high
A1569,Nancy L. Fineman,Nancy Fineman,,,1,"Cotchett, Pitre & McCarthy, LLP",1,2,2627,LeadCounsel,old_extracted,high
A1570,Robert R. Adhoot,,,,1,"Adhoot & Wolfson, P.C.",2,2,"2627, 2743",ClassCounsel,old_extracted,high
A1571,Robert W. Boatman,,,,1,"Gallagher & Kennedy, PA",1,2,2641,Communications; Coordination; LeadCounsel,old_extracted,high
A1572,Shannon Clark,,,,1,"Gallagher & Kennedy, PA",1,2,2641,Management,old_extracted,high
A1573,Eric M. Terry,,,,1,"TorHoerman Law, LLC",1,2,2641,Management,old_extracted,high
A1574,Nate Van Der Veer,,,,1,"Farris, Riley & Pitt LLP",1,2,2641,Management,old_extracted,high
A1575,"Stephen Hunt, Jr.",Stephen Hunt Jr.,,,1,"Cory Watson, P.C.",2,2,"2657, 2734",Discovery; Management,old_extracted,high
A1576,Mark M. OMara,Mark OMara,,,1,OMara Law Group,2,2,"2666, 2795",LeadCounsel; Management,old_extracted,high
A1577,Randi McGinn,,,,1,"McGinn, Montoya, Love & Curry, P.A.",1,2,2695,Communications,old_extracted,high
A1578,Nancy R. Long,Nancy Long,,,1,,1,2,2695,Communications; LocalCounsel,old_extracted,high
A1579,Roxanne Barton Conlin,Roxanne Conlin,,,1,"Roxanne Conlin and Associates; Roxanne Conlin & Associates, LLC",2,2,"2672, 2795",Management,old_extracted,high
A1580,Brant D. Penney,Brant Penney,,,1,"Reinhardt Wendorf Blanchfield; Reinhardt, Wendorf, & Blanchfield",1,2,2705,Management,old_extracted,high
A1581,Munir R. Meghjee,,,,1,ROBINS KAPLAN LLP; Robins Kaplan LLP,2,2,"2691, 2734",Coordination; Management,old_extracted,high
A1582,Jay B. Shapiro,,,,1,"Stearns Weaver Miller Weissler Alhadeff & Sitterson, P.A.",1,2,2687,ClassCounsel; LeadCounsel,old_extracted,high
A1583,Saul P. Morgenstern,,,,1,Arnold & Porter Kaye Scholler LLP,1,2,2724,Communications,old_extracted,high
A1584,Laura S. Shores,,,,1,Arnold & Porter Kaye Scholler LLP,1,2,2724,Communications,old_extracted,high
A1585,Adam S. Hakki,,,,1,Shearman & Sterling LLP; SHEARMAN & STERLING LLP,1,2,2704,Communications; LeadCounsel,old_extracted,high
A1586,Eric B. Fastiff,,,,1,"Lieff, Cabraser, Heiman & Bernstein, LLP; Lieff, Cabraser, Heimann & Bernstein, LLP",2,2,"2687, 2819",ClassCounsel; LeadCounsel; Management,old_extracted,high
A1587,Elizabeth Tipping,,,,1,"Neal & Harwell, PLC",1,2,2724,Management,old_extracted,high
A1588,Daniel S. Mason,,,,1,"Furth Salem Mason & Li, LLP",1,2,2724,Management,old_extracted,high
A1589,Peter Gil-Montllor,,,,1,"Cuneo Gilbert & LaDuca, LLP",1,2,2724,ClassCounsel; LeadCounsel,old_extracted,high
A1590,Alison Tanchyk,,,,1,"Morgan, Lewis & Bockius, LLP",1,2,2724,Communications,old_extracted,high
A1591,Ryan T. Becker,,,,1,Fox Rothschild LLP,1,2,2724,Communications,old_extracted,high
A1592,Richard L. Root,Rick L. Root,,,2,"MORRIS BART, LLC",1,2,2738,Management,old_extracted,merged
A1593,Matthew A. Campbell,Matthew Campbell,,,1,Winston & Strawn LLP,1,2,2734,Discovery; Expert; Settlement,old_extracted,high
A1594,Lauren S. Colton,Lauren Colton,,,1,Hogan Lovells US LLP,1,2,2734,Discovery,old_extracted,high
A1595,Gary L. Wilson,,,,1,Robins Kaplan LLP,1,2,2734,LeadCounsel; Management,old_extracted,high
A1596,Jon A. Tostrud,,,,1,"Tostrud Law Group, P.C.",1,2,2724,Management,old_extracted,high
A1597,Alexander G. Dwyer,,,,1,Kirkendall Dwyer LLP,1,2,2740,Management,old_extracted,high
A1598,Rand P. Nolen,,,,1,"Fleming, Nolen & Jez, LLP",1,2,2740,Management,old_extracted,high
A1599,Daniel Markoff,,,,1,Atkins & Markoff Law Firm,1,2,2740,Management,old_extracted,high
A1600,Irving J. Warshauer,,,,1,"Gainsburgh, Benjamin, David, Meunier & Warshauer, L.L.C.",1,2,2740,Settlement,old_extracted,high
A1601,John Gomez,,,,1,Gomez Law Firm,2,2,"2740, 2750",Management,old_extracted,high
A1602,Jessica Perez Reynolds,,,,1,"Pendley, Baudin & Coffin, LLP",2,2,"2740, 2776",Management,old_extracted,high
A1603,Rex A. Littrell,,,,1,Ulmer & Berne LLP,1,2,2740,Settlement,old_extracted,high
A1604,Sara D. Avila,,,,1,"MILSTEIN JACKSON FAIRCHILD & WADE; Milstein, Jackson, Fairchild & Wade, LLP",2,2,"2709, 2741",ClassCounsel; Communications,old_extracted,high
A1605,Marc A. Castaneda,Marc Castaneda,,,1,"MILSTEIN JACKSON FAIRCHILD & WADE; Milstein, Jackson, Fairchild & Wade, LLP",2,2,"2709, 2741",ClassCounsel; Communications,old_extracted,high
A1606,Kalpana Srinivasan,,,,1,Susman Godfrey L.L.P.; Susman Godfrey LLP,1,2,2773,ClassCounsel; LeadCounsel; Management,old_extracted,high
A1607,Russell Hilliard,,,,1,"Upton & Hatfield, LLP; Upton & Hatfield LLP",1,2,2753,Communications,old_extracted,high
A1608,"James B. Matthews, III",James B. Matthews,,,1,"Blasingame Burch Garrard & Ashley; Blasingame, Burch, Garrard & Ashley P.C.",1,2,2753,Coordination,old_extracted,high
A1609,Kathleen R. Kerner,Katie Kerner,,,2,"Jenner Law, P.C.",1,2,2775,Management; Settlement,old_extracted,merged
A1610,Christina Natale,,,,2,Jones Ward PLC; United States Department of Justice,2,2,"2767, 2873",Management,old_extracted,merged
A1611,Kim Loutey,,,,1,Kennerly & Loutey; KENNERLY LOUTEY,2,2,"2767, 2809",Management,old_extracted,high
A1612,Gregory Hopper,Greg Hopper,,,2,"Bekman, Marder & Adkins",1,2,2775,Coordination; Management,old_extracted,merged
A1613,Rip Andrews,,,,1,"Marsh, Richard & Bryan",1,2,2775,Management,old_extracted,high
A1614,Whitney Butcher,,,,1,Whitley Law Firm,1,2,2775,Management,old_extracted,high
A1615,Holly H. Dolejsi,Holly Dolejsi,,,1,"Robins Kaplan LLP; Robins Kaplan, LLP",2,2,"2750, 2776",LeadCounsel; Management,old_extracted,high
A1616,Damien Marshall,,,,1,"Boies, Schiller Flexner LLP",1,2,2785,Management,old_extracted,high
A1617,Philip A. Sechler,,,,1,"Robbins, Russell, Englert, Orseck, Untereiner & Sauber LLP; Robbins, Russell, Englert, Orseck, Untereiner & Sauber, LLP",1,2,2785,Communications,old_extracted,high
A1618,Eric Hochstadt,,,,1,"Weil, Gotshal & Manges, LLP",1,2,2785,Management,old_extracted,high
A1619,Stewart D. Aaron,,,,1,"Arnold & Porter Kaye Scholer, LLP",1,2,2792,Communications,old_extracted,high
A1620,George T. Williamson,George Williamson,,,1,Farr Law Firm,2,2,"2734, 2875",Discovery; Management,old_extracted,high
A1621,Larry Hill,,,,1,"Moore, Hill & Westmoreland, P.A.",2,2,"2734, 2885",Communications,old_extracted,high
A1622,Susan L. Shin,,,,1,Arnold & Porter Kaye Scholer LLP,1,2,2792,LeadCounsel,old_extracted,high
A1623,Philip M. Oliss,,,,1,Squire Patton Boggs (US) LLP,1,2,2792,LeadCounsel,old_extracted,high
A1624,Daniel C. Levin,,,,1,Levin Sedran & Berman,2,2,"2792, 2875",Management,old_extracted,high
A1625,Richard M. Hagstrom,Richard Hagstrom,,,1,"Hellmuth & Johnson, PLLC; HELLMUTH & JOHNSON PLLC",2,2,"2795, 2828",Management,old_extracted,high
A1626,Laura K. Mummert,,,,1,,1,2,2833,LeadCounsel,old_extracted,high
A1627,Erin C. Durba,Erin Durba,,,1,Motley Rice LLC,1,2,2842,Management,old_extracted,high
A1628,Timothy A. Litzenburg,,,,1,"Kincheloe, Litzenburg & Pendleton, PLLC",1,2,2848,Management,old_extracted,high
A1629,Dean M. Harvey,,,,1,"Lieff Cabraser Heimann & Bernstein, LLP",1,2,2850,ClassCounsel; LeadCounsel,old_extracted,high
A1630,Michael C. Bradley,,,,1,"Pittman, Dutton & Hellums, P.C.",1,2,2846,Management,old_extracted,high
A1631,Peter Sandberg,,,,1,"Ingaldson Fitzgerald, P.C.",1,2,2859,Management,old_extracted,high
A1632,Meegan Hollywood,,,,1,Robins Kaplan LLP,1,2,2867,Management,old_extracted,high
A1633,Mark D. Allison,,,,1,"Caplin & Drysdale; Caplin & Drysdale, Chartered",1,2,2865,LeadCounsel,old_extracted,high
A1634,Kenneth Reilly,,,,1,"Shook Hardy & Bacon, L.L.P.",1,2,2873,Coordination; Management,old_extracted,high
A1635,Rosalee B.C. Thomas,,,,1,Finkelstein Thompson,1,2,2875,Management,old_extracted,high
A1636,"Samuel Anyan, Jr.",Samuel Anyan,,,1,The Cochran Firm,1,2,2875,Management,old_extracted,high
A1637,Frederick Gaston Hall,,,,1,United States Department of Justice,1,2,2873,Management,old_extracted,high
A1638,Marianne Kies,,,,1,"United States Department of Justice; United States Department of Justice, Civil Division, Environmental Torts Branch",1,2,2873,Management,old_extracted,high
A1639,Richard Head,,,,1,SL Environmental Law Group,1,2,2873,Management,old_extracted,high
A1640,Lauren Calvert,,,,1,Messner Reeves LLP,1,2,2885,Motions,old_extracted,high
A1641,Gilbert S Keteltas,Gilbert Keteltas,,,1,Baker and Hostetler LLP; Baker & Hostetler LLP,1,2,2879,Communications; Discovery; LeadCounsel,old_extracted,high
A1642,Daniel R Warren,Daniel Warren,,,1,Baker and Hostetler LLP; Baker & Hostetler LLP,1,2,2879,Communications; Discovery; LeadCounsel,old_extracted,high
A1643,Lisa M Ghannoum,Lisa Ghannoum,,,1,Baker and Hostetler LLP; Baker & Hostetler LLP,1,2,2879,Communications; Discovery; LeadCounsel,old_extracted,high
A1644,"Phillip W. Segui, Jr.",,,,1,"SEGUI LAW FIRM PC; Segui Law Firm, PC",1,2,2886,ClassCounsel; Communications; Management,old_extracted,high
A1645,"William F. Cash, III",William F. Cash III,,,1,"LEVIN, PAPANTONIO, THOMAS, MITCHELL, RAFFERTY & PROCTOR, P.A.; Levin, Papantonio, Thomas, Mitchell, Rafferty & Proctor, P.A.",1,2,2886,ClassCounsel; Management,old_extracted,high
A1646,Michael Moreland,Mike Moreland,,,2,,1,2,2885,Management,old_extracted,merged
A1647,"Pascal F. Calogero, Jr.",,,,1,,1,1,1657,Communications,new_extracted,high
A1648,Robert E. Arceneaux,,,,1,,1,1,1657,LeadCounsel,new_extracted,high
A1649,Margaret E. Woodward,,,,1,,1,1,1657,LeadCounsel,new_extracted,high
A1650,Robert M. Johnston,,,,1,"Johnston, Hoefer, Holwadel & Eldridge",1,1,1657,ProSe,new_extracted,high
A1651,Robert E. Johnston,,,,1,Hollingsworth LLP,1,1,3006,LeadCounsel,new_extracted,high
A1652,Daniel S. Sommers,,,,1,"Cohen, Milstein, Hausfeld & Toll, P.L.L.C.",1,1,1656,ClassCounsel; LeadCounsel,new_extracted,high
A1653,Michael K. Yarnoff,,,,1,"Schiffrin Barroway Topaz & Kessler, LLP",1,1,1656,ClassCounsel; LeadCounsel,new_extracted,high
A1654,Jennifer L. Enck,,,,1,"Schiffrin Barroway Topaz & Kessler, LLP",1,1,1656,ClassCounsel; LeadCounsel,new_extracted,high
A1655,Salvatore J. Graziano,,,,1,Bernstein Litowitz Berger & Grossmann LLP,1,1,1658,ClassCounsel; LeadCounsel,new_extracted,high
A1656,Robert A. Wallner,,,,1,Milberg LLP,1,1,1658,ClassCounsel; LeadCounsel,new_extracted,high
A1657,David A.P. Brower,,,,1,"Brower Piven, A Professional Corporation",1,1,1658,ClassCounsel; LeadCounsel,new_extracted,high
A1658,Mark Levine,,,,1,"Stull, Stull & Brody",1,1,1658,ClassCounsel; LeadCounsel,new_extracted,high
A1659,Jeffrey P. Fink,,,,1,"Robbins Umeda & Fink, LLP",1,1,1658,LeadCounsel,new_extracted,high
A1660,Caroline Schnurer,,,,1,"Robbins Umeda & Fink, LLP",1,1,1658,LeadCounsel,new_extracted,high
A1661,Steve Wedeking,,,,1,"Robbins Umeda & Fink, LLP",1,1,1658,LeadCounsel,new_extracted,high
A1662,William S. Lerach,,,,1,Lerach Coughlin Stoia Geller Rudman & Robbins LLP,1,1,1658,LeadCounsel,new_extracted,high
A1663,Travis E. Downs III,,,,1,Lerach Coughlin Stoia Geller Rudman & Robbins LLP,1,1,1658,LeadCounsel,new_extracted,high
A1664,Amber L. Eck,,,,1,Lerach Coughlin Stoia Geller Rudman & Robbins LLP,1,1,1658,LeadCounsel,new_extracted,high
A1665,Donald C. Brown,,,,1,"Weiner, Brodsky, Sidman & Kider",1,1,1677,Communications,new_extracted,high
A1666,Robert M. Rothman,,,,1,Robbins Geller Rudman & Dowd LLP,1,1,1704,ClassCounsel,new_extracted,high
A1667,James F. Jorden,,,,1,Jorden Burt LLP,1,1,1712,Communications,new_extracted,high
A1668,Charles F. Smith,,,,1,"Skadden, Arps, Slate, Meagher & Flom, LLP",1,1,1712,Communications,new_extracted,high
A1669,David E. Tungate,,,,1,"Eckert Seamans Cherin & Mellott, LLC",1,1,1712,Communications,new_extracted,high
A1670,Joseph A. Martin,,,,1,"Archer & Greiner, PC",1,1,1712,Communications,new_extracted,high
A1671,Catherine S. Straggas,,,,1,Margolis Edelstein,1,1,1712,Communications,new_extracted,high
A1672,Scott I. Fegley,,,,1,"Scott I. Fegley, Esq. Law Offices",1,1,1712,Communications,new_extracted,high
A1673,Jeffrey B. McCarron,,,,1,Swartz Campbell & Detweiler,1,1,1712,Communications,new_extracted,high
A1674,Marc L. Bogutz,,,,1,"Christie Pabarue Mortensen & Young, PC",1,1,1712,Communications,new_extracted,high
A1675,David S. Senoff,,,,1,,1,1,1712,Communications,new_extracted,high
A1676,Robert Izard,,,,1,Schatz & Nobel P.C.,1,1,1658,LeadCounsel,new_extracted,high
A1677,Marc I. Machiz,,,,1,"Cohen, Milstein, Hausfeld & Toll, P.L.L.C.",1,1,1658,LeadCounsel,new_extracted,high
A1678,Ms. Stacey L. Mills,,,,1,"Heins, Mills & Olson, PLC",1,1,1708,Management,new_extracted,high
A1679,Ms. Silvija A. Strikis,,,,1,"Kellogg, Huber, Hansen, Todd, Evans & Figel, PLLC",1,1,1708,Management,new_extracted,high
A1680,Abraham Rappaport,,,,1,,1,1,1725,Communications,new_extracted,high
A1681,Jerome L. Skinner,,,,1,Nolan Law Group,1,1,1721,Communications,new_extracted,high
A1682,"John C. Nettels, Jr.",,,,1,Stinson Morrison Hecker L.L.P.,1,1,1721,Communications,new_extracted,high
A1683,Heather S. Woodson,,,,1,Stinson Morrison Hecker L.L.P.,1,1,1721,Communications,new_extracted,high
A1684,Craig L. Meadows,,,,1,"Hawley, Troxell, Ennis, & Hawley L.L.P.",1,1,1721,Communications,new_extracted,high
A1685,Jason D. Scott,,,,1,"Hawley, Troxell, Ennis, & Hawley L.L.P.",1,1,1721,Communications,new_extracted,high
A1686,Joseph W. Phebus,,,,1,,1,1,1718,ClassCounsel; LeadCounsel; Management,new_extracted,high
A1687,Andrew J. McGuinness,,,,1,Dykema Gossett PLLC,1,1,1718,Communications; LeadCounsel,new_extracted,high
A1688,Thomas M. Hanson,,,,1,Dykema Gossett PLLC,1,1,1718,LeadCounsel,new_extracted,high
A1689,Peter M. Kellett,,,,1,Dykema Gossett PLLC,1,1,1718,LeadCounsel,new_extracted,high
A1690,Barry Goodman,,,,1,,1,1,1718,Communications,new_extracted,high
A1691,Ed Zebersky,,,,1,,1,1,1718,Management,new_extracted,high
A1692,Gary Koederitz,,,,1,,1,1,1718,Management,new_extracted,high
A1693,Emily Peacock,,,,1,,1,1,1718,Management,new_extracted,high
A1694,Dale Evans,,,,1,,1,1,1735,ClassCounsel,new_extracted,high
A1695,Kent Hirsh,,,,1,,1,1,1735,ClassCounsel,new_extracted,high
A1696,Todd S. Collins,,,,1,"BERGER & MONTAGUE, P.C.",1,1,1735,ClassCounsel,new_extracted,high
A1697,Ann Miller,,,,1,"ANN MILLER, LLC",1,1,1735,ClassCounsel,new_extracted,high
A1698,Alan Kluger,,,,1,"Kluger, Peretz, Kaplan & Berlin, P.L.",1,1,1733,LeadCounsel,new_extracted,high
A1699,Steve Silverman,,,,1,"Kluger, Peretz, Kaplan & Berlin, P.L.",1,1,1733,LeadCounsel,new_extracted,high
A1700,Allan B. Cooper,,,,1,"Ervin Cohen & Jessup, LLP",1,1,1733,Management,new_extracted,high
A1701,Timothy R. Beyer,,,,1,"Brownstein, Hyatt & Farber",1,1,1733,Management,new_extracted,high
A1702,Ellen Pilelsky,,,,1,"Oppenheim, Pilelsky, PA",1,1,1733,Management,new_extracted,high
A1703,Bryan R. Sup,,,,1,"Schwartz, Cooper, Greenberger & Krauss",1,1,1733,Management,new_extracted,high
A1704,Kimberley K. Baer,,,,1,"Wandro, Baer & Appel, P.C.",1,1,1733,Communications; Management,new_extracted,high
A1705,Matthew Tuccillo,,,,1,Shapiro Haber & Urmy LLP,1,1,1733,Management,new_extracted,high
A1706,Peggy Pitt,,,,1,"Pitt, McGehee, Miller Palmer & Rivers, P.C.",1,1,1733,Management,new_extracted,high
A1707,Gary A. Growe,,,,1,"Blumenfeld Kaplan & Sandweiss, P.C.",1,1,1733,Management,new_extracted,high
A1708,Don P. Foster,,,,1,"Klehr, Harison, Harvey, Branzburg & Ellers, LLP",1,1,1733,Management,new_extracted,high
A1709,Curtis Trinko,,,,1,"Law Offices of Curtis V. Trinko, LLP",1,1,1733,Management,new_extracted,high
A1710,Gary M. Smith,,,,1,Graham & Graham Co. LPA,1,1,1733,Management,new_extracted,high
A1711,Gary K. Smith,,,,1,Law Offices of Gary K. Smith,1,1,1785,Management,new_extracted,high
A1712,"Jack J. Pringle, Jr.",,,,1,"Ellis, Lawhorne & Sims, P.A.",1,1,1733,Management,new_extracted,high
A1713,Gary Polland,,,,1,Gary Polland & Associates,1,1,1733,Management,new_extracted,high
A1714,James C. Peterson,,,,1,"Hill, Peterson, Carper, Bee & Deitzler, PLLC",1,1,1733,Management,new_extracted,high
A1715,Larry A. Winter,,,,1,Winter Johnson & Hill PLLC,1,1,1733,Management,new_extracted,high
A1716,Robert Fanter,,,,1,Whitfield & Eddy,1,1,1733,Communications,new_extracted,high
A1717,John Sherk,,,,1,"Shook, Hardy & Bacon LLP",1,1,1733,Communications,new_extracted,high
A1718,Eric Anielak,,,,1,"Shook, Hardy & Bacon LLP",1,1,1733,Management,new_extracted,high
A1719,Andrew Carpenter,,,,1,"Shook, Hardy & Bacon LLP",1,1,1733,Management,new_extracted,high
A1720,Sean Gallagher,,,,1,Bartlit Beck Herman Palenchar & Scott LLP,1,1,1733,Management,new_extracted,high
A1721,Mark Levy,,,,1,Kilpatrick Stockton LLP,1,1,1733,Management,new_extracted,high
A1722,Kaspar Stoffelmayr,,,,1,Bartlit Beck Herman Palenchar & Scott LLP,1,1,1733,Management,new_extracted,high
A1723,Herbert J. Stern,,,,1,STERN & KILCULLEN,1,1,1730,Communications,new_extracted,high
A1724,R. Laurence Macon,,,,1,AKIN GUMP STRAUSS HAUER & FELD LLP,1,1,1730,LeadCounsel; Management,new_extracted,high
A1725,James V. Bashian,,,,1,"LAW OFFICES OF JAMES V. PASHIAN, P.C.",1,1,1730,Management,new_extracted,high
A1726,Monica Gant,,,,1,"Law Offices of Daniel E. Becnel, Jr.",1,1,1742,Management,new_extracted,high
A1727,Ray Chester,,,,1,"McGinnis, Lochridge & Kilgore LLP",1,1,1742,Management,new_extracted,high
A1728,Thomas Rogers,,,,1,"Richardson, Patrick, Westbrook & Brickman, LLC",1,1,1742,Management,new_extracted,high
A1729,D. Mitchell Garrett,,,,1,"Garrett Law Office, P.C.",1,1,1742,Discovery,new_extracted,high
A1730,Harris Pogust,,,,1,"Pogust, Braslow & Millrood",1,1,1736,LeadCounsel,new_extracted,high
A1731,Andy Vickery,,,,1,"Vickery, Perdue, Kidd & Vickery",1,1,1736,LeadCounsel; Trial,new_extracted,high
A1732,Robert W. Thompson,,,,1,"Callahan, Thompson, Sherman & Caudill, LLP",1,1,1751,ClassCounsel; Management,new_extracted,high
A1733,Francis M. Gregorek,,,,1,Wolf Haldenstein Adler Freeman & Herz LLP,1,1,1751,ClassCounsel; Management,new_extracted,high
A1734,"Stephen J. Fearon, Jr.",,,,1,"Squitieri & Fearon, LLP",1,1,1751,ClassCounsel; Management,new_extracted,high
A1735,Daniel A. Osborn,,,,1,BEATIE AND OSBORN LLP,1,1,1760,Management,new_extracted,high
A1736,F. Dulin Kelly,,,,1,"KELLY, KELLY & ALLMAN",1,1,1760,LeadCounsel; Management,new_extracted,high
A1737,Bart T. Valad,,,,1,"THE LAW FIRM OF BART T. VALAD, PLLC",1,1,1760,LeadCounsel; Management,new_extracted,high
A1738,John Vecchione,,,,1,"THE LAW FIRM OF BART T. VALAD, PLLC",1,1,1760,Management,new_extracted,high
A1739,C. Patrick Flynn,,,,1,"FLYNN AND RADFORD ATTORNEYS, P.C.",1,1,1760,Communications,new_extracted,high
A1740,Katharine Latimer,,,,1,Spriggs & Hollingsworth,1,1,1760,LeadCounsel,new_extracted,high
A1741,Marjorie Shickman,,,,1,Dechert LLP,1,1,1769,Communications,new_extracted,high
A1742,Jennifer Fountain Connolly,,,,1,Wexler Toriseva Wallace LLP,1,1,1745,LeadCounsel; Management,new_extracted,high
A1743,Lee Squitieri,,,,1,"Squitieri & Fearon, LLP",1,1,1745,LeadCounsel; Management,new_extracted,high
A1744,James Malone,,,,1,Chimicles & Tikellis LLP,1,1,1745,Management,new_extracted,high
A1745,"Walter G. Campbell, Jr",,,,1,"Krupnick, Campbell, Malone, et al",1,1,1789,Management,new_extracted,high
A1746,Kenneth I. Trujillo,,,,1,"Trujillo Rodriguez & Richards, LLC",1,1,1782,Communications,new_extracted,high
A1747,Jerry Taylor,,,,1,"Beasley, Allen, Crow, Methvin, Portis & Miles, P.C.",1,1,1789,Management,new_extracted,high
A1748,David Sanford,,,,1,"SANFORD WITTELS & HEISLER, LLP",1,1,1794,ClassCounsel,new_extracted,high
A1749,Jeremy Heisler,,,,1,"SANFORD WITTELS & HEISLER, LLP",1,1,1794,ClassCounsel,new_extracted,high
A1750,Katherine M. Kimpel,,,,1,"SANFORD WITTELS & HEISLER, LLP",1,1,1794,ClassCounsel,new_extracted,high
A1751,Grant Morris,,,,1,"SANFORD WITTELS & HEISLER, LLP",1,1,1794,ClassCounsel,new_extracted,high
A1752,Merrill G. Davidoff,,,,1,"BERGER & MONTAGUE, P.C.",1,1,1790,ClassCounsel; LeadCounsel,new_extracted,high
A1753,Edward W. Millstein,,,,1,"BERGER & MONTAGUE, P.C.",1,1,1790,ClassCounsel; LeadCounsel,new_extracted,high
A1754,Randal R. Kelly,,,,1,"IRWIN & BOESEN, P.C.",1,1,1790,Management,new_extracted,high
A1755,Tim Balducci,,,,1,Langston Law Firm,1,1,1785,Management,new_extracted,high
A1756,Howard Bushman,,,,1,Harke & Clasby,1,1,1785,Management,new_extracted,high
A1757,John E. Mudd,,,,1,Law Offices of John E. Mudd,1,1,1785,Management,new_extracted,high
A1758,Jennifer Sherrill,,,,1,Federman & Sherwood,1,1,1785,Management,new_extracted,high
A1759,John Felder,,,,1,"McGowan, Hood, Felder & Johnson",1,1,1785,Management,new_extracted,high
A1760,Chad McGowen,,,,1,"McGowan, Hood, Felder & Johnson",1,1,1785,Management,new_extracted,high
A1761,Patrick N. Keegan,,,,1,"Keegan, Macaluso & Baker",1,1,1785,Management,new_extracted,high
A1762,Jeffrey Keller,,,,1,Keller Grover LLP,1,1,1785,Management,new_extracted,high
A1763,Robert Rikard,,,,1,Whetstone Myers Perkins & Young,1,1,1785,Management,new_extracted,high
A1764,Karen Renwick,,,,1,"Walters Bender Strohbehn Vaughn, PC",1,1,1785,Management,new_extracted,high
A1765,Marie Woodbury,,,,1,"SHB Bausch & Lomb, Inc.",1,1,1785,LeadCounsel,new_extracted,high
A1766,Matthew Moore,,,,1,Howrey firm,1,1,1816,Communications,new_extracted,high
A1767,Stephen M. Harris,,,,1,Knapp Petersen & Clarke,1,1,1807,Management,new_extracted,high
A1768,Terry Lueckenhoff,,,,1,Blackwell Sanders Peper Martin LLP,1,1,1811,Communications; LeadCounsel,new_extracted,high
A1769,Ralph E. Chapman,,,,1,Chapman Lewis & Swan,1,1,1811,Management,new_extracted,high
A1770,Joel M. Kuehnert,,,,1,,1,1,1,Communications,new_extracted,high
A1771,Jim Banks,,,,1,,1,1,1,Communications,new_extracted,high
A1772,Bruce Brown,,,,1,,1,1,1,Communications,new_extracted,high
A1773,Edward Allen,,,,1,,1,1,1,Communications,new_extracted,high
A1774,Clint Vince,,,,1,,1,1,1,Communications,new_extracted,high
A1775,William Droze,,,,1,,1,1,1,Communications,new_extracted,high
A1776,Patricia T. Barmeyer,,,,1,,1,1,1,Communications,new_extracted,high
A1777,Clyde Morris,,,,1,,1,1,1,Communications,new_extracted,high
A1778,Ruth Ann Storey,,,,1,,1,1,1,Communications,new_extracted,high
A1779,Jerome A. Murphy,,,,1,Crowell & Moring LLP,1,1,1827,Communications,new_extracted,high
A1780,Clifford H. Pearson,,,,1,"Pearson, Simon, Soter, Warshaw & Penny, LLP",1,1,1822,ClassCounsel,new_extracted,high
A1781,Stephen M. Garcia,,,,1,The Garcia Law Firm,1,1,1822,ClassCounsel; Communications,new_extracted,high
A1782,Michael Fuller,,,,1,McHugh Fuller Law Group,1,1,1822,ClassCounsel,new_extracted,high
A1783,"Jack T. Patterson, II",,,,1,Patton Roberts McWilliams & Capshaw,1,1,1822,ClassCounsel,new_extracted,high
A1784,Terrence J. Dee,,,,1,"Kirkland & Ellis, LLP",1,1,1822,Communications,new_extracted,high
A1785,Steven F. Cherry,,,,1,Wilmer Cutler Pickering Hale and Dorr LLP,1,1,1827,Communications,new_extracted,high
A1786,Michael Plachy,,,,1,Rotherberger Johnson & Lyons,1,1,1817,Management,new_extracted,high
A1787,J. Barton Goplerud,,,,1,"Hudson Mallaney & Shindler, P.C.",1,1,1817,Management,new_extracted,high
A1788,Robert P. Munian,,,,1,Kramer Rayson,1,1,1817,Management,new_extracted,high
A1789,Jeffrey M. Kuntz,,,,1,,1,1,1842,Management,new_extracted,high
A1790,George A. Barton,,,,1,"Law Offices of George A. Barton, P.C.",1,1,1840,ClassCounsel,new_extracted,high
A1791,Howard B. Miller,,,,1,,1,1,1840,LeadCounsel,new_extracted,high
A1792,Stephanie Hatzakos,,,,1,Milberg Weiss,1,1,1842,Management,new_extracted,high
A1793,Amy M. Carter,,,,1,"Williams Kherkher Hart Boundas, LLP",1,1,1842,Management,new_extracted,high
A1794,Howard Louis Siegel,,,,1,Law Offices of Howard Siegel,1,1,1865,LeadCounsel; Management,new_extracted,high
A1795,Mia Lauren Maness,,,,1,"Mark C. Tanenbaum, P.A.",1,1,1865,Management,new_extracted,high
A1796,Robert S. Wood,,,,1,"Richardson, Patrick, Westbrook & Brickman, L.L.C.",1,1,1865,Management,new_extracted,high
A1797,D. Jeffrey Ireland,,,,1,,1,1,1850,Communications,new_extracted,high
A1798,Mark Goodman,,,,1,,1,1,1850,Communications,new_extracted,high
A1799,Joseph M. Sellers,,,,1,"COHEN, MILSTEIN, HAUSFELD & TOLL, P.L.L.C.",1,1,1854,LeadCounsel; Management,new_extracted,high
A1800,Christine E. Webber,,,,1,"COHEN, MILSTEIN, HAUSFELD & TOLL, P.L.L.C.",1,1,1854,LeadCounsel; Management,new_extracted,high
A1801,Preyesh Maniklal,,,,1,Maniklal & Dennis LLP,1,1,1854,Communications; Management,new_extracted,high
A1802,Candis A. McGowan,,,,1,"Wiggins, Childs, Quinn & Pantazis LLC",1,1,1854,Management,new_extracted,high
A1803,"Robert L. Wiggins, Jr.",,,,1,"Wiggins, Childs, Quinn & Pantazis LLC",1,1,1854,Management,new_extracted,high
A1804,Robert Camp,,,,1,The Cochran Firm,1,1,1854,Management,new_extracted,high
A1805,Richard Celler,,,,1,Morgan & Morgan,1,1,1854,Management,new_extracted,high
A1806,Jairus M. Gilden,,,,1,"Metcalf, Kaspari, Howard, Engdahl & Lazarus, P.A.",1,1,1854,Management,new_extracted,high
A1807,Roger K. Doolittle,,,,1,,1,1,1854,Management,new_extracted,high
A1808,Debra Gardner,,,,1,Public Justice Center,1,1,1854,Management,new_extracted,high
A1809,Craig Harley,,,,1,,1,1,1845,ClassCounsel; Management,new_extracted,high
A1810,S. Randall Hood,,,,1,,1,1,1845,ClassCounsel; Management,new_extracted,high
A1811,Clay Jerkins,,,,1,,1,1,1845,ClassCounsel; Management,new_extracted,high
A1812,David Karnas,,,,1,,1,1,1845,ClassCounsel; Management,new_extracted,high
A1813,A. James Andrews,,,,1,,1,1,1845,ClassCounsel; Management,new_extracted,high
A1814,Bryan N. Cigelske,,,,1,,1,1,1845,ClassCounsel; Management,new_extracted,high
A1815,Paul Crouch,,,,1,,1,1,1845,ClassCounsel; Management,new_extracted,high
A1816,Jeff Daniel,,,,1,,1,1,1845,ClassCounsel; Management,new_extracted,high
A1817,Rick DiGiorgio,,,,1,,1,1,1845,ClassCounsel; Management,new_extracted,high
A1818,Cory Holzer,,,,1,,1,1,1845,ClassCounsel; Management,new_extracted,high
A1819,Peter Protopapas,,,,1,,1,1,1845,ClassCounsel; Management,new_extracted,high
A1820,Anthony Buzbee,,,,1,,1,1,1873,Management,new_extracted,high
A1821,Raul Bencomo,,,,1,,1,1,1873,Management,new_extracted,high
A1822,"Frank D'Amico, Jr.",,,,1,,1,1,1873,Management,new_extracted,high
A1823,Linda Nelson,,,,1,,1,1,1873,Management,new_extracted,high
A1824,Robert Becnel,,,,1,,1,1,1873,Management,new_extracted,high
A1825,James C. Percy,,,,1,,1,1,1873,Communications; Settlement,new_extracted,high
A1826,Ryan E. Johnson,,,,1,,1,1,1873,Communications; Settlement,new_extracted,high
A1827,David Kurtz,,,,1,,1,1,1873,Discovery,new_extracted,high
A1828,Michael J. Philippi,,,,1,Ungaretti & Harris LLP,1,1,1911,ClassCounsel,new_extracted,high
A1829,Chip Robertson,,,,1,"Bartimus, Frickleton, Robertson & Gorny, P.C.",1,1,1907,Communications,new_extracted,high
A1830,Robert M. Bramson,,,,1,"Bramson, Plutzik, Mahler & Birkhaeuser, LLP",1,1,1907,Management,new_extracted,high
A1831,Tucker Ronzetti,,,,1,Kozyak Tropin & Throckmorton,1,1,1907,Management,new_extracted,high
A1832,Andrew L. Goldman,,,,1,Bartlit Beck Herman Palenchar & Scott LLP,1,1,1909,LeadCounsel,new_extracted,high
A1833,Thomas N. Sterchi,,,,1,"Baker, Sterchi, Cowden & Rice L.L.C.",1,1,1909,LeadCounsel,new_extracted,high
A1834,Marsha M. Piccone,,,,1,"Wheeler, Trigg & Kennedy",1,1,1909,LeadCounsel,new_extracted,high
A1835,Charna Sherman,,,,1,"Squire, Sanders & Dempsey LLP",1,1,1909,Communications,new_extracted,high
A1836,Russ Briggs,,,,1,"Fibich, Hampton, Leebron & Garth",1,1,1909,Management,new_extracted,high
A1837,Stephen Woodfin,,,,1,Law Office of Stephen Woodfin,1,1,1921,ClassCounsel; LeadCounsel,new_extracted,high
A1838,William Asher,,,,1,Mayer Brown LLP,1,1,1905,LeadCounsel,new_extracted,high
A1839,Walter W. Cohen,,,,1,"OBERMAYER, REBMANN, MAXWELL, & HIPPEL, LLP",1,1,1935,LocalCounsel,new_extracted,high
A1840,Roman M. Silberfeld,,,,1,"ROBINS, KAPLAN, MILLER & CIRESI L.L.P.",1,1,1935,LeadCounsel,new_extracted,high
A1841,Joseph U. Metz,,,,1,DILWORTH PAXSON LLP,1,1,1935,LeadCounsel; LocalCounsel,new_extracted,high
A1842,Steven F. Benz,,,,1,"KELLOGG, HUBER, HANSEN, TODD, EVANS & FIGEL, P.L.L.C.",1,1,1935,LeadCounsel,new_extracted,high
A1843,"James J. McCarthy, Jr.",,,,1,"McCARTHY WEISBERG CUMMINGS, P.C.",1,1,1935,LocalCounsel,new_extracted,high
A1844,Richard Levitt,,,,1,,1,1,1952,LeadCounsel,new_extracted,high
A1845,Max Wild,,,,1,Wild Law Group PLLC,1,1,1952,LeadCounsel,new_extracted,high
A1846,John M. Perrin,,,,1,Wild Law Group PLLC,1,1,1952,Communications,new_extracted,high
A1847,Jay Eisenhofer,,,,1,Grant & Eisenhofer,1,1,1938,Management,new_extracted,high
A1848,Stephen Morrissey,,,,1,Susman Godfrey LLP,1,1,1957,LeadCounsel,new_extracted,high
A1849,Vineet Bhatia,,,,1,Susman Godfrey LLP,1,1,1957,LeadCounsel,new_extracted,high
A1850,Stuart Kusin,,,,1,Susman Godfrey LLP,1,1,1957,LeadCounsel,new_extracted,high
A1851,Gerald J. Williams,,,,1,WILLIAMS CUKER BEREZOFSKY,1,1,1955,ClassCounsel,new_extracted,high
A1852,Kevin M. Costello,,,,1,"LAW OFFICES OF KEVIN M. COSTELLO, P.C.",1,1,1955,ClassCounsel,new_extracted,high
A1853,Deborah L. Mains,,,,1,"LAW OFFICES OF KEVIN M. COSTELLO, P.C.",1,1,1955,ClassCounsel,new_extracted,high
A1854,"Leslie M. Smith, P.C.",,,,1,"Kirkland & Ellis, LLP",1,1,1953,LeadCounsel,new_extracted,high
A1855,Adam Le Berthon,,,,1,Arnold & Porter LLP,1,1,1953,Communications; LeadCounsel,new_extracted,high
A1856,James P. Silk,,,,1,,1,1,1953,Communications,new_extracted,high
A1857,Peter L. Murray,,,,1,"Murray, Plumb & Murray",1,1,1954,Communications; LeadCounsel,new_extracted,high
A1858,Pamela Borgess,,,,1,"Zoll, Kranz & Borgess",1,1,1953,Communications; Management,new_extracted,high
A1859,Robert Weiss,,,,1,,1,1,1967,Management,new_extracted,high
A1860,"Charles J. Piven, Esquire",,,,1,,1,1,1961,Communications,new_extracted,high
A1861,Mark J. Schirmer,,,,1,"Straus & Boies, LLP",1,1,1958,ClassCounsel,new_extracted,high
A1862,Rhett A. McSweeney,,,,1,McSweeney/Langevin,1,1,1958,ClassCounsel,new_extracted,high
A1863,John M. OQuinn,,,,1,,1,1,1968,Management,new_extracted,high
A1864,James J. Pettit,,,,1,Locks Law Firm,1,1,1968,Management,new_extracted,high
A1865,Shamus Mulderig,,,,1,"Hissey Keintz, L.L.P.",1,1,1968,Management,new_extracted,high
A1866,James P. Langendorf,,,,1,Langendorf Law Office,1,1,1984,ClassCounsel,new_extracted,high
A1867,J. Mark Moore,,,,1,Spiro Moore LLP,1,1,1980,ClassCounsel,new_extracted,high
A1868,Richard Doherty,,,,1,Bock & Hatch LLC,1,1,1980,ClassCounsel,new_extracted,high
A1869,Chant Yedalian,,,,1,Chant & Company A Professional Law Corporation,1,1,1980,ClassCounsel,new_extracted,high
A1870,Douglas Linde,,,,1,the Linde Law Firm,1,1,1980,ClassCounsel,new_extracted,high
A1871,Gary Klein,,,,1,RODDY KLEIN & RYAN,1,1,1974,ClassCounsel; LeadCounsel,new_extracted,high
A1872,Ron R. Parry,,,,1,"PARRY DEERING FUTSCHER & SPARKS, P.S.C.",1,1,1974,ClassCounsel; Communications,new_extracted,high
A1873,Joel S. Sanders,,,,1,"Gibson, Dunn & Curtcher LLP",1,1,1972,Communications,new_extracted,high
A1874,Rachel S. Brass,,,,1,"Gibson, Dunn & Curtcher LLP",1,1,1972,Communications,new_extracted,high
A1875,Ramzi Abadou,,,,1,"BARROWAY TOPAZ KESSLER MELTZER & CHECK, LLP",1,1,1989,LeadCounsel,new_extracted,high
A1876,John Billhorn,,,,1,,1,1,1981,ClassCounsel,new_extracted,high
A1877,Ashley L. Ownby,,,,1,,1,1,1968,Management,new_extracted,high
A1878,David M. Peterson,,,,1,"Peterson & Associates, P.C.",1,1,1968,Management,new_extracted,high
A1879,Rebecca A. Betts,,,,1,,1,1,1968,Communications,new_extracted,high
A1880,Richard A. Dean,,,,1,Tucker Ellis and West LLP,1,1,1968,LeadCounsel,new_extracted,high
A1881,Travis Newman,,,,1,"Franklin, Gray & White",1,1,1985,Expert; Management; Motions,new_extracted,high
A1882,Jeffrey C. Rickard,,,,1,"Marsh, Rickard & Bryan, PC",1,1,1985,Discovery; Management,new_extracted,high
A1883,Lee M. Jacobson,,,,1,Law Offices of Michael Brehne,1,1,1985,Management,new_extracted,high
A1884,James C. Thomas,,,,1,,1,1,1985,Management,new_extracted,high
A1885,Richard A.Tanner,,,,1,"deBeaubien, Knight",1,1,1985,Management; Motions,new_extracted,high
A1886,Nestor M. Mendez-Gomez,,,,1,,1,1,1960,ClassCounsel; LeadCounsel; Management,new_extracted,high
A1887,Andres W. Lopez,,,,1,,1,1,1960,Management; Motions,new_extracted,high
A1888,Benjamin Brown,,,,1,,1,1,1960,Management; Motions,new_extracted,high
A1889,Salvador Antonetti-Zequira,,,,1,,1,1,1960,Discovery; Management,new_extracted,high
A1890,Ruthanne Gordon,,,,1,,1,1,1960,Discovery; Management,new_extracted,high
A1891,David C. Indiano-Vicic,,,,1,,1,1,1960,Discovery; Management,new_extracted,high
A1892,Lawrence Silverman,,,,1,,1,1,1960,Expert; Management,new_extracted,high
A1893,Stuart G. Gross,,,,1,,1,1,1960,Expert; Management,new_extracted,high
A1894,Eric Perez Ochoa,,,,1,,1,1,1960,Management; Motions,new_extracted,high
A1895,Andres Guillermard,,,,1,,1,1,1960,Management; Settlement,new_extracted,high
A1896,Kevin B. Love,,,,1,,1,1,1960,Management,new_extracted,high
A1897,Richard J. Rappaport,,,,1,MCGUIREWOODS LLP,1,1,1960,Management,new_extracted,high
A1898,Salvador J. Antonetti-Stutts,,,,1,ONEILL & BORGES,1,1,1960,Communications; Management,new_extracted,high
A1899,Scott D. Richburg,,,,1,FOLEY & LARDNER LLP,1,1,1960,Management,new_extracted,high
A1900,Francisco G. Bruno,,,,1,"McCONNELL VALDES, LLC",1,1,1960,Communications; Management,new_extracted,high
A1901,"Carlos A. Rodriguez-Vidal, Esq.",,,,1,"GOLDMAN, ANTONETTI & CORDOVA, PSC",1,1,1960,Communications; Management,new_extracted,high
A1902,Samuel Rosenthal,,,,1,PATTON BOGGS LLP,1,1,1960,Management,new_extracted,high
A1903,William A. Graffam-Rodriguez,,,,1,"JIMENEZ, GRAFFAM & LAUSELL",1,1,1960,Communications; Management,new_extracted,high
A1904,Thomas J. Frederick,,,,1,Winston & Strawn LLP,1,1,1997,Communications,new_extracted,high
A1905,Charles H.R. Peters,,,,1,Schiff Hardin LLP,1,1,1997,Communications,new_extracted,high
A1906,Richard J. Kilsheimer,,,,1,Kaplan Fox & Kilsheimer LLP,1,1,1997,Management,new_extracted,high
A1907,Brian M. Sund,,,,1,"Morrison Fenske & Sund, PA",1,1,1999,ClassCounsel; LeadCounsel,new_extracted,high
A1908,K. Scott Wagner,,,,1,"Hale & Wagner, S.C.",1,1,1999,Communications,new_extracted,high
A1909,Patrick A. Klingman,,,,1,"SHEPHERD FINKELMAN MILLER & SHAH, LLP",1,1,1995,ClassCounsel; LeadCounsel,new_extracted,high
A1910,"Peter W. Overs, Jr.",,,,1,HARWOOD FEFFER LLP,1,1,1995,ClassCounsel; Communications,new_extracted,high
A1911,Brian Ruschel,,,,1,,1,1,2001,Communications,new_extracted,high
A1912,George K. Lang,,,,1,Freed & Weiss,1,1,2001,Management,new_extracted,high
A1913,Karen M. Leser-Grenon,,,,1,Shepherd Finkelman Miller & Shah - San Diego,1,1,2001,Management,new_extracted,high
A1914,Scott A. George,,,,1,"Seeger Weiss, LLP",1,1,2001,Management,new_extracted,high
A1915,Jeffrey K. Berns,,,,1,Arbogast & Berns LLP,1,1,2015,ClassCounsel,new_extracted,high
A1916,David M. Arbogast,,,,1,Arbogast & Berns LLP,1,1,2015,ClassCounsel,new_extracted,high
A1917,Linsey W. West,,,,1,,1,1,2016,Communications,new_extracted,high
A1918,Thomas E. Fennell,,,,1,,1,1,2016,LeadCounsel,new_extracted,high
A1919,Edwin J. Mills,,,,1,"Stull, Stull & Brody",1,1,2003,ClassCounsel; LeadCounsel,new_extracted,high
A1920,Michael J. Klein,,,,1,"Stull, Stull & Brody",1,1,2003,ClassCounsel; LeadCounsel,new_extracted,high
A1921,Mark K. Gyandoh,,,,1,"Barroway Topaz Kessler Meltzer & Check, LLP",1,1,2003,ClassCounsel; LeadCounsel,new_extracted,high
A1922,Larry D. Drury,,,,1,"Larry D. Drury, Ltd.",1,1,1998,Management,new_extracted,high
A1923,Mark A. Maasch,,,,1,"Turner & Maasch, Inc.",1,1,1998,Management,new_extracted,high
A1924,Christopher Lometti,,,,1,"Schoengold, Sporn, Laitman & Lometti, P.C.",1,1,2017,LeadCounsel; Management,new_extracted,high
A1925,Max W. Berger,,,,1,Bernstein Litowitz Berger & Grossmann LLP,1,1,2017,Management,new_extracted,high
A1926,Mark C. Molumphy,,,,1,"Cotchett, Pitre, & McCarthy, LLP",1,1,2017,Communications,new_extracted,high
A1927,Imtiaz A. Siddiqui,,,,1,"Cotchett, Pitre, & McCarthy, LLP",1,1,2017,Communications,new_extracted,high
A1928,R. Douglas Gentile,,,,1,,1,1,2046,Management,new_extracted,high
A1929,Christopher G. Hayes,,,,1,,1,1,2046,Management,new_extracted,high
A1930,Gene J. Stonebarger,,,,1,,1,1,2046,Management,new_extracted,high
A1931,Fran Rudich,,,,1,KLAFTER OLSEN & LESSER LLP,1,1,2025,ClassCounsel,new_extracted,high
A1932,Andrew P. Bell,,,,1,"Locks Law Firm, LLC",1,1,2025,ClassCounsel,new_extracted,high
A1933,Janet Walsh,,,,1,"Locks Law Firm, LLC",1,1,2025,ClassCounsel,new_extracted,high
A1934,Peter A. Muhic,,,,1,Barroway Topaz Kessler Meltzer & Check LLP,1,1,2025,ClassCounsel,new_extracted,high
A1935,Robert J. Gray,,,,1,Barroway Topaz Kessler Meltzer & Check LLP,1,1,2025,ClassCounsel,new_extracted,high
A1936,Mayra Velez Tarantino,,,,1,"Lite DePalma and Greenberg, LLC",1,1,2025,ClassCounsel,new_extracted,high
A1937,Paul P. Rooney,,,,1,Fugazy & Rooney LLP,1,1,2025,ClassCounsel,new_extracted,high
A1938,Eric Scott Tilton,,,,1,Fugazy & Rooney LLP,1,1,2025,ClassCounsel,new_extracted,high
A1939,Jeffrey Gottlieb,,,,1,Berger & Gottlieb,1,1,2025,ClassCounsel,new_extracted,high
A1940,Lance A. Raphael,,,,1,The Consumer Advocacy Center P.C.,1,1,2025,ClassCounsel,new_extracted,high
A1941,Stacy Michelle Bardo,,,,1,The Consumer Advocacy Center P.C.,1,1,2025,ClassCounsel,new_extracted,high
A1942,Allison Amy Krumhorn,,,,1,The Consumer Advocacy Center P.C.,1,1,2025,ClassCounsel,new_extracted,high
A1943,Michael J. San Souci,,,,1,Law Office of Michael J. San Souci,1,1,2025,ClassCounsel,new_extracted,high
A1944,Timothy C. Kelly,,,,1,Kelly Law Office,1,1,2025,ClassCounsel,new_extracted,high
A1945,James G. Onder,,,,1,"Onder, Shelton, O'Leary & Peterson, LLC",1,1,2023,Management,new_extracted,high
A1946,David J. Cohen,,,,1,"Saltz Mongeluzzi Barrett & Bendesky, P.C.",1,1,2023,Management,new_extracted,high
A1947,Craig Mielke,,,,1,"Foote, Meyers, Mielke & Flowers, LLC",1,1,2023,Management,new_extracted,high
A1948,Scott M. Zimmerman,,,,1,"Heidell, Pittoni, Murphy & Back, LLP",1,1,2023,Communications,new_extracted,high
A1949,Douglas J. Williams,,,,1,Fulbright & Jaworski,1,1,2050,Communications; LeadCounsel,new_extracted,high
A1950,Harold B. Gold,,,,1,"Wisener Nunnally Gold, L.L.P.",1,1,2046,Communications,new_extracted,high
A1951,David Shiner,,,,1,"Shiner and Sosin, PA",1,1,2051,Management,new_extracted,high
A1952,Berry Cooper,,,,1,"Deal, Cooper & Holton, PLLC",1,1,2051,Management,new_extracted,high
A1953,Kirk Wolden,,,,1,Arnold Law Firm,1,1,2051,Management,new_extracted,high
A1954,Stephanie A. Smith,,,,1,Fulbright & Jaworski L.L.P.,1,1,2051,Coordination; LeadCounsel,new_extracted,high
A1955,Stacey A. Martinez,,,,1,Fulbright & Jaworski L.L.P.,1,1,2051,Coordination; LeadCounsel,new_extracted,high
A1956,"Frank C. Woodside, III",,,,1,Dinsmore & Shohl LLP,1,1,2051,Coordination; LeadCounsel,new_extracted,high
A1957,Edward W. Gerecke,,,,1,"Carlton Fields, P.A.",1,1,2051,Communications,new_extracted,high
A1958,Lewis S. Kahn,,,,1,"Kahn Swick & Foti, LLC",1,1,2058,LeadCounsel,new_extracted,high
A1959,Michael A. Swick,,,,1,"Kahn Swick & Foti, LLC",1,1,2058,LeadCounsel,new_extracted,high
A1960,Albert M. Myers,,,,1,"Kahn Swick & Foti, LLC",1,1,2058,LeadCounsel,new_extracted,high
A1961,Maya Saxena,,,,1,Saxena White P.A.,1,1,2058,LeadCounsel,new_extracted,high
A1962,"Joseph E. White, III",,,,1,Saxena White P.A.,1,1,2058,LeadCounsel,new_extracted,high
A1963,Christopher S. Jones,,,,1,Saxena White P.A.,1,1,2058,LeadCounsel,new_extracted,high
A1964,Michael Snyder,,,,1,,1,1,2066,Communications,new_extracted,high
A1965,Earl W. Gunn,,,,1,,1,1,2066,LeadCounsel,new_extracted,high
A1966,Nina M. Gussack,,,,1,,1,1,2066,LeadCounsel,new_extracted,high
A1967,Kip Shuman,,,,1,the Shuman Law Firm,1,1,2063,Communications,new_extracted,high
A1968,Susan L. Burke,,,,1,Burke PLLC,1,1,2083,Communications; LeadCounsel,new_extracted,high
A1969,Kent Caperton,,,,1,Ben Barnes Group,1,1,2068,Management,new_extracted,high
A1970,Marian S. Rosen,,,,1,Marian S. Rosen & Associates,1,1,2068,Management,new_extracted,high
A1971,Howard Rubinstein,,,,1,Law Office of Howard Weil Rubinstein,1,1,2068,Management,new_extracted,high
A1972,Walter Umphrey,,,,1,"Provost Umphrey Law Firm, LLP",1,1,2068,Management,new_extracted,high
A1973,John Eddie Williams,,,,1,"Williams, Kherker, Hart, Boundas, LLP",1,1,2068,Management,new_extracted,high
A1974,Philip H. Curtis,,,,1,"Arnold & Porter, LLP",1,1,2068,LeadCounsel,new_extracted,high
A1975,Guy Miller Struve,,,,1,Davis Polk & Wardwell,1,1,2068,LeadCounsel,new_extracted,high
A1976,H. Peter Del Bianco,,,,1,Lambert Coffin,1,1,2068,Communications,new_extracted,high
A1977,David C. King,,,,1,Rudman & Winchell,1,1,2068,Communications,new_extracted,high
A1978,Frederick Baker,,,,1,Motley Rice LLC,1,1,2083,Communications; LeadCounsel,new_extracted,high
A1979,James Ledlie,,,,1,Motley Rice LLC,1,1,2083,Communications; LeadCounsel,new_extracted,high
A1980,"Robert J. Gralewski, Jr.",,,,1,GERGOSIAN & GRALEWSKI LLP,1,1,2086,Management,new_extracted,high
A1981,C. Carter Clay,,,,1,"Pittman, Dutton, Kirby & Hellums, P.C.",1,1,2087,Management,new_extracted,high
A1982,Joseph Dunn,,,,1,,1,1,2087,LeadCounsel; Management,new_extracted,high
A1983,Kevin P. Durkin,,,,1,"Clifford Law Offices, P.C./ Colucci & Gallaher",1,1,2085,LeadCounsel; Management,new_extracted,high
A1984,Michael S. Krzak,,,,1,"Clifford Law Offices, P.C./ Colucci & Gallaher",1,1,2085,LeadCounsel; Management,new_extracted,high
A1985,Anthony J. Colucci,,,,1,"Clifford Law Offices, P.C./ Colucci & Gallaher",1,1,2085,LeadCounsel; Management,new_extracted,high
A1986,Daniel O. Rose,,,,1,"Kreindler & Kreindler, LLP/ Lipsitz, Green Scime Cambria, LLP",1,1,2085,LeadCounsel; Management,new_extracted,high
A1987,James Scime,,,,1,"Kreindler & Kreindler, LLP/ Lipsitz, Green Scime Cambria, LLP",1,1,2085,LeadCounsel; Management,new_extracted,high
A1988,Jeanne M. O'Grady,,,,1,"Speiser Krause Nolan & Granito/ Connors & Vilardo, LLC",1,1,2085,LeadCounsel; Management,new_extracted,high
A1989,Christina M. Fry,,,,1,"Speiser Krause Nolan & Granito/ Connors & Vilardo, LLC",1,1,2085,LeadCounsel; Management,new_extracted,high
A1990,Douglas A. Latto,,,,1,"Baumeister & Samuels, PC",1,1,2085,LeadCounsel; Management,new_extracted,high
A1991,Anne B. Rimmler,,,,1,"Paul William Beltz, P.C.",1,1,2085,LeadCounsel; Management,new_extracted,high
A1992,Philipp L. Rimmler,,,,1,"Paul William Beltz, P.C.",1,1,2085,LeadCounsel; Management,new_extracted,high
A1993,Richard E. Genter,,,,1,,1,1,2085,Management,new_extracted,high
A1994,Howard S. Hershehorn,,,,1,"Gair, Gair, Conauson, Steigman, & Mackauf",1,1,2085,Management,new_extracted,high
A1995,John A. Greaves,,,,1,,1,1,2085,Management,new_extracted,high
A1996,A. Ilyas Akbari,,,,1,,1,1,2085,Management,new_extracted,high
A1997,John C. Reiter,,,,1,Law Office of Jonathan C. Reiter,1,1,2085,Management,new_extracted,high
A1998,Meryl I. Schwartz,,,,1,Law Office of Jonathan C. Reiter,1,1,2085,Management,new_extracted,high
A1999,Paul Perlman,,,,1,"Hodgson Russ, LLP",1,1,2085,Management,new_extracted,high
A2000,"Richard A. Grimm, III",,,,1,"Magavern, Magavern & Grimm",1,1,2085,Management,new_extracted,high
A2001,Christopher M. Murphy,,,,1,Doran & Murphy,1,1,2085,Management,new_extracted,high
A2002,Christopher M. Murphy,,,,1,McDermott Will & Emery LLP,1,1,2359,LeadCounsel,new_extracted,high
A2003,"Hugh M. Russ, II",,,,1,"Hodgson Russ, LLP",1,1,2085,Communications,new_extracted,high
A2004,Jeffrey J. Corrigan,,,,1,"Spector Roseman Kodroff & Willis, P.C.",1,1,2081,Communications,new_extracted,high
A2005,Daniel Kotchen,,,,1,Kotchen & Low LLP,1,1,2089,LeadCounsel,new_extracted,high
A2006,David Flint,,,,1,"Schreeder, Wheeler & Flint, LLP",1,1,2089,Communications,new_extracted,high
A2007,Seth Safier,,,,1,"Gutride Safier, LLP",1,1,2103,Management,new_extracted,high
A2008,Adam Gutride,,,,1,"Gutride Safier, LLP",1,1,2103,Management,new_extracted,high
A2009,Mark H. Freedman,,,,1,"Law Offices of Freedman & Freedman, PLC",1,1,2103,Management,new_extracted,high
A2010,Peter J. Bezek,,,,1,Foley Bezek Behle & Curtis,1,1,2141,ClassCounsel,new_extracted,high
A2011,Craig Litherland,,,,1,Gilbert LLP,1,1,2124,ClassCounsel,new_extracted,high
A2012,David Millstein,,,,1,Millstein and Associates,1,1,2124,ClassCounsel,new_extracted,high
A2013,Catherine Rodriguez,,,,1,,1,1,2183,Communications,new_extracted,high
A2014,Steven Woodrow,,,,1,"Edelson McGuire, LLC",1,1,2167,ClassCounsel,new_extracted,high
A2015,Karin Fisch,,,,1,"Abbey Spanier Rodd & Abrams, LLP",1,1,2167,ClassCounsel,new_extracted,high
A2016,Brian Murray,,,,1,"Murray Frank, LLP",1,1,2167,ClassCounsel,new_extracted,high
A2017,Andrew D. Schau,,,,1,Covington & Burling LLP,1,1,2190,Communications,new_extracted,high
A2018,Ira P. Rothken,,,,1,Rothken Law Firm,1,1,2188,ClassCounsel,new_extracted,high
A2019,Christopher C. Casper,,,,1,"James, Hoyer, Newcomer, Smiljanich & Yanchunis, P.A.",1,1,2173,Communications,new_extracted,high
A2020,Michael Anthony Lindsay,,,,1,,1,1,2173,Communications,new_extracted,high
A2021,Julie E. McEvoy,,,,1,,1,1,2173,Communications,new_extracted,high
A2022,Richard Kerger,,,,1,"Kerger & Hartman, LLC",1,1,2196,Management,new_extracted,high
A2023,Barbara R. Rudolph,,,,1,"Finnegan, Henderson, Farabow, Garrett & Dunner, LLP",1,1,2200,LeadCounsel,new_extracted,high
A2024,Mary W. Bourke,,,,1,Connolly Bove Lodge & Hutz LLP,1,1,2200,Communications,new_extracted,high
A2025,Michael von Loewenfeldt,,,,1,Kerr & Wagstaffe LLP,1,1,2208,ClassCounsel; LeadCounsel,new_extracted,high
A2026,Daniel D. King,,,,1,"The Daniel D. King Law Firm, PLLC",1,1,2208,ClassCounsel; LeadCounsel,new_extracted,high
A2027,Eric G. Calhoun,,,,1,,1,1,2234,ClassCounsel,new_extracted,high
A2028,Simcha D. Schonfeld,,,,1,"Koss & Schonfeld, LLP",1,1,2220,Management,new_extracted,high
A2029,Solomon Klein,,,,1,"Klein & Solomon, LLP",1,1,2220,Management,new_extracted,high
A2030,James L. Deese,,,,1,,1,1,2220,Management,new_extracted,high
A2031,D. Scott Kalish,,,,1,,1,1,2220,Management,new_extracted,high
A2032,Harry Rankin,,,,1,Sutton Rankin PLC,1,1,2226,Communications,new_extracted,high
A2033,Cynthia B. Chapman,,,,1,Caddell & Chapman,1,1,2223,Management,new_extracted,high
A2034,Peter J. Cambs,,,,1,"Parker Waichman Alonso, LLP",1,1,2223,Management,new_extracted,high
A2035,"William E. Hopkins, Jr.",,,,1,"Beasley Allen Crow Methvin Portis & Miles, P.C.",1,1,2223,Management,new_extracted,high
A2036,Richard Barrett,,,,1,"Law Offices of Richard R. Barrett, PLLC",1,1,2223,Management,new_extracted,high
A2037,Roy A. Katriel,,,,1,The Katriel Law Firm,1,1,2223,Management,new_extracted,high
A2038,Stephen Randall,,,,1,"Pearson, Randall & Schumacher, PA",1,1,2226,Management,new_extracted,high
A2039,Andy Williams,,,,1,The Simmons Firm,1,1,2226,Management,new_extracted,high
A2040,Eric Allan Koch,,,,1,The Koch Law Firm PC,1,1,2226,Management,new_extracted,high
A2041,Jay Urban,,,,1,Urban & Taylor S.C.,1,1,2226,Management,new_extracted,high
A2042,Robert Piper,,,,1,Piper & Associates,1,1,2226,Management,new_extracted,high
A2043,Alan Lazar,,,,1,"Marlin & Saltzman, LLP",1,1,2226,Management,new_extracted,high
A2044,Marc Wites,,,,1,"Wites & Kapetan, P.A.",1,1,2238,Management,new_extracted,high
A2045,"Joe P. Leniski, Jr.",,,,1,"BRANSTETTER, STRANCH & JENNINGS, PLLC",1,1,2242,ClassCounsel,new_extracted,high
A2046,David Franco,,,,1,DUGAN LAW FIRM,1,1,2242,ClassCounsel,new_extracted,high
A2047,Thomas R. Merrick,,,,1,Robbins Geller Rudman & Dowd LLP,1,1,2238,ClassCounsel,new_extracted,high
A2048,Jeremy Wilson,,,,1,"Wilson, Troclair & Lovins",1,1,2264,Management,new_extracted,high
A2049,David Birka-White,,,,1,Birka-White Law Offices,1,1,2247,ClassCounsel,new_extracted,high
A2050,David Greenberg,,,,1,Law Offices of David H. Greenberg,1,1,2247,ClassCounsel,new_extracted,high
A2051,Dan Speights,,,,1,Speights and Runyan,1,1,2000,ClassCounsel; LeadCounsel,new_extracted,high
A2052,"A. G. Solomons, III",,,,1,Speights and Runyan,1,1,2000,ClassCounsel; LeadCounsel,new_extracted,high
A2053,Thomas H. Pope,,,,1,Pope and Hudgens,1,1,2000,ClassCounsel; LeadCounsel,new_extracted,high
A2054,Rhonda H. Wills,,,,1,Wills Law Firm,1,1,2266,LeadCounsel,new_extracted,high
A2055,Reagan W. Simpson,,,,1,Yetter Coleman LLP,1,1,2266,LeadCounsel,new_extracted,high
A2056,R. Paul Yetter,,,,1,Yetter Coleman LLP,1,1,2266,LeadCounsel,new_extracted,high
A2057,Diana Marshall,,,,1,"Marshall & Lewis, LLP",1,1,2266,LeadCounsel,new_extracted,high
A2058,Ronald Lewis,,,,1,"Marshall & Lewis, LLP",1,1,2266,LeadCounsel,new_extracted,high
A2059,John M. Padilla,,,,1,"Padilla, Rodriguez & de la Garza, LLP",1,1,2266,LeadCounsel,new_extracted,high
A2060,Mark Stewart,,,,1,Ballard Spahr,1,1,2284,Communications,new_extracted,high
A2061,Donald C. Arbitblit,,,,1,"Lieff Cabraser Heimann & Bernstein, LLP",1,1,2299,Management,new_extracted,high
A2062,Tara T. Tabatabaie,,,,1,"Sill Law Group, PLLC",1,1,2299,Management,new_extracted,high
A2063,D. Dorian Britt,,,,1,"Tate Law Group, LLC",1,1,2000,ClassCounsel,new_extracted,high
A2064,David R. Dugas,,,,1,McGlinchey Stafford PLLC,1,1,2299,LeadCounsel,new_extracted,high
A2065,Sara J. Gourley,,,,1,Sidley Austin (Chicago),1,1,2299,LeadCounsel,new_extracted,high
A2066,Michele S. Carino,,,,1,STEWARTS LAW US LLP,1,1,2314,LeadCounsel,new_extracted,high
A2067,Lydia E. York,,,,1,STEWARTS LAW US LLP,1,1,2314,LeadCounsel,new_extracted,high
A2068,Jay Vaughn,,,,1,"Schachter, Hendy & Johnson, PSC",1,1,2308,LeadCounsel,new_extracted,high
A2069,Wayne Lee,,,,1,,1,1,2328,Communications,new_extracted,high
A2070,Matthew B. Butler,,,,1,,1,1,2320,Management,new_extracted,high
A2071,Patrick C. Morrow,,,,1,Morrow Morrow et al,1,1,2299,Communications; Management,new_extracted,high
A2072,Grant Woods,,,,1,,1,1,2314,Management,new_extracted,high
A2073,Mike Moore,,,,1,,1,1,2314,Management,new_extracted,high
A2074,Richard Ieyoub,,,,1,,1,1,2314,Management,new_extracted,high
A2075,Ben Bingham,,,,1,"Bingham & Lea, P.C.",1,1,2317,Management,new_extracted,high
A2076,Roger Mandel,,,,1,"Lackey Hershman, LLP",1,1,2317,Management,new_extracted,high
A2077,Antonio Vozzolo,,,,1,Faruqi & Faruqi LLP,1,1,2317,Management,new_extracted,high
A2078,Daniel W. Krasner,,,,1,,1,1,2328,Management,new_extracted,high
A2079,Sean K. O'Dowd,,,,1,"Bernstein Litowitz Berger & Grossmann, LLP",1,1,2335,LeadCounsel,new_extracted,high
A2080,Brent McDonald,,,,1,"Smith, Bundy, Bybee & Barnett, PC",1,1,2333,Management,new_extracted,high
A2081,C. Erik Hawes,,,,1,,1,1,2355,,new_extracted,high
A2082,Michael E. Schonberg,,,,1,,1,1,2355,LeadCounsel,new_extracted,high
A2083,Steven B. Singer,,,,1,BERNSTEIN LITOWITZ BERGER & GROSSMANN LLP,1,1,2335,Management,new_extracted,high
A2084,Michael Thornton,,,,1,THORNTON & NAUMES LLP,1,1,2335,Management,new_extracted,high
A2085,Brian K. Murphy,,,,1,MURRAY MURPHY MOUL + BASIL LLP,1,1,2335,Management,new_extracted,high
A2086,Shane P. Sanders,,,,1,ROBBINS UMEDA LLP,1,1,2335,Management,new_extracted,high
A2087,Bradley E. Beckworth,,,,1,"NIX, PATTERSON & ROACH, L.L.P.",1,1,2335,Management,new_extracted,high
A2088,Philip Marsh,,,,1,,1,1,2354,Communications,new_extracted,high
A2089,Maya Eckstein,,,,1,,1,1,2354,Communications,new_extracted,high
A2090,Kimberly D. Barone Baden,,,,1,Motley Rice LLC,1,1,2342,Management,new_extracted,high
A2091,Edward Braniff,,,,1,Weitz & Luxemberg,1,1,2342,Management,new_extracted,high
A2092,James Orr,,,,1,,1,1,2372,LeadCounsel,new_extracted,high
A2093,Charles Miller,,,,1,,1,1,2372,Communications; LeadCounsel,new_extracted,high
A2094,David Pitcher,,,,1,,1,1,2372,LeadCounsel,new_extracted,high
A2095,Jeffrey Peck,,,,1,,1,1,2372,LeadCounsel,new_extracted,high
A2096,K.C. Green,,,,1,,1,1,2372,LeadCounsel,new_extracted,high
A2097,Jeffrey Geoppinger,,,,1,,1,1,2372,LeadCounsel,new_extracted,high
A2098,Lisa Kuhnell,,,,1,,1,1,2372,Communications,new_extracted,high
A2099,Paul W. Schmidt,,,,1,Covington & Burling LLP,1,1,2385,LeadCounsel,new_extracted,high
A2100,"Edward R. Nelson, III",,,,1,Nelson Bumgardner Casto P.C.,1,1,2371,LeadCounsel,new_extracted,high
A2101,Timothy Grochocinski,,,,1,"InnovaLaw, P.C.",1,1,2371,Communications,new_extracted,high
A2102,Barry Julian,,,,1,,1,1,2385,Management,new_extracted,high
A2103,Mariana Cole,,,,1,,1,1,2359,Discovery,new_extracted,high
A2104,Victoria Romanenko,,,,1,,1,1,2359,Discovery,new_extracted,high
A2105,Brian Fox,,,,1,,1,1,2359,Discovery,new_extracted,high
A2106,Robin Switzenbaum,,,,1,,1,1,2359,Motions,new_extracted,high
A2107,Frances Baillon,,,,1,,1,1,2359,Motions,new_extracted,high
A2108,Lawrence Deutsch,,,,1,,1,1,2359,Motions,new_extracted,high
A2109,Sean F. Rommel,,,,1,,1,1,2430,LeadCounsel,new_extracted,high
A2110,F. Jerome Tapley,,,,1,,1,1,2430,LeadCounsel,new_extracted,high
A2111,Olha N.M. Rybakoff,,,,1,Tennessee Attorney General's Office,1,1,2446,LeadCounsel,new_extracted,high
A2112,Gregory C. Strong,,,,1,Delaware Department of Justice,1,1,2446,Communications,new_extracted,high
A2113,Thomas Shapiro,,,,1,"Shapiro, Haber, & Urmy LLP",1,1,2409,Management,new_extracted,high
A2114,Samuel Rudman,,,,1,,1,1,2450,LeadCounsel,new_extracted,high
A2115,Steven Jaffe,,,,1,,1,1,2450,Management,new_extracted,high
A2116,Scott E. Silbert,,,,1,,1,1,2454,Communications; Management,new_extracted,high
A2117,Craig Watson,,,,1,,1,1,2454,Communications,new_extracted,high
A2118,Anthony De Los Reyes,,,,1,,1,1,2454,Management,new_extracted,high
A2119,Gregory L. Bentley,,,,1,,1,1,2454,Management,new_extracted,high
A2120,Michael J. Ecuyer,,,,1,,1,1,2454,Management,new_extracted,high
A2121,W. Michael Hingle,,,,1,,1,1,2454,Management,new_extracted,high
A2122,Peter Durney,,,,1,,1,1,2454,Management,new_extracted,high
A2123,Daniel M. Hodes,,,,1,,1,1,2454,Management,new_extracted,high
A2124,R. Seth Crompton,,,,1,Holland Law Firm,1,1,2474,ClassCounsel,new_extracted,high
A2125,Adam Voyles,,,,1,,1,1,2443,Management,new_extracted,high
A2126,Douglas Campbell,,,,1,,1,1,2443,Management,new_extracted,high
A2127,Rosemary Pinto,,,,1,Feldman and Pinto,1,1,2458,Management,new_extracted,high
A2128,John S. Steward,,,,1,"Steward Law Firm, LLC",1,1,2474,LeadCounsel,new_extracted,high
A2129,Craig J. Mariam,,,,1,"Gordon & Rees, LLP",1,1,2478,Communications,new_extracted,high
A2130,Thomas C. Blatchley,,,,1,"Gordon & Rees, LLP",1,1,2478,Communications,new_extracted,high
A2131,Allison Fernandez,,,,1,"Gordon & Rees, LLP",1,1,2478,Communications,new_extracted,high
A2132,Nelson J. Roach,,,,1,"Nix, Patterson & Roach, LLP",1,1,2502,Management,new_extracted,high
A2133,Stewart M. Weltman,,,,1,Stewart M. Weltman LLC,1,1,2491,Management,new_extracted,high
A2134,Ronald J. Berke,,,,1,"Berke, Berke, & Berke",1,1,2508,Settlement,new_extracted,high
A2135,Roger W. Dickson,,,,1,"Miller & Martin, PLLC",1,1,2508,Settlement,new_extracted,high
A2136,Joseph A. Ostoyich,,,,1,"Baker Botts, L.L.P",1,1,2508,Settlement,new_extracted,high
A2137,J. Alan Truitt,,,,1,"Maynard, Cooper & Gale, P.C.",1,1,2508,Settlement,new_extracted,high
A2138,John P. Konvalinka,,,,1,"Grant, Konvalinka & Harrison, PC",1,1,2508,Settlement,new_extracted,high
A2139,J. Andrew Meyer,,,,1,,1,1,2513,ClassCounsel,new_extracted,high
A2140,"Ernest F. Koschineg, III",,,,1,"Cipriani & Werner, P.C.",1,1,2511,LeadCounsel,new_extracted,high
A2141,John Mark Griffin,,,,1,"Warren and Griffin, P.C.",1,1,2508,Communications,new_extracted,high
A2142,David T. Butsch,,,,1,Butsch Roberts & Associates LLC,1,1,2564,Management,new_extracted,high
A2143,Daniel T. Brier,,,,1,Myers Brier & Kelly LLP,1,1,2532,Communications,new_extracted,high
A2144,Frank J. Brier,,,,1,Myers Brier & Kelly LLP,1,1,2532,Communications,new_extracted,high
A2145,John B. Dempsey,,,,1,Myers Brier & Kelly LLP,1,1,2532,Communications,new_extracted,high
A2146,David Steelman,,,,1,"Steelman, Gaunt & Horsefield",1,1,2562,Management,new_extracted,high
A2147,David Wise,,,,1,"Wise & Donahue, PLC",1,1,2514,Management,new_extracted,high
A2148,John P. Mandler,,,,1,Faegre Baker Daniels LLP,1,1,2514,LeadCounsel,new_extracted,high
A2149,Jeremy Williams,,,,1,"WHITFIELD BRYSON & MASON, LLP",1,1,2577,ClassCounsel; LeadCounsel,new_extracted,high
A2150,Lindsey H. Taylor,,,,1,"CARELLA, BYRNE, CECCHI, OLSTEIN, BRODY & AGNELLO, P.C.",1,1,2577,ClassCounsel; Communications,new_extracted,high
A2151,Joseph B. Kenney,,,,1,Chimicles & Tikellis LLP,1,1,2577,Management,new_extracted,high
A2152,Andrew J. Rossman,,,,1,"Quinn Emanuel Urquhart & Sullivan, LLP",1,1,2577,Communications; LeadCounsel,new_extracted,high
A2153,Ronald Levine,,,,1,"Herrick, Feinstein LLP",1,1,2577,LocalCounsel,new_extracted,high
A2154,Steven A. Gibbins,,,,1,Law Office of Steve Gibbins,1,1,2588,Communications,new_extracted,high
A2155,William H. Anderson,,,,1,"Cuneo Gilbert & LaDuca, LLP",1,1,2588,ClassCounsel; LeadCounsel,new_extracted,high
A2156,Meredith Johnson,,,,1,,1,1,2617,LeadCounsel,new_extracted,high
A2157,W. Pitts Carr,,,,1,"W. Pitts Carr and Associates, PC",1,1,2583,Communications; Management,new_extracted,high
A2158,Daniel Petrocelli,,,,1,OMelveny & Myers LLP,1,1,2639,LeadCounsel,new_extracted,high
A2159,Paul B. Derby,,,,1,Derby Curtis LLP,1,1,2639,Communications,new_extracted,high
A2160,Jeffrey Barker,,,,1,OMelveny & Myers LLP,1,1,2639,Communications,new_extracted,high
A2161,David K. Stein,,,,1,Gibbs Law Group LLP,1,1,2661,LeadCounsel,new_extracted,high
A2162,Kenneth M. Rothweiler,,,,1,"Eisenberg, Rothweiler, Winkler, Eisenberg & Jeck, P.C.",1,1,2654,Management,new_extracted,high
A2163,Judith A. Livingston,,,,1,"Kramer, Dillof, Livingston & Moore",1,1,2654,Management,new_extracted,high
A2164,Robert J. Mongeluzzi,,,,1,"Saltz, Mongeluzzi, Barrett & Bendesky, P.C.",1,1,2654,Management,new_extracted,high
A2165,Lee Albert,,,,1,"Glancy, Prognay & Murray LLP",1,1,2668,Management,new_extracted,high
A2166,Charles J. Crueger,,,,1,Hansen Reynolds Dickinson Crueger LLC,1,1,2688,Communications,new_extracted,high
A2167,Paul E. Benson,,,,1,Michael Best & Friedrich LLP,1,1,2688,Communications,new_extracted,high
A2168,Joseph L. Olson,,,,1,Michael Best & Friedrich LLP,1,1,2688,Communications,new_extracted,high
A2169,Michael P. North,,,,1,"Arthur Chapman Kettering Smetak Pikala, P.A.",1,1,2688,LeadCounsel,new_extracted,high
A2170,Stephen Zack,,,,1,Boies Schiller Flexner LLP,1,1,2905,Management,new_extracted,high
A2171,Daniel Tepper,,,,1,Wolf Haldenstein Adler Freeman & Herz LLP,1,1,2903,LeadCounsel,new_extracted,high
A2172,Kate M. McGuire,,,,1,Wolf Haldenstein Adler Freeman & Herz LLP,1,1,2903,LeadCounsel,new_extracted,high
A2173,Daniel Smolen,,,,1,Smolen & Roytman,1,1,2903,Management,new_extracted,high
A2174,Joseph Van Zandt,,,,1,,1,1,2913,,new_extracted,high
A2175,Robert Angle,,,,1,Troutman Sanders LLP,1,1,2915,LocalCounsel,new_extracted,high
A2176,Mary C. Zinsner,,,,1,Troutman Sanders LLP,1,1,2915,LocalCounsel,new_extracted,high
A2177,Qianwei Fu,,,,1,Zelle LLP,1,1,2918,ClassCounsel,new_extracted,high
A2178,Ellen G. Jalkut,,,,1,Robins Kaplan LLP,1,1,2918,ClassCounsel,new_extracted,high
A2179,Marc Gather,,,,1,,1,1,2904,Management,new_extracted,high
A2180,Christopher Gold,,,,1,,1,1,2921,Management,new_extracted,high
A2181,Sarah T. Hansel,,,,1,Motley Rice LLC,1,1,2921,Management,new_extracted,high
A2182,Christian E. Hudson,,,,1,"Cuneo Gilbert & LaDuca, LLP",1,1,2918,ClassCounsel,new_extracted,high
A2183,Victoria Sims,,,,1,"Cuneo Gilbert & LaDuca, LLP",1,1,2918,ClassCounsel; LeadCounsel,new_extracted,high
A2184,Joanne M. OConnor,,,,1,,1,1,2924,Communications,new_extracted,high
A2185,Luke Bosso,,,,1,KING & SPALDING LLP,1,1,2924,Management,new_extracted,high
A2186,TaCara Harris,,,,1,KING & SPALDING LLP,1,1,2924,Management,new_extracted,high
A2187,Nur Kara,,,,1,DLA PIPER LLP (US),1,1,2924,Management,new_extracted,high
A2188,Rachel Leary,,,,1,DECHERT LLP,1,1,2924,Management,new_extracted,high
A2189,Emma Nino,,,,1,WILLIAMS & CONNOLLY LLP,1,1,2924,Management,new_extracted,high
A2190,Oluoma Kas-Osoka,,,,1,ARNOLD & PORTER KAYE SCHOLER LLP,1,1,2924,Management,new_extracted,high
A2191,Sharon Turret,,,,1,DECHERT LLP,1,1,2924,Management,new_extracted,high
A2192,Alden Atkins,,,,1,Vinson & Elkins LLP,1,1,2925,Communications,new_extracted,high
A2193,Brooke Achua,,,,1,,1,1,2924,Management,new_extracted,high
A2194,Harrison Biggs,,,,1,,1,1,2924,Management,new_extracted,high
A2195,Lea Bucciero,,,,1,,1,1,2924,Management,new_extracted,high
A2196,Alexander Cohen,,,,1,,1,1,2924,Management,new_extracted,high
A2197,Kendra Goldhirsch,,,,1,,1,1,2924,Management,new_extracted,high
A2198,Noah Heinz,,,,1,,1,1,2924,Management,new_extracted,high
A2199,Catelyn McDonough,,,,1,,1,1,2924,Management,new_extracted,high
A2200,Caroline McGlamry,,,,1,,1,1,2924,Management,new_extracted,high
A2201,Madeline Pendley,,,,1,,1,1,2924,Management,new_extracted,high
A2202,Daniel Tropin,,,,1,,1,1,2924,Management,new_extracted,high
A2203,Michael ONeil,,,,1,Reed Smith LLP,1,1,2933,LeadCounsel,new_extracted,high
A2204,Robert B. Remar,,,,1,Rogers & Hardin LLP,1,1,2933,Communications,new_extracted,high
A2205,Albert E. Hartmann,,,,1,Reed Smith LLP,1,1,2933,Communications,new_extracted,high
A2206,Daniel S. Pariser,,,,1,ARNOLD & PORTER KAYE SCHOLER LLP,1,1,2924,Management,new_extracted,high
A2207,Paige H. Sharpe,,,,1,ARNOLD & PORTER KAYE SCHOLER LLP,1,1,2924,Management,new_extracted,high
A2208,Judy L. Leone,,,,1,DECHERT LLP,1,1,2924,Management,new_extracted,high
A2209,Will W. Sachse,,,,1,DECHERT LLP,1,1,2924,Management,new_extracted,high
A2210,Ilana H. Eisenstein,,,,1,DLA PIPER LLP,1,1,2924,Management,new_extracted,high
A2211,Robert B. Friedman,,,,1,KING & SPALDING LLP,1,1,2924,Management,new_extracted,high
A2212,Eva Canaan,,,,1,KING & SPALDING LLP,1,1,2924,Management,new_extracted,high
A2213,Michael B. Shortnacy,,,,1,KING & SPALDING LLP,1,1,2924,Management,new_extracted,high
A2214,Thomas J. Sheehan,,,,1,PHILLIPS LYTLE LLP,1,1,2924,Management,new_extracted,high
A2215,Patrick L. Oot,,,,1,SHOOK HARDY & BACON,1,1,2924,Management,new_extracted,high
A2216,M. Elaine Horn,,,,1,WILLIAMS & CONNOLLY LLP,1,1,2924,Management,new_extracted,high
A2217,Tommy Huynh,,,,1,ARNOLD & PORTER KAYE SCHOLER LLP,1,1,2924,Management,new_extracted,high
A2218,Lindsey B. Cohan,,,,1,DECHERT LLP,1,1,2924,Management,new_extracted,high
A2219,Caroline Power,,,,1,DECHERT LLP,1,1,2924,Management,new_extracted,high
A2220,Jonathan S. Tam,,,,1,DECHERT LLP,1,1,2924,Management,new_extracted,high
A2221,Katherine W. Insogna,,,,1,DLA PIPER LLP,1,1,2924,Management,new_extracted,high
A2222,Leeanne S. Mancari,,,,1,DLA PIPER LLP,1,1,2924,Management,new_extracted,high
A2223,Mark A. Sentenac,,,,1,KING & SPALDING LLP,1,1,2924,Management,new_extracted,high
A2224,Julia Zousmer,,,,1,KING & SPALDING LLP,1,1,2924,Management,new_extracted,high
A2225,Hope E. Daily,,,,1,WILLIAMS & CONNOLLY LLP,1,1,2924,Management,new_extracted,high
A2226,Michelle L. Hood,,,,1,WILLIAMS & CONNOLLY LLP,1,1,2924,Management,new_extracted,high
A2227,Annie E. Schowalter,,,,1,WILLIAMS & CONNOLLY LLP,1,1,2924,Management,new_extracted,high
A2228,Morry Cole,,,,1,"Gray, Ritter, Graham",1,1,2936,ClassCounsel,new_extracted,high
A2229,Teris Swanson,,,,1,"Bryant Law Center, P.S.C.",1,1,2936,ClassCounsel,new_extracted,high
A2230,James Towe,,,,1,,1,1,2949,Management,new_extracted,high
A2231,Christopher Yuhl,,,,1,,1,1,2949,Management,new_extracted,high
A2232,John M. Sandy,,,,1,"SANDY LAW FIRM, P.C.",1,1,2936,Expert,new_extracted,high
A2233,Edward F. Haber,,,,1,"Shapiro Haber & Urmy, LLP",1,1,2938,Communications,new_extracted,high
A2234,Alison E. Chase,,,,1,Keller Rohrback LLP,1,1,2938,Management,new_extracted,high
A2235,Mark R. Rosen,,,,1,"Barrack, Rodos & Bacine",1,1,2938,Management,new_extracted,high
A2236,Tiasha Palikovic,,,,1,Wittels McInturff Palikovic,1,1,2951,ClassCounsel; LeadCounsel,new_extracted,high
A2237,Mark J. Connot,,,,1,Fox Rothschild LLP,1,1,2945,LeadCounsel,new_extracted,high
A2238,Mark D. Taylor,,,,1,Baker McKenzie,1,1,2945,LeadCounsel,new_extracted,high
A2239,Michael E. Brewer,,,,1,Baker McKenzie,1,1,2945,LeadCounsel,new_extracted,high
A2240,Michael Matula,,,,1,Ogletree Deakins,1,1,2945,LeadCounsel,new_extracted,high
A2241,Brandon Gaskins,,,,1,Moore & Van Allen PLLC,1,1,2945,Communications,new_extracted,high
A2242,Bradley T. Wilders,,,,1,"Stueve Siegel Hanson, LLP",1,1,2955,ClassCounsel; LeadCounsel,new_extracted,high
A2243,Paul James,,,,1,"James & Carter, PLC",1,1,2949,Communications,new_extracted,high
A2244,Murray Wells,,,,1,Wells and Associates,1,1,2949,Coordination,new_extracted,high
A2245,John Herman,,,,1,Herman Jones LLP,1,1,2948,Management,new_extracted,high
A2246,Bryan P. Thompson,,,,1,"Chicago Consumer Law Center, P.C.",1,1,2948,Management,new_extracted,high
A2247,Bronwyn F. Pollock,,,,1,Mayer Brown LLP,1,1,2968,LeadCounsel,new_extracted,high
A2248,Christopher James Houpt,,,,1,Mayer Brown LLP (NY),1,1,2968,Communications,new_extracted,high
A2249,Sean Burke,,,,1,Duane Morris LLP,1,1,2949,Communications; LeadCounsel,new_extracted,high
A2250,Dana Ash,,,,1,Duane Morris LLP,1,1,2949,LeadCounsel,new_extracted,high
A2251,Julie Park,,,,1,Morrison & Foerster LLP,1,1,2949,LeadCounsel,new_extracted,high
A2252,Anthony J. Weibell,,,,1,"Wilson Sonsini Goodrich & Rosati, P.C.",1,1,2948,LeadCounsel,new_extracted,high
A2253,Scott R. Drury,,,,1,Loevy & Loevy,1,1,2967,LeadCounsel,new_extracted,high
A2254,Jessica R. MacAuley,,,,1,Hagens Berman Sobol Shapiro LLP,1,1,2966,Management,new_extracted,high
A2255,Clark Craddock,,,,1,Radice Law Firm,1,1,2966,Management,new_extracted,high
A2256,Mark Fischer,,,,1,"Rawlings & Associates, PLLC",1,1,2966,Management,new_extracted,high
A2257,Adam J. Kaiser,,,,1,"Alston & Bird, LLP",1,1,2969,LeadCounsel; Management,new_extracted,high
A2258,Tiffany L. Powers,,,,1,"Alston & Bird, LLP",1,1,2969,LeadCounsel; Management,new_extracted,high
A2259,Kristin A. Shepard,,,,1,"Alston & Bird, LLP",1,1,2969,LeadCounsel; Management,new_extracted,high
A2260,Robert T. Horst,,,,1,"Timoney Knox, LLP",1,1,2969,Communications; Management,new_extracted,high
A2261,Robert M. Runyon III,,,,1,"Timoney Knox, LLP",1,1,2969,Communications; Management,new_extracted,high
A2262,Matthew B. Malamud,,,,1,"Timoney Knox, LLP",1,1,2969,Communications; Management,new_extracted,high
A2263,Paul K. Geer,,,,1,"DiBella, Geer, McAllister & Best, P.C.",1,1,2969,Communications; Management,new_extracted,high
A2264,Richard DiBella,,,,1,"DiBella, Geer, McAllister & Best, P.C.",1,1,2969,Communications; Management,new_extracted,high
A2265,Tara L. Maczuzak,,,,1,"DiBella, Geer, McAllister & Best, P.C.",1,1,2969,Communications; Management,new_extracted,high
A2266,Mitchell T. Theodore,,,,1,Cory Watson Attorneys,1,1,2973,Management,new_extracted,high
A2267,Ann E. Rice Ervin,,,,1,Motley Rice,1,1,2973,Management,new_extracted,high
A2268,James F. Murdica,,,,1,Barnes & Thornburg LLP,1,1,2973,Communications,new_extracted,high
A2269,Kristen Hermiz,,,,1,,1,1,2974,Management,new_extracted,high
A2270,John Schirger,,,,1,Miller Schirger LLC,1,1,2975,ClassCounsel; LeadCounsel,new_extracted,high
A2271,Bruce Hurley,,,,1,King & Spalding,1,1,2973,LeadCounsel,new_extracted,high
A2272,Richard Bernardo,,,,1,Skadden,1,1,2973,Discovery,new_extracted,high
A2273,Pamela L. Ferrell,,,,1,Butler Snow LLP,1,1,2974,LeadCounsel,new_extracted,high
A2274,Caroline D. Walker,,,,1,Butler Snow LLP,1,1,2974,LeadCounsel,new_extracted,high
A2275,Christina Feller,,,,1,,1,1,2974,Management,new_extracted,high
A2276,Peter Safirstein,,,,1,Safirstein Metcalf LLP,1,1,2989,LeadCounsel,new_extracted,high
A2277,Paola Pearson,,,,1,Anapol Weiss,1,1,2973,Management,new_extracted,high
A2278,Rachel L. Shkolnik,,,,1,"Napoli Shkolnik, PLLC",1,1,2973,Management,new_extracted,high
A2279,Nina Towle Herring,,,,1,Cory Watson Attorneys,1,1,2973,Management,new_extracted,high
A2280,Lubna Faruqi,,,,1,"Faruqi & Faruqi, LLP",1,1,2984,ClassCounsel,new_extracted,high
A2281,Todd Carpenter,,,,1,"Carlson Lynch, LLP",1,1,2984,ClassCounsel,new_extracted,high
A2282,Tim Dollar,,,,1,"Dollar, Burns, Becker & Hershewe, L.C.",1,1,2984,Communications,new_extracted,high
A2283,Bonner Walsh,,,,1,Walsh PLLC,1,1,2984,Management,new_extracted,high
A2284,Cyrus Mehri,,,,1,"Mehri & Skalet, PLLC",1,1,2996,Management,new_extracted,high
A2285,Lloyd B. Miller,,,,1,"Sonosky, Chambers, Sachse, Miller & Monkman, LLP",1,1,2996,Management,new_extracted,high
A2286,Emily Roark,,,,1,"Bryant Law Center, PSC",1,1,2996,Management,new_extracted,high
A2287,Matthew Browne,,,,1,"Browne Pelican, PLLC",1,1,2996,Management,new_extracted,high
A2288,Robert J. Kuntz,,,,1,Devine Goodman Rasco & Watts-FitzGerald LLP,1,1,2994,Management,new_extracted,high
A2289,Bibianne U. Fell,,,,1,"Fell Law, PC",1,1,2994,Management,new_extracted,high
A2290,Elizabeth M. Dalzell,,,,1,Law Office of Kenneth E. Berger LLC,1,1,2994,Management,new_extracted,high
A2291,Dennis Damonn Spurling,,,,1,Dennis Spurling PLLC Attorneys at Law,1,1,3014,LeadCounsel,new_extracted,high
A2292,Raymond C. Silverman,,,,1,Parker Waichman LLP,1,1,3006,LeadCounsel,new_extracted,high
A2293,Richard M. Elias,,,,1,Elias LLC,1,1,3006,LeadCounsel,new_extracted,high
A2294,Lawana Wichmann,,,,1,OnderLaw LLC,1,1,3006,LeadCounsel,new_extracted,high
A2295,Chris Oxx,,,,1,Parker Waichman LLP,1,1,3006,Communications,new_extracted,high
A2296,Andrew L. Reissaus,,,,1,Hollingsworth LLP,1,1,3006,Communications,new_extracted,high
A2297,Yonatan Even,,,,1,,1,1,3010,Motions,new_extracted,high
A2298,Christian Bagin,,,,1,Wienand and Bagin,1,1,3014,LeadCounsel,new_extracted,high
A2299,Elizabeth Pollock-Avery,,,,1,"Lynch Carpenter, LLP",1,1,3014,Communications; Discovery,new_extracted,high
A2300,Laura Hughes McNally,,,,1,"Morgan, Lewis & Bockius, LLP",1,1,3014,Communications; Discovery,new_extracted,high
A2301,Suniti N. Mehta,,,,1,"Sullivan & Cromwell, LLP",1,1,3014,Communications; Discovery,new_extracted,high
A2302,Elizabeth N. Olsen,,,,1,"Sullivan & Cromwell, LLP",1,1,3014,Communications; Discovery,new_extracted,high
A2303,Sarah Bradshaw,,,,1,,1,1,3021,Management,new_extracted,high
A2304,Richard J. Lajaunie,,,,1,,1,1,3021,Management,new_extracted,high
A2305,Carl Malmstrom,,,,1,Wolf Haldenstein Adler Freeman & Herz LLC,1,1,3009,Communications,new_extracted,high
A2306,Yeremey Krishoey,,,,1,"Bursor & Fisher, P.A.",1,1,3009,Management,new_extracted,high
A2307,Michael Laird,,,,1,Zimmerman Reed LLP,1,1,3009,Management,new_extracted,high
A2308,Scott Levensten,,,,1,"Levensten Law Firm, PC",1,1,3009,Management,new_extracted,high
A2309,Alex Lumaghi,,,,1,"Dowd & Dowd, P.C.",1,1,3009,Management,new_extracted,high
A2310,Brian Morrison,,,,1,Tadler Law LLP,1,1,3009,Management,new_extracted,high
A2311,Patrick Hotze,,,,1,Hotze Runkle PLLC,1,1,3023,Management,new_extracted,high
A2312,Claire E. Kreider,,,,1,"Gainsburgh, Benjamin, David, Meunier & Warshauer, LLC",1,1,3014,Management,new_extracted,high
A2313,John M. Dealke,,,,1,"Deakle-Johnson Law Firm, PLLC",1,1,3021,Management,new_extracted,high
A2314,Derek Chad Nuce,,,,1,"Pasley, Nuce, Mallory & Davis, LLC",1,1,3021,Management,new_extracted,high
A2315,Gretchen E. Moore,,,,1,"Strassburger, McKenna, Gutnick & Gefsky",1,1,3021,Communications,new_extracted,high
A2316,Claire E. Berg,,,,1,"Gainsburgh, Benjamin, David, Meunier & Warshauer, LLC",1,1,3014,Management,new_extracted,high
A2317,Randolph H. Donatelli,,,,1,"Lyons & Flood, LLP",1,1,3028,Management,new_extracted,high
A2318,Edward Keane,,,,1,"Mahoney & Keane, LLP",1,1,3028,Management,new_extracted,high
A2319,Joseph Perrone,,,,1,"Giuliano, McDonnell and Perrone, LLP",1,1,3028,Management,new_extracted,high
A2320,Erich Wise,,,,1,"Flynn, Delich and Wise, LLP",1,1,3028,Management,new_extracted,high
A2321,Steven Block,,,,1,"Lane, Powell, P.C.",1,1,3028,Management,new_extracted,high
A2322,Kenderick Jordan,,,,1,"Marwedel, Minichello and Reeb, PC",1,1,3028,Management,new_extracted,high
A2323,Justin M. Heilig,,,,1,Hill Rivkins LLP,1,1,3028,Management,new_extracted,high
A2324,Joshua Southwick,,,,1,Gibson Robb & Lindh LLP,1,1,3028,Management,new_extracted,high
A2325,Jonathan W. Thames,,,,1,Kennedys Law LLP,1,1,3028,Management,new_extracted,high
A2326,Stephanie E. Parker,,,,1,,1,1,3026,LeadCounsel,new_extracted,high
A2327,Meir Feder,,,,1,,1,1,3026,Communications,new_extracted,high
A2328,Bridget K. OConnor,,,,1,,1,1,3026,Communications,new_extracted,high
A2329,Rachel Cannon,,,,1,,1,1,3026,LeadCounsel,new_extracted,high
A2330,Darlene Alt,,,,1,,1,1,3026,Communications,new_extracted,high
A2331,William Andrichik,,,,1,,1,1,3026,Communications,new_extracted,high
A2332,Kelly Hyman,,,,1,,1,1,3026,Management,new_extracted,high
A2333,Christopher T. Nace,,,,1,,1,1,3026,Management,new_extracted,high
A2334,Stephen Reck,,,,1,,1,1,3026,Management,new_extracted,high
A2335,James M. Williams,,,,1,,1,1,3026,Management,new_extracted,high
A2336,Diandra S. Debrosse,,,,1,DiCello Levitt,1,1,3026,LeadCounsel,new_extracted,high
A2337,Noah M. Schubert,,,,1,Schubert Jonckheer & Kolbe LLP,1,1,3025,ClassCounsel,new_extracted,high
A2338,Ashley Crowell,,,,1,"Babin Law, LLC",1,1,3029,Management,new_extracted,high
A2339,Scott Fraser,,,,1,McDonald Worley,1,1,3029,Management,new_extracted,high
A2340,Robert King,,,,1,King Law,1,1,3029,Management,new_extracted,high
A2341,PHILIP IOVIENO,,,,1,"Cadwalader, Wickersham & Taft LLP",1,1,3031,Communications,new_extracted,high
A2342,SHANA SCARLETT,,,,1,Hagens Berman Sobol Shapiro LLP,1,1,3031,Communications,new_extracted,high
A2343,PATRICK MCGAHAN,,,,1,Scott+Scott Attorneys at Law LLP,1,1,3031,Communications,new_extracted,high
A2344,Julie Nepveu,,,,1,AARP Foundation,1,1,3035,Management,new_extracted,high
A2345,Susan L. Meter,,,,1,"Kantor & Kantor, LLP",1,1,3035,Management,new_extracted,high
A2346,James Streett,,,,1,"Streett Law Firm, P.A.",1,1,3032,Coordination; Management,new_extracted,high
A2347,David Silverman,,,,1,,1,1,3037,Management,new_extracted,high
A2348,Clement S. Roberts,,,,1,,1,1,3042,LeadCounsel,new_extracted,high
A2349,Jesenka Mrdjenovic,,,,1,"Gibson, Dunn & Crutcher LLP",1,1,3032,Communications; LeadCounsel,new_extracted,high
A2350,Allyson M Julien,,,,1,Goldman Ismail Tomaselli Brennan & Baum LLP,1,1,3036,LeadCounsel,new_extracted,high
A2351,"David Calep Wright , III",,,,1,Robinson Bradshaw & Hinson,1,1,3036,Communications,new_extracted,high
A2352,Bijan Esfandiari,,,,1,Baum Hedlund Aristei & Goldman,1,1,3036,LeadCounsel,new_extracted,high
A2353,Allison Mullins,,,,1,Turning Point Litigation; Mullins Duncan Harrell & Russell PLLC,1,1,3036,Communications,new_extracted,high
A2354,Marjorie Levine,,,,1,,1,1,3037,Management,new_extracted,high
A2355,Nicole Lovett,,,,1,"Morgan & Morgan, P.A.",1,1,3036,Management,new_extracted,high
A2356,Aaron Siri,,,,1,Siri & Glimstad LLP,1,1,3036,Management,new_extracted,high
A2357,Andrew Downing,,,,1,"Downing, Allison & Jorgenson",1,1,3036,Management,new_extracted,high
A2358,Justin K. Gelfand,,,,1,"Margulis Gelfand, LLC",1,1,3036,Management,new_extracted,high
A2359,Robert Hatch,,,,1,Bronster Fujichaku Robbins A Law Corporation,1,1,3036,Management,new_extracted,high
A2360,Brian O. Marty,,,,1,"Shindler, Anderson, Goplerud & Weese P.C.",1,1,3036,Management,new_extracted,high
A2361,Kim Mack Rosenberg,,,,1,Mack Rosenberg Law,1,1,3036,Management,new_extracted,high
A2362,Anthony Liberatore,,,,1,"A. LIBERATORE, P.C.",1,1,3036,Management,new_extracted,high
A2363,Mark Sadaka,,,,1,"Law Offices of Sadaka Associates, LLC",1,1,3036,Management,new_extracted,high
A2364,Claudia I. Guerrero,,,,1,Dilley Law Firm,1,1,3037,LeadCounsel,new_extracted,high
A2365,Marc Matthews,,,,1,"McIntyre Thanasides Bringgold Elliott Grimaldi & Guito, P.A.",1,1,3037,LeadCounsel,new_extracted,high
A2366,Gerald Singleton,,,,1,"Singleton Schreiber, LLP",1,1,3043,LeadCounsel,new_extracted,high
A2367,Kristen L. Richer,,,,1,,1,1,3043,Communications,new_extracted,high
A2368,Lori B. Leskin,,,,1,,1,1,3043,Communications,new_extracted,high
A2369,Krista Batchelder,,,,1,Colorado Attorney General's Office,1,1,3047,Communications,new_extracted,high
A2370,Megan ONeill,,,,1,California Attorney General's Office,1,1,3047,Communications,new_extracted,high
A2371,Eli A. Fuchsberg,,,,1,"Jacob D. Fuchsberg Law Firm, LLP",1,1,3044,Bellwether; Discovery; Expert; Motions,new_extracted,high
A2372,Felicia J. Craick,,,,1,,1,1,3047,Management,new_extracted,high
A2373,Kirk Goza,,,,1,,1,1,3047,Management,new_extracted,high
A2374,Matthew P. Legg,,,,1,,1,1,3047,Management,new_extracted,high
A2375,Ashley Simonsen,,,,1,,1,1,3047,Communications,new_extracted,high
A2376,Rick L. Ashton,,,,1,"ALLEN STOVAL NEUMAN & ASHTON, LLP",1,1,3052,Management,new_extracted,high
A2377,William J. Hoffmann,,,,1,GROTEFFELD HOFFMANN LLP,1,1,3052,Management,new_extracted,high
A2378,Nathan Dooley,,,,1,COZEN OCONNOR,1,1,3052,Management,new_extracted,high
A2379,Craig S. Simon,,,,1,"BERGER KAHN, A Law Corporation.",1,1,3052,Management,new_extracted,high
A2380,Daniel Hogan,,,,1,LAW OFFICES OF ROBERT A. STUNTMAN. P.C.,1,1,3052,Management,new_extracted,high
A2381,Adam M. Romney,,,,1,GROTEFELD HOFFMANN LLP,1,1,3052,Management,new_extracted,high
A2382,Susan M. Benson,,,,1,GROTEFFELD HOFFMANN LLP,1,1,3052,Discovery,new_extracted,high
A2383,Emery K. Harlan,,,,1,MWH Law Group LLP,1,1,3052,Discovery,new_extracted,high
A2384,Ryan McDevitt,,,,1,KELLER ROHRBACK LLP,1,1,3052,Discovery; Expert,new_extracted,high
A2385,Thomas Paolini,,,,1,GROTEFELD HOFFMANN LLP,1,1,3052,Expert,new_extracted,high
A2386,Michael A. Caplan,,,,1,Caplan Cobb LLC,1,1,3051,Communications,new_extracted,high
A2387,Peter J. Brennan,,,,1,JENNER & BLOCK LLP,1,1,3052,Management,new_extracted,high
A2388,Nada Djordjevic,,,,1,,1,1,3055,Expert,new_extracted,high
A2389,Ryan Clarkson,,,,1,,1,1,3055,Discovery,new_extracted,high
A2390,Christopher Ayers,,,,1,,1,1,3055,Discovery,new_extracted,high
A2391,Catherine DeRenze,,,,1,,1,1,3055,Communications,new_extracted,high
A2392,Nick Suciu,,,,1,Milberg Coleman Bryson Phillips Grossman PLLC,1,1,3059,ClassCounsel,new_extracted,high
A2393,Marc Dann,,,,1,Dann Law,1,1,3056,Management,new_extracted,high
A2394,Matt Wilson,,,,1,Meyer Wilson,1,1,3056,Management,new_extracted,high
A2395,Leigh Perica,,,,1,"McCune Wright Arevalo, LLP",1,1,2993,Communications,new_extracted,high
A2396,Sharon Rosenberg,,,,1,"Thompson Coburn, LLP",1,1,2993,Communications,new_extracted,high
A2397,Nicholas Horattas,,,,1,DiCello Levitt,1,1,3060,ProSe,new_extracted,high
A2398,Alfred Sargente,,,,1,Eckert Seamans,1,1,3060,ProSe,new_extracted,high
A2399,Alyse F. Stach,,,,1,,1,1,3071,Management,new_extracted,high
A2400,David D. Cross,,,,1,Morrison & Foerster LLP,1,1,3071,,new_extracted,high
A2401,Daniel DeSouza,,,,1,"DeSouza Law, PA",1,1,3075,LeadCounsel,new_extracted,high
A2402,Lidia C. Mowad,,,,1,Miles & Stockbridge P.C.,1,1,3075,LeadCounsel,new_extracted,high
A2403,Jay Srinivasan,,,,1,"Gibson, Dunn & Crutcher LLP",1,1,3071,Communications; Management,new_extracted,high
A2404,Britt Miller,,,,1,Mayer Brown LLP,1,1,3071,Management,new_extracted,high
A2405,Gregory Casas,,,,1,Greenberg Traurig LLP,1,1,3071,Management,new_extracted,high
A2406,Joseph H. Kanee,,,,1,MARCUS & ZELMAN LLC,1,1,3074,LeadCounsel,new_extracted,high
A2407,Jennifer McLoone,,,,1,SHOOK HARDY & BACON LLP,1,1,3074,LeadCounsel,new_extracted,high
A2408,Molly Condon Wells,,,,1,WALLACE MILLER,1,1,3079,Communications,new_extracted,high
A2409,Mark Abramowitz,,,,1,"DICELLO LEVITT, LLP",1,1,3079,Management,new_extracted,high
A2410,Nola H. Cross,,,,1,CROSS LAW FIRM,1,1,3078,Communications,new_extracted,high
A2411,David G. Omer,,,,1,"OMER LAW FIRM, PLLC",1,1,3078,Management,new_extracted,high
A2412,Matthew F. Gately,,,,1,Cohn Lifland Pearlman Herrmann & Knopf LLP,1,1,3080,Communications,new_extracted,high
A2413,Cameron Cano,,,,1,Scott & Scott,1,1,3081,Management,new_extracted,high
A2414,Sara Craig,,,,1,Peiffer Wolf,1,1,3081,Management,new_extracted,high
A2415,Mark Pifko,,,,1,"Baron & Budd, P.C.",1,1,3080,LeadCounsel,new_extracted,high
A2416,Ben Crump,,,,1,Ben Crump Law,1,1,3080,Management,new_extracted,high
A2417,Melody Dickson,,,,1,Wagstaff & Cartmell LLP,1,1,3080,Management,new_extracted,high
A2418,Dara Hegar,,,,1,The Lanier Law Firm,1,1,3080,Management,new_extracted,high
A2419,Caitlyn Miller,,,,1,Aylstock Witkin Kreis & Overholtz PLLC,1,1,3080,Management,new_extracted,high
A2420,Dan Goetz,,,,1,Weisman Kennedy & Berris Co. LPA,1,1,3080,Management,new_extracted,high
A2421,Greg Stamatopoulos,,,,1,"Weitz and Luxenberg, P.C.",1,1,3080,Management,new_extracted,high
A2422,Joanne Cicala,,,,1,The Cicala Law Firm PLLC,1,1,3080,LeadCounsel,new_extracted,high
A2423,Lawrence Deas,,,,1,Liston & Deas PLLC,1,1,3080,LeadCounsel,new_extracted,high
A2424,Trey Watkins,,,,1,Forman Watkins & Krutz LLP,1,1,3080,LeadCounsel,new_extracted,high
A2425,Hannah Brennan,,,,1,Hagens Berman Sobol Shapiro LLP,1,1,3080,Management,new_extracted,high
A2426,Donald Ecklund,,,,1,"Carella, Byrne, Cecchi, Brody & Agnello, P.C.",1,1,3080,Management,new_extracted,high
A2427,Janpaul Portal,,,,1,MSP Recovery Law Firm,1,1,3080,Management,new_extracted,high
A2428,Chad Roberts,,,,1,"eDiscovery CoCounsel, PLLC",1,1,3081,Management,new_extracted,high
A2429,Brian A. Abramson,,,,1,"Williams Hart & Boundas, LLP",1,1,3084,Management,new_extracted,high
A2430,Sara M. Peters,,,,1,"Walkup, Melodia, Kelly and Schoenberger, APC",1,1,3084,Management,new_extracted,high
A2431,Bret D. Stanley,,,,1,"Pulaski Kherkher, PLLC",1,1,3084,Management,new_extracted,high
A2432,Meredith Stratigopoulos,,,,1,Watts Guerra LLP,1,1,3084,Management,new_extracted,high
A2433,Anya Fuchs,,,,1,Pearce Lewis LLP,1,1,3087,Coordination,new_extracted,high
A2434,Cameron Bell,,,,1,Oliver Law Group P.C.,1,1,3087,Management,new_extracted,high
A2435,Eli J. Hare,,,,1,Dicello Levitt LLP,1,1,3087,Management,new_extracted,high
A2436,Lowell P. McKelvey,,,,1,McKelvey Law LLC,1,1,3087,Management,new_extracted,high
A2437,Megan L. Roper,,,,1,Bailey Cowan Heckaman PLLC,1,1,3087,Management,new_extracted,high
A2438,Matthew K. Felty,,,,1,Lytle Soule & Felty P.C.,1,1,3087,Management,new_extracted,high
A2439,Aaron M. Heckaman,,,,1,Bailey Cowan Heckaman PLLC,1,1,3087,Management,new_extracted,high
A2440,Hayden N. Wyatt,,,,1,Bailey Cowan Heckaman PLLC,1,1,3087,Management,new_extracted,high
A2441,Thiago Coelho,,,,1,,1,1,3083,Expert,new_extracted,high
A2442,Jason P. Sultzer,,,,1,The Sultzer Law Group P.C.,1,1,3089,Management,new_extracted,high
A2443,Shireen M. Clarkson,,,,1,Clarkson Law Firm P.C.,1,1,3089,Management,new_extracted,high
A2444,Alexander E. Barnett,,,,1,"Cotchett, Pitre & McCarthy, LLP",1,1,3089,Management,new_extracted,high
A2445,Darren T. Kaplan,,,,1,Kaplan Gore LLP,1,1,3089,Management,new_extracted,high
A2446,Jordan E. Jacobson,,,,1,"Kessler, Topaz, Meltzer & Check, LLP",1,1,3089,Management,new_extracted,high
A2447,Laura Dunning,,,,1,"Levin Papantonio Rafferty Proctor Buchanan OBrien Barr Mougey, P.A.",1,1,3089,Management,new_extracted,high
A2448,Jamie Mauhay Powers,,,,1,KERSHAW TALLEY BARLOW,1,1,3092,Management,new_extracted,high
A2449,Marilyn Ukropina,,,,1,"PEIFFER WOLF CARR KANE CONWAY & WISE, LLP",1,1,3092,Management,new_extracted,high
A2450,Matthew Marcin,,,,1,"Aylstock Witkin Kries & Overholtz, PLLC",1,1,3094,Management,new_extracted,high
A2451,Sarah Ruane,,,,1,Wagstaff and Cartmell LLP,1,1,3094,LeadCounsel,new_extracted,high
A2452,Keith Verrier,,,,1,Levin Sedran & Berman,1,1,3094,Management,new_extracted,high
A2453,Daniel Seltz,,,,1,Leif Cabraser Heimann and Bernstien,1,1,3094,Management,new_extracted,high
A2454,Ryan Duplechin,,,,1,Beasley Allen,1,1,3094,Management,new_extracted,high
A2455,Digger Earles,,,,1,Laborde Earles Injury Lawyers,1,1,3094,Management,new_extracted,high
A2456,Sharon Zinns,,,,1,,1,1,3090,ClassCounsel; Management,new_extracted,high
A2457,Anthony Parkhill,,,,1,,1,1,3090,ClassCounsel; Management,new_extracted,high
A2458,Kevin Sharp,,,,1,,1,1,3090,ClassCounsel; Management,new_extracted,high
A2459,Steven Sukert,,,,1,,1,1,3090,ClassCounsel; Management,new_extracted,high
A2460,Bart Cohen,,,,1,,1,1,3090,ClassCounsel; Management,new_extracted,high
A2461,Nina Spizer,,,,1,Dilworth Paxson LLP,1,1,3094,Communications,new_extracted,high
A2462,Mike Daly,,,,1,Pogust Goodhead,1,1,3094,Management,new_extracted,high
A2463,Timothy Jackson,,,,1,,1,1,3101,Management,new_extracted,high
A2464,Anthony Russo,,,,1,,1,1,3101,Management,new_extracted,high
A2465,William Sykes,,,,1,,1,1,3101,Management,new_extracted,high
A2466,Mary Raybon,,,,1,,1,1,3101,Management,new_extracted,high
A2467,William Smith,,,,1,,1,1,3101,Management,new_extracted,high
A2468,Madeleine Clavier,,,,1,,1,1,3101,Management,new_extracted,high
A2469,Emily DeVuono,,,,1,,1,1,3101,Management,new_extracted,high
A2470,Joseph Masterman,,,,1,,1,1,3101,Management,new_extracted,high
A2471,Steven Brady,,,,1,,1,1,3101,Management,new_extracted,high
A2472,Tiffany Ellis,,,,1,,1,1,3101,Management,new_extracted,high
A2473,Pedram Esfandiary,,,,1,,1,1,3101,Management,new_extracted,high
A2474,Brooke Killian Kim,,,,1,,1,1,3101,Communications,new_extracted,high
A2475,Peter L. Bishop,,,,1,"Abraham, Fruchter & Twersky, LLP",1,1,3096,ClassCounsel,new_extracted,high
A2476,Connor Hayes,,,,1,Lynch Carpenter LLP,1,1,3096,ClassCounsel; Coordination,new_extracted,high
A2477,David I. Berl,,,,1,Williams & Connolly LLP,1,1,3103,Communications,new_extracted,high
A2478,John R. Labbe,,,,1,"Marshall, Gerstein & Borun LLP",1,1,3103,Communications,new_extracted,high
A2479,Robert Cerwinski,,,,1,Gemini Law LLP,1,1,3103,Communications,new_extracted,high
A2480,"Louis E. Fogel, Ph.D.",,,,1,Fish & Richardson P.C.,1,1,3103,Communications,new_extracted,high
A2481,William A. Rakoczy,,,,1,Rakoczy Molino Mazzochi Siwik LLP,1,1,3103,Communications,new_extracted,high
A2482,Raymond N. Nimrod,,,,1,"Quinn Emanuel Urquhart & Sullivan, LLP",1,1,3103,Communications,new_extracted,high
A2483,Jordan A. Rice,,,,1,MoloLamken LLP,1,1,3113,ClassCounsel,new_extracted,high
A2484,Bryan A. Fratkin,,,,1,McGuireWoods LLP,1,1,3111,LocalCounsel,new_extracted,high
A2485,Kellie Lerner,,,,1,Robins Kaplan LLP,1,1,3107,LeadCounsel,new_extracted,high
A2486,Gary A Corroto,,,,1,Plakas Mannos,1,1,3107,Communications,new_extracted,high
A2487,Ethan J. Barlieb,,,,1,"Kessler Topaz Meltzer & Check, LLP",1,1,3107,Management,new_extracted,high
A2488,April D. Lambert,,,,1,"Radice Law Firm, P.C.",1,1,3107,Management,new_extracted,high
A2489,Kevin Landau,,,,1,"Taus, Cebulash & Landau, LLP",1,1,3107,Management,new_extracted,high
A2490,Bobby Pouya,,,,1,"Pearson Warshaw, LLP",1,1,3107,Management,new_extracted,high
A2491,Thomas H. Burt,,,,1,Wolf Haldenstein Adler Freeman & Herz LLP,1,1,3107,LeadCounsel,new_extracted,high
A2492,Brian J. Dunne,,,,1,Bathaee Dunne LLP,1,1,3107,Management,new_extracted,high
A2493,Timothy D. Battin,,,,1,BoiesBattin LLP,1,1,3107,Management,new_extracted,high
A2494,Robin F. Zwerling,,,,1,"Zwerling, Schachter & Zwerling, LLP",1,1,3107,LeadCounsel,new_extracted,high
A2495,Sadik Huseny,,,,1,,1,1,3121,Communications,new_extracted,high
A2496,Peter H. Walsh,,,,1,Hogan Lovells US LLP,1,1,3108,Coordination,new_extracted,high
A2497,"Larry A Golston, Jr.",,,,1,"Beasley, Allen, Crow, Methvin, Portis & Miles, P.C.",1,1,3114,Management,new_extracted,high
A2498,Nicholas R Lange,,,,1,Freed Kanner London & Millen LLC,1,1,3114,Management,new_extracted,high
A2499,Rebecca L Solomon,,,,1,Tousley Brain Stephens PLLC,1,1,3114,Management,new_extracted,high
A2500,J. Devlan Geddes,,,,1,,1,1,3114,ClassCounsel,new_extracted,high
A2501,Raph Graybill,,,,1,,1,1,3114,ClassCounsel,new_extracted,high
A2502,John Heenan,,,,1,,1,1,3114,ClassCounsel,new_extracted,high
A2503,Yaman Salahi,,,,1,Edelson PC,1,1,3121,ClassCounsel; LeadCounsel,new_extracted,high
A2504,Kennedy M. Brian,,,,1,Federman & Sherwood,1,1,3108,Management,new_extracted,high
A2505,P. Graham Maiden,,,,1,Motley Rice LLC,1,1,3115,Management,new_extracted,high
A2506,Chris Springer,,,,1,Keller Rohrback LLP CA,1,1,3115,Management,new_extracted,high
A2507,Aaron M. Panner,,,,1,"KELLOGG, HANSEN, TODD FIGEL & FREDERICK, P.L.L.C.",1,1,3113,ClassCounsel,new_extracted,high
A2508,Scott K. Attaway,,,,1,"KELLOGG, HANSEN, TODD FIGEL & FREDERICK, P.L.L.C.",1,1,3113,ClassCounsel,new_extracted,high
A2509,Ariela Migdal,,,,1,"KELLOGG, HANSEN, TODD FIGEL & FREDERICK, P.L.L.C.",1,1,3113,ClassCounsel,new_extracted,high
A2510,Alex A. Parkinson,,,,1,"KELLOGG, HANSEN, TODD FIGEL & FREDERICK, P.L.L.C.",1,1,3113,ClassCounsel,new_extracted,high
A2511,George A. Zelcs,,,,1,KOREIN TILLERY LLC,1,1,3113,ClassCounsel,new_extracted,high
A2512,Marc A. Wallenstein,,,,1,KOREIN TILLERY LLC,1,1,3113,ClassCounsel,new_extracted,high
A2513,David Walchak,,,,1,KOREIN TILLERY LLC,1,1,3113,ClassCounsel,new_extracted,high
A2514,Carol O'Keefe,,,,1,KOREIN TILLERY LLC,1,1,3113,ClassCounsel,new_extracted,high
A2515,Andrew Ellis,,,,1,KOREIN TILLERY LLC,1,1,3113,ClassCounsel,new_extracted,high
A2516,Steven F. Molo,,,,1,MOLOLAMKEN LLP,1,1,3113,ClassCounsel,new_extracted,high
A2517,Lauren Dayton,,,,1,MOLOLAMKEN LLP,1,1,3113,ClassCounsel,new_extracted,high
A2518,Eric A. Posner,,,,1,MOLOLAMKEN LLP,1,1,3113,ClassCounsel,new_extracted,high
A2519,Kathleen N. Fennelly,,,,1,"MCELROY, DEUTSCH, MULVANEY & CARPENTER, LLP",1,1,3113,Communications,new_extracted,high
A2520,"Stanley O. King, Esq.",,,,1,"JAVERBAUM WURGAFT HICKS KAHN WIKSTROM & SININS, P.C.",1,1,3113,Communications,new_extracted,high
A2521,Candice J. Enders,,,,1,BERGER MONTAGUE PC,1,1,3113,LeadCounsel,new_extracted,high
A2522,Jessica N. Servais,,,,1,LOCKRIDGE GRINDAL NAUEN PLLP,1,1,3113,LeadCounsel,new_extracted,high
A2523,Joseph C. Bourne,,,,1,LOCKRIDGE GRINDAL NAUEN PLLP,1,1,3113,LeadCounsel,new_extracted,high
A2524,Matthew S. Weiler,,,,1,SCHNEIDER WALLACE COTTRELL KONECKY LLP,1,1,3113,LeadCounsel,new_extracted,high
A2525,Todd M. Schneider,,,,1,SCHNEIDER WALLACE COTTRELL KONECKY LLP,1,1,3113,LeadCounsel,new_extracted,high
A2526,Jason H. Kim,,,,1,SCHNEIDER WALLACE COTTRELL KONECKY LLP,1,1,3113,LeadCounsel,new_extracted,high
A2527,Mahzad K. Hite,,,,1,SCHNEIDER WALLACE COTTRELL KONECKY LLP,1,1,3113,LeadCounsel,new_extracted,high
A2528,Raymond S. Levine,,,,1,SCHNEIDER WALLACE COTTRELL KONECKY LLP,1,1,3113,LeadCounsel,new_extracted,high
A2529,Jeffrey L. Spector,,,,1,"SPECTOR ROSEMAN & KODROFF, P.C.",1,1,3113,LeadCounsel,new_extracted,high
A2530,Jessica A. Wilkes,,,,1,Federman & Sherwood,1,1,3108,Management,new_extracted,high
A2531,Andrew van Arsdale,,,,1,AVA Law Group,1,1,3125,LeadCounsel,new_extracted,high
A2532,Jennifer Domer,,,,1,"Cutter Law, P.C.",1,1,3125,Communications,new_extracted,high
A2533,Kim Boldt,,,,1,Ratzan Weissman & Boldt,1,1,3125,Management,new_extracted,high
A2534,Teresa Bowen Hatch,,,,1,"Bowen Hatch Law, PC",1,1,3125,Management,new_extracted,high
A2535,Nicholas Rowley,,,,1,Trial Lawyers for Justice,1,1,3125,Management,new_extracted,high
A2536,Blair B. Matyszczyk,,,,1,Dickerson Oxton LLC,1,1,3125,Management,new_extracted,high
A2537,Francis A. Bottini,,,,1,,1,1,3149,Management,new_extracted,high
A2538,Justin A. Nelson,,,,1,Susman Godfrey L.L.P.,1,1,3143,ClassCounsel,new_extracted,high
A2539,Scott Grzenczyk,,,,1,Girard Sharp LLP,1,1,3148,Management,new_extracted,high
A2540,Stephen M. Prignano,,,,1,McIntyre Tate LLP,1,1,3148,Communications,new_extracted,high
A2541,Yana Hart,,,,1,Clarkson Law Firm,1,1,3149,Management,new_extracted,high
A2542,Amy Judkins,,,,1,"Newsome Melton, P.A.",1,1,3128,ClassCounsel; LeadCounsel,new_extracted,high
A2543,Bryant Dunivan,,,,1,"The Consumer Protection Attorney, P.A.",1,1,3128,Management,new_extracted,high
A2544,Jarrett Faber,,,,1,Kneupper & Covey P.C.,1,1,3128,Management,new_extracted,high
A2545,Jeffrey Gentes,,,,1,Connecticut Fair Housing Center,1,1,3128,Management,new_extracted,high
A2546,Kas Gallucci,,,,1,Law Offices of Ron Marron,1,1,3128,Management,new_extracted,high
A2547,Ian Crosby,,,,1,Susman Godfrey,1,1,3143,LeadCounsel; Management,new_extracted,high
A2548,Davida Brook,,,,1,Susman Godfrey,1,1,3143,Communications; LeadCounsel; Management,new_extracted,high
A2549,Steven Lieberman,,,,1,Rothwell Figg,1,1,3143,LeadCounsel; Management,new_extracted,high
A2550,Jennifer Maisel,,,,1,Rothwell Figg,1,1,3143,LeadCounsel; Management,new_extracted,high
A2551,Matthew Topic,,,,1,Loevy and Loevy,1,1,3143,LeadCounsel; Management,new_extracted,high
A2552,Lance Koonce,,,,1,Klaris Law,1,1,3143,LeadCounsel; Management,new_extracted,high
A2553,James P. Frantz,,,,1,"Frantz Law Group, APLC",1,1,3149,LeadCounsel,new_extracted,high
A2554,Peter Mello,,,,1,"MURPHY, HESSE, TOOMEY & LEHANE LLP",1,1,3149,Management,new_extracted,high
A2555,Felicia Vasudevan,,,,1,"MURPHY, HESSE, TOOMEY & LEHANE LLP",1,1,3149,Management,new_extracted,high
A2556,Daniel Shinoff,,,,1,ARTIANO SHINOFF,1,1,3149,Management,new_extracted,high
A2557,Gil Abed,,,,1,ARTIANO SHINOFF,1,1,3149,Management,new_extracted,high
A2558,Jessica Glitz,,,,1,,1,1,3140,Discovery,new_extracted,high
A2559,Jeremy Branning,,,,1,Clark Partington,1,1,3140,Communications,new_extracted,high
A2560,Marc D. Powers,,,,1,Baker & Hostetler LLP,1,1,1570,LeadCounsel,old_extracted,high
A2561,Blake M. Harper,,,,1,Hulett Harper & Stewart,1,1,1566,Communications; LeadCounsel,old_extracted,high
A2562,Chris A. Hollinger,,,,1,OMelveny & Myers LLP,1,1,1700,Communications,old_extracted,high
A2563,Samuel D. Heins,,,,1,"HEINS MILLS & OLSON, P.L.C.",1,1,1431,Management,old_extracted,high
A2564,Walter Dumas,,,,1,DUMAS & ASSOCIATES,1,1,1431,Management,old_extracted,high
A2565,Don Hildre,,,,1,"DOUGHERTY, HILDRE, DUDEK & HAKLAR",1,1,1431,Management,old_extracted,high
A2566,Will Kemp,,,,1,"HARRISON, KEMP & JONES",1,1,1431,Management,old_extracted,high
A2567,Kenneth B. Moll,,,,1,"KENNETH B. MOLL & ASSOCIATES, LTD.",1,1,1431,Management,old_extracted,high
A2568,Dale Larson,,,,1,LARSONKING,1,1,1431,Communications,old_extracted,high
A2569,Peter W. Sipkins,,,,1,DORSEY & WHITNEY,1,1,1431,Communications; LocalCounsel,old_extracted,high
A2570,Susan A. Weber,,,,1,SIDLEY AUSTIN BROWN & WOOD,1,1,1431,Communications,old_extracted,high
A2571,Robert A. Limbacher,,,,1,DECHERT,1,1,1431,Communications; LeadCounsel,old_extracted,high
A2572,Hope S. Freiwald,,,,1,DECHERT,1,1,1431,Communications; LeadCounsel,old_extracted,high
A2573,Shannon Medley,,,,1,Medley & Sill,1,1,1871,Management,old_extracted,high
A2574,James M. Shaughnessy,,,,1,Milberg LLP,1,1,1871,Management,old_extracted,high
A2575,John Hamilton,,,,1,HAMILTON LAW FIRM,1,1,1700,Communications,old_extracted,high
A2576,Jerald R. Cureton,,,,1,"CURETON CAPLAN, P.C.",1,1,1700,Management,old_extracted,high
A2577,Jordan M. Lewis,,,,1,"SIEGEL, BRILL, GREUPNER, DUFFY & FOSTER, P.A.",1,1,1700,Management,old_extracted,high
A2578,Thomas J. Brunner,,,,1,Baker & Daniels LLP,1,1,1700,Communications,old_extracted,high
A2579,Sean P. Carter,,,,1,Cozen O'Connor,1,1,1570,Management,old_extracted,high
A2580,J. Scott Tarbutton,,,,1,Cozen O'Connor,1,1,1570,Communications; Management,old_extracted,high
A2581,Michael Elsner,,,,1,Motley Rice LLC,1,1,1570,Management,old_extracted,high
A2582,Jodi Flowers,,,,1,Motley Rice LLC,1,1,1570,Management,old_extracted,high
A2583,Bob Haefele,,,,1,Motley Rice LLC,1,1,1570,Management,old_extracted,high
A2584,Harry Huge,,,,1,,1,1,1570,Management,old_extracted,high
A2585,Allan Gerson,,,,1,,1,1,1570,Management,old_extracted,high
A2586,Jack Cordray,,,,1,,1,1,1570,Management,old_extracted,high
A2587,"Frank Granito, III",,,,1,Speiser Krause Nolan & Granito,1,1,1570,Management,old_extracted,high
A2588,Richard Hailey,,,,1,Ramey & Hailey,1,1,1570,Management,old_extracted,high
A2589,J.D. Lee,,,,1,"Lee, Lee & Lee",1,1,1570,Management,old_extracted,high
A2590,Joshua M. Ambush,,,,1,,1,1,1570,Management,old_extracted,high
A2591,Stephen A. Cozen,,,,1,Cozen O'Connor,1,1,1570,Management,old_extracted,high
A2592,Mark T. Mullen,,,,1,Cozen O'Connor,1,1,1570,Management,old_extracted,high
A2593,Philip Pfaffly,,,,1,Chestnut & Cambronne,1,1,1836,Trial,old_extracted,high
A2594,Arthur Sherman,,,,1,"Sherman & Salkow, P.C.",1,1,1836,Trial,old_extracted,high
A2595,Peter J. Goss,,,,1,Faegre & Benson,1,1,1836,Communications,old_extracted,high
A2596,James E. Gray,,,,1,Venable LLP,1,1,1836,LeadCounsel,old_extracted,high
A2597,Steven J. Routh,,,,1,,1,1,1880,Communications,old_extracted,high
A2598,Stuart L. Cohen,,,,1,"Cohn Placitella & Roth, P.C.",1,1,1916,LeadCounsel,old_extracted,high
A2599,Arthur C. Leahy,,,,1,Coughlin Stoia Geller Rudman & Robbins LLP,1,1,1916,LeadCounsel,old_extracted,high
A2600,"John T. Kirtley, III",,,,1,,1,1,1964,Management,old_extracted,high
A2601,Gregory McEwen,,,,1,,1,1,1964,Management,old_extracted,high
A2602,Mark A. Tate,,,,1,,1,1,1964,Management,old_extracted,high
A2603,Andrew J. DArcy,,,,1,,1,1,1964,Management,old_extracted,high
A2604,Robin Sumner,,,,1,Pepper Hamilton LLP,1,1,2002,Communications,old_extracted,high
A2605,David R. Scott,,,,1,,1,1,2020,ClassCounsel,old_extracted,high
A2606,H. Tim Hoffman,,,,1,,1,1,2020,ClassCounsel,old_extracted,high
A2607,Robert V. Fitzsimmons,,,,1,Kirk & Caldwell,1,1,2047,LeadCounsel,old_extracted,high
A2608,Joe Cyr,,,,1,Hogan Lovells US LLP,1,1,2047,LeadCounsel; Management,old_extracted,high
A2609,Barry R. Davidson,,,,1,"Hunton & Williams, LLP",1,1,2036,Communications,old_extracted,high
A2610,Harry Rosenberg,,,,1,,1,1,2047,Communications,old_extracted,high
A2611,Michael J. Ryan,,,,1,,1,1,2047,Fees,old_extracted,high
A2612,Stephen Berry,,,,1,McKenna Long & Aldridge LLP,1,1,2047,Management,old_extracted,high
A2613,Randy Evans,,,,1,McKenna Long & Aldridge LLP,1,1,2047,Management,old_extracted,high
A2614,"John T. ""Jack"" Culotta",,,,1,"Hailey McNamara Hall Larmann & Papale, L.L.P.",1,1,2047,Management,old_extracted,high
A2615,"Rodrigo ""Diego"" Garcia, Jr.",,,,1,"Thompson Coe Cousins & Irons, LLP",1,1,2047,Management,old_extracted,high
A2616,Stephen Marcellino,,,,1,Wilson Elser Moskowitz Edelman & Dicker LLP,1,1,2047,Management,old_extracted,high
A2617,Richard S. Oelsnar,,,,1,Wilson Elser Moskowitz Edelman & Dicker LLP,1,1,2047,Management,old_extracted,high
A2618,Jerry L. Saporito,,,,1,Leake & Andersson,1,1,2047,Management,old_extracted,high
A2619,Amanda Vonderhaar,,,,1,Leake & Andersson,1,1,2047,Management,old_extracted,high
A2620,Jeremy Alters,,,,1,"Alters, Boldt, Brown, Rash & Culmo",1,1,2047,Coordination,old_extracted,high
A2621,Jan Douglas Atlas,,,,1,"Adorno & Yoss, LLP",1,1,2047,Coordination,old_extracted,high
A2622,Jeffrey Backman,,,,1,"Adorno & Yoss, LLP",1,1,2047,Coordination,old_extracted,high
A2623,Donald J. Hayden,,,,1,"Baker & McKenzie, LLP",1,1,2047,Coordination,old_extracted,high
A2624,Hilarie Bass,,,,1,Greenberg Traurig,1,1,2047,Coordination,old_extracted,high
A2625,Adam Linkhorst,,,,1,Linkhorst & Hockin P.A.,1,1,2047,ClassCounsel,old_extracted,high
A2626,John Joseph Tanner,,,,1,Baker & Daniels LLP,1,1,2158,Communications,old_extracted,high
A2627,Andrew Campbell,,,,1,Baker & Daniels LLP,1,1,2158,Communications,old_extracted,high
A2628,John Schlafer,,,,1,Baker & Daniels LLP,1,1,2158,Communications,old_extracted,high
A2629,Edward Fanning,,,,1,McCarter & English LLP,1,1,2158,Communications,old_extracted,high
A2630,Zane Riester,,,,1,McCarter & English LLP,1,1,2158,Communications,old_extracted,high
A2631,Scott D. Devereaux,,,,1,"Cooley, LLP",1,1,2153,Management,old_extracted,high
A2632,Jonathan H. Waller,,,,1,"Haskell, Slaughter, Young & Rediker, LLC",1,1,2153,Management,old_extracted,high
A2633,Matthew J. Geragos,,,,1,Geragos Law Group,1,1,2153,Management,old_extracted,high
A2634,James D. Buddy Caldwell,,,,1,,1,1,2179,Coordination,old_extracted,high
A2635,R. Michael Underhill,,,,1,Department of Justice,1,1,2179,Coordination,old_extracted,high
A2636,Luther Strange,,,,1,,1,1,2179,Coordination,old_extracted,high
A2637,Stephen A. Swedlow,,,,1,KOREIN TILLERY,1,1,2067,ClassCounsel,old_extracted,high
A2638,J. Andrew Langan,,,,1,,1,1,2179,Communications; Management,old_extracted,high
A2639,David J. Beck,,,,1,,1,1,2179,Communications; Management,old_extracted,high
A2640,Donald E. Godwin,,,,1,,1,1,2179,Communications; Management,old_extracted,high
A2641,Alan M. Weigel,,,,1,,1,1,2179,Management,old_extracted,high
A2642,Michael J. Lyle,,,,1,,1,1,2179,Communications; Management,old_extracted,high
A2643,Daniel O. Goforth,,,,1,,1,1,2179,Management,old_extracted,high
A2644,Don Jackson,,,,1,,1,1,2179,Management,old_extracted,high
A2645,Ky E. Kirby,,,,1,,1,1,2179,Communications; Management,old_extracted,high
A2646,Deborah D. Kuchler,,,,1,,1,1,2179,Communications; Management,old_extracted,high
A2647,Glenn G. Goodier,,,,1,,1,1,2179,Management,old_extracted,high
A2648,Mary Rose Alexander,,,,1,,1,1,2179,Management,old_extracted,high
A2649,Frances E. Bivens,,,,1,,1,1,2179,Management,old_extracted,high
A2650,Hugh E. Tanner,,,,1,,1,1,2179,Management,old_extracted,high
A2651,Daniel Small,,,,1,"Cohen Milstein Sellers & Toll, PLLC",1,1,2184,ClassCounsel; LeadCounsel,old_extracted,high
A2652,Melissa Foster Bird,,,,1,"Nelson Mullins Riley & Scarborough, LLP",1,1,2187,Communications,old_extracted,high
A2653,"Richard B. North, Jr.",,,,1,Nelson Mullins Riley & Scarborough LLP,1,1,2187,LeadCounsel,old_extracted,high
A2654,"Don R. Sensabaugh, Jr.",,,,1,Flaherty Sensabaugh & Bonasso,1,1,2187,LeadCounsel,old_extracted,high
A2655,Glenn S. Kerner,,,,1,Goodwin Procter,1,1,2243,Communications,old_extracted,high
A2656,George E. McDavid,,,,1,Reed Smith,1,1,2243,Communications,old_extracted,high
A2657,Christopher W. Hellmich,,,,1,Patton Boggs LLP,1,1,2221,ClassCounsel; LeadCounsel,old_extracted,high
A2658,Wesley Chadwick Cook,,,,1,"Beasley, Allen, Crow, Methvin, Portis & Miles, P.C.",1,1,2243,Management,old_extracted,high
A2659,David J. Dickens,,,,1,The Miller Firm LLC,1,1,2243,Management,old_extracted,high
A2660,Vince Galvin,,,,1,,1,1,2151,Communications; Coordination; LeadCounsel,old_extracted,high
A2661,Joel Smith,,,,1,,1,1,2151,Communications; LeadCounsel,old_extracted,high
A2662,Cari K. Dawson,,,,1,,1,1,2151,LeadCounsel,old_extracted,high
A2663,Lisa Gilford,,,,1,,1,1,2151,Coordination; LeadCounsel,old_extracted,high
A2664,Peter J. Polos,,,,1,"Panish, Shea & Boyle",1,1,2197,Management,old_extracted,high
A2665,Amy Solomon,,,,1,"Girardi, Keese",1,1,2197,Coordination,old_extracted,high
A2666,Steven Baron,,,,1,Baron & Budd,1,1,2197,Expert,old_extracted,high
A2667,Philip Bohrer,,,,1,Bohrer Law Firm,1,1,2197,Discovery,old_extracted,high
A2668,"Hezekiah Sistrunk, Jr.",,,,1,Cochran Law Firm,1,1,2197,Discovery,old_extracted,high
A2669,Kristen Mayer,,,,1,Tucker Ellis & West LLP,1,1,2197,Communications,old_extracted,high
A2670,Lee Balefsky,,,,1,KLINE & SPECTER,1,1,2187,Management,old_extracted,high
A2671,Lisa Blue,,,,1,,1,1,2187,Management,old_extracted,high
A2672,Todd Harvey,,,,1,"Burke Harvey & Frankowski, LLC",1,1,2187,Management,old_extracted,high
A2673,Robert Price,,,,1,LEVIN PAPANTONIO THOMAS MITCHELL RAFFERTY & PROCTOR,1,1,2187,Management,old_extracted,high
A2674,Josh B. Wages,,,,1,BLASINGAME BURCH GARRARD & ASHLEY,1,1,2187,Management,old_extracted,high
A2675,Kim Wilson,,,,1,LEWIS & ROBERTS,1,1,2187,Management,old_extracted,high
A2676,Dana B. Taschner,,,,1,Law Offices of Dana B. Taschner,1,1,2244,Management,old_extracted,high
A2677,David P. Schafer,,,,1,,1,1,2286,Communications,old_extracted,high
A2678,Joseph Darrell Palmer,,,,1,,1,1,2286,Communications,old_extracted,high
A2679,Adam Salvas,,,,1,SEEGER o SALVAS LLP,1,1,2244,Motions,old_extracted,high
A2680,Joseph D. Frank,,,,1,FrankGecker LLP,1,1,2296,Management,old_extracted,high
A2681,Reed Heiligman,,,,1,FrankGecker LLP,1,1,2296,Management,old_extracted,high
A2682,Robert C. Heim,,,,1,,1,1,2323,Communications,old_extracted,high
A2683,Chris Miltenberger,,,,1,,1,1,2295,Communications; LeadCounsel,old_extracted,high
A2684,Patric Lester,,,,1,,1,1,2295,Communications; LeadCounsel,old_extracted,high
A2685,Bradford R. Sohn,,,,1,"The Brad Sohn Law Firm, PLLC",1,1,2323,LeadCounsel,old_extracted,high
A2686,Robert Gordon,,,,1,Weitz and Luxenberg,1,1,2272,Management,old_extracted,high
A2687,"Joseph H. Yeager, Jr.",,,,1,"Baker Daniels, LLP",1,1,2272,LeadCounsel,old_extracted,high
A2688,Kurt Stitcher,,,,1,"Baker & Daniels, LLP",1,1,2272,Communications,old_extracted,high
A2689,Michael A. Tanenbaum,,,,1,Tanenbaum Keale LLP,1,1,2326,LeadCounsel,old_extracted,high
A2690,Gerard V. Mantese,,,,1,"Mantese Honigman Rossman and Williamson, P.C.",1,1,2311,Communications,old_extracted,high
A2691,David E. Bower,,,,1,Monteverde & Associates P.C.,1,1,2286,ClassCounsel,old_extracted,high
A2692,John D. Blythin,,,,1,"Ademi & OReilly, LLP",1,1,2286,ClassCounsel,old_extracted,high
A2693,Larry E. Coben,,,,1,Anapol Schwartz,1,1,2323,Management,old_extracted,high
A2694,Graham B. LippSmith,,,,1,Girardi Keese,1,1,2323,Management,old_extracted,high
A2695,Gene Locks,,,,1,Locks Law Firm,1,1,2323,Management,old_extracted,high
A2696,David Langfitt,,,,1,Locks Law Firm,1,1,2323,Management,old_extracted,high
A2697,David A. Rosen,,,,1,,1,1,2323,Management,old_extracted,high
A2698,Dana B. Klinges,,,,1,,1,1,2323,Communications,old_extracted,high
A2699,Thomas P. Wagner,,,,1,,1,1,2323,Communications,old_extracted,high
A2700,Barbara R. Binis,,,,1,Reed Smith LLP,1,1,2325,LeadCounsel,old_extracted,high
A2701,Theodore Laszlo,,,,1,Laszlo Law,1,1,2331,Management,old_extracted,high
A2702,David Kuttles,,,,1,The Lanier Law Firm,1,1,2331,Management,old_extracted,high
A2703,J. Steve Mostyn,,,,1,Mostyn Law,1,1,2387,LeadCounsel,old_extracted,high
A2704,Thomas L. Craig,,,,1,"Bailes, Craig & Yon, PLLC",1,1,2387,Communications,old_extracted,high
A2705,Michael L. Murphy,,,,1,,1,1,2406,Discovery,old_extracted,high
A2706,Dino Gankendorff,,,,1,,1,1,2406,Trial,old_extracted,high
A2707,Lewis Gillis,,,,1,,1,1,2406,Trial,old_extracted,high
A2708,Ben Sweet,,,,1,,1,1,2406,Trial,old_extracted,high
A2709,Brent Hazzard,,,,1,,1,1,2406,Trial,old_extracted,high
A2710,Douglas Dellaccio,,,,1,,1,1,2406,Trial,old_extracted,high
A2711,John Saxon,,,,1,,1,1,2406,Trial,old_extracted,high
A2712,Hamish Hume,,,,1,,1,1,2406,Discovery,old_extracted,high
A2713,David Wilkerson,,,,1,,1,1,2406,Discovery,old_extracted,high
A2714,Arthur Bailey,,,,1,,1,1,2406,Discovery,old_extracted,high
A2715,Patrick Cafferty,,,,1,,1,1,2406,Discovery,old_extracted,high
A2716,Carl Kravitz,,,,1,,1,1,2406,Expert,old_extracted,high
A2717,Karen Dyer,,,,1,,1,1,2406,Expert,old_extracted,high
A2718,David Guin,,,,1,,1,1,2406,Motions,old_extracted,high
A2719,Kathleen Kiernan,,,,1,,1,1,2406,Motions,old_extracted,high
A2720,Larry McDevitt,,,,1,,1,1,2406,ClassCounsel,old_extracted,high
A2721,Charles Caliendo,,,,1,,1,1,2406,ClassCounsel,old_extracted,high
A2722,James M. Terrell,,,,1,,1,1,2406,ClassCounsel,old_extracted,high
A2723,Tammy Stokes,,,,1,,1,1,2406,,old_extracted,high
A2724,Eric Belin,,,,1,,1,1,2406,,old_extracted,high
A2725,Chris Cowan,,,,1,,1,1,2406,,old_extracted,high
A2726,Trish Murphy,,,,1,,1,1,2406,Coordination,old_extracted,high
A2727,Jim Warren,,,,1,,1,1,2406,Coordination,old_extracted,high
A2728,"Herman ""Buck"" Watson",,,,1,,1,1,2406,Coordination,old_extracted,high
A2729,Augusta Dowd,,,,1,,1,1,2406,Trial,old_extracted,high
A2730,Joey James,,,,1,,1,1,2406,Trial,old_extracted,high
A2731,Robert Rodin,,,,1,,1,1,2406,Trial,old_extracted,high
A2732,Allen Schreiber,,,,1,,1,1,2406,Trial,old_extracted,high
A2733,Mark White,,,,1,,1,1,2406,Trial,old_extracted,high
A2734,Nick Roth,,,,1,,1,1,2406,Discovery,old_extracted,high
A2735,Brian Clark,,,,1,,1,1,2406,Discovery,old_extracted,high
A2736,Christy Crow,,,,1,,1,1,2406,Discovery,old_extracted,high
A2737,Troy Doles,,,,1,,1,1,2406,Discovery,old_extracted,high
A2738,Linda Flippo,,,,1,,1,1,2406,Discovery,old_extracted,high
A2739,Richard Frankowsi,,,,1,,1,1,2406,Discovery,old_extracted,high
A2740,Michael Gurley,,,,1,,1,1,2406,Discovery,old_extracted,high
A2741,Javier A. Lopez,,,,1,,1,1,2406,Discovery,old_extracted,high
A2742,Myron Penn,,,,1,,1,1,2406,Discovery,old_extracted,high
A2743,Julia Roth,,,,1,,1,1,2406,Discovery,old_extracted,high
A2744,David Balto,,,,1,,1,1,2406,Expert,old_extracted,high
A2745,Mike Dodge,,,,1,,1,1,2406,Expert,old_extracted,high
A2746,Lynn Jinks,,,,1,,1,1,2406,Expert,old_extracted,high
A2747,Van Bunch,,,,1,,1,1,2406,ClassCounsel,old_extracted,high
A2748,Steve Hanson,,,,1,,1,1,2406,ClassCounsel,old_extracted,high
A2749,Harley Tropin,,,,1,,1,1,2406,,old_extracted,high
A2750,Richard A. Feinstein,,,,1,,1,1,2406,Expert,old_extracted,high
A2751,Tayjes Shah,,,,1,The Miller Law Firm,1,1,2391,Management,old_extracted,high
A2752,Karin DeMasi,,,,1,,1,1,2406,Settlement,old_extracted,high
A2753,Scott Nehs,,,,1,,1,1,2406,Settlement,old_extracted,high
A2754,David Benck,,,,1,,1,1,2406,Settlement,old_extracted,high
A2755,Edgar Gentle,,,,1,,1,1,2406,Settlement,old_extracted,high
A2756,Lana K. Varney,,,,1,Fulbright & Jaworski LLP,1,1,2387,LeadCounsel,old_extracted,high
A2757,Ronn B. Kreps,,,,1,Fulbright & Jaworski LLP,1,1,2387,LeadCounsel,old_extracted,high
A2758,Dustin B. Rawlin,,,,1,Tucker Ellis LLP,1,1,2387,LeadCounsel,old_extracted,high
A2759,Marc E. Lipton,,,,1,LIPTON LAW,1,1,2419,Management,old_extracted,high
A2760,Patrick T. Fennell,,,,1,CRANDALL & KATT,1,1,2419,Management,old_extracted,high
A2761,Lawrence Papale,,,,1,Law Office of Lawrence G. Papale,1,1,2332,Management,old_extracted,high
A2762,Dougless A. Kreis,,,,1,"Aylstock, Witkin, Kreis & Overholtz",1,1,2391,Management,old_extracted,high
A2763,Jeffrey Gittleman,,,,1,"Barrack, Rodos & Bacine",1,1,2420,Management,old_extracted,high
A2764,Douglas A. Millen,,,,1,Freed Kanner London & Millen LLC,1,1,2420,Management,old_extracted,high
A2765,Daniel D. Owen,,,,1,Polsinelli PC,1,1,2420,Management,old_extracted,high
A2766,Tina Glandian,,,,1,Geragos & Geragos,1,1,2434,Management,old_extracted,high
A2767,William Jordan,,,,1,Law Offices of William Jordan,1,1,2391,Management,old_extracted,high
A2768,Altom Maglio,,,,1,Maglio Christopher & Toale PA,1,1,2391,Management,old_extracted,high
A2769,Amber Pang Parra,,,,1,Justinian PLLC,1,1,2391,Management,old_extracted,high
A2770,David Abernethy,,,,1,"DRINKER BIDDLE & REATH, LLP",1,1,2436,Communications,old_extracted,high
A2771,Alyson B. Jones,,,,1,"BUTLER, SNOW, O'MARA, STEVENS & CANNADA, PLLC",1,1,2436,Communications,old_extracted,high
A2772,"Joseph J. Tabacco, Jr.",,,,1,BERMAN DEVALERIO,1,1,2420,ClassCounsel; LeadCounsel,old_extracted,high
A2773,Judith A. Zahid,,,,1,ZELLE HOFMANN VOELBEL & MASON LLP,1,1,2420,ClassCounsel; Communications,old_extracted,high
A2774,David M. Zensky,,,,1,Akin Gump Strauss Hauer & Feld LLP,1,1,2296,Management,old_extracted,high
A2775,Mitchell Hurley,,,,1,Akin Gump Strauss Hauer & Feld LLP,1,1,2296,Management,old_extracted,high
A2776,Robert J. Lack,,,,1,Friedman Kaplan Seiler & Adelman LLP,1,1,2296,Management,old_extracted,high
A2777,Jay Teitelbaum,,,,1,"Teitelbaum & Baskin, LLP",1,1,2296,Management,old_extracted,high
A2778,David C. Bohan,,,,1,Katten Muchin Rosenman LLP,1,1,2296,Management,old_extracted,high
A2779,Joel A. Feuer,,,,1,"Gibson, Dunn & Crutcher LLP",1,1,2296,Management,old_extracted,high
A2780,P. Sabin Willett,,,,1,Bingham McCutchen LLP,1,1,2296,Management,old_extracted,high
A2781,Michael C. D'Agostino,,,,1,Bingham McCutchen LLP,1,1,2296,Management,old_extracted,high
A2782,Phil Anker,,,,1,Wilmer Cutler Pickering Hale and Dorr LLP,1,1,2296,Management,old_extracted,high
A2783,Gregg M. Mashberg,,,,1,Proskauer Rose LLP,1,1,2296,Management,old_extracted,high
A2784,Stephen L. Ratner,,,,1,Proskauer Rose LLP,1,1,2296,Management,old_extracted,high
A2785,Daniel L. Cantor,,,,1,O'Melveny & Myers LLP,1,1,2296,Management,old_extracted,high
A2786,Elliot Moskowitz,,,,1,Davis Polk & Wardwell LLP,1,1,2296,Management,old_extracted,high
A2787,Matthew L. Fomshell,,,,1,Ice Miller LLP,1,1,2296,Management,old_extracted,high
A2788,D. Ross Martin,,,,1,Ropes & Gray LLP,1,1,2296,Management,old_extracted,high
A2789,Andrew Entwistle,,,,1,Entwistle & Cappucci LLP,1,1,2296,Management,old_extracted,high
A2790,David N. Dunn,,,,1,"Potter Stewart. Jr. Law Offices, P.C.",1,1,2296,Management,old_extracted,high
A2791,Mark A. Neubauer,,,,1,Steptoe & Johnson LLP,1,1,2296,Management,old_extracted,high
A2792,Michael S. Doluisio,,,,1,DechertLLP,1,1,2296,Management,old_extracted,high
A2793,Steven R. Schoenfeld,,,,1,Dorsey & Whitney LLP,1,1,2296,Management,old_extracted,high
A2794,Alan J. Stone,,,,1,"Milbank, Tweed, Hadley & McCoy LLP",1,1,2296,Management,old_extracted,high
A2795,Andrew M. LeBlanc,,,,1,"Milbank, Tweed, Hadley & McCoy LLP",1,1,2296,Management,old_extracted,high
A2796,Matthew R. Kipp,,,,1,"Skadden, Arps, Slate, Meagher & Flom LLP",1,1,2296,Management,old_extracted,high
A2797,John R. McCambridge,,,,1,Grippo & Elden LLC,1,1,2296,Management,old_extracted,high
A2798,Michael Docktennan,,,,1,Edwards Wildman Palmer LLP,1,1,2296,Management,old_extracted,high
A2799,Richard A. Saldinger,,,,1,Shaw Gussis Fishman Glantz Wolfson & TowbinLLC,1,1,2296,Management,old_extracted,high
A2800,Steven C. Florsheim,,,,1,"Sperling & Slater, P.C.",1,1,2296,Management,old_extracted,high
A2801,Sheldon L. Solow,,,,1,Kaye Scholer LLP,1,1,2296,Management,old_extracted,high
A2802,Blake T. Hannafan,,,,1,"Hannafan & Hannafan, Ltd.",1,1,2296,Management,old_extracted,high
A2803,David J. Bradford,,,,1,Jenner & Block LLP,1,1,2296,Management,old_extracted,high
A2804,David Neier,,,,1,Winston & Strawn LLP,1,1,2296,Management,old_extracted,high
A2805,Stephen V. D'Amore,,,,1,Winston & Strawn LLP,1,1,2296,Management,old_extracted,high
A2806,Jonathan D. Polkes,,,,1,"Weil, Gotshal & Manges LLP",1,1,2296,Management,old_extracted,high
A2807,Roger H. Stetson,,,,1,Barack Ferrazanno Kirschbaum & Nagelberg LLP,1,1,2296,Management,old_extracted,high
A2808,Andrew G. Gordon,,,,1,"Paul, Weiss, Rifkind, Wharton & Garrison LLP",1,1,2296,Management,old_extracted,high
A2809,Seamus C. Duffy,,,,1,Drinker Biddle & Reath LLP,1,1,2296,Management,old_extracted,high
A2810,David Zott,,,,1,,1,1,2406,LeadCounsel,old_extracted,high
A2811,Daniel Laytin,,,,1,,1,1,2406,LeadCounsel,old_extracted,high
A2812,Emily Yinger,,,,1,,1,1,2406,LeadCounsel,old_extracted,high
A2813,Mark Hogewood,,,,1,,1,1,2406,LocalCounsel,old_extracted,high
A2814,R. Edison Hill,,,,1,"Hill, Peterson, Carper, Bee & Deitzler, P.L.L.C.",1,1,2433,Management,old_extracted,high
A2815,Gregory H. Collins,,,,1,Davis & Young,1,1,2433,Management,old_extracted,high
A2816,Steve Faries,,,,1,Matthews & Associates,1,1,2434,Management,old_extracted,high
A2817,James F. Green,,,,1,"ASHCRAFT & GEREL, LLP",1,1,2436,Management,old_extracted,high
A2818,Gil Gainer,,,,1,TOLIVER & GAINER,1,1,2436,Management,old_extracted,high
A2819,Jesse Bernheim,,,,1,"Kelly, Bernheim & Dolinsky, LLC",1,1,2441,Coordination,old_extracted,high
A2820,Don McKenna,,,,1,"Hare, Wynn, Newell and Newton, LLP",1,1,2441,Management,old_extracted,high
A2821,Timothy Griffin,,,,1,"Leonard, Street and Deinard, PA",1,1,2441,Communications,old_extracted,high
A2822,Ralph Campillo,,,,1,Segwick LLP,1,1,2441,LeadCounsel,old_extracted,high
A2823,Karen Woodward,,,,1,Segwick LLP,1,1,2441,LeadCounsel,old_extracted,high
A2824,Ryan L. Thompson,,,,1,WATTS GUERRA LLP,1,1,2452,LeadCounsel; Management,old_extracted,high
A2825,Michael S. Berg,,,,1,Law Offices of Michael S. Berg,1,1,2452,Communications,old_extracted,high
A2826,Paul D. Stevens,,,,1,"MILSTEIN ADELMAN, LLP",1,1,2452,Management,old_extracted,high
A2827,"James R. ""Tripp"" Segars, III",,,,1,"DIAZ LAW FIRM, PLLC",1,1,2452,Management,old_extracted,high
A2828,Keith Altman,,,,1,THE LAW OFFICE OF KEITH ALTMAN,1,1,2452,Management,old_extracted,high
A2829,Jacob W. Plattenberger,,,,1,"TOR HOERMAN LAW, LLC",1,1,2452,Management,old_extracted,high
A2830,Robert A. Mosier,,,,1,PHILLIPS GROSSMAN PLLC,1,1,2452,Management,old_extracted,high
A2831,Michael S. Love,,,,1,"Ridenour, Hienton & Lewis",1,1,2452,Management,old_extracted,high
A2832,Ellen T. Noteware,,,,1,BERGER MONTAGUE PC,1,1,2472,ClassCounsel; LeadCounsel,old_extracted,high
A2833,Jennifer Rust Murray,,,,1,TERRELL| MARSHALL LAW GROUP PLLC,1,1,2493,ClassCounsel,old_extracted,high
A2834,Edward A. Broderick,,,,1,"BRODERICK & PARONICH, P.C.",1,1,2493,ClassCounsel,old_extracted,high
A2835,Anthony I. Paronich,,,,1,"BRODERICK & PARONICH, P.C.",1,1,2493,ClassCounsel,old_extracted,high
A2836,Matthew P. McCue,,,,1,THE LAW OFFICE OF MATTHEW P. MCCUE,1,1,2493,ClassCounsel,old_extracted,high
A2837,Carl Case Beckwith,,,,1,"CARL BECKWITH, ESQ., PC",1,1,2472,Management,old_extracted,high
A2838,William J. Doyle,,,,1,DOYLE LOWTHER LLP,1,1,2472,Management,old_extracted,high
A2839,Richard D. Trenk,,,,1,"TRENK, DIPASQUALE, DELLA FERA & SODONO, P.C.",1,1,2472,Management,old_extracted,high
A2840,Kevin D. McDonald,,,,1,JONES DAY,1,1,2445,Communications,old_extracted,high
A2841,Thomas Demitrack,,,,1,JONES DAY,1,1,2445,Communications,old_extracted,high
A2842,Joseph T. Lukens,,,,1,FARUQI & FARUQI LLP,1,1,2445,LeadCounsel,old_extracted,high
A2843,Jeffrey A. Holmstrand,,,,1,,1,1,2493,Communications; LeadCounsel,old_extracted,high
A2844,Meryl C. Maneker,,,,1,,1,1,2493,LeadCounsel,old_extracted,high
A2845,Noah Silverman,,,,1,GARWIN GERSTEIN & FISHER LLP,1,1,2516,LeadCounsel,old_extracted,high
A2846,Daniel C. Simons,,,,1,"BERGER & MONTAGUE, P.C.",1,1,2516,Management,old_extracted,high
A2847,Nick Urban,,,,1,"BERGER & MONTAGUE, P.C.",1,1,2516,Management,old_extracted,high
A2848,Edward Notargiacomo,,,,1,HAGENS BERMAN SOBOL SHAPIRO LLP,1,1,2516,Management,old_extracted,high
A2849,Naumon A. Amjed,,,,1,Kessler Topaz Meltzer & Check LLP,1,1,2522,Management,old_extracted,high
A2850,Stan P. Baudin,,,,1,"Pendley, Baudin & Coffin, LLP",1,1,2495,Management,old_extracted,high
A2851,Everett L. Doffermyre,,,,1,"Doffermyre Shields Canfield & Knowles, LLC",1,1,2495,Management,old_extracted,high
A2852,Joel G. Pieper,,,,1,"Womble Carlyle Sandridge & Rice, LLP",1,1,2495,LeadCounsel,old_extracted,high
A2853,"Henry B. Smythe, Jr.",,,,1,"Womble Carlyle Sandridge & Rice, LLP",1,1,2495,LeadCounsel,old_extracted,high
A2854,David Mitchell,,,,1,Robbins Geller Rudman & Dowd LLP,1,1,2516,Management,old_extracted,high
A2855,William H. Narwold,,,,1,Motley Rice LLC,1,1,2516,Communications,old_extracted,high
A2856,Patrick C. Lynch,,,,1,LYNCH & PINE,1,1,2472,Communications,old_extracted,high
A2857,Jeffrey B. Pine,,,,1,LYNCH & PINE,1,1,2472,Communications,old_extracted,high
A2858,Neill W. Clark,,,,1,FARUQI & FARUQI LLP,1,1,2472,LeadCounsel,old_extracted,high
A2859,Michael J. Kane,,,,1,BERGER & MONTAGUE P.C.,1,1,2472,LeadCounsel,old_extracted,high
A2860,Andrew C. Curley,,,,1,"Berger & Montague, P.C.",1,1,2516,Management,old_extracted,high
A2861,Brian P. Daniels,,,,1,"Brenner, Saltzman & Wallman, LLP",1,1,2516,Communications,old_extracted,high
A2862,Jeffrey D. Bores,,,,1,CHESTNUT CAMBRONNE PA,1,1,2522,ClassCounsel,old_extracted,high
A2863,Stephen Ehrenberg,,,,1,Sullivan & Cromwell LLP,1,1,2548,Communications,old_extracted,high
A2864,Scott P. Glauberman,,,,1,Winston & Strawn LLP,1,1,2545,Communications; LeadCounsel,old_extracted,high
A2865,Nicole E. Wrigley,,,,1,Winston & Strawn LLP,1,1,2545,LeadCounsel,old_extracted,high
A2866,James D. Pagliaro,,,,1,"Morgan, Lewis & Bockius LLP",1,1,2545,LeadCounsel,old_extracted,high
A2867,Thomas J. Sullivan,,,,1,"Morgan, Lewis & Bockius LLP",1,1,2545,LeadCounsel,old_extracted,high
A2868,David E. Stanley,,,,1,Reed Smith LLP,1,1,2545,LeadCounsel,old_extracted,high
A2869,Janet H. Kwuon,,,,1,Reed Smith LLP,1,1,2545,LeadCounsel,old_extracted,high
A2870,Pamela J. Yates,,,,1,Kaye Scholer LLP,1,1,2545,LeadCounsel,old_extracted,high
A2871,Loren Brown,,,,1,DLA Piper LLP,1,1,2545,LeadCounsel,old_extracted,high
A2872,Michael F. Healy,,,,1,Sedgwick LLP,1,1,2545,LeadCounsel,old_extracted,high
A2873,Arthur J. Liederman,,,,1,Morrison Mahoney LLP,1,1,2545,LeadCounsel,old_extracted,high
A2874,Johanna M. Spellman,,,,1,Latham & Watkins LLP,1,1,2492,Communications,old_extracted,high
A2875,Mark L. Shurtleff,,,,1,,1,1,2557,Communications,old_extracted,high
A2876,Ronald Dardeno,,,,1,"Law Office of Frank L. Dardeno, LLP",1,1,2566,Management,old_extracted,high
A2877,William Baldiga,,,,1,Brown Rudnick,1,1,2566,Management,old_extracted,high
A2878,D. Michael Noonan,,,,1,Shaheen and Gordon,1,1,2566,Management,old_extracted,high
A2879,William L Coulthard,,,,1,"Kemp, Jones and Coulthard, LLP",1,1,2566,Management,old_extracted,high
A2880,Matthew Weinshall,,,,1,"Podhurst Orseck, P.A.",1,1,2543,ClassCounsel,old_extracted,high
A2881,John Tangren,,,,1,DiCello Levitt Gutzler,1,1,2543,ClassCounsel,old_extracted,high
A2882,Rick Lombardo,,,,1,"Shaffer Lombardo Shurin, P.C.",1,1,2567,Communications,old_extracted,high
A2883,"John Popilock, Esq.",,,,1,"Law Offices of Robert A. Stutman, P.C.",1,1,2575,Communications,old_extracted,high
A2884,Glen L. Abramson,,,,1,"Berger & Montague, P.C.",1,1,2575,ClassCounsel; LeadCounsel,old_extracted,high
A2885,Patrick Howard,,,,1,"Saltz, Mongeluzzi, Barrett & Bendesky",1,1,2575,ClassCounsel; LeadCounsel,old_extracted,high
A2886,Jason J. Joy,,,,1,"Jason J. Joy & Associates, PLLC",1,1,2570,Management,old_extracted,high
A2887,Christopher James (C.J.) Baker,,,,1,"Heard Law Firm, PLLC",1,1,2570,Management,old_extracted,high
A2888,Keith Fleischman,,,,1,"THE FLEISCHMAN LAW FIRM, PLLC",1,1,2555,Management,old_extracted,high
A2889,Pierce Gore,,,,1,,1,1,2555,Management,old_extracted,high
A2890,Mark L. Knutson,,,,1,,1,1,2555,Management,old_extracted,high
A2891,Reginald Von Terrell,,,,1,,1,1,2555,Management,old_extracted,high
A2892,Timothy Howard,,,,1,,1,1,2555,Management,old_extracted,high
A2893,Thomas Thrash,,,,1,,1,1,2555,Management,old_extracted,high
A2894,Dewitt Lovelace,,,,1,Lovelace Law Firm,1,1,2555,Management,old_extracted,high
A2895,Laurel G. Bellows,,,,1,The Bellows Law Group,1,1,2590,Communications,old_extracted,high
A2896,Lynn R Johnson,,,,1,,1,1,2591,ClassCounsel,old_extracted,high
A2897,Scott Owens,,,,1,"Scott D. Owens, P.A.",1,1,2586,Management,old_extracted,high
A2898,Charles N. Nauen,,,,1,Lockridge Grindal Nauen P.L.L.P.,1,1,2586,Communications,old_extracted,high
A2899,John D. Seiver,,,,1,Davis Wright Tremaine LLP,1,1,2586,LeadCounsel,old_extracted,high
A2900,Roberta B. Walburn,,,,1,Ciresi Conlin LLP,1,1,2586,Communications,old_extracted,high
A2901,David F. Graham,,,,1,Sidley Austin LLP,1,1,2591,Management,old_extracted,high
A2902,John Ursu,,,,1,Greene Espel PLLP,1,1,2591,Management,old_extracted,high
A2903,John S. Cooper,,,,1,LATHAM & WATKINS LLP,1,1,2587,Management,old_extracted,high
A2904,Paula Knippa,,,,1,Slack & Davis LLP,1,1,2595,Management,old_extracted,high
A2905,Philip L. Gregory,,,,1,"Cotchett, Pitre & McCarthy LLP",1,1,2624,LeadCounsel,old_extracted,high
A2906,Elizabeth A. Kramer,,,,1,Girard Gibbs LLP,1,1,2624,LeadCounsel,old_extracted,high
A2907,Shawn Reed,,,,1,,1,1,2627,LeadCounsel,old_extracted,high
A2908,Kevin Sullivan,,,,1,,1,1,2627,LeadCounsel,old_extracted,high
A2909,William Stem,,,,1,Morrison & Foerster LLP,1,1,2627,LeadCounsel,old_extracted,high
A2910,E. Adam Webb,,,,1,,1,1,2613,ClassCounsel,old_extracted,high
A2911,Andrea S. Hirsch,,,,1,"HERMAN GEREL, LLP",1,1,2642,Management,old_extracted,high
A2912,Thomas Sims,,,,1,"BARON & BUDD, P.C.",1,1,2642,Management,old_extracted,high
A2913,Tad Thomas,,,,1,"THOMAS LAW OFFICES, PLLC",1,1,2642,Management,old_extracted,high
A2914,Lauren A. Welling,,,,1,"SANDERS PHILLIPS GROSSMAN, LLC",1,1,2642,Management,old_extracted,high
A2915,Katie E. Griffin,,,,1,SILL LAW GROUP,1,1,2642,Management,old_extracted,high
A2916,Olga Viner,,,,1,HEARD ROBINS CLOUD LLP,1,1,2642,Management,old_extracted,high
A2917,David J. Wool,,,,1,"ANDRUS WAGSTAFF, P.C.",1,1,2642,Management,old_extracted,high
A2918,Christopher Nidel,,,,1,"NIDEL LAW, PLLC",1,1,2642,Management,old_extracted,high
A2919,Edward B. Mulligan V,,,,1,"Cohen & Malad, LLP",1,1,2657,Management,old_extracted,high
A2920,Benjamin Hulse,,,,1,Norton Rose Fulbright US LLP,1,1,2666,LeadCounsel,old_extracted,high
A2921,Mary Young,,,,1,Norton Rose Fulbright US LLP,1,1,2666,LeadCounsel,old_extracted,high
A2922,James Gotz,,,,1,Hausfeld LLP,1,1,2657,Communications,old_extracted,high
A2923,John A. DeVault III,,,,1,"Bedell, Ditmar, DeVault, Pillens & Cove, P.A.",1,1,2626,LocalCounsel,old_extracted,high
A2924,George Sampson,,,,1,Sampson Dunlap LLP,1,1,2626,Trial,old_extracted,high
A2925,Dennis Stewart,,,,1,Hulett Harper Stewart LLP,1,1,2626,Trial,old_extracted,high
A2926,Kate Jaycox,,,,1,"Robins Kaplan, LLP",1,1,2657,Management,old_extracted,high
A2927,Melissa Hague,,,,1,Anapol Weiss,1,1,2657,Management,old_extracted,high
A2928,Michael V. Ciresi,,,,1,Ciresi Conlin LLP,1,1,2666,LeadCounsel; Management,old_extracted,high
A2929,David W. Hodges,,,,1,"Kennedy Hodges, LLP",1,1,2666,Management,old_extracted,high
A2930,David Szerlag,,,,1,Pritzker Olsen,1,1,2666,Communications,old_extracted,high
A2931,Paula Bliss,,,,1,"Kelly, Bernheim & Dolinsky, LLC",1,1,2666,Management,old_extracted,high
A2932,Stuart Talley,,,,1,"Kershaw, Cutter & Ratinoff LLP",1,1,2666,Management,old_extracted,high
A2933,Jerry W. Blackwell,,,,1,BLACKWELL BURKE P.A.,1,1,2666,LeadCounsel,old_extracted,high
A2934,David H. Thompson,,,,1,"Cooper & Kirk, PLLC",1,1,2664,Management,old_extracted,high
A2935,Daniel Reilly,,,,1,Reilly Pozner LLP,1,1,2664,Communications,old_extracted,high
A2936,Paul G. Freeborne,,,,1,"U.S. Department of Justice, Civil Division, Federal Programs Branch",1,1,2664,Communications,old_extracted,high
A2937,Francis Joseph Warin,,,,1,"Gibson, Dunn & Crutcher LLP",1,1,2664,Communications,old_extracted,high
A2938,Richard E. Shevitz,,,,1,Cohen & Malad,1,1,2667,LeadCounsel,old_extracted,high
A2939,Vess A. Miller,,,,1,Cohen & Malad,1,1,2667,LeadCounsel,old_extracted,high
A2940,Richard P. Cassetta,,,,1,Bryan Cave LLP,1,1,2669,Communications,old_extracted,high
A2941,Robert A. Atkins,,,,1,"Paul, Weiss, Rifkind & Garrison, LLP",1,1,2669,LeadCounsel,old_extracted,high
A2942,Douglas P. Dowd,,,,1,"Dowd & Dowd, P.C.",1,1,2669,Communications,old_extracted,high
A2943,"John Arthur Eaves, Jr.",,,,1,the Eaves Law Firm,1,1,2669,Management,old_extracted,high
A2944,Julian A. Hammond,,,,1,Hammondlaw P.C.,1,1,2669,Management,old_extracted,high
A2945,James A. Harrod,,,,1,Bernstein Litowitz Berger & Grossmann LLP,1,1,2672,ClassCounsel; LeadCounsel,old_extracted,high
A2946,Kathy Love,,,,1,"McGinn, Montoya, Love & Curry, P.A.",1,1,2695,Communications,old_extracted,high
A2947,Joshua H. Van Eaton,,,,1,United States Department of Justice,1,1,2672,Communications,old_extracted,high
A2948,Kelly A. Fitzpatrick,,,,1,VENTURA RIBEIRO & SMITH,1,1,2691,Management,old_extracted,high
A2949,Ashleigh E. Aitken,,,,1,Aitken Aitken Cohn,1,1,2693,Management,old_extracted,high
A2950,Anthony T. Pierce,,,,1,Akin Gump Strauss Hauer and Feld LLP,1,1,2693,Communications,old_extracted,high
A2951,William L. Mentlik,,,,1,"Lerner, David, Littenberg, Krumholz & Mentlik, LLP",1,1,2687,Communications,old_extracted,high
A2952,Scott P. Schlesinger,,,,1,,1,1,2695,LeadCounsel,old_extracted,high
A2953,Caleb Marker,,,,1,,1,1,2695,Management,old_extracted,high
A2954,D. Greg Blankinship,,,,1,,1,1,2695,Management,old_extracted,high
A2955,Daniel L. Warshaw,,,,1,,1,1,2695,Management,old_extracted,high
A2956,"James W. Gustafson, Jr.",,,,1,,1,1,2695,Management,old_extracted,high
A2957,Ronald Marron,,,,1,,1,1,2695,Management,old_extracted,high
A2958,Erika E. Anderson,,,,1,,1,1,2695,LocalCounsel,old_extracted,high
A2959,John C. Bienvenu,,,,1,,1,1,2695,LocalCounsel,old_extracted,high
A2960,Mark H. Donatelli,,,,1,,1,1,2695,LocalCounsel,old_extracted,high
A2961,Nicholas Koluncich,,,,1,,1,1,2695,LocalCounsel,old_extracted,high
A2962,Richard F. Schwed,,,,1,Shearman & Sterling LLP,1,1,2704,Communications,old_extracted,high
A2963,Kenneth A. Gallo,,,,1,"Paul, Weiss, Rifkind, Wharton & Garrison LLP",1,1,2704,Communications,old_extracted,high
A2964,Julia Tarver-Mason Wood,,,,1,"Paul, Weiss, Rifkind, Wharton & Garrison LLP",1,1,2704,Communications,old_extracted,high
A2965,"Joseph Nielson, Esquire",,,,1,,1,1,2724,Communications,old_extracted,high
A2966,Daniel L. Brockett,,,,1,"QUINN EMANUEL URQUHART & SULLIVAN, LLP",1,1,2704,Communications; LeadCounsel,old_extracted,high
A2967,Bruce D. Greenberg,,,,1,"Lite DePalma Greenberg, LLC",1,1,2687,Communications; Management,old_extracted,high
A2968,Manuel Juan Dominguez,,,,1,Cohen Milstein Sellers & Toll,1,1,2687,Management,old_extracted,high
A2969,"Christopher Weld, Jr.",,,,1,,1,1,2677,ClassCounsel; Communications; Management,old_extracted,high
A2970,Jennifer L. Duffy,,,,1,,1,1,2677,ClassCounsel; Management,old_extracted,high
A2971,Richard S. Cornfeld,,,,1,,1,1,2677,ClassCounsel; Management,old_extracted,high
A2972,Barry J. Thompson,,,,1,,1,1,2734,Expert,old_extracted,high
A2973,John Rosenthal,,,,1,,1,1,2734,Discovery,old_extracted,high
A2974,William Hoffman,,,,1,,1,1,2740,Settlement,old_extracted,high
A2975,Darin Schanker,,,,1,,1,1,2740,Management,old_extracted,high
A2976,Zachary Wool,,,,1,,1,1,2740,Management,old_extracted,high
A2977,"John P. Wolff, III",,,,1,"Keogh, Cox & Wilson, Ltd.",1,1,2740,Settlement,old_extracted,high
A2978,Bradford R. Carver,,,,1,Hinshaw & Culbertson LLP,1,1,2740,Settlement,old_extracted,high
A2979,John F. Olinde,,,,1,,1,1,2740,Communications,old_extracted,high
A2980,Russell A. Chip Gaudreau,,,,1,,1,1,2740,Settlement,old_extracted,high
A2981,Daniel W. McGrath,,,,1,,1,1,2740,Settlement,old_extracted,high
A2982,Cynthia G. St. Amant,,,,1,"KANNER & WHITELEY, LLC",1,1,2709,ClassCounsel; LeadCounsel,old_extracted,high
A2983,David Futscher,,,,1,FUTSCHER LAW PLLC,1,1,2709,ClassCounsel; LeadCounsel,old_extracted,high
A2984,Gerald H. Clark,,,,1,"CLARK LAW FIRM, P.C.",1,1,2709,ClassCounsel; LeadCounsel,old_extracted,high
A2985,Mark W. Morris,,,,1,"CLARK LAW FIRM, P.C.",1,1,2709,ClassCounsel; LeadCounsel,old_extracted,high
A2986,A. Craig Eiland,,,,1,"THE LAW OFFICES OF A. CRAIG EILAND, P.C.",1,1,2709,ClassCounsel; LeadCounsel,old_extracted,high
A2987,Kevin D. Stanley,,,,1,"HUMPHREY FARRINGTON & MCCLAIN, P.C.",1,1,2709,ClassCounsel; Communications,old_extracted,high
A2988,Stephen J. Nolan,,,,1,"SMITH, GILDEA & SCHMIDT, LLC",1,1,2709,ClassCounsel; Communications,old_extracted,high
A2989,Mark A. Eldridge,,,,1,ADEMI LLP,1,1,2709,ClassCounsel; Communications,old_extracted,high
A2990,Walter Daniels,,,,1,"THE DANIELS LAW FIRM, P.C.",1,1,2709,ClassCounsel; Communications,old_extracted,high
A2991,M. Ryan Casey,,,,1,THE CASEY LAW FIRM,1,1,2709,ClassCounsel,old_extracted,high
A2992,John P. Zuccarini,,,,1,LAW OFFICES OF JOHN P. ZUCCARINI,1,1,2709,ClassCounsel,old_extracted,high
A2993,Jed Chronic,,,,1,"MASCHKA, RIEDY, RIES & FRENTZ LAW FIRM",1,1,2709,ClassCounsel,old_extracted,high
A2994,Brian Ku,,,,1,"KU & MUSSMAN, P.A.",1,1,2709,ClassCounsel,old_extracted,high
A2995,Louis Mussman,,,,1,"KU & MUSSMAN, P.A.",1,1,2709,ClassCounsel,old_extracted,high
A2996,Kristie M. Hightower,,,,1,"LUNDY, LUNDY, SOILEAU & SOUTH, LLP",1,1,2738,Management,old_extracted,high
A2997,"C. Mark Whitehead, III",,,,1,"THE WHITEHEAD LAW FIRM, LLC",1,1,2738,Management,old_extracted,high
A2998,Joel Oster,,,,1,Law Offices of Howard Rubinstein,1,1,2741,ClassCounsel,old_extracted,high
A2999,David Honigman,,,,1,Mantese Honigman PC,1,1,2744,Communications,old_extracted,high
A3000,Michael Baum,,,,1,Baum Hedlund Aristei and Goldman,1,1,2741,Management,old_extracted,high
A3001,Hunter Lundy,,,,1,Lundy Lundy Soileau & South,1,1,2741,Management,old_extracted,high
A3002,Mark Burton,,,,1,Audet and Partners,1,1,2741,Communications; Coordination,old_extracted,high
A3003,Basil E. Adham,,,,1,,1,1,2775,LeadCounsel,old_extracted,high
A3004,Matthew Yezierski,,,,1,,1,1,2775,LeadCounsel,old_extracted,high
A3005,Kathryn Snapka,,,,1,Snapka Law Firm,1,1,2767,Management,old_extracted,high
A3006,Elise Sanguinetti,,,,1,Arias Sanguinetti Stahle & Torrijos LLP,1,1,2767,Management,old_extracted,high
A3007,Beth Chambers,,,,1,Cory Watson,1,1,2767,Management,old_extracted,high
A3008,Dave Langevin,,,,1,McSweeney/Langevin,1,1,2767,Management,old_extracted,high
A3009,Jennifer Orendi,,,,1,"Dalimonte Rueb Litigation Group, LLP",1,1,2767,Management,old_extracted,high
A3010,Jessica Williams,,,,1,Gomez Trial Attorneys,1,1,2775,Management,old_extracted,high
A3011,Lisa Lee,,,,1,The Joel Bieber Firm,1,1,2775,Management,old_extracted,high
A3012,Joseph W.C. Warren,,,,1,United States Department of Justice,1,1,2777,Coordination,old_extracted,high
A3013,Matthew S. Tripolitsiotis,,,,1,"Boies Schiller Flexner, LLP",1,1,2785,Management,old_extracted,high
A3014,William M. Gage,,,,1,Butler Snow LLP,1,1,2782,LeadCounsel,old_extracted,high
A3015,G. Brian Jackson,,,,1,Butler Snow LLP,1,1,2782,LeadCounsel,old_extracted,high
A3016,Jaime L. Theriot,,,,1,Troutman Sanders LLP,1,1,2782,Communications,old_extracted,high
A3017,S. Eric Rumanek,,,,1,Troutman Sanders LLP,1,1,2782,Communications,old_extracted,high
A3018,Lisa Causey-Streete,,,,1,"Salim-Beasley, L.L.C.",1,1,2754,Management,old_extracted,high
A3019,Alexandra V. Boone,,,,1,"Miller Weisbrod, LLP",1,1,2754,Management,old_extracted,high
A3020,Melissa Debarbiers,,,,1,Bruno & Bruno,1,1,2754,Management,old_extracted,high
A3021,Rachel A. Harris,,,,1,"Schlichter, Bogard & Denton, LLP",1,1,2754,Management,old_extracted,high
A3022,Ashley Brittain-Landers,,,,1,"Schlicter Bogard & Denton, LLP",1,1,2750,Management,old_extracted,high
A3023,Jason C. Webster,,,,1,The Webster Law Firm,1,1,2750,Management,old_extracted,high
A3024,Brian L. Kinsley,,,,1,"Crumley Roberts, LLP",1,1,2768,Management,old_extracted,high
A3025,Stephen H. Echsner,,,,1,"Aylstock, Witkin, Kreis & Overholtz, PLLC",1,1,2734,Discovery,old_extracted,high
A3026,Matthew Eisenstein,,,,1,Arnold & Porter LLP,1,1,2734,Discovery,old_extracted,high
A3027,Luke A. Connelly,,,,1,Winston & Strawn LLP,1,1,2734,Discovery,old_extracted,high
A3028,Ryan Hudson,,,,1,Sharp Law,1,1,2785,Communications,old_extracted,high
A3029,Sharon Almonrode,,,,1,,1,1,2785,Management,old_extracted,high
A3030,Leigh P. Rende,,,,1,"Environmental Enforcement Section, Environment and Natural Resources Division of the U.S. Department of Justice",1,1,2777,Coordination,old_extracted,high
A3031,Lawrence E. Bathgate II,,,,1,"Bathgate Wegener & Wolf, P.C.",1,1,2779,Management,old_extracted,high
A3032,Lance J. Kalik,,,,1,"Riker, Danzig, Scherer, Hyland & Perretti, LLP",1,1,2779,Management,old_extracted,high
A3033,Robert S. Green,,,,1,"Green & Noblin, P.C.",1,1,2792,Management,old_extracted,high
A3034,Stephen H. Kupperman,,,,1,"Barrasso Usdin Kupperman Freeman & Sarver, L.L.C.",1,1,2792,Management,old_extracted,high
A3035,Theile B. McVey,,,,1,Kassel McVey,1,1,2792,Management,old_extracted,high
A3036,John P. Zelbst,,,,1,"Zelbst, Holmes & Butler",1,1,2792,Management,old_extracted,high
A3037,James R. Martin,,,,1,Zelle LLP,1,1,2796,Management,old_extracted,high
A3038,Allan Steyer,,,,1,Steyer Lowenthal Boodrookas Alvarez & Smith LLP,1,1,2796,Management,old_extracted,high
A3039,Carolyn Anderson,,,,1,Zimmerman Reed LLP,1,1,2795,Communications; LeadCounsel,old_extracted,high
A3040,Benjamin J. Meiselas,,,,1,"Geragos & Geragos, APC",1,1,2795,LeadCounsel,old_extracted,high
A3041,Francois M. Blaudeau,,,,1,Henninger Garrison Davis LLC,1,1,2795,Management,old_extracted,high
A3042,"James F. McDonough, III",,,,1,Henninger Garrison Davis LLC,1,1,2795,Management,old_extracted,high
A3043,Jeffrey M. Gutkin,,,,1,Cooley LLP,1,1,2795,Management,old_extracted,high
A3044,William A. McNab,,,,1,"Winthrop & Weinstine, P.A.",1,1,2795,Management,old_extracted,high
A3045,David M. Aafedt,,,,1,"Winthrop & Weinstine, P.A.",1,1,2795,Management,old_extracted,high
A3046,Joseph M. Windler,,,,1,"Winthrop & Weinstine, P.A.",1,1,2795,Management,old_extracted,high
A3047,James P. Goslee,,,,1,,1,1,2816,Coordination,old_extracted,high
A3048,Regan S. Safier,,,,1,,1,1,2816,Coordination,old_extracted,high
A3049,Jaime D. Jackson,,,,1,,1,1,2816,Coordination,old_extracted,high
A3050,Louise Renne,,,,1,,1,1,2804,ClassCounsel,old_extracted,high
A3051,Zachary Carter,,,,1,,1,1,2804,ClassCounsel,old_extracted,high
A3052,Mark Flessner,,,,1,,1,1,2804,ClassCounsel,old_extracted,high
A3053,Jason R. Doss,,,,1,"The Doss Firm, LLC",1,1,2800,Management,old_extracted,high
A3054,Rodney K. Strong,,,,1,Griffin & Strong P.C.,1,1,2800,Coordination,old_extracted,high
A3055,Craig A. Gillen,,,,1,"Gillen, Withers & Lake, LLC",1,1,2800,Communications,old_extracted,high
A3056,Charles Hale Van Horn,,,,1,"Berman Fink Van Horn, P.C.",1,1,2800,Management,old_extracted,high
A3057,Mark Filip,,,,1,,1,1,2804,Settlement,old_extracted,high
A3058,Brien T. OConnor,,,,1,,1,1,2804,Settlement,old_extracted,high
A3059,Charles C. Lifland,,,,1,,1,1,2804,Settlement,old_extracted,high
A3060,J. Matthew Donohue,,,,1,,1,1,2804,Settlement,old_extracted,high
A3061,Jonathan L. Stern,,,,1,,1,1,2804,Settlement,old_extracted,high
A3062,Enu Mainigi,,,,1,,1,1,2804,Settlement,old_extracted,high
A3063,Geoffrey Hobart,,,,1,,1,1,2804,Settlement,old_extracted,high
A3064,Jack Smith,,,,1,,1,1,2804,Settlement,old_extracted,high
A3065,Robert Nicholas,,,,1,,1,1,2804,Settlement,old_extracted,high
A3066,Jennifer E. Peacock,,,,1,Office of the Tennessee State Attorney General,1,1,2804,Settlement,old_extracted,high
A3067,Tad Robinson ONeill,,,,1,Office of the Washington State Attorney General,1,1,2804,Settlement,old_extracted,high
A3068,Karen A. Lorenzen,,,,1,"Hayes Lorenzen Lawyers, PLC",1,1,2816,Management,old_extracted,high
A3069,Steven W. Sanford,,,,1,"Cadwell Sanford Deibert & Garry, LLP",1,1,2816,Management,old_extracted,high
A3070,Barry Taus,,,,1,"TAUS, CEBULASH & LANDAU, LLP",1,1,2819,ClassCounsel; Management,old_extracted,high
A3071,Laraclay Drake Parker,,,,1,GOLDEN LAW OFFICE,1,1,2809,Communications,old_extracted,high
A3072,Fred Olinde,,,,1,THE OLINDE FIRM,1,1,2809,Management,old_extracted,high
A3073,Jerome P. Prather,,,,1,GARMER & PRATHER,1,1,2809,Management,old_extracted,high
A3074,Steven Teppler,,,,1,ABBOTT LAW GROUP,1,1,2809,Management,old_extracted,high
A3075,Jennifer Lenze,,,,1,LENZE LAWYERS,1,1,2809,Management,old_extracted,high
A3076,Matthew L. White,,,,1,GRAY & WHITELAW,1,1,2809,Management,old_extracted,high
A3077,Troy J. Doucet,,,,1,,1,1,2833,Management,old_extracted,high
A3078,"Roland R. St. Louis, III",,,,1,,1,1,2833,Management,old_extracted,high
A3079,Brandon Wise,,,,1,,1,1,2833,Management,old_extracted,high
A3080,Dan Drachler,,,,1,"Zwerling, Schachter & Zwerling, LLP",1,1,2819,ClassCounsel; Communications,old_extracted,high
A3081,Philip Jay Lefkowitz,,,,1,Kirkland & Ellis LLP,1,1,2836,LeadCounsel,old_extracted,high
A3082,Jennifer S. Wagner,,,,1,STOLL STOLL BERNE LOKTING & SHLACHTER PC,1,1,2828,Communications,old_extracted,high
A3083,Jennifer L. Joost,,,,1,KESSLER TOPAZ MELTZER & CHECK LLP,1,1,2828,Management,old_extracted,high
A3084,Janet Varnell,,,,1,"Varnell & Warwick, P.A.",1,1,2841,Management,old_extracted,high
A3085,Jessica Sleater,,,,1,Andersen Sleater Sianni LLC,1,1,2841,Management,old_extracted,high
A3086,Leslie MacLean,,,,1,Waters Kraus & Paul,1,1,2848,Management,old_extracted,high
A3087,Dino S. Sangiamo,,,,1,,1,1,2848,Communications,old_extracted,high
A3088,Paul Byrd,,,,1,"Paul Byrd Law Firm, PLLC",1,1,2820,Management,old_extracted,high
A3089,Paul A. Lesko,,,,1,"Peiffer Rosca Wolf Abdullah Carr & Kane, APLC",1,1,2820,Management,old_extracted,high
A3090,Beverly T. (Bev) Randles,,,,1,Randles & Splittgerber LLP,1,1,2820,Management,old_extracted,high
A3091,Bert Greenwell,,,,1,"Morris Bart, LLC",1,1,2846,Management,old_extracted,high
A3092,Samuel G. Liversidge,,,,1,"Gibson, Dunn, and Crutcher LLP",1,1,2836,LeadCounsel,old_extracted,high
A3093,Stephen E. Noona,,,,1,"Kaufman and Canoles, PC",1,1,2836,LocalCounsel,old_extracted,high
A3094,James Kevin Fee,,,,1,Morgan Lewis and Bockius LLP,1,1,2836,LocalCounsel,old_extracted,high
A3095,Craig C. Reilly,,,,1,Law Office of Craig C. Reilly,1,1,2836,LocalCounsel,old_extracted,high
A3096,"William H. Monroe, Jr.",,,,1,Glasser and Glasser PLC,1,1,2836,LocalCounsel,old_extracted,high
A3097,Alan B. Rashkind,,,,1,"Furniss, Davis, Rashkind, and Saunders PC",1,1,2836,LocalCounsel,old_extracted,high
A3098,James A. Cales III,,,,1,"Furniss, Davis, Rashkind, and Saunders PC",1,1,2836,LocalCounsel,old_extracted,high
A3099,Marwan Porter,,,,1,The Cochran Firm,1,1,2846,Management,old_extracted,high
A3100,Eric L. Alexander,,,,1,Reed Smith LLP,1,1,2846,LeadCounsel,old_extracted,high
A3101,"William D. Kloss, Jr.",,,,1,"Vorys, Sater, Seymour and Pease LLP",1,1,2846,Communications,old_extracted,high
A3102,Eli Greenstein,,,,1,Kessler Topaz Metzler Check LLP,1,1,2827,Coordination; Management,old_extracted,high
A3103,Derek Howard,,,,1,Derek G. Howard Law Firm,1,1,2827,Coordination; Management,old_extracted,high
A3104,Kyle McGee,,,,1,Grant & Eisenhofer P.A.,1,1,2827,Coordination; Management,old_extracted,high
A3105,Kenneth Johnston,,,,1,Johnston Pratt PLLC,1,1,2827,Coordination; Management,old_extracted,high
A3106,Kathleen Herkenhoff,,,,1,"Haeggquist & Eck, LP",1,1,2827,Management; Motions,old_extracted,high
A3107,Geoffrey Rushing,,,,1,Saveri & Saveri Inc.,1,1,2827,Discovery; Management,old_extracted,high
A3108,Stephen F. Rosenthal,,,,1,Podhurst Orseck P.A.,1,1,2827,Expert; Management,old_extracted,high
A3109,Anthony Fata,,,,1,Cafferty Clobes Meriwether & Sprengel LLP,1,1,2827,Management; Settlement,old_extracted,high
A3110,Joshua H. Eggnatz,,,,1,"Eggnatz Pascucci, P.A.",1,1,2827,Management,old_extracted,high
A3111,Scott Cole,,,,1,Scott Cole & Associates,1,1,2827,Management,old_extracted,high
A3112,Anthony G. Simon,,,,1,"Simon Law Firm, P.C.",1,1,2827,Management,old_extracted,high
A3113,James Vlahakis,,,,1,"Sulaiman Law Group, LTD.",1,1,2827,Management,old_extracted,high
A3114,"Gordon M. Fauth, Jr.",,,,1,Finkelstein Thompson LLP,1,1,2827,Management,old_extracted,high
A3115,Jeffrey Squire,,,,1,"Brager Eagel & Squire, P.C.",1,1,2827,Management,old_extracted,high
A3116,Daniel Mulligan,,,,1,"Jenkins, Mulligan & Gabriel, LLP",1,1,2827,Management,old_extracted,high
A3117,Alexandra Steele,,,,1,Girardi Keese,1,1,2827,Management,old_extracted,high
A3118,"Archie I. Grubb, II",,,,1,"Beasley, Allen, Crow, Methvin, Portis and Miles, P.C.",1,1,2827,Management,old_extracted,high
A3119,DAVID P. HERSH,,,,1,,1,1,2873,ClassCounsel,old_extracted,high
A3120,Paul S. Rothstein,,,,1,Attorney Paul S. Rothstein,1,1,2875,Management,old_extracted,high
A3121,James Valentine,,,,1,,1,1,2874,Communications,old_extracted,high
A3122,Jon Savin,,,,1,,1,1,2875,Management,old_extracted,high
A3123,James Carter,,,,1,The Cochran Firm,1,1,2875,Management,old_extracted,high
A3124,Ken Sansone,,,,1,SL Environmental Law Group,1,1,2873,Management,old_extracted,high
A3125,Keith H. Bensten,,,,1,Day Pitney LLP,1,1,2873,Management,old_extracted,high
A3126,Brian Stekloff,,,,1,Wilkinson Stekloff LLP,1,1,2873,Management,old_extracted,high
A3127,Amy M. Crouch,,,,1,"Shook Hardy & Bacon, LLP",1,1,2873,Management,old_extracted,high
A3128,Ruth A. Levy,,,,1,Williams Mullen,1,1,2873,Management,old_extracted,high
A3129,David McDivitt,,,,1,"McDivitt Law Firm, P.C.",1,1,2873,Management,old_extracted,high
A3130,Sarah Williams,,,,1,"United States Department of Justice Civil Division, Environmental Torts Branch",1,1,2873,Coordination,old_extracted,high
A3131,Shannon Lukei,,,,1,"Robison Calcagnie, Inc.",1,1,2885,Management,old_extracted,high
A3132,Barry Fields,,,,1,,1,1,2885,Trial,old_extracted,high
A3133,Gregory T. Arnold,,,,1,Hagens Berman Sobol Shapiro LLP,1,1,2878,ClassCounsel; LeadCounsel,old_extracted,high
A3134,Kristie LaSalle,,,,1,Hagens Berman Sobol Shapiro LLP,1,1,2878,ClassCounsel; LeadCounsel,old_extracted,high
A3135,Sean D. Nation,,,,1,Hillard & Shadowen LLP,1,1,2878,ClassCounsel; LeadCounsel,old_extracted,high
A3136,Matthew C. Weiner,,,,1,Hillard & Shadowen LLP,1,1,2878,ClassCounsel; LeadCounsel,old_extracted,high
A3137,David l Stanoch,,,,1,"Golomb & Honik, P,C.",1,1,2875,Communications,old_extracted,high
A3138,Andres Rivero,,,,1,Rivero Mestre LLP,1,1,2875,Management,old_extracted,high
A3139,John Sawin,,,,1,"Sawin Law Firm, Ltd.",1,1,2875,Management,old_extracted,high
A3140,Paul Geske,,,,1,"McGuire Law, P.C.",1,1,2875,Management,old_extracted,high
A3141,Stacy A. Burrows,,,,1,"George A Barton, P.C.",1,1,2875,Management,old_extracted,high
A3142,Stefanie Colella-Walsh,,,,1,"Stark & Stark, P.C.",1,1,2875,Management,old_extracted,high
A3143,Rachel Geman,,,,1,"Lieff, Cabraser, Heinman & Berstein, LLP",1,1,2875,Management,old_extracted,high
A3144,Peter S. St. Philip,,,,1,Lowey Dannenberg,1,1,2875,Management,old_extracted,high
A3145,Harold McCall,,,,1,Wayne Wright LLP,1,1,2875,Management,old_extracted,high
A3146,John Boundas,,,,1,Williams Kherkher,1,1,2875,Management,old_extracted,high
A3147,Jessica Perez,,,,1,"Pendley, Baudin & Coffin",1,1,2875,Management,old_extracted,high
A3148,David Hobbs,,,,1,"Fleming Nolen Jez, L.L.P.",1,1,2875,Management,old_extracted,high
A3149,Seth A Goldberg,,,,1,Duane Morris LLP,1,1,2875,Communications; Management,old_extracted,high
A3150,Clem C. Trischler,,,,1,"Pietragallo Gordon Alfano Bosick & Raspanti, LLP",1,1,2875,Management,old_extracted,high
A3151,Jessica Priselac,,,,1,Duane Morris LLP,1,1,2875,Communications,old_extracted,high
A3152,Mark Nomellini,,,,1,Kirkland & Ellis LLP,1,1,2885,Communications; Discovery,old_extracted,high
A3153,Chad Morriss,,,,1,Kirkland & Ellis LLP,1,1,2885,,old_extracted,high
A3154,Nick Wasdin,,,,1,Kirkland & Ellis LLP,1,1,2885,,old_extracted,high
A3155,Michelle Six,,,,1,Kirkland & Ellis LLP,1,1,2885,Discovery,old_extracted,high
A3156,Sierra Elizabeth,,,,1,Kirkland & Ellis LLP,1,1,2885,Discovery,old_extracted,high
A3157,Kimberly Branscome,,,,1,Kirkland & Ellis LLP,1,1,2885,Settlement,old_extracted,high
A3158,Mike Brock,,,,1,Kirkland & Ellis LLP,1,1,2885,Settlement,old_extracted,high
A3159,Rob Ellis,,,,1,Kirkland & Ellis LLP,1,1,2885,Settlement,old_extracted,high
A3160,Ashley Neglia,,,,1,Kirkland & Ellis LLP,1,1,2885,,old_extracted,high
A3161,Steven Silverman,,,,1,"Silverman Thompson Slutkin & White, LLC",1,1,2879,ClassCounsel; Communications; LeadCounsel,old_extracted,high
A3162,Timothy Brown,,,,1,"The Brown Law Firm, P.C.",1,1,2879,ClassCounsel; LeadCounsel,old_extracted,high
A3163,Gregory Egleston,,,,1,Gainey McKenna & Egleston,1,1,2879,ClassCounsel; LeadCounsel,old_extracted,high
A3164,Eric Belfi,,,,1,Labaton Sucharow LLP,1,1,2879,ClassCounsel; Communications; LeadCounsel,old_extracted,high
A3165,Mark Goldman,,,,1,Labaton Sucharow LLP,1,1,2879,ClassCounsel; Communications; LeadCounsel,old_extracted,high
A3166,Christopher Keller,,,,1,Labaton Sucharow LLP,1,1,2879,ClassCounsel; Communications; LeadCounsel,old_extracted,high
A3167,Francis McConville,,,,1,Labaton Sucharow LLP,1,1,2879,ClassCounsel; Communications; LeadCounsel,old_extracted,high
A3168,Veronica Nannis,,,,1,"Joseph Greenwald & Laake, P.A.",1,1,2879,Communications,old_extracted,high
A3169,Andrew O'Connell,,,,1,"Thomas & Libowitz, P.A.",1,1,2879,Communications,old_extracted,high
A3170,Timothy Maloney,,,,1,"Joseph Greenwald & Laake, P.A.",1,1,2879,Management,old_extracted,high
A3171,Eve-Lynn Rapp,,,,1,Edelson PC,1,1,2879,Management,old_extracted,high
A3172,Charles VanHorn,,,,1,Berman Fink Van Hom P.C.,1,1,2879,Management,old_extracted,high
A3173,Jason J. Mendro,,,,1,"Gibson, Dunn & Crutcher LLP",1,1,2879,LeadCounsel,old_extracted,high
A3174,Laura Kathryn O'Boyle,,,,1,"Gibson, Dunn & Crutcher LLP",1,1,2879,LeadCounsel,old_extracted,high
A3175,Adam H. Offenhartz,,,,1,"Gibson, Dunn & Crutcher LLP",1,1,2879,LeadCounsel,old_extracted,high
A3176,"Edward D. Buckley, Jr.",,,,1,Young Clement River LLP,1,1,2886,Communications,old_extracted,high
A3177,Robert L. Hickok,,,,1,Pepper Hamilton LLO,1,1,2886,LeadCounsel,old_extracted,high
A3178,Richard B. Goetz,,,,1,OMelveny & Myers LLP,1,1,2887,LeadCounsel,old_extracted,high
