Attorney_ID,Canonical_Name,AKA_1,AKA_2,AKA_3,Variants_Merged,Firms,N_MDLs,N_Mentions,MDLs,Roles,Confidence,Gender,Birth_Year,Undergrad_School,Undergrad_Grad_Year,Law_School_Name,Law_Grad_Year,Bar_States,Sources,Notes
A0001,Douglass Kreis,Doug Kreis,Douglass A. Kreis,Dougless Kreis,5,"Aylstock, Witkin, Kreis & Overholtz, PLLC; Aylstock, Witkin, Kreis & Overholtz; Aylstock, Witkin, Kreis & Overholtz PLLC; Aylstock, Witkin, Kreiss",8,18,"2004, 2046, 2244, 2391, 2441, 2782, 2885, 3140",Expert; LeadCounsel; Management,merged,,,,,,,,,
A0002,D. Mathews,Todd Matthews,D. Todd Mathews,D. Todd Matthews,4,"Gori Julian & Associates, P.C.; Gori Julian & Associates; Gori, Julian & Associates, P.C.",5,7,"2753, 2754, 2767, 2775, 2885",Management; Settlement,merged,,,,,,,,,
A0003,E. Michelle Drake,Michelle Drake,E. Drake,Michele Drake,4,"Berger Montague, PC; Berger Montague; Berger Montague PC; Nichols Kaster PLLP",7,27,"3083, 2522, 2904, 2933, 3108, 3128, 3149",ClassCounsel; Communications; Discovery; LeadCounsel; Management; Settlement; Vetting,merged,,,,,,,,,
A0004,Donald Migliori,Don Migliori,Donald A. Migliori,Donald Miglori,3,"Motley Rice LLC; Motley Rice; Motley Rice, LLC",8,14,"1570, 1842, 2197, 2244, 2472, 2641, 2782, 3148",Communications; LeadCounsel; Management,merged,,,,,,,,,
A0005,J. Gerard Stranch IV,"J. Gerard Stranch, IV",Gerard Stranch,J. Stranch,3,"Branstetter, Stranch & Jennings, PLLC; BRANSTETTER, STRANCH & JENNINGS, PLLC; Stranch, Jennings & Garvey, PLLC; Branstetter, Stranch & Jennings PLLC",13,23,"1928, 2242, 2332, 2343, 2419, 2472, 2672, 2804, 2904, 3032, 3035, 3083, 3127",ClassCounsel; Communications; Coordination; LeadCounsel; Management; SettlementAdministration,merged,,,,,,,,,
A0006,Chris Placitella,Christopher Placitella,Christopher M. Placitella,Christopher M. Placittella,3,"COHEN PLACITELLA & ROTH; Cohen, Placitella & Roth; Cohen Placitella & Roth; COHEN, PLACITELLA, & ROTH, P.C.",6,8,"1763, 1817, 2187, 2197, 2326, 2738",Communications; Coordination; Management,merged,,,,,,,,,
A0007,Joseph Osborne,Joe Osborne,J Osborne,,3,"Babbitt, Johnson, Osborne & LeClainche; BABBITT JOHNSON OSBORNE & LE CLAINCHE; Babbit, Johnson, Osborne and LeClainche; Osborne & Associates Law Firm, PA",8,15,"1928, 2187, 2272, 2326, 2391, 2441, 2641, 2768",Communications; Management,merged,,,,,,,,,
A0008,Gordon Ball,Gordan Ball,W. Gordon Ball,,3,"Ball & Scott; Ball & Scott Law Offices; Ball & Scott, PA; LAW OFFICES OF GORDON BALL",8,13,"1682, 1730, 1768, 1785, 1899, 2343, 2406, 2508",ClassCounsel; Communications; Coordination; LeadCounsel; Management; Settlement,merged,,,,,,,,,
A0009,W. Miles,"W. Daniel Miles, III",W. Daniel Miles,Wilson Miles,3,"Beasley Allen Crow Methvin Portis & Miles; Beasley, Allen, Crow, Methvin, Portis & Miles P.C.; Beasley, Allen, Crow, Methvin, Portis & Miles, P.C.; Beasley Allen Crow Mehtvin Portis & Miles",7,9,"2151, 2406, 2522, 2583, 2672, 2777, 2905",ClassCounsel; Management; Motions; SettlementAdministration,merged,,,,,,,,,
A0010,R. Eric Kennedy,R. Kennedy,Eric Kennedy,Robert E. (Eric) Kennedy,3,"Weisman, Kennedy & Berris Co., L.P.A.; Weisman, Kennedy, Berris; WEISMAN, KENNEDY & BERRIS CO., L.P.A.; Weisman Kennedy & Berris Co, LPA",6,10,"2197, 2441, 2804, 3004, 3044, 3140",Discovery; Fees; LeadCounsel; Management,merged,,,,,,,,,
A0011,James Cecchi,James E. Cecchi,JAMES CECCHI,James E Cecchi,3,"Carella, Byrne, Cecchi, Brody & Agnello; Carella Byrne Cecchi Olstein Brody Agnello, P.C.; Carella Byrne Cecchi Olstein Brody & Agnello, P.C.; Carella, Byrne, Cecchi, Olstein, Brody & Agnello",31,75,"1914, 1938, 2020, 2158, 2228, 2243, 2353, 2415, 2471, 2506, 2514, 2540, 2577, 2591, 2599, 2672, 2687, 2750, 2779, 2804, 2904, 2948, 3051, 3055, 3073, 3080, 3089, 3090, 3113, 3114, 3149",ClassCounsel; Communications; LeadCounsel; Management; Settlement; SettlementAdministration,merged,,,,,,,,,
A0012,M. Graham,Elizabeth Graham,M. Elizabeth Graham,,3,"Grant & Eisenhofer, P.A.; Grant & Eisenhofer P.A.",3,5,"2657, 2768, 2775",LeadCounsel; Management; Settlement,merged,,,,,,,,,
A0013,Phillip A. Wittmann,Phil Wittmann,Phillip Wittman,,3,"Stone Pigman Walther Wittmann, LLC",2,7,"1657, 2179",Communications; Management,merged,,,,,,,,,
A0014,Douglas J. McNamara,Douglas McNamara,Douglass McNamara,Doug McNamara,3,Cohen Milstein Sellers & Toll PLLC; Cohen Milstein Seller & Toll LLC,4,19,"3083, 2827, 2904, 2972",ClassCounsel; Discovery; LeadCounsel; Management,merged,,,,,,,,,
A0015,E. Powell Miller,Powell Miller,,,3,"The Miller Law Firm, P.C.; The Miller Law Firm",4,6,"2744, 2818, 2901, 3040",ClassCounsel; Communications; LeadCounsel; Management,merged,,,,,,,,,
A0016,Eric M. Quetglas-Jordan,Eric Quetglas,Eric M. Quetgla-Jordan,,3,Quetglas Law Offices; Quetglas/Archie Lamb/Kirk Wood,4,7,"1785, 1905, 1953, 1960",Management; Motions,merged,,,,,,,,,
A0017,Stephen G. Grygiel,Steve Grygiel,Stephen C. Grygiel,Steven G. Grygiel,3,"Grygiel Law LLC; Grant & Eisenhofer; Silverman, Thompson, Slutkin & White LLC; Keefe Bartels, LLC",3,7,"1938, 2314, 2358",ClassCounsel; Management,merged,,,,,,,,,
A0018,Brent Wisner,R. Brent Wisner,Robert Brent Wisner,,3,"BAUM HEDLUND ARISTEI & GOLDMAN, P.C.",2,3,"2924, 3101",LeadCounsel; Management,merged,,,,,,,,,
A0019,José M. Rojas,Jose Rojas,José M. Rosas,,3,"Levin, Rojas, Camassar & Reck, LLC",2,5,"3026, 3081",Coordination; LeadCounsel; Management,merged,,,,,,,,,
A0020,Jenniffer Elwell,Jennifer Elwell,Jenny Elwell,,3,Berger Montague,1,3,3081,Management,merged,,,,,,,,,
A0021,Paul Hanly,Paul Hanley,"Paul J. Hanly, Jr.",,2,"Hanly, Conroy, Bierstein, Sheridan, Fisher & Hayes LLP; Simmons Hanly Conroy; Hanly Conroy Bierstein & Sheridan LLP; Simmons Hanly Conroy LLC",4,9,"1570, 1699, 2244, 2804",Communications; Discovery; LeadCounsel; Management; Settlement,merged,,,,,,,,,
A0022,Thomas Mellon,"Thomas E. Mallon, Jr.",,,2,"Mellon, Webster & Shelly; Mellon, Webster & Shelley; MELLON, WEBSTER & SHELLY",3,5,"1570, 1871, 1995",ClassCounsel; Communications; LeadCounsel; Management,merged,,,,,,,,,
A0023,Brian Gudmundson,Brian C. Gudmundson,Brian Gudmondson,,2,"Zimmerman Reed LLP; Zimmerman Reed, LLP; Zimmerman Reed PLLP; Zimmerman Reed, P.L.L.P.",10,13,"2522, 2583, 2693, 2779, 2800, 2833, 2879, 3083, 3090, 3108",ClassCounsel; LeadCounsel; Management; Settlement,merged,,,,,,,,,
A0024,Bryan L. Bleichner,Bryan Bleichner,Brian Bleichner,,2,"Chestnut Cambronne PA; Chestnut Cambronne, PA; Chesnut Cambronne PA; Chestnut Cambrone",6,9,"2522, 2583, 2800, 2833, 3090, 3108",ClassCounsel; LeadCounsel; Management; Settlement,merged,,,,,,,,,
A0025,Anne Regan,Anne Reagan,,,2,Hellmuth & Johnson PLLC; Zimmerman Reed; Hellmuth & Johnson PLL C,3,4,"2445, 2795, 2993",Management,merged,,,,,,,,,
A0026,Christopher Seeger,Christopher A. Seeger,Chris Seeger,Mr. Christopher A. Seeger,2,"Seeger Weiss LLP; Seeger Weiss; Seeger Weiss, LLP; SEEGER WEISS",41,84,"1657, 1699, 1708, 1742, 1789, 1842, 1909, 1938, 2047, 2087, 2158, 2197, 2243, 2244, 2299, 2323, 2342, 2428, 2436, 2506, 2545, 2591, 2672, 2687, 2750, 2779, 2789, 2796, 2804, 2828, 2885, 2904, 2973, 3014, 3047, 3055, 3089, 3113, 3114, 3121, 3140",ClassCounsel; Communications; Coordination; Fees; LeadCounsel; Management; Settlement; SettlementAdministration,merged,,,,,,,,,
A0027,David Buchanan,Dave Buchanan,David R. Buchanan,,2,"Seeger Weiss LLP; Seeger Weis LLP; Seeger Weiss, LLP; SEEGER WEISS, LLP",7,21,"1909, 2323, 2436, 2846, 2885, 3080, 3140",Coordination; Discovery; LeadCounsel; Management; Trial,merged,,,,,,,,,
A0028,James Dugan,"James R. Dugan, II",James R. Dugan II,Jim Dugan,2,"The Dugan Law Firm, LLC; The Dugan Law Firm, APLC; Murray Law Firm; MURRAY LAW FIRM",25,39,"1431, 1657, 1789, 1938, 2067, 2068, 2242, 2243, 2323, 2332, 2385, 2409, 2428, 2445, 2460, 2472, 2492, 2724, 2754, 2804, 2996, 3026, 3037, 3080, 3140",Bellwether; ClassCounsel; Discovery; Fees; LeadCounsel; Management; Trial,merged,,,,,,,,,
A0029,Thomas V. Girardi,Thomas Girardi,Tom Girardi,,2,Girardi and Keese; Girardi Keese; GIRARDI & KEESE; Girardi | Keese,7,16,"1657, 1807, 1840, 1967, 2100, 2323, 2404",ClassCounsel; Coordination; Fees; LeadCounsel; Management,merged,,,,,,,,,
A0030,Steve Berman,Steve W. Berman,"Steve W. Berman, Esq.",Steven Berman,2,Hagens Berman Sobol Shapiro LLP; HAGENS BERMAN SOBOL SHAPIRO LLP; Hagens Berman Sobol Shapiro LLP (Seattle); Hagens Berman Sobol Shapiro,22,40,"1699, 1850, 1938, 1972, 2151, 2428, 2455, 2492, 2543, 2627, 2672, 2743, 2744, 2773, 2777, 2779, 2938, 3040, 3052, 3071, 3080, 3113",ClassCounsel; Communications; Discovery; LeadCounsel; Management; SettlementAdministration,merged,,,,,,,,,
A0031,W. Lewis Garrison,W. Garrison,Lewis Garrison,"W. Lewis Garrison, Jr.",2,"Heninger, Garrison & Davis; Heninger Garrison Davis, LLC,; Henninger Garrison Davis LLC; Heninger, Garrison & Davis, LLC",7,13,"1842, 1943, 2023, 2502, 2669, 2677, 2885",LeadCounsel; Management; Motions,merged,,,,,,,,,
A0032,Tom Zimmerman,Thomas Zimmerman,,,2,Zimmerman Law Offices,4,5,"2439, 2669, 2705, 3108",LeadCounsel; Management,merged,,,,,,,,,
A0033,Don Barrett,John Barrett,John W. (“Don”) Barrett,"John W. (""Don"") Barrett",2,"Barrett Law Group, P.A.; Barrett Law Office, P.A.; Barrett Law Group, PA; Barrett Law Group",12,16,"1431, 1699, 1751, 2068, 2311, 2493, 2522, 2555, 2724, 2804, 2993, 3080",ClassCounsel; LeadCounsel; Management,merged,,,,,,,,,
A0034,Irwin Levin,Irvin Levin,Mr. Irwin B. Levin,,2,"Cohen & Malad, L.L.P.; Cohen & Malad; Cohen & Malad, LLP",3,15,"1708, 2570, 2667",ClassCounsel; Communications; LeadCounsel; Management,merged,,,,,,,,,
A0035,Bonny Sweeney,Bonny  Sweeney,Bonney Sweeney,,2,"ROBBINS GELLER RUDMAN & DOWD LLP; Hausfeld LLP; Coughlin Stoia Geller Rudman & Robbins, LLP",3,12,"2007, 2036, 2724",ClassCounsel; LeadCounsel; Management; SettlementAdministration,merged,,,,,,,,,
A0036,Gregory Asciolla,Gregory S. Asciolla,Greg Asciolla,,2,LABATON SUCHAROW LLP; Labaton Sucharow; Labaton Sucharow LLP; DiCello Levitt Gutzler,6,12,"1957, 2284, 2724, 2993, 3107, 3148",ClassCounsel; LeadCounsel; Management; Settlement,merged,,,,,,,,,
A0037,Mindee Reuben,Mindee Rueben,,,2,"Lite DePalma Greenberg, LLC; Weinstein Kitchenoff & Asher LLC; Lite DePalma Greenberg & Afanador, LLC",2,6,"2196, 2724",Management,merged,,,,,,,,,
A0038,Elizabeth Cabraser,Elizabeth J. Cabraser,ELIZABETH CABRASER,Elizabeth Cabreser,2,"Lieff Cabraser Heimann & Bernstein, LLP; LIEFF CABRASER HEIMANN & BERNSTEIN, LLP; Lieff Cabraser Heimann & Bernstein LLP; Lieff, Cabraser, Heimann & Bernstein",20,69,"1431, 1657, 1699, 1708, 1845, 1938, 2151, 2179, 2184, 2335, 2419, 2543, 2599, 2656, 2672, 2724, 2777, 2804, 2996, 3084",Bellwether; ClassCounsel; Communications; Coordination; Discovery; Fees; LeadCounsel; Management; Settlement; SettlementAdministration; Trial,merged,,,,,,,,,
A0039,J. Richards,Douglas Richards,J. Douglas Richards,,2,"Cohen Milstein Sellers & Toll, PLLC; Cohen Milstein; COHEN MILSTEIN SELLER & TOLL PLLC; Cohen Milstein Sellers & Toll PLLC",7,10,"2213, 2332, 2409, 2445, 2460, 2472, 2516",ClassCounsel; LeadCounsel; Management,merged,,,,,,,,,
A0040,Steven Asher,Stephen A. Asher,,,2,Weinstein Kitchenoff & Asher; Weinstein Kitchenoff & Asher LLC,3,4,"1960, 2002, 2420",Communications; Discovery; LeadCounsel; Management,merged,,,,,,,,,
A0041,Steve Larson,Steven Larson,,,2,STOLL STOLL BERNE LOKTING & SHLACHTER P.C.; Stoll Bernie Lokting & Shlachter,2,2,"2633, 2828",Communications,merged,,,,,,,,,
A0042,A. J. De Bartolomeo,A.J. De Bartolomeo,• A. De Bartolomeo,A. De Bartolomeo,2,Girard Gibbs LLP; GIRARD GIBBS; Girard Gibbs,5,9,"1982, 2100, 2187, 2299, 2385",ClassCounsel; Management,merged,,,,,,,,,
A0043,J. Rogers,J.R. Rogers,J. R. Rogers,,2,Law Offices of J. Robert Rogers; LAW OFFICES OF J. ROBERT ROGERS,3,6,"2187, 2326, 2440",Management,merged,,,,,,,,,
A0044,Laura Yaeger,Laura Yeager,,,2,Morgan & Morgan; FLEMING NOLEN & JEZ,4,6,"2187, 2326, 2440, 2441",Management,merged,,,,,,,,,
A0045,Ben Anderson,Benjamin Anderson,,,2,"ANDERSON LAW OFFICES; Anderson Law Offices, LLC",3,4,"2187, 2326, 2440",LeadCounsel; Management,merged,,,,,,,,,
A0046,A. Bartolomeo,A. J. Bartolomeo,,,2,Girard Gibbs; GIRARD GIBBS,2,2,"2326, 2440",Management,merged,,,,,,,,,
A0047,Bryan Aylstock,Bryan F. Aylstock,Brian Aylstock,,2,"Aylstock, Witkin, Kreis & Overholtz, PLLC; Aylstock Witkin Kreis & Overholtz, PLLC; AYLSTOCK WITKIN KREIS & OVERHOLTZ; Aylstock, Witkin, Kreis & Overholtz",11,29,"1871, 2187, 2326, 2327, 2342, 2458, 2734, 2885, 3025, 3089, 3140",ClassCounsel; Communications; Coordination; Fees; LeadCounsel; Management; Settlement,merged,,,,,,,,,
A0048,David Matthews,David P. Matthews,Dave Matthews,,2,Matthews & Associates; MATTHEWS & ASSOCIATES; Matthews and Associates; David Matthews & Associates,9,24,"1871, 1928, 2187, 2326, 2385, 2570, 3026, 3043, 3092",LeadCounsel; Management,merged,,,,,,,,,
A0049,Doug Monsour,Douglas Monsour,,,2,Monsour Law Firm; THE MONSOUR LAW FIRM; The Monsour Law Firm; MONSOUR LAW FIRM,7,23,"1928, 2187, 2272, 2326, 2885, 3081, 3140",Discovery; Expert; Management,merged,,,,,,,,,
A0050,Ed Blizzard,Edward F. Blizzard,Edward Blizzard,,2,"Blizzard, McCarthy & Nabers; Blizzard & Nabers; BLIZZARD, MCCARTHY & NABERS, L.L.P.; Blizzard, McCarthy & Nabers LLC",8,10,"1657, 1968, 2004, 2187, 2197, 2326, 2342, 2657",Fees; Management,merged,,,,,,,,,
A0051,Jeff Grand,Jeffrey Grand,,,2,"Bernstein Liebhard, LLP; BERNSTEIN LIEBHARD; Seeger Weiss LLP; Seeger Weiss, LLP",6,16,"2087, 2187, 2244, 2326, 2592, 3089",Discovery; Management,merged,,,,,,,,,
A0052,Joseph Saunders,Joe Saunders,,,2,Saunders & Walker; SAUNDERS & WALKER,4,9,"2187, 2326, 2391, 3044",Coordination; Management,merged,,,,,,,,,
A0053,John Restaino,Jon Restaino,,,2,The Restaino Law Firm; THE RESTAINO LAW FIRM; Restaino Siler; Restaino Law Firm,7,14,"2187, 2197, 2244, 2326, 2385, 2440, 2452",Expert; Management,merged,,,,,,,,,
A0054,Mike Miller,Michael Miller,,,2,"The Miller Firm LLC; Michael J. Miller, Esquire; The Miller Firm",3,4,"1871, 2187, 2326",Management,merged,,,,,,,,,
A0055,Peter Flowers,Pete Flowers,,,2,"Foote, Meyers, Mielke & Flowers; Meyers & Flowers, LLC; FOOTE MEYERS MIELKE & FLOWERS; Foote Meyers Mielke & Flowers, P,C.",9,18,"2187, 2197, 2272, 2326, 2385, 2391, 2441, 2768, 3004",Communications; Fees; LeadCounsel; Management; SettlementAdministration,merged,,,,,,,,,
A0056,Richard Meadow,Rick Meadow,,,2,The Lanier Law Firm; THE LANIER LAW FIRM; Lanier Law Firm; THE LANIER LAW FIRM PC,5,12,"1953, 2187, 2244, 2326, 2738",Coordination; Management; Trial,merged,,,,,,,,,
A0057,Thomas Anapol,Tom Anapol,,,2,"Anapol Schwartz; Anapol, Schwartz, Weiss, Cohon, Feldman, & Smalley, PC",5,11,"2187, 2197, 2244, 2326, 2391",Discovery; Fees; LeadCounsel; Management,merged,,,,,,,,,
A0058,Thomas Cartmell,Tom Cartmell,Thomas P. Cartmell,,2,"Wagstaff & Cartmell, LLP; Wagstaff & Cartmell LLP; WAGSTAFF & CARTMELL; Wagstaff & Cartmell",15,40,"1699, 1871, 2187, 2244, 2326, 2327, 2342, 2387, 2440, 2591, 2641, 2885, 3047, 3073, 3081",Fees; Management,merged,,,,,,,,,
A0059,Joseph Zonies,Joe Zanies,Joseph J. Zonies,,2,REILLY POZNER; Reilly Pozner LLP; Reilly Pozner & Connelly; Reilly Pozner & Connelly.,6,8,"1871, 2187, 2326, 2342, 2458, 2789",Fees; LeadCounsel; Management,merged,,,,,,,,,
A0060,Peter Prieto,Peter  Prieto,Pete Priet,,2,"Podhurst Orseck, P.A.; PODHURST ORSECK P.A.; PODHURST ORSECK, P.A.; PODHURST ORSECK , P.A .",5,31,"2036, 2406, 2543, 2599, 2905",ClassCounsel; Expert; LeadCounsel; Management; SettlementAdministration,merged,,,,,,,,,
A0061,Jeff Ostrow,Jeffrey Ostrow,Jeffrey M. Ostrow,,2,KOPELOWITZ OSTROW; Kopelowitz Ostrow Ferguson Weiselberg Gilbert; Kopelowitz Ostrow P.A.,6,20,"2036, 3090, 3108, 3114, 3115, 3127",ClassCounsel; Communications; LeadCounsel; Management; SettlementAdministration,merged,,,,,,,,,
A0062,Chris Hellums,Christopher Hellums,,,2,"Pittman, Dutton & Hellums; Pittman, Dutton & Hellums, P.C.; Lockridge Grindal Nauen PLLP; Pittman, Dutton, Kirby & Hellums",8,17,"1985, 2087, 2406, 2441, 2595, 2734, 2885, 3140",Communications; Coordination; Discovery; Expert; Fees; Management; Motions; Settlement,merged,,,,,,,,,
A0063,"Joe R. Whatley, Jr.",Joe Whatley,Joe R. Whatley Jr.,Joe R. Whatley,2,"Whatley Drake & Kallas; Whatley Drake, LLC; Whatley Drake & Kallas LLC; Whatley Drake and Kallas, LLC",11,13,"1658, 1811, 1928, 1938, 1960, 1997, 2020, 2068, 2199, 2406, 2415",ClassCounsel; LeadCounsel; Management; Settlement,merged,,,,,,,,,
A0064,Ben Gordon,Benjamin Gordon,,,2,"Levin Papantonio Thomas Mitchell Rafferty & Proctor, P.A.; Levin Papantonio, P.A.; Thomas, Mitchell, Eishner, Rafferty & Proctor PA; Levin Papantonio",8,17,"2047, 2197, 2244, 2406, 2441, 2666, 2740, 2775",Coordination; Expert; Fees; LeadCounsel; Management; Settlement,merged,,,,,,,,,
A0065,Bob Methvin,"Robert G. Methvin, Jr.",,,2,"McCallum Methvin & Terrell PC; Methvin, Terrell, Yancey, Stephens, & Miller, P.C.",3,3,"2406, 2595, 3148",Management; Settlement,merged,,,,,,,,,
A0066,Bryan Clobes,Bryan L. Clobes,Brian Clobes,,2,Cafferty Faucher LLP; Cafferty Clobes Meriwether & Sprengel LLP; Cafferty Clobes Meriwether & Sprengel LLP-IL,6,7,"1960, 1997, 2406, 2818, 2968, 3115",ClassCounsel; LeadCounsel; Management; Motions,merged,,,,,,,,,
A0067,Christopher Coffin,Christopher L. Coffin,Chris Coffin,,2,"Pendley, Baudin & Coffin, LLP; Pendley, Baudin & Coffin, L.L.P.; Pendley, Baudin &Coffin, L.L.P.",14,20,"2000, 1736, 1958, 2067, 2247, 2342, 2406, 2441, 2458, 2495, 2502, 2606, 2666, 2740",ClassCounsel; Communications; Coordination; Expert; Fees; LeadCounsel; Management,merged,,,,,,,,,
A0068,Garrett Blanchfield,Garett Blanchfield,"Garrett Blanchfield, Jr.",Garrett D. Blanchfield,2,"Reinhardt Wendorf & Blanchfield; Reinhardt, Wendorf, & Blanchfield",5,7,"1845, 2406, 2522, 2993, 3107",ClassCounsel; Communications; Management; Motions,merged,,,,,,,,,
A0069,Lawrence Jones,Larence Jones,"Lawrence L. Jones, II",,2,"Jones Ward; Jones Ward PLC; Jones, Ward; Bahe, Cook, Cantley & Jones, PLC",4,10,"1985, 2391, 2406, 2767",Communications; Expert; LeadCounsel; Management; Motions,merged,,,,,,,,,
A0070,Michael McGartland,Mike Mcgartland,,,2,"McGartland & Borchardt, LLP",3,4,"2406, 2441, 2775",Management; Motions; Settlement,merged,,,,,,,,,
A0071,Richard Ruoco,Richard Paul Rouco,,,2,"Whatley, Drake & Kallas, L.L.C.",2,2,"1865, 2406",Management; Motions,merged,,,,,,,,,
A0072,Wes Pittman,C. Wes Pittman,,,2,"Pittman & Perry, PA",2,2,"1985, 2406",Coordination; Discovery; Expert; Management; Motions; Settlement,merged,,,,,,,,,
A0073,M. Lambert,Palmer Lambert,M. Palmer Lambert,,2,"Gainsburgh, Benjamin, David, Meunier & Warshauer, L.L.C.; Gainsburgh, Benjamin; Gainsburgh Benjamin David Meunier & Warshauer, LLC",4,15,"2328, 2454, 2740, 2885",ClassCounsel; Communications; Management,merged,,,,,,,,,
A0074,Gabriel Assaad,Gabriel A. Assaad,Gabriel Asaad,,2,"Kennedy Hodges, LLP; McDonald Worley, PC; Kennedy Hodges; McDonald Worley",4,10,"2775, 2885, 2989, 3081",Expert; Management; Motions; Settlement,merged,,,,,,,,,
A0075,K. Lanier,Rachel Lanier,K. Rachel Lanier,,2,Lanier Law Firm; The Lanier Law Firm,2,9,"2885, 3036",LeadCounsel; Management; Vetting,merged,,,,,,,,,
A0076,Kenny Byrd,Kenneth S. Byrd,,,2,"Lieff, Cabraser, Heimann & Bernstein, LLP; LIEFF CABRASHER HEIMANN & BERNSTEIN, LLP; Lieff Cabraser",2,9,"2885, 3035",Management; Vetting,merged,,,,,,,,,
A0077,Michael Burns,Mike Burns,,,2,Mostyn Law Firm,1,6,2885,Communications; Management,merged,,,,,,,,,
A0078,Shelley Hutson,Shelly Hutson,,,2,"Clark, Love & Hutson, GP; Clark Love & Hutson; Johnson Becker",2,16,"2391, 2885",Fees; LeadCounsel; Management,merged,,,,,,,,,
A0079,Tom Pirtle,Thomas Pirtle,,,2,"Laminack, Pirtle & Martines, L.L.P.; Laminack, Pirtle & Martines",2,12,"2885, 3081",Expert; Management,merged,,,,,,,,,
A0080,W. Lanier,W. Mark Lanier,Mark Lanier,,2,The Lanier Law Firm; Lanier Law Firm; THE LANIER LAW FIRM; THE LANIER LAW FIRM PC,15,37,"1657, 1871, 1968, 2151, 2197, 2244, 2299, 2391, 2545, 2785, 2804, 2885, 2973, 3043, 3114",ClassCounsel; Communications; Coordination; Fees; LeadCounsel; Management; Trial,merged,,,,,,,,,
A0081,Mark Robinson,"Mark P. Robinson, Jr.","Mark Robinson, Jr.","Mark P. Robinson, Jr",2,"Robinson, Calcagnie & Robinson; Robinson Calcagnie, Inc.; Robinson Calcagnie Robinson Shapiro Davis Inc; Robinson Calcagnie Robinson Shapiro Davis, Inc.",13,25,"1657, 1699, 1905, 1909, 1953, 2100, 2151, 2197, 2243, 2299, 2342, 2543, 2885",Discovery; Fees; LeadCounsel; Management,merged,,,,,,,,,
A0082,Jeffrey Bowersox,Jeff Bowersox,Jeffrey A. Bowersox,,2,Bowersox Law Firm; Bowersox Law Firm P.C.; Bowersox Law Office,4,5,"2441, 2666, 2775, 3026",Management,merged,,,,,,,,,
A0083,Wendy Fleishman,Wendy R. Fleishman,Wendy Fleischman,,2,"Lieff, Cabraser, Heimann & Bernstein, LLP; Lieff Cabraser Heimann & Bernstein, LLP; Lieff, Cabraser, Heimann & Bernstein,LLP; Lief Cabraser",12,16,"1785, 1905, 2158, 2197, 2323, 2441, 2641, 2657, 2754, 2768, 2859, 3026",Fees; LeadCounsel; Management,merged,,,,,,,,,
A0084,Frank Pitre,Frank M. Pitre,Frank Mario Pitre,,2,"Cotchett Pitre & McCarthy LLP; Pitre Simon and McCarthy; Cotchett, Pitre & McCarthy",5,8,"1699, 1968, 2151, 2543, 2672",ClassCounsel; Discovery; LeadCounsel; Management; SettlementAdministration,merged,,,,,,,,,
A0085,Joseph Rice,Joe Rice,Joseph F. Rice,,2,"Motley Rice, LLC; Motley Rice LLC; Motley Rice LLC (SC)",13,29,"2179, 2187, 2326, 2327, 2387, 2440, 2502, 2543, 2672, 2777, 2804, 2873, 2996",ClassCounsel; Fees; LeadCounsel; Management; Settlement; SettlementAdministration,merged,,,,,,,,,
A0086,Lesley Weaver,Lesley Waver,,,2,"Block & Leviton LLP; Bleichmar, Fonti & Auld LLP; Bleichmar Fonti & Auld LLP; Green & Noblin, P.C.",6,8,"2437, 2672, 2777, 2796, 2843, 2905",ClassCounsel; LeadCounsel; Management; SettlementAdministration,merged,,,,,,,,,
A0087,Marc M. Seltzer,Marc Seltzer,Mark Seltzer,,2,"Susman Godfrey L.L.P.; Susman Godfrey, L.L.P.; Susman Godfrey L.L.P; Susman Godfrey LLP",5,10,"1891, 1957, 2151, 2543, 2668",ClassCounsel; Discovery; LeadCounsel; Management,merged,,,,,,,,,
A0088,Robert Hilliard,Robert Hillard,,,2,Hilliard Munoz Gonzales LLP,1,2,2543,LeadCounsel,merged,,,,,,,,,
A0089,Adam Moskowitz,Adam M. Moskowitz,Adam Moskowtiz,,2,"The Moskowitz Law Firm, PLLC; The Moskowitz Law Firm PLLC; Kozyak Tropin & Throckmorton",3,6,"2779, 2969, 3076",ClassCounsel; LeadCounsel; Management,merged,,,,,,,,,
A0090,Michael Critchley,Michael Critchley Sr.,Michael Critchiey Sr.,,2,"Critchley, Kinum & DeNoia, LLC; Critchley, Kinum & DeNoia LLC; CRITCHLEY, KINUM & LURIA, LLC; Critchley & Kinum",3,4,"2687, 2779, 3113",Management; Trial,merged,,,,,,,,,
A0091,Norman E. Siegel,Norman Siegel,Norman Eli Siegel,Norman E. Seigel,2,Stueve Siegel Hanson LLP; Stueve Siegel Hanson LLP - KCMO; Stueve Siegel Hanson Li.?; STUEVE SIEGEL HANSON LLP,15,29,"2086, 2522, 2567, 2583, 2789, 2800, 2879, 2904, 2915, 3019, 3073, 3083, 3098, 3108, 3115",ClassCounsel; Communications; LeadCounsel; Management; Settlement,merged,,,,,,,,,
A0092,Steven Silverman,Steve Silverman,,,2,"Silverman Thompson Slutkin & White, LLC; Kluger, Peretz, Kaplan & Berlin, P.L.",2,3,"1733, 2879",Communications; LeadCounsel,merged,,,,,,,,,
A0093,Jerrold Parker,Jerold Parker,Jerrold S. Parker,,2,"Parker, Waichman & Alonso; Parker & Waichman, LLP; Parker Waichman Alonso LLP; Parker, Waichman & Alonso, LLP",7,14,"1742, 1842, 1909, 2047, 2220, 2244, 2299",Management,merged,,,,,,,,,
A0094,Kenneth Seeger,Ken Seeger,,,2,"Seeger Salvas LLP; SEEGER o SALVAS LLP; SEEGER SALVAS, LLP; Seeger Salvas",2,5,"2197, 2244",Coordination; Expert; Fees; Management; Trial,merged,,,,,,,,,
A0095,Lawrence Gornick,Larry Gornick,,,2,"Levin, Simes, Kaiser & Gornick LLP; Kaiser Gornick LLP; KAISER GORNICK LLP; Levin, Simes, Kaiser & Gornick",4,10,"1909, 2197, 2244, 2545",Discovery; Fees; Management,merged,,,,,,,,,
A0096,Pete Kaufman,Peter Kaufman,,,2,"Panish Shea & Boyle; PANISH, SHEA & BOYLE LLP; Panish, Shea, Boyle, Ravipudi",3,8,"2197, 2244, 3140",Coordination; Expert; Fees,merged,,,,,,,,,
A0097,C. Vaughn,Brett Vaughn,C. Brett Vaughn,,2,"The Hollis Law Firm, P.A.; Hollis Law Firm; Nigh Goldenberg Raso & Vaughn, PLLC",3,4,"2846, 2875, 3029",Management,merged,,,,,,,,,
A0098,J. Nabers,Joseph Scott Nabers,,,2,"Nabers Law Firm; Blizzard, McCarthy & Nabers",2,2,"2458, 2875",Management,merged,,,,,,,,,
A0099,Jeff Gibson,Jeffrey Gibson,,,2,"Wagner Reese, LLP; COHEN & MALAD, LLP; Cohen & Malad, LLP",3,3,"2657, 2738, 2875",Management,merged,,,,,,,,,
A0100,Steven Babin,Steve Babin,,,2,"Babin Law, LLC",2,3,"2846, 2875",Management,merged,,,,,,,,,
A0101,John Fiske,John Fisk,,,2,Gomez Trial Attorneys,1,2,2391,Management,merged,,,,,,,,,
A0102,Diandra “Fu” Debrosse Zimmermann,Diandra “Fu” Debrosse Zimmerman,Diandra Zimmermann,Diandra Debrosse Zimmermann,2,Dicello Levitt Gutzler; DiCello Levitt; Zarzaur Mujumdar & Debrossee,5,9,"2775, 3004, 3026, 3047, 3094",LeadCounsel; Management,merged,,,,,,,,,
A0103,Gregory Hopper,Greg Hopper,,,2,"Bekman, Marder & Adkins",1,3,2775,Coordination; Management,merged,,,,,,,,,
A0104,Jean Martin,Jean S. Martin,Jean Sutton Martin,Juan R. Martinez,2,Morgan & Morgan; Law Office of Jean Sutton Martin; Morgan & Morgan Mass Tort Dept.,5,9,"2775, 2904, 3080, 3096, 3114",ClassCounsel; LeadCounsel; Management,merged,,,,,,,,,
A0105,James Reeves,Jim Reeves,,,2,"Reeves & Mestayer; Reeves & Mestayer, PLLC; Lumpkin & Reeves, PLLC",3,7,"2047, 2495, 2775",Coordination; Management,merged,,,,,,,,,
A0106,Matthew Sill,Matthew J. Sill,Matt Sill,,2,Fulmer Sill; Sill Law Group; Sill & Medley; the Sill Law Group,5,10,"2226, 2331, 2700, 3026, 3108",ClassCounsel; Communications; Coordination; LeadCounsel; Management,merged,,,,,,,,,
A0107,Christopher Tisi,Christopher V. Tisi,Chris Tisi,,2,"ASHCRAFT & GEREL, LLP; LEVIN, PAPANTONIO, THOMAS, MITCHELL, RAFFERTY, & PROCTOR, PA",4,7,"1657, 1909, 2545, 2738",Fees; Management,merged,,,,,,,,,
A0108,Michael Papantonio,Mike Papantonio,,,2,"Levin, Papantonio, et al.; LEVIN, PAPANTONIO, THOMAS, MITCHELL, RAFFERTY & PROCTOR, PA",2,6,"1953, 2545",Management,merged,,,,,,,,,
A0109,Christopher Ridout,Cristopher Ridout,,,2,Zimmerman Reed; Zimmerman Reed LLP,2,3,"2020, 2827",ClassCounsel; Discovery; Management; Settlement,merged,,,,,,,,,
A0110,W. Joseph Bruckner,,,,2,Lockridge Grindal Nauen P.L.L.P.; Lockridge Grindal Nauen PLLP; LOCKRIDGE GRINDAL NAUEN P.L.L.P.,5,9,"1775, 1942, 1996, 2796, 2993",ClassCounsel; LeadCounsel; Management,merged,,,,,,,,,
A0111,Daniel Lapinski,Daniel Lapinsky,,,2,"Wilentz, Goldman & Spitzer; Wilentz, Goldman aurd Spitzer; WILENTZ, GOLDMAN & SPITZER, P.A.; Wilentz, Goldman & Spitzcr, P.A.",4,7,"1953, 2272, 2738, 2789",Management,merged,,,,,,,,,
A0112,Tobias Millrood,Tobias L. Millrood,Mr. Tobias L. Millrood,Tobias Milrood,2,"Pogust, Braslow and Millrood; Pogust Braslow & Millrood LLC; Schiffrin & Barroway, LLP; Pogust Braslow & Millrood, LLC",5,7,"1708, 1909, 2272, 2657, 2974",LeadCounsel; Management,merged,,,,,,,,,
A0113,J. Rome,J. Liat Rome,,,2,Williams & Connolly LLP,1,4,2873,Coordination; Management,merged,,,,,,,,,
A0114,Larry Cohan,Lawrence J. Cohan,,,2,"Saltz Mongeluzzi & Bendesky, P.C.; Anapol Weiss; Anapol Schwartz Weiss Cohan Feldman & Smalley P.C.; Anapol Schwartz Weiss Cohan Feldmen & Smalley P.C.",2,7,"1763, 2873",LeadCounsel; Management; Settlement,merged,,,,,,,,,
A0115,Matt Edling,Matthew Edling,Matthew K. Edling,,2,"Sher Edling, LLP; Cotchett; Cotchett, Pitre, & McCarthy, LLP",3,4,"2017, 2624, 2873",Communications; LeadCounsel; Management,merged,,,,,,,,,
A0116,Steven Rotman,Steve Rotman,,,2,HAUSFELD,2,2,"2657, 2924",Management,merged,,,,,,,,,
A0117,Karen H. Riebel,Karen Riebel,Karen Hanson Riebel,Karen Ribel,2,Lockridge Grindal Nauen PLLP; Lockridge Grindal Nauen P.L.L.P.; Lockridge Grindal Nauen P.L.L.P; Lockridge Grindal Nauen LLP,11,30,"3083, 2359, 2522, 2583, 2586, 2595, 2752, 2800, 2833, 2915, 3108",ClassCounsel; Communications; Discovery; Expert; LeadCounsel; Management; Settlement,merged,,,,,,,,,
A0118,Steve Skikos,Steven Skikos,,,2,"Skikos, Crawford, Skikos, Joseph & Millican; SKIKOS, CRAWFORD, SKIKOS & JOSEPH LLP; Skikos, Crawford, Skikos and Joseph; Skikos, Crawford, Skikos, Joseph & Millican LLP",3,5,"1909, 2197, 2804",Communications; Fees; LeadCounsel; Management,merged,,,,,,,,,
A0119,C. Warriner,C. Calvin Warriner,Calvin Warriner,"Calvin Warriner, III",2,"Searcy Denney Scarola Barnhart & Shipley PA; Searcy Denney Scarola Barnhart & Shipley, PA; Searcy Denney Scarola Barnhart & Shipley",5,9,"2004, 2244, 2768, 2949, 3044",LeadCounsel; Management; SettlementAdministration,merged,,,,,,,,,
A0120,Timothy O'Brien,Timothy M. O’Brien,Timothy M. O'Brien,Tim O'Brien,2,"Levin, Papantonio, Thomas, Mitchell, Rafferty & Proctor, P .A.; Levin, Papantonio, Thomas, Mitchell, Echsner & Proctor, P.A.; Levin, Papantonio, Thomas, Mitchell, Rafferty & Proctor, P.A.; Levin, Papantino, Thomas, Mitchell, Rafferty & Proctor, P.A.",7,11,"1708, 1789, 2750, 2846, 2973, 3029, 3044",Fees; LeadCounsel; Management,merged,,,,,,,,,
A0121,Frederick Longer,Fred Longer,Frederick S. Longer,,2,"Levin Sedran & Berman LLP; Levin, Fishbein, Sedran & Berman",4,6,"2434, 2592, 2924, 3089",Management; Motions,merged,,,,,,,,,
A0122,Frederick Hovde,Fredrick Hovde,,,2,"Hovde Dassow & Deets, LLC; Hovde, Dassow + Deets, LLC",2,6,"2391, 2570",Communications; Coordination; Management,merged,,,,,,,,,
A0123,Peter Miller,Peter A. Miller,Pete Miller,,2,The Miller Law Firm; The Miller Firm LLC; Miller Dellafera PLC,3,6,"1968, 2391, 2767",Management,merged,,,,,,,,,
A0124,E. Kirk Wood,Kirk Wood,"E. Kirk Wood, Jr.",,2,"Wood Law Firm LLC; Wood Law Firm, LLC",3,4,"1985, 1998, 2595",Communications; Coordination; Discovery; Expert; Management; Motions; Settlement,merged,,,,,,,,,
A0125,Marc L. Godino,Mark Godino,,,2,Glancy Binkow and Goldberg LLP,2,3,"2357, 2904",LeadCounsel; Management,merged,,,,,,,,,
A0126,Matthew Schultz,Matt Schultz,Matthew D. Schultz,,2,"Levin, Papantonio, Thomas, Mitchell, Rafferty,

& Proctor, P.A.; Levin, Papantonio, Thomas, Mitchell, Rafferty & Proctor, P.A.; Levin Papantonio Thomas Mitchell Rafferty Proctor, PA; Levin, Papantonio, Rafferty, Proctor, Buchanan, O’Brien, Barr & Mougey, P.A.",6,9,"2570, 2641, 2695, 2816, 2886, 3051",Management; Settlement,merged,,,,,,,,,
A0127,"Michael
 Heaviside",Mike Heaviside,,,2,Heaviside Reed Zaic,2,7,"2502, 2570",LeadCounsel; Management,merged,,,,,,,,,
A0128,Jonathan Sedgh,Jonathan Sedge,,,2,"Weitz & Luxenberg, PC",2,4,"2570, 3037",Management,merged,,,,,,,,,
A0129,Rich Hood,Richard J. Hood,,,2,"The Hood Law Firm; Andrus Boudreaux, PLC",2,2,"2087, 2767",LeadCounsel; Management,merged,,,,,,,,,
A0130,Richard M. Paul III,Rick Paul,Richard Paul,RICK PAUL,2,"Paul LLP; Paul, LLP; Paul McInnes LLP",7,11,"2591, 2820, 2993, 3023, 3025, 3031, 3043",ClassCounsel; Communications; Management,merged,,,,,,,,,
A0131,Stephen A. Corr,Stephen Corr,Stephen A.Cor,,2,"Mellon, Webster & Shelly; Stark & Stark, P.C.; MELLON, WEBSTER & SHELLY",5,11,"1871, 1995, 2034, 2342, 2458",ClassCounsel; Communications; Fees; LeadCounsel; Management,merged,,,,,,,,,
A0132,Brian J. McCormick,"Brian McCormick, Jr.",,,2,"Sheller, P.C.; Sheller P.C.",2,5,"1871, 1943",Management,merged,,,,,,,,,
A0133,K. Bailey,K. Camp Bailey,Camp Bailey,,2,"Bailey Peavy Bailey, PLLC; Bailey Perrin Bailey",3,3,"1769, 1968, 2789",LeadCounsel; Management,merged,,,,,,,,,
A0134,Philip Sechler,Phillip Sechler,,,2,"Robbins, Russell, Englert, Orseck, Untereiner & Sauber LLP",1,2,2785,Communications,merged,,,,,,,,,
A0135,Jon Robinson,John Robinson,,,2,"Bolen Robinson & Ellis, LLP; Gordon & Rees, LLP",2,7,"2804, 2936",ClassCounsel; Management,merged,,,,,,,,,
A0136,John Smith,Jack Smith,,,2,Flaherty Sensabaugh Bonasso PLLC,1,2,2804,Management; Settlement,merged,,,,,,,,,
A0137,"H. Laddie Montague, Jr.",H. Laddie Montague,Laddie Montague,H. Montague,2,"Berger & Montague, P.C.; BERGER & MONTAGUE, P.C.; Berger & Montague, PC",8,11,"1768, 1782, 1935, 2173, 2270, 2437, 2567, 2687",ClassCounsel; Communications; LeadCounsel; Management,merged,,,,,,,,,
A0138,Richard Root,Rick Root,,,2,"MORRIS BART, LLC",1,2,2738,Management,merged,,,,,,,,,
A0139,W. Roger Smith,Roger Smith,,,2,"Beasley, Allen, Crow, Methvin, Portis & Miles, P.C.; Beasley Allen",3,6,"2434, 3043, 3140",Expert; Management; Vetting,merged,,,,,,,,,
A0140,Shelly Kaufman,Shelley Kaufman,,,2,Geragos and Geragos,1,2,2434,Management,merged,,,,,,,,,
A0141,Tom Bender,Thomas V. Bender,,,2,"Horn Aylward & Bandy, LLC; Walters Bender Strohbehn & Vaughan, P.C.; WALTERS BENDER STROHBEHN & VAUGHAN, P.C.; Horn, Aylward & Bandy, LLC",4,12,"1840, 1967, 2591, 2936",ClassCounsel; Communications; Discovery; Expert; LeadCounsel; Management; Motions,merged,,,,,,,,,
A0142,Michael Weinkowitz,Mike Weinkowitz,,,2,,3,7,"2385, 2592, 3047",Coordination; Management,merged,,,,,,,,,
A0143,Tor Hoerman,Tor Hoermann,,,2,"TOR HOERMAN LAW, LLC; Simmons Cooper LLC",3,5,"1909, 2385, 2452",Coordination; LeadCounsel; Management; Settlement,merged,,,,,,,,,
A0144,Stephen Susman,Steve Susman,,,2,Susman Godfrey LLP; Susman Godfrey L.L.P.,2,2,"2002, 2567",LeadCounsel,merged,,,,,,,,,
A0145,Paul Sizemore,J. Paul Sizemore,,,2,Giardi Keese,2,2,"1699, 1968",Management,merged,,,,,,,,,
A0146,Robert G. Germany,Bob Germany,,,2,"PITTMAN, GERMANY, ROBERTS & WELSH, L.L.P.; Pittman, Germany, Roberts & Welsh, LLP",2,2,"1760, 1789",Management,merged,,,,,,,,,
A0147,H. Blair Hahn,Blair Hahn,,,2,"Richardson, Patrick, Westbrook & Brickman, LLC; RICHARDSON, PATRICK, WESTBROOK, & BRICKMAN, LLC; Richardson, Patrick, Westbrook, & Brickman LLC",4,10,"1785, 1953, 2333, 2502",ClassCounsel; LeadCounsel; Management,merged,,,,,,,,,
A0148,Isaac Diel,Issac Diel,Isaac L. Diel,,2,Sharp Law LLP; Sharp McQueen PA,3,7,"1785, 2328, 2993",ClassCounsel; Management,merged,,,,,,,,,
A0149,James H. Welsh,James Walsh,,,2,McGuireWoods LLP,2,4,"1845, 2196",Communications; LeadCounsel,merged,,,,,,,,,
A0150,Matt Moreland,Matthew B. Moreland,,,2,,2,2,"1873, 2328",Management,merged,,,,,,,,,
A0151,Jeff S. Westerman,Jeff Westerman,Jeff S.Westerman,Jeffrey Westerman,2,Milberg LLP; Westerman Law Corp.; Milberg Weiss LLP,4,8,"1891, 2145, 2199, 2264",ClassCounsel; LeadCounsel; Management,merged,,,,,,,,,
A0152,Steven R. Maher,Steven Maher,Stephen Maher,,2,THE MAHER LAW FIRM; Maher Law Firm,3,3,"1935, 1938, 2100",LeadCounsel; Management,merged,,,,,,,,,
A0153,Theodore Babbitt,Ted Babbitt,,,2,"Babbitt, Johnson, Osborne & LeClainche, P.A.; Babbitt, Johnson, Osborne & LeClainche",1,2,1928,Communications; Management,merged,,,,,,,,,
A0154,Ron Goldman,Ronald L.M. Goldman,,,2,"Baum Hedlund, Aristei & Goldman, PC; Baum Hedlund Aristei & Goldman",2,4,"1953, 2085",Management,merged,,,,,,,,,
A0155,Andy Alonzo,Andy Alonso,,,2,"Parker & Wachman; Parker Waichman Alonso LLP; Parker Waichman & Alonso, LLP",3,5,"1953, 2051, 2068",LeadCounsel; Management,merged,,,,,,,,,
A0156,Erick Rosemond,G. Erick Rosemond,,,2,"Hissey Kientz, L.L.P.; Hissey Kientz, L.L.P",1,2,1968,Management,merged,,,,,,,,,
A0157,Salvador Antonetti-Zequira,Salvador J. Antonetti-Stutts,,,2,O’NEILL & BORGES,1,2,1960,Communications; Discovery; Management,merged,,,,,,,,,
A0158,Jeff Carton,Jeffrey I. Carton,,,2,Denlca & Carton LLP,2,2,"2023, 2491",LeadCounsel; Management,merged,,,,,,,,,
A0159,S. Thomas Weinner,Thomas Wienner,,,2,"Weinner & Gould, P.C.; Wienner & Gould, P.C.",1,2,2042,Management,merged,,,,,,,,,
A0160,Conlee Whiteley,Conlee S. Whiteley,Conlee Whitely,,2,"KANNER & WHITELEY, L.L.C.",2,3,"2107, 2924",ClassCounsel; Management,merged,,,,,,,,,
A0161,Thomas J.H. Brill,Tom Brill,Thomas H. Brill,Thomas Brill,2,Law Office of Thomas H. Brill,1,6,2328,ClassCounsel; Communications; LeadCounsel,merged,,,,,,,,,
A0162,Katie McElveen,Catherine H. McElveen,,,2,"Richardson, Patrick, Westbrook & Brickman, LLC; McCulley McCluer LLC",2,2,"2333, 2972",Communications; Management,merged,,,,,,,,,
A0163,Theodore J. Leopold,Ted Leopold,,,2,"COHEN MILSTEIN SELLERS & TOLL PLLC; Cohen Milstein Sellers & Toll, PLLC",1,2,2540,ClassCounsel; LeadCounsel,merged,,,,,,,,,
A0164,Benjamin F. Johns,Benjamin Johns,Ben Johns,,2,CHIMICLES & TIKELLIS LLP; Chimicles & Tikellis LLP,2,4,"2577, 3090",ClassCounsel; Management,merged,,,,,,,,,
A0165,Pete Albanis,"Panagiotis “Pete” V. Albanis, Esq.",Panagiotis V. Albanis,,2,"MORGAN AND MORGAN COMPLEX LITIGATION GROUP; Morgan & Morgan, PA; MORGAN & MORGAN",3,3,"2577, 2688, 3079",ClassCounsel; Management,merged,,,,,,,,,
A0166,Marlo Fischer,Marlo Fisher,,,2,Laminack Pirtle & Martines; LAMINACK PIRTLE & MARTINES,2,4,"2924, 3092",Management,merged,,,,,,,,,
A0167,Travis Griffith,Travis A. Griffith,Travis Griffth,,2,"Griffith Law Center, PLLC; GRIFFITH LAW CENTER, PLLC",1,6,2936,ClassCounsel; Discovery,merged,,,,,,,,,
A0168,Ann Callis,Anne Callis,,,2,Holland Law Firm,2,5,"2973, 3043",Coordination; Management,merged,,,,,,,,,
A0169,D. Nicole Guntner,D. Nicole Gunter,,,2,"Aylstock, Witkin, Kreis & Overholtz, PLLC; Aylstock, Witkin, Kreis & Overholtz PLLC",2,3,"2973, 3094",Management,merged,,,,,,,,,
A0170,Julia Merritt,Julia A. Merritt,Julia Merrit,,2,Beasley Allen; Chaffin Luhana,2,4,"3004, 3140",Management; Vetting,merged,,,,,,,,,
A0171,D. Aaron Rihn,Daniel Rihn,,,2,"Robert Peirce & Associates, P.C.; Robert Peirce & Associates",2,4,"3014, 3140",Communications; Coordination,merged,,,,,,,,,
A0172,Timothy Semenoro,Timothy Semenero,,,2,"Montgomery McCracken Walker & Rhoads LLP; Montgomery McCracken, Walker & Rhoads LLP",1,2,3028,LeadCounsel; Management,merged,,,,,,,,,
A0173,Steven Bloch,Steve Bloch,,,2,Silver Golub & Teitell LLP,2,3,"3025, 3144",ClassCounsel; Management,merged,,,,,,,,,
A0174,Sterling Aldridge,Sarah Sterling Aldridge,,,2,"Barrett Law Group, P.A.",3,6,"2993, 3031, 3032",ClassCounsel; LeadCounsel,merged,,,,,,,,,
A0175,Steve Nathan,Steven M. Nathan,Steven Nathan,,2,HAUSFELD LLP,3,3,"3055, 3074, 3090",ClassCounsel; Discovery; Management,merged,,,,,,,,,
A0176,Thomas Loeser,Tom Loeser,Thomas E Loeser,Thomas E. Loeser,2,Cotchett Pitre & McCarthy LLP; Hagens Berman Sobol Shapiro LLP,3,5,"3073, 3114, 3115",Management,merged,,,,,,,,,
A0177,Nicholas Colella,Nicholas A. Colella,Nicolas Colella,,2,"LYNCH CARPENTER, LLP",2,4,"3074, 3090",ClassCounsel; Communications; LeadCounsel; Management,merged,,,,,,,,,
A0178,Bill Carmody,William Christopher Carmody,,,2,Susman Godfrey LLP; SUSMAN GODFREY LLP,2,4,"3113, 3121",ClassCounsel; LeadCounsel,merged,,,,,,,,,
A0179,Arthur Sherman,,,,1,Sherman & Salkow,1,1,1836,Bellwether,high,,,,,,,,,
A0180,James Gray,,,,1,Venable LLP,1,1,1836,LeadCounsel,high,,,,,,,,,
A0181,Joseph M. Price,Joseph Price,,,1,FAEGRE & BENSON; Faegre & Benson,2,3,"1708, 1836",Communications,high,,,,,,,,,
A0182,Michael Brown,,,,1,Reed Smith,1,1,1836,LeadCounsel,high,,,,,,,,,
A0183,Peter Gross,,,,1,Faegre & Benson,1,1,1836,Communications,high,,,,,,,,,
A0184,Philip Pfaffly,,,,1,Chestnut & Cambronne,1,1,1836,Bellwether,high,,,,,,,,,
A0185,Scott Smith,,,,1,"Halleland, Lewis, Nilan, & Johnson; HALLELAND LEWIS NILAN SIPKINS & JOHNSON, P.A.",2,2,"1431, 1836",Communications; LeadCounsel; LocalCounsel,high,,,,,,,,,
A0186,Tara Sutton,,,,1,"Robins Kaplan LLP; Robins, Kaplan, Miller & Ciresi LLP; Robins Kaplan, LLP; Robins Kaplan Miller & Ceresi",5,7,"1836, 2197, 2606, 2734, 3140",Communications; Fees; LeadCounsel; Management; Motions; Settlement,high,,,,,,,,,
A0187,Tracy Van Steenburgh,Tracy J. Van Steenburgh,,,1,"Halleland Lewis Nilan & Johnson; Nilan Johnson Lewis PA; Halleland, Lewis, Nilan, & Johnson; HALLELAND LEWIS NILAN SIPKINS & JOHNSON, P.A.",3,6,"1431, 1836, 1943",Communications; LeadCounsel; LocalCounsel,high,,,,,,,,,
A0188,Michael Noonan,,,,1,Shaheen and Gordon,1,1,2566,Management,high,,,,,,,,,
A0189,R. Alexander Saveri,,,,1,Saveri & Saveri,1,1,2566,Management,high,,,,,,,,,
A0190,Ronald Dardeno,,,,1,"Law Office of Frank L. Dardeno, LLP",1,1,2566,Management,high,,,,,,,,,
A0191,William Baldiga,,,,1,Brown Rudnick,1,1,2566,Management,high,,,,,,,,,
A0192,William Coulthard,,,,1,"Kemp, Jones and Coulthard, LLP",1,1,2566,Management,high,,,,,,,,,
A0193,Andrea Bierstein,,,,1,"Hanly, Conroy, Bierstein, Sheridan, Fisher & Hayes LLP; Simmons Hanly Conroy; Hanly Conroy Bierstein & Sheridan LLP",2,6,"1570, 2244",Management; Motions,high,,,,,,,,,
A0194,Dennis Pantazis,Dennis G. Pantazis,,,1,"Wiggins, Childs, Quinn and Pantazis",3,4,"1570, 1845, 2406",ClassCounsel; Management; Settlement,high,,,,,,,,,
A0195,Elliot Feldman,Elliot R. Feldman,,,1,Cozen O'Connor; COZEN O’CONNOR,2,3,"1570, 3052",Management,high,,,,,,,,,
A0196,Harry Huge,,,,1,,1,1,1570,Management,high,,,,,,,,,
A0197,J. Tarbutton,,,,1,Cozen O'Connor,1,2,1570,Communications; Management,high,,,,,,,,,
A0198,J.D. Lee,,,,1,"Lee, Lee & Lee",1,1,1570,Management,high,,,,,,,,,
A0199,James Kreindler,James P. Kreindler,,,1,"Kreindler & Kreindler LLP; Kreindler & Kreindler; Kreindler & Kreindler, LLP/ Lipsitz, Green Scime Cambria, LLP",2,3,"1570, 2085",LeadCounsel; Management,high,,,,,,,,,
A0200,Jayne Conroy,,,,1,"Simmons Hanly Conroy; HANLY CONROY BIERSTEIN SHERIDAN FISHER & HAYES; Simmons Hanly Conroy, LLC; Hanly, Conroy, Bierstein, Sheridan, Fisher & Hayes LLP",18,29,"1570, 1909, 2151, 2187, 2197, 2244, 2299, 2326, 2331, 2342, 2502, 2591, 2672, 2782, 2804, 2996, 3047, 3080",ClassCounsel; Communications; Fees; Management; SettlementAdministration,high,,,,,,,,,
A0201,Jodi Flowers,,,,1,Motley Rice LLC,1,1,1570,Management,high,,,,,,,,,
A0202,Joshua Ambush,,,,1,,1,1,1570,Management,high,,,,,,,,,
A0203,Justin Green,Justin T. Green,,,1,"Kreindler & Kreindler LLP; Kreinder & Kreindler LLP; Kreindler & Kreindler; Kreindler & Kreindler, LLP/ Lipsitz, Green Scime Cambria, LLP",2,4,"1570, 2085",Communications; LeadCounsel; Management,high,,,,,,,,,
A0204,Marc Moller,,,,1,Kreinder & Kreindler LLP; Kreindler & Kreindler,1,2,1570,Management,high,,,,,,,,,
A0205,Mark Mullen,,,,1,Cozen O'Connor,1,1,1570,Management,high,,,,,,,,,
A0206,Richard Hailey,,,,1,Ramey & Hailey,1,1,1570,Management,high,,,,,,,,,
A0207,Ronald Motley,,,,1,Motley Rice; Motley Rice LLC,2,3,"1570, 1763",LeadCounsel; Management; Settlement,high,,,,,,,,,
A0208,Sean Carter,,,,1,Cozen O'Connor,1,2,1570,Management,high,,,,,,,,,
A0209,Stephen Cozen,,,,1,Cozen O'Connor,1,1,1570,Management,high,,,,,,,,,
A0210,David Casey,"David S. Casey, Jr",,,1,"Casey Gerry Schenk Francavilla Blatt & Penfield LLP; Casey, Gerry, Schenk, Francavilla, Blatt & Penfield LLP; Casey Gerry Francavilla Blatt LLP; Gerry, Schenk, Francavilla, Blatt & Penfield LLP",5,10,"2323, 2672, 2777, 2797, 3149",ClassCounsel; Communications; LeadCounsel; Management; SettlementAdministration,high,,,,,,,,,
A0211,Charles Zimmerman,Charles S. Zimmerman,,,1,"Zimmerman Reed PLLP; ZIMMERMAN REED; Zimmerman Reed LLP; Zimmerman Reed, PLLP",9,18,"1431, 1708, 1905, 1943, 1990, 2323, 2441, 2522, 2820",ClassCounsel; Communications; LeadCounsel; Management; Settlement,high,,,,,,,,,
A0212,David Cialkowski,David M. Cialkowski,,,1,"Zimmerman Reed, PLLP; Zimmerman Reed; Zimmerman Reed, LLP; Zimmerman Reed LLP",4,6,"2474, 2522, 2993, 3107",ClassCounsel; LeadCounsel; Management; Settlement,high,,,,,,,,,
A0213,J. Rudd,J. Gordon Rudd,"J. Gordon Rudd, Jr.",,1,"Zimmerman Reed PLLP; Zimmerman Reed, PLLP; Zimmerman Reed, LLP; Zimmerman Reed LLP",9,10,"2000, 1700, 1958, 2247, 2474, 2522, 2564, 2691, 2734",ClassCounsel; LeadCounsel; Management; Settlement,high,,,,,,,,,
A0214,Jeffrey Bores,,,,1,Chesnut Cambronne PA,1,1,2522,Settlement,high,,,,,,,,,
A0215,Karl Cambronne,"Karl
 Cambronne",,,1,Chesnut Cambronne PA,1,3,2522,LeadCounsel; Settlement,high,,,,,,,,,
A0216,Benjamin Meiselas,,,,1,"Geragos & Geragos, APC",1,1,2795,,high,,,,,,,,,
A0217,Brian Gunmundson,,,,1,Zimmerman Reed LLP,1,1,2795,,high,,,,,,,,,
A0218,Carolyn Anderson,,,,1,Zimmerman Reed LLP,1,1,2795,,high,,,,,,,,,
A0219,Daniel Hedlund,Daniel C. Hedlund,,,1,"Gustafson Glueck, PLLC; Gustafson Gluek PLLC.; Gustafson Gluek PLLC",4,9,"2406, 2795, 2817, 3107",LeadCounsel; Management; Motions,high,,,,,,,,,
A0220,François Blaudeau,,,,1,Henninger Garrison Davis LLC,1,1,2795,,high,,,,,,,,,
A0221,Hart Robinovitch,,,,1,Zimmerman Reed; Zimmerman Reed LLP,4,5,"2639, 2795, 2820, 2993",LeadCounsel; Management,high,,,,,,,,,
A0222,James McDonough,,,,1,Henninger Garrison Davis LLC,1,1,2795,,high,,,,,,,,,
A0223,Lori Feldman,,,,1,"Geragos & Geragos, APC; Levi & Korsinsky LLP",3,3,"2705, 2795, 3090",ClassCounsel; LeadCounsel; Management,high,,,,,,,,,
A0224,Mark J. Geragos,Mark Geragos,,,1,"Geragos & Geragos, APC; Geragos & Geragos APC; Geragos & Geragos",3,3,"2199, 2220, 2795",Management,high,,,,,,,,,
A0225,Michelle Looby,MICHELLE LOOBY,,,1,"Gustafson Glueck, PLLC; Gustafson Gluek PLLC; Gustafson Gluek PLLC.; GUSTAFSON GLUEK PLLC",5,12,"2795, 2817, 2886, 2993, 3031",ClassCounsel; Communications; LeadCounsel; Management; Settlement,high,,,,,,,,,
A0226,O'Mara Mark,,,,1,O’Mara Law Group,1,1,2795,,high,,,,,,,,,
A0227,Richard Hagstrom,,,,1,Hellmuth & Johnson PLLC,2,2,"2795, 2828",Management,high,,,,,,,,,
A0228,Roxanne Conlin,,,,1,"Roxanne Conlin and Associates; Roxanne Conlin &
Associates, LLC",2,3,"2672, 2795",ClassCounsel; Management; SettlementAdministration,high,,,,,,,,,
A0229,Charles E. Schaffer,Charles Schaffer,Charles E Schaffer,,1,"Levin Sedran & Berman LLP; Levin Sedran & Berman; Levin, Fishbein, Sedran & Berman; Levin Sendran & Berman LLP",17,38,"2000, 3083, 2223, 2263, 2320, 2359, 2382, 2514, 2827, 2828, 2873, 2887, 3014, 3050, 3056, 3108, 3114",ClassCounsel; Communications; Discovery; Expert; LeadCounsel; Management; Motions,high,,,,,,,,,
A0230,Eric Holland,Eric D. Holland,,,1,"The Simon Group; Holland Groves Schneller & Stolze; Holland Law Firm; Holland, Groves, Schneller & Stolze",7,11,"2263, 2320, 2359, 2382, 2434, 2474, 3043",ClassCounsel; Discovery; LeadCounsel; Management,high,,,,,,,,,
A0231,John R. Climaco,John Climaco,,,1,"Climaco, Wilcox, Peca, Tarantino & Garofoli Co., LPA; CLIMACO, LEFKOWITZ, PECA, WILCOX & GAROFOLI CO., L.P.A.; Climaco, Wilcox, Peca, Tarantino & Garofoli; Climaco, Lefkowitz, Peca, Wilcox & Garofoli Co., L.P.A.",12,15,"1431, 1708, 1968, 2066, 2199, 2220, 2223, 2244, 2263, 2320, 2382, 2391",ClassCounsel; Communications; LeadCounsel; Management,high,,,,,,,,,
A0232,John Simon,John G. Simon,,,1,"The Simon Group; Simon Law Firm, P.C.",2,2,"2382, 2562",Communications; LeadCounsel; Management,high,,,,,,,,,
A0233,Jordan Chaikin,Jordan L. Chaikin,,,1,"Parker Waichman, LLP; Chaikin Law Firm PLLC",8,8,"2000, 2263, 2320, 2333, 2382, 2495, 2514, 2688",ClassCounsel; Management,high,,,,,,,,,
A0234,Richard Arsenault,Richard J. Arsenault,,,1,"Neblett, Beard & Arsenault; NEBLETT BEARD & ARSENAULT; Neblett Beard & Arsenault; NEBLETT, BEARD & ARSENAULT",26,42,"1657, 1699, 1708, 1742, 1811, 1905, 1964, 2151, 2187, 2197, 2199, 2220, 2223, 2244, 2263, 2272, 2284, 2299, 2320, 2326, 2328, 2333, 2382, 2391, 2434, 2514",ClassCounsel; Communications; Discovery; LeadCounsel; Management; Settlement,high,,,,,,,,,
A0235,Barry Davidson,,,,1,"Hunton & Williams, LLP",1,1,2036,Communications,high,,,,,,,,,
A0236,Bruce Rogow,,,,1,"BRUCE S. ROGOW, P.A.; BRUCE S. ROGOW , P.A.; Bruce S. Rogow, P.A.",1,14,2036,ClassCounsel; LeadCounsel; SettlementAdministration,high,,,,,,,,,
A0237,Aaron  Podhurst,Aaron Podhurst,,,1,"PODHURST ORSECK P.A.; Podhurst Orseck, P.A.; PODHURST ORSECK , P.A .",2,15,"2036, 2406",ClassCounsel; LeadCounsel; Management; Settlement; SettlementAdministration,high,,,,,,,,,
A0238,Alan Stone,,,,1,"Milbank, Tweed, Hadley & McCoy LLP",1,1,2296,Management,high,,,,,,,,,
A0239,Andrew Entwistle,,,,1,Entwistle & Cappucci LLP,1,2,2296,Management,high,,,,,,,,,
A0240,Andrew Gordon,,,,1,"Paul, Weiss, Rifkind, Wharton &
Garrison LLP",1,1,2296,Management,high,,,,,,,,,
A0241,Andrew LeBlanc,,,,1,"Milbank, Tweed, Hadley & McCoy LLP",1,1,2296,Management,high,,,,,,,,,
A0242,Blake Hannafan,,,,1,"Hannafan & Hannafan, Ltd.",1,1,2296,Management,high,,,,,,,,,
A0243,D. Martin,,,,1,Ropes & Gray LLP,1,2,2296,Management,high,,,,,,,,,
A0244,Daniel Cantor,,,,1,O'Melveny & Myers LLP,1,2,2296,Management,high,,,,,,,,,
A0245,David Bohan,,,,1,Katten Muchin Rosenman LLP,1,2,2296,Management,high,,,,,,,,,
A0246,David Bradford,,,,1,Jenner & Block LLP,1,1,2296,Management,high,,,,,,,,,
A0247,David Dunn,,,,1,"Potter Stewart. Jr. Law Offices, P.C.",1,1,2296,Management,high,,,,,,,,,
A0248,David Neier,,,,1,Winston & Strawn LLP,1,1,2296,Management,high,,,,,,,,,
A0249,David Zensky,,,,1,Akin Gump Strauss Hauer & Feld LLP,1,1,2296,Management,high,,,,,,,,,
A0250,Elliot Moskowitz,,,,1,Davis Polk & Wardwell LLP,1,2,2296,Management,high,,,,,,,,,
A0251,Gregg Mashberg,,,,1,Proskauer Rose LLP,1,2,2296,Management,high,,,,,,,,,
A0252,Jay Teitelbaum,,,,1,"Teitelbaum & Baskin, LLP",1,1,2296,Management,high,,,,,,,,,
A0253,Joel Feuer,,,,1,"Gibson, Dunn & Crutcher LLP; Gibson Dunn & Crutcher LLP",1,2,2296,Management,high,,,,,,,,,
A0254,John McCambridge,,,,1,Grippo & Elden LLC,1,1,2296,Management,high,,,,,,,,,
A0255,Jonathan Polkes,,,,1,"Weil, Gotshal & Manges LLP",1,1,2296,Management,high,,,,,,,,,
A0256,Leonard Gail,,,,1,Massey & Gail LLP; FrankGecker LLP,1,2,2296,Management,high,,,,,,,,,
A0257,Mark Neubauer,,,,1,Steptoe & Johnson LLP,1,2,2296,Management,high,,,,,,,,,
A0258,MAtthew Fornshell,Matthew Fornshell,,,1,Ice Miller LLP,1,2,2296,Management,high,,,,,,,,,
A0259,Matthew Kipp,,,,1,"Skadden, Arps, Slate, Meagher & Flom LLP",1,1,2296,Management,high,,,,,,,,,
A0260,Michael D'Agostino,,,,1,Bingham McCutchen LLP,1,2,2296,Management,high,,,,,,,,,
A0261,Michael Dockterman,,,,1,Edwards Wildman Palmer LLP,1,1,2296,Management,high,,,,,,,,,
A0262,Michael Doluisio,,,,1,Dechert LLP,1,2,2296,Management,high,,,,,,,,,
A0263,Mitchell Hurley,,,,1,Akin Gump Strauss Hauer & Feld LLP,1,1,2296,Management,high,,,,,,,,,
A0264,P. Willet,,,,1,Bingham McCutchen LLP,1,2,2296,Management,high,,,,,,,,,
A0265,Phil Anker,,,,1,Wilmer Cutler Pickering Hale and Dorr LLP,1,1,2296,Management,high,,,,,,,,,
A0266,Richard Saldinger,,,,1,Shaw Gussis Fishman Glantz Wolfson & Towbin LLC,1,1,2296,Management,high,,,,,,,,,
A0267,Robert Lack,,,,1,Friedman Kaplan Seiler & Adelman LLP,1,1,2296,Management,high,,,,,,,,,
A0268,Roger Stetson,,,,1,Barack Ferrazanno Kirschbaum & Nagelberg LLP,1,1,2296,Management,high,,,,,,,,,
A0269,Seamus Duffy,,,,1,Drinker Biddle & Reath LLP,1,1,2296,Management,high,,,,,,,,,
A0270,Sheldon Solow,,,,1,Kaye Scholer LLP,1,1,2296,Management,high,,,,,,,,,
A0271,Stephen D'Amore,,,,1,Winston & Strawn LLP,1,1,2296,Management,high,,,,,,,,,
A0272,Stephen Ratner,,,,1,Proskauer Rose LLP,1,2,2296,Management,high,,,,,,,,,
A0273,Steven Florsheim,,,,1,"Sperling & Slater, P.C.",1,1,2296,Management,high,,,,,,,,,
A0274,Steven Schoenfeld,,,,1,Dorsey & Whitney LLP,1,2,2296,Management,high,,,,,,,,,
A0275,Alexander Robertson,,,,1,"Robertson & Associates, LLP; Robertson & Associates; Robertson & Associates LLP",2,5,"2743, 2779",ClassCounsel; LeadCounsel; Management; Settlement,high,,,,,,,,,
A0276,Daniel K. Bryson,Daniel Bryson,,,1,"Whitfield Bryson & Mason LLP; Whitfield Bryson & Mason, LLP; Whitfield Bryson & Mason; Whitfield Bryson, LLP",10,19,"1958, 2047, 2333, 2495, 2514, 2577, 2688, 2743, 2779, 2886",ClassCounsel; LeadCounsel; Management; Settlement,high,,,,,,,,,
A0277,Ethan Mark Preston,,,,1,Preston Law Offices,1,2,2295,ClassCounsel; LeadCounsel,high,,,,,,,,,
A0278,James Latturner,,,,1,"Edelman, Combs, Latturner & Goodwin; Edelman, Combs, Latturner & Goodwin, LLC",3,5,"2223, 2286, 2295",ClassCounsel; Communications; LeadCounsel,high,,,,,,,,,
A0279,Anthony Tarricone,,,,1,Kreindler & Kreindler LLP,3,5,"2323, 2428, 2657",Communications; Management,high,,,,,,,,,
A0280,Arnold Levin,,,,1,"Levin, Fishbein, Sedran & Berman; LEVIN, FISHBEIN, SEDRAN & BERMAN; Levin Fishbein Sedran & Berman",11,26,"1657, 1763, 1817, 2047, 2100, 2243, 2323, 2328, 2342, 2428, 2545",ClassCounsel; Communications; Discovery; Fees; LeadCounsel; Management; Settlement; SettlementAdministration,high,,,,,,,,,
A0281,Dana Klinges,,,,1,,1,2,2323,Communications,high,,,,,,,,,
A0282,David Langfitt,,,,1,Locks Law Firm,1,2,2323,Management,high,,,,,,,,,
A0283,David Rosen,,,,1,,1,2,2323,Management,high,,,,,,,,,
A0284,Dianne Nast,Dianne M. Nast,,,1,"Nast Law LLC; RODANAST; NastLaw LLC; Roda Nast, P.C.",25,44,"1431, 1730, 1871, 1905, 1997, 2034, 2068, 2187, 2226, 2299, 2323, 2326, 2342, 2406, 2434, 2436, 2441, 2458, 2502, 2543, 2545, 2592, 2724, 2819, 3080",ClassCounsel; Communications; Coordination; Discovery; Fees; LeadCounsel; Management; Motions,high,,,,,,,,,
A0285,Gene Locks,,,,1,Locks Law Firm,1,2,2323,Management,high,,,,,,,,,
A0286,Graham LippSmith,,,,1,Girardi Keese,1,2,2323,Management,high,,,,,,,,,
A0287,Jeannine Kenney,,,,1,Hausfeld LLP,2,3,"2323, 2724",Communications; Management,high,,,,,,,,,
A0288,Larry Coben,,,,1,Anapol Schwartz,1,2,2323,Management,high,,,,,,,,,
A0289,Michael Hausfeld,Michael D. Hausfeld,,,1,"Hausfeld LLP; Hausfeld, LLP; Cohen, Milstein, Hausfeld & Toll P.L.L.C.; Cohen, Milstein, Hausfeld & Toll, PLLC",13,30,"1682, 1768, 1775, 1935, 1942, 2002, 2196, 2221, 2323, 2406, 2656, 2672, 2925",ClassCounsel; Communications; LeadCounsel; Management; Settlement; SettlementAdministration,high,,,,,,,,,
A0290,Michael McGlamry,Michael L. McGlamry,,,1,"Pope, McGlamry, Kilpatrick, Morrison & Norwood; McGlamry, Kilpatrick, Morrison & Norwood; POPE McGLAMRY, P.C.",3,8,"2323, 2391, 2924",LeadCounsel; Management,high,,,,,,,,,
A0291,Ricardo Martinez-Cid,Ricardo M. Martinez-Cid,,,1,"Podhurst Orseck, P.A.; PODHURST ORSECK, P.A.",2,3,"2323, 2924",Management,high,,,,,,,,,
A0292,Richard Lewis,,,,1,Hausfeld LLP; Hausfeld; Hausefeld,5,10,"2047, 2323, 2441, 2666, 2873",Management; SettlementAdministration,high,,,,,,,,,
A0293,Sol Weiss,Sol H. Weiss,Mr. Sol Weiss,,1,"Anapol Schwartz; Anapol, Schwartz, Weiss, Cohan, Feldman and Smalley, P.C.; Anapol Weiss; Anapol, Schwartz, Weiss, Cohan, Felman and Smalley, PC",5,8,"1657, 1708, 1842, 2323, 2816",Communications; Coordination; LeadCounsel; Management,high,,,,,,,,,
A0294,Steven Marks,,,,1,"Podhurst Orseck, P.A.",2,3,"2323, 2626",Management; Trial,high,,,,,,,,,
A0295,Thomas Wagner,,,,1,,1,2,2323,Communications,high,,,,,,,,,
A0296,Derriel McCorvey,,,,1,"THE LAW OFFICE OF DERRIEL MCCORVEY; Law Office of Derriel C. McCorvey; McCorvey I.aw, LLC",4,7,"2323, 2391, 2545, 2789",Management,high,,,,,,,,,
A0297,Andre Mura,,,,1,Gibbs Law Group LLP,4,11,"2693, 2740, 2885, 3047",ClassCounsel; Management; Motions,high,,,,,,,,,
A0298,Eric Gibbs,Eric H. Gibbs,,,1,Girard Gibbs LLP; Gibbs Law Group LLP; GIRARD GIBBS LLP,6,15,"1914, 2086, 2617, 2661, 2693, 2800",ClassCounsel; LeadCounsel; Management,high,,,,,,,,,
A0299,Joseph Cotchett,Joseph W. Cotchett,,,1,"Cotchett, Pitre & McCarthy, LLP; Cotchett, Pitre & McCarthy",5,8,"1699, 1807, 1819, 2693, 2773",ClassCounsel; Communications; LeadCounsel; Management; Trial,high,,,,,,,,,
A0300,Zapala Zapala,,,,1,"Cotchett, Pitre & McCarthy, LLP",1,1,2693,ClassCounsel,high,,,,,,,,,
A0301,Joseph Siprut,,,,1,Siprut PC,1,1,2492,ClassCounsel; LeadCounsel,high,,,,,,,,,
A0302,Mark Zamora,,,,1,"The Orlando Firm, PC; Mark Zamora, Esq.; ZAMORA FIRM; Mark Zamora & Associates",5,5,"2087, 2226, 2419, 2492, 2767",Management,high,,,,,,,,,
A0303,Zimmerman,,,,1,"Zimmerman Reed, PLLP",1,1,2492,Management,high,,,,,,,,,
A0304,Douglas Dowd,,,,1,"Dowd & Dowd, P.C.,",1,1,2669,Communications,high,,,,,,,,,
A0305,Gary F. Lynch,Gary Lynch,,,1,"Lynch Carpenter, LLP; Lynch Carpenter LLP; Carlson Lynch Sweet & Kilpela, LLP; Carlson Lynch Sweet Kilpela & Carpenter, LLP",12,31,"3083, 1674, 2522, 2583, 2595, 2669, 2693, 2800, 2833, 2879, 3056, 3108",ClassCounsel; LeadCounsel; Management; Settlement,high,,,,,,,,,
A0306,John Driscoll,,,,1,"The Driscoll Firm, P.C.; The Driscoll
Firm, P.C.; THE DRISCOLL FIRM, P.C.",4,4,"2586, 2669, 2691, 2705",Coordination; LeadCounsel; Management,high,,,,,,,,,
A0307,John Eaves,,,,1,Eaves Law Firm,1,1,2669,Management,high,,,,,,,,,
A0308,Julian Hammond,,,,1,Hammondlaw P.C.,1,1,2669,Management,high,,,,,,,,,
A0309,Katrina Carroll,,,,1,"Lite DePalma Greenberg LLC; Lite DePalma Greenberg, LLC; CARLSON LYNCH LLP; Carlson Lynch, LLP",5,7,"2564, 2595, 2669, 2948, 3032",ClassCounsel; LeadCounsel; Management,high,,,,,,,,,
A0310,Richard Cassetta,,,,1,Bryan Cave LLP,1,1,2669,Communications,high,,,,,,,,,
A0311,Robert Atkins,,,,1,"Paul, Weiss, Rifkind &
Garrison, LLP",1,1,2669,LeadCounsel,high,,,,,,,,,
A0312,Nancy Fineman,,,,1,"Cotchett, Pitre & McCarthy, LLP",1,2,2627,LeadCounsel,high,,,,,,,,,
A0313,Niall McCarthy,,,,1,"Cotchett, Pitre & McCarthy, LLP; Cotchett, Pitre & McCarthy",3,3,"2627, 2743, 3040",ClassCounsel; LeadCounsel; Management,high,,,,,,,,,
A0314,Charles LaDuca,Charles J. LaDuca,Charles  LaDuca,,1,"Cuneo Gilbert & LaDuca, LLP; Cuneo, Gilbert & LaDuca, LLP; Cuneo Gilbert and LaDuca, LLP; Cuneo Gilbert & LaDuca LLP",12,17,"2000, 1817, 1958, 2098, 2238, 2247, 2359, 2551, 2555, 2695, 3032, 3108",ClassCounsel; Expert; LeadCounsel; Management,high,,,,,,,,,
A0315,Keith Fleischman,,,,1,Fleischman Law Firm PLLC,1,1,2555,Management,high,,,,,,,,,
A0316,Mark Knutson,,,,1,Finkelstein & Krinsk LLP,1,1,2555,Management,high,,,,,,,,,
A0317,Phillip Howard,,,,1,"Howard and Associates, P.A.",1,1,2555,Management,high,,,,,,,,,
A0318,Pierce Gore,,,,1,Pratt & Associates,1,1,2555,Management,high,,,,,,,,,
A0319,Robert Clifford,Robert A. Clifford,,,1,"Clifford Law Offices, P.C.; Clifford Law Offices; Clifford Law
Offices; Clifford Law Offices, P.C./ Colucci & Gallaher",4,9,"2085, 2555, 2705, 2817",Communications; LeadCounsel; Management,high,,,,,,,,,
A0320,Thomas Thrash,,,,1,Thrash Law Firm,1,1,2555,Management,high,,,,,,,,,
A0321,Von Terrell Reginald,,,,1,Terrell Law Group,1,1,2555,Management,high,,,,,,,,,
A0322,Lynn Toops,,,,1,Cohen & Malad LLP; Cohen & Malad,2,4,"2667, 3127",ClassCounsel; LeadCounsel; Management,high,,,,,,,,,
A0323,Richard Shevitz,,,,1,Cohen & Malad,1,1,2667,LeadCounsel,high,,,,,,,,,
A0324,Vess Miller,,,,1,Cohen & Malad,1,1,2667,LeadCounsel,high,,,,,,,,,
A0325,David Sorensen,David F. Sorensen,,,1,"Berger & Montague, P.C.; BERGER & MONTAGUE, PC; Berger Montague PC; BERGER & MONTAGUE, P.C.",9,18,"1730, 2084, 2332, 2409, 2460, 2516, 2580, 2724, 2819",ClassCounsel; Communications; LeadCounsel; Management; Settlement,high,,,,,,,,,
A0326,Heidi Silton,Heidi M. Silton,,,1,Lockridge Grindal Nauen P.L.L.P.; Lockridge Grindal Nauen PLLP; LOCKRIDGE GRINDAL NAUEN PLLP,5,9,"2724, 3107, 3110, 3113, 3148",LeadCounsel; Management,high,,,,,,,,,
A0327,Jayne Goldstein,Jayne A. Goldstein,,,1,"Shepherd Finkelman Miller & Shah, LLP; Miller Shah LLP; Shepherd, Finkelman, Miller & Shah, LLP; Pomerantz LLP",6,10,"2332, 2409, 2460, 2472, 2724, 2792",LeadCounsel; Management,high,,,,,,,,,
A0328,Linda Nussbaum,Linda P. Nussbaum,,,1,"Nussbaum Law Group; Nussbaum Law Group, P.C.; Grant & Eisenhofer P.A.; Nussbaum Law Group, PC",13,22,"1960, 2084, 2328, 2420, 2481, 2516, 2687, 2724, 2819, 2904, 3055, 3096, 3127",ClassCounsel; Discovery; LeadCounsel; Management,high,,,,,,,,,
A0329,Michael Boni,,,,1,"Boni & Zack LLC; Kohn, Swift & Graf, P.C.",2,4,"1566, 2724",LeadCounsel; Management,high,,,,,,,,,
A0330,Michael Buchman,Michael M. Buchman,,,1,Motley Rice LLC; Pomerantz Haudek Grossman & Gross LLP; MOTLEY RICE LLC; Motley Rice LLP,8,13,"2173, 2332, 2409, 2460, 2472, 2516, 2724, 2966",ClassCounsel; Communications; LeadCounsel; Management,high,,,,,,,,,
A0331,Michael Roberts,Michael L. Roberts,,,1,"Roberts Law Firm US, PC; Roberts Law Firm, P.A.",5,8,"2046, 2724, 2819, 3080, 3110",ClassCounsel; LeadCounsel; Management,high,,,,,,,,,
A0332,Roberta Liebenberg,Roberta D. Liebenberg,Roberta D Liebenberg,,1,"Fine, Kaplan and Black, R.P.C.; FINE KAPLAN & BLACK, R.P.C.; Fine Kaplan and Black, R.P.C.",7,15,"1957, 2724, 2850, 3014, 3055, 3094, 3107",ClassCounsel; Communications; LeadCounsel; Management; Motions; Settlement,high,,,,,,,,,
A0333,Steven Williams,Steven N. Williams,,,1,"Cotchett, Pitre & McCarthy, LLP; Cotchett; Cotchett, Pitre & McCarthy; Cotchet, Pitre & McCarthy",9,16,"1775, 1972, 2335, 2624, 2656, 2724, 2773, 2785, 3107",LeadCounsel; Management,high,,,,,,,,,
A0334,Thomas Sobol,Thomas M. Sobol,Mr. Thomas M. Sobol,,1,"Hagens Berman Sobol Shapiro LLP; HAGENS BERMAN SOBOL SHAPIRO LLP; Hagens Berman Sobol Shapiro, LLP; HAGENS, BERMAN SOBOL SHAPIRO LLP",15,30,"1657, 1708, 1730, 1938, 2067, 2332, 2343, 2409, 2419, 2460, 2516, 2724, 2819, 2836, 2878",Bellwether; ClassCounsel; Communications; Coordination; Fees; LeadCounsel; Management; Settlement; Trial,high,,,,,,,,,
A0335,Jonathan Cuneo,Jonathan W. Cuneo,,,1,"Cuneo Gilbert & LaDuca, LLP; Cuneo, Gilbert & LaDuca, LLP; Cuneo, Gilbert, & LaDuca, LLP",5,10,"1763, 2311, 2555, 2724, 2998",ClassCounsel; LeadCounsel; Management; Settlement,high,,,,,,,,,
A0336,Daniel Mason,,,,1,"Furth Salem Mason & Li, LLP",1,2,2724,Management,high,,,,,,,,,
A0337,Dena Sharp,Dena C. Sharp,,,1,"Girard Sharp LLP; Girard Gibbs LLp; Girard Gibbs LLP; Girard Sharp, LLP",6,11,"2724, 2819, 2966, 3014, 3107, 3113",ClassCounsel; LeadCounsel; Management,high,,,,,,,,,
A0338,Elizabeth Tipping,,,,1,"Neal & Harwell, PLC; Neal & Hardwell, PLC",1,2,2724,Management,high,,,,,,,,,
A0339,Francis Scarpulla,Francis O. Scarpulla,,,1,"Law Offices of Francis O. Scarpulla; The Law Firm of Francis R. Scarpulla; Zelle Hofmann Voelbel Mason & Gette, LLP",4,7,"1682, 1827, 1917, 2724",ClassCounsel; Communications; LeadCounsel; Management,high,,,,,,,,,
A0340,Joseph Saveri,Joseph R. Saveri,,,1,"Joseph Saveri Law Firm, Inc.; Joseph Saveri Law Firm, LLP",5,8,"2724, 2819, 2966, 2989, 3071",LeadCounsel; Management,high,,,,,,,,,
A0341,Robert N. Kaplan,Robert Kaplan,,,1,"Kaplan Fox & Kilsheimer LLP; Kaplan, Fox & Kilsheimer LLP; Kaplan Fox & Kilsheimer, LLP; KAPLAN FOX & KILSHEIMER LLP",10,23,"1682, 1775, 1972, 2328, 2508, 2583, 2656, 2724, 2819, 2931",ClassCounsel; Communications; LeadCounsel; Management; Settlement,high,,,,,,,,,
A0342,Roberts Michael,,,,1,"Roberts Law Firm, P.A.",1,4,2724,Management,high,,,,,,,,,
A0343,Chul Pak,,,,1,"Wilson Sonsini Goodrich & Rosati, PC",2,5,"2173, 2724",Communications,high,,,,,,,,,
A0344,Jan Levine,,,,1,Pepper Hamilton LLP,2,5,"2002, 2724",Communications,high,,,,,,,,,
A0345,Laura Shores,,,,1,Arnold & Porter Kaye Scholler LLP,1,2,2724,Communications,high,,,,,,,,,
A0346,Saul Morgenstern,,,,1,Arnold & Porter Kaye Scholler LLP,1,2,2724,Communications,high,,,,,,,,,
A0347,Sheron Korpus,,,,1,Kasowitz Benson Torres LLP,1,4,2724,Communications,high,,,,,,,,,
A0348,Adam Zapala,Adam J. Zapala,,,1,"Cotchett, Pitre & McCarthy, LLP; Cotchett, Pitre & McCarthy",4,8,"2656, 2724, 2993, 3107",LeadCounsel; Management,high,,,,,,,,,
A0349,Kendra Samson,,,,1,"Neal & Harwell, PLC; Neal & Hardwell, PLC",1,3,2724,Management,high,,,,,,,,,
A0350,Devora Allon,,,,1,Kirkland & Ellis LLP,1,3,2724,Communications,high,,,,,,,,,
A0351,Sarah Kirkpatrick,,,,1,Williams & Connolly LLP,1,3,2724,Communications,high,,,,,,,,,
A0352,Alison Tanchyk,,,,1,"Morgan, Lewis & Bockius, LLP",1,2,2724,Communications,high,,,,,,,,,
A0353,Ryan Becker,,,,1,Fox Rothschild LLP,1,2,2724,Communications,high,,,,,,,,,
A0354,Alioto Mario,,,,1,,1,2,1917,ClassCounsel; LeadCounsel; Settlement,high,,,,,,,,,
A0355,Guido Saveri,,,,1,"Saveri & Saveri, Inc",2,3,"1917, 2143",LeadCounsel; Management,high,,,,,,,,,
A0356,Bonsignore Robert,,,,1,,1,1,1917,ClassCounsel; LeadCounsel,high,,,,,,,,,
A0357,Theresa Moore,,,,1,,1,1,1917,LeadCounsel,high,,,,,,,,,
A0358,Krishna B. Narine,Krishna Narine,,,1,"Law Office of
Krishna B. Narine, P.C.; Law Office of Krishna B. Narine; LAW OFFICE OF KRISHNA B. NARINE",3,5,"1768, 1785, 2002",Communications; LeadCounsel; Management,high,,,,,,,,,
A0359,Jon Tostrud,,,,1,"Tostrud Law Group, P.C.",1,2,2724,Management,high,,,,,,,,,
A0360,Shawn Raiter,Shawn M. Raiter,,,1,"Larson · King, LLP; Larson • King, LLP; Larson King, LLP; Larson-King LLP",12,18,"2000, 1958, 2247, 2311, 2441, 2495, 2551, 2724, 2918, 2998, 3031, 3108",ClassCounsel; Communications; LeadCounsel; Management,high,,,,,,,,,
A0361,Adam Hakki,,,,1,Shearman & Sterling; Shearman & Sterling LLP,1,2,2704,Communications; LeadCounsel,high,,,,,,,,,
A0362,Julia Wood,,,,1,Paul Weiss,1,1,2704,Communications,high,,,,,,,,,
A0363,Kenneth Gallo,,,,1,Paul Weiss,1,1,2704,Communications,high,,,,,,,,,
A0364,Richard Schwed,,,,1,Shearman & Sterling,1,1,2704,Communications,high,,,,,,,,,
A0365,Joseph Sauder,Joseph G. Sauder,,,1,Chimicles & Tikellis LLP; CHIMICLES & TIKELLIS LLP,4,4,"2036, 2046, 2332, 2818",ClassCounsel; LeadCounsel; Management; SettlementAdministration,high,,,,,,,,,
A0366,Judy Scolnick,,,,1,"Scott Scott LLP; Scott + Scott, LLP",2,2,"2332, 2415",Management,high,,,,,,,,,
A0367,Kenneth Wexler,Kenneth A. Wexler,,,1,Wexler Wallace LLP; Wexler Toriseva Wallace LLP; THE WEXLER LAW FIRM LLP,10,12,"1730, 1745, 1850, 2034, 2242, 2332, 2409, 2460, 2591, 2966",ClassCounsel; LeadCounsel; Management; Settlement; SettlementAdministration,high,,,,,,,,,
A0368,Lawrence Papale,,,,1,Law Office of Lawrence G. Papale,1,1,2332,Management,high,,,,,,,,,
A0369,Lisa Rodriguez,Lisa J. Rodriguez,"Lisa J. Rodriguez, Esq.",,1,"Trujillo Rodriguez & Richards, LLC; Schnader Harrison Segal & Lewis LLP; SCHNADER HARRISON",6,7,"1658, 1850, 1914, 2332, 2472, 2687",Communications; Management,high,,,,,,,,,
A0370,Vincent Esades,Vincent J. Esades,,,1,"Heins Mills & Olson, PLC; Hems Mills & Olson, P.L.C.; Heins Mills & Olson, P.L.C.; Heins, Mills & Olson, PLC",8,10,"1960, 1999, 2221, 2328, 2332, 2514, 2522, 2583",ClassCounsel; LeadCounsel; Management; Settlement,high,,,,,,,,,
A0371,Jason Hartley,Jason S. Hartley,,,1,"Hartley LLP; Stueve Siegel Hanson LLP; Troutman Sanders, LLP",4,9,"2007, 2670, 2862, 3149",LeadCounsel; Management,high,,,,,,,,,
A0372,William Blechman,,,,1,"Kenny Nachwalter, P.A.; Kenny Nachwalter",4,5,"2196, 2670, 2724, 2925",Communications,high,,,,,,,,,
A0373,Bruce Simon,Bruce L. Simon,,,1,"Pearson, Simon, Warshaw & Penny, LLP; Pearson, Simon, Soter, Warshaw & Penny, LLP; Pearson, Simon, Warshaw and Penny; PEARSON, SIMON & WARSHAW, LLP",8,14,"1822, 1827, 1960, 1972, 1996, 2196, 2420, 2796",ClassCounsel; LeadCounsel; Management; Motions,high,,,,,,,,,
A0374,Judith Zahid,,,,1,ZELLE HOFMANN VOELBEL & MASON LLP,1,1,2420,Communications,high,,,,,,,,,
A0375,Saveri Richard,,,,1,"SAVERI & SAVERI, INC.",1,1,2420,LeadCounsel,high,,,,,,,,,
A0376,Tabacco Joseph,,,,1,BERMAN DEVALERIO,1,1,2420,LeadCounsel,high,,,,,,,,,
A0377,Daniel Owen,,,,1,Polsinelli PC,1,1,2420,Management,high,,,,,,,,,
A0378,Douglas Millen,,,,1,Freed Kanner London & Millen LLC,1,1,2420,Management,high,,,,,,,,,
A0379,Elizabeth Pritzker,Elizabeth C. Pritzker,,,1,"Pritzker Levine LLP; PRITZKER LAW; Pritzker Levine, LLP; Pritzker Levine",6,9,"2420, 2624, 2785, 2796, 2873, 3148",ClassCounsel; LeadCounsel; Management,high,,,,,,,,,
A0380,Jeffrey Gittleman,,,,1,"Barrack, Rodos & Bacine",1,1,2420,Management,high,,,,,,,,,
A0381,Susan G. Kupfer,Susan Kupfer,,,1,"Glancy Binkow & Goldberg LLP; Glancy, Binkow & Goldberg LLP",4,7,"1566, 1891, 2173, 2420",ClassCounsel; LeadCounsel; Management,high,,,,,,,,,
A0382,Hollis L. Salzman,Hollis Salzman,,,1,"Robins Kaplan LLP; Robins, Kaplan, Miller & Ciresi L.L.P.; Labaton Sucharow & Rudoff LLP; Labaton Sucharow LLP",9,15,"1745, 1775, 1942, 1960, 2196, 2284, 2328, 2668, 2867",ClassCounsel; LeadCounsel; Management,high,,,,,,,,,
A0383,Kimberly Justice,Kimberly A. Justice,,,1,"Freed Kanner London & Millen LLC; Kessler Topaz Meltzer & Check, LLP",5,11,"2796, 2842, 2867, 3107, 3110",LeadCounsel; Management,high,,,,,,,,,
A0384,Megan Jones,Megan E. Jones,,,1,Hausfeld LLP,5,15,"2406, 2862, 2867, 2879, 2948",ClassCounsel; Communications; LeadCounsel; Management; Settlement; SettlementAdministration,high,,,,,,,,,
A0385,Meegan Hollywood,,,,1,Robins Kaplan LLP,1,1,2867,Management,high,,,,,,,,,
A0386,Jeffrey Kodroff,Jeffrey L. Kodroff,,,1,"Spector Roseman & Kodroff, P.C.; SPECTOR ROSEMAN KODROFF & WILLIS, P.C.; Spector Roseman Kodroff & Willis, P.C.",5,5,"1745, 2046, 2184, 2445, 2472",ClassCounsel; Communications; LeadCounsel; Management,high,,,,,,,,,
A0387,Fred Isquith,Fred Taylor Isquith,,,1,Wolf Haldenstein Adler Freeman & Herz LLP; Wolf Haldenstein,2,2,"1997, 2542",Communications; Management,high,,,,,,,,,
A0388,Dennis Stewart,,,,1,Hulett Harper Stewart LLP,1,1,2626,Trial,high,,,,,,,,,
A0389,George Sampson,,,,1,Sampson Dunlap LLP,1,1,2626,Trial,high,,,,,,,,,
A0390,Alan Rashkind,,,,1,"Furniss, Davis, Rashkind, and Saunders PC",1,1,2836,LocalCounsel,high,,,,,,,,,
A0391,Buchman Michael,,,,1,Motley Rice LLC,1,2,2836,ClassCounsel; LeadCounsel,high,,,,,,,,,
A0392,Craig Reilly,,,,1,The Law Office of Craig C. Reilly,1,1,2836,LocalCounsel,high,,,,,,,,,
A0393,James Cales,,,,1,"Furniss, Davis, Rashkind, and Saunders PC",1,1,2836,LocalCounsel,high,,,,,,,,,
A0394,James Fee,,,,1,Morgan Lewis and Bockius LLP,1,1,2836,LocalCounsel,high,,,,,,,,,
A0395,Kristen A. Johnson,Kristen Johnson,,,1,Hagens Berman Sobol Shapiro LLP,4,20,"3083, 2819, 2836, 2878",ClassCounsel; Communications; Coordination; LeadCounsel; Management; Settlement,high,,,,,,,,,
A0396,Marvin Miller,Marvin A. Miller,,,1,"Miller Law LLC; Marvin Law LLC; MILLER LAW LLC; Miller Law, LLC",8,16,"1996, 1997, 2196, 2460, 2472, 2516, 2687, 2836",ClassCounsel; Communications; LeadCounsel; Management,high,,,,,,,,,
A0397,Scott Perwin,,,,1,Kenny Nachwalter PA,2,2,"2332, 2836",LeadCounsel; Settlement,high,,,,,,,,,
A0398,Stephen Noona,,,,1,"Kaufman and Canoles, PC",1,1,2836,LocalCounsel,high,,,,,,,,,
A0399,Steven Reed,,,,1,"Morgan Lewis and Bockius LLP; Morgan Lewis & Bockius LLP; Morgan, Lewis & Bockius LLP",2,4,"2804, 2836",LeadCounsel; Management; Settlement,high,,,,,,,,,
A0400,William Monroe,,,,1,Glasser and Glasser PLC,1,1,2836,LocalCounsel; Management,high,,,,,,,,,
A0401,Jay Lefkowitz,,,,1,Kirkland & Ellis LLP,1,1,2836,LeadCounsel,high,,,,,,,,,
A0402,Larson,,,,1,Stoll Stoll Berne Lokting & Shlachter P.C.,1,1,2633,Communications,high,,,,,,,,,
A0403,Ari Scharg,,,,1,EDELSON PC; Edelson PC,2,3,"2595, 2633",Management,high,,,,,,,,,
A0404,Chase Alvord,,,,1,Tousley Brain Stephens PLLC; TOUSLEY BRAIN STEPHENS PLLC,1,2,2633,LeadCounsel,high,,,,,,,,,
A0405,Christopher Brain,,,,1,Tousley Brain Stephens PLLC; TOUSLEY BRAIN STEPHENS PLLC,1,2,2633,LeadCounsel,high,,,,,,,,,
A0406,James Pizzirusso,James J. Pizzirusso,,,1,"Hausfeld LLP; HAUSFELD LLP; Hausfeld, LLP - DC; Hausfeld, LLP",14,25,"1982, 2522, 2583, 2633, 2800, 2879, 2904, 3019, 3056, 3073, 3083, 3096, 3127, 3149",ClassCounsel; Communications; LeadCounsel; Management; Motions,high,,,,,,,,,
A0407,Jason Dennett,,,,1,Tousley Brain Stephens PLLC; TOUSLEY BRAIN STEPHENS PLLC,2,4,"2633, 2904",LeadCounsel; Management,high,,,,,,,,,
A0408,Keith Dubanevich,Keith S. Dubanevich,,,1,Stoll Stoll Berne Lokting & Shlachter P.C.; STOLL STOLL BERNE LOKTING & SHLACHTER P.C.; GARVEY SCHUBERT & BARER,2,3,"1960, 2633",Communications; Management,high,,,,,,,,,
A0409,Kim Stephens,,,,1,Tousley Brain Stephens PLLC; TOUSLEY BRAIN STEPHENS PLLC,1,2,2633,LeadCounsel; Management,high,,,,,,,,,
A0410,Mark Friel,,,,1,Stoll Stoll Berne Lokting & Shlachter P.C.; STOLL STOLL BERNE LOKTING & SHLACHTER P.C.,1,2,2633,Communications,high,,,,,,,,,
A0411,Tina Wolfson,,,,1,"Ahdoot & Wolfson, PC; Ahdoot & Wolfson, P.C.; AHDOOT AND WOLFSON, PC; Adhoot & Wolfson, P.C.",11,13,"2583, 2588, 2633, 2664, 2827, 2904, 2905, 2951, 3096, 3107, 3148",ClassCounsel; Discovery; LeadCounsel; Management,high,,,,,,,,,
A0412,Arthur Leahy,,,,1,Coughlin Stoia Geller Rudman & Robbins LLP,1,1,1916,LeadCounsel,high,,,,,,,,,
A0413,Stuart Cohen,,,,1,"Cohn Placitella & Roth, P.C.",1,1,1916,LeadCounsel,high,,,,,,,,,
A0414,David Allen,,,,1,COHEN & MALLAD; Cohen & Malad,3,5,"2187, 2326, 2440",Management,high,,,,,,,,,
A0415,Erik Walker,,,,1,"Hissey Kientz, LLP; HISSEY KIENTZ, L.L.P.",3,3,"2187, 2440, 2642",Management,high,,,,,,,,,
A0416,Hunter Shkolnik,Hunter J. Shkolnik,Mr. Hunter J. Shkolnik,Hunter S. Shkolnik,1,"Napoli Shkolnik PLLC; Napoli Bern Ripka Shkolnik, LLP; Rheingold, Valet, Rheingold, Shkolnik & McCartney LLP; Napoli Bern",23,40,"1708, 1905, 1964, 2066, 2151, 2187, 2199, 2220, 2244, 2272, 2326, 2385, 2440, 2452, 2677, 2738, 2740, 2750, 2754, 2804, 2873, 3080, 3121",Communications; LeadCounsel; Management; Settlement; SettlementAdministration,high,,,,,,,,,
A0417,Jerry Parker,,,,1,Parker Waichman; PARKER WAICHMAN; PARKER WAICHMAN LLP,3,5,"2187, 2326, 2440",Management,high,,,,,,,,,
A0418,John Foley,,,,1,Simmons Browder Gianaris Angelides & Barnerd LLC,2,2,"2187, 2440",Management,high,,,,,,,,,
A0419,Karen Beyea-Schroeder,,,,1,"Burnett Law Firm; FLEMING, NOLEN & JEZ, L.L.P.; Fleming & Associates; Bumett Law Firm",5,17,"2187, 2272, 2440, 2782, 2885",Management,high,,,,,,,,,
A0420,Lisa Gorshe,Lisa Ann Gorshe,,,1,"Johnson Becker, PLLC; JOHNSON BECKER, PLLC; Johnson Becker PLLC",5,6,"2187, 2440, 2502, 2691, 3014",Management; Settlement,high,,,,,,,,,
A0421,Stacy Hauer,Stacy K. Hauer,Stacy K Hauer,,1,"Johnson Becker; JOHNSON BECKER; Zimmerman Reed; Johnson Becker, PLLC",8,12,"1968, 2187, 2326, 2391, 2440, 2973, 3037, 3094",LeadCounsel; Management,high,,,,,,,,,
A0422,"A.
 Jones",,,,1,"Hawkins, Parnell, Thackston & Young, LLP",1,1,2440,Communications,high,,,,,,,,,
A0423,Douglas King,,,,1,,1,1,2440,LeadCounsel,high,,,,,,,,,
A0424,Jennifer Schuster,,,,1,,1,1,2440,LeadCounsel,high,,,,,,,,,
A0425,Martin Crump,Martin D. Crump,,,1,"Davis & Crump; DAVIS & CRUMP; Davis & Crump, P.C.; DAVIS CRUMP, PC",11,15,"2087, 2187, 2226, 2326, 2331, 2440, 2502, 2545, 2666, 2691, 2767",LeadCounsel; Management,high,,,,,,,,,
A0426,Alyson Oliver,Alyson L. Oliver,,,1,OLIVER LAW GROUP; Kresch Oliver; Oliver Law Group PC; Oliver Law Group,7,10,"2187, 2272, 2326, 2333, 2875, 3014, 3083",Fees; Management,high,,,,,,,,,
A0427,Amiee Wagstaff,,,,1,ANDRUS HOOD & WAGSTAFF,2,3,"2187, 2326",Management,high,,,,,,,,,
A0428,Amy Eskin,,,,1,Hersh & Hersh; HERSH & HERSH; Schneider Wallace Cottrell Konecky LLP; Levin Simes,6,10,"2187, 2325, 2326, 2327, 2657, 3004",Coordination; LeadCounsel; Management,high,,,,,,,,,
A0429,Bill Robins,Bill  Robins,,,1,"HEARD ROBINS CLOUD & BLACK; HEARD ROBINS CLOUD LLP; HEARD ROBINS CLOUD & BLACK LLP; Heard, Robins, Cloud & Black LLP",5,9,"1871, 2187, 2326, 2545, 2642",Fees; LeadCounsel; Management,high,,,,,,,,,
A0430,Carl Frankovitch,Carl N. Frankovitch,,,1,"Frankovitch, Anetakis, Colantonio & Simon; FRANKOVITCH ANETAKIS COLANTONIO & SIMON",6,16,"1968, 2187, 2326, 2327, 2387, 2440",Communications; Fees; LeadCounsel; Management,high,,,,,,,,,
A0431,Clayton Clark,,,,1,"Clark, Love & Hutson, GP; CLARK LOVE & HUTSON; Clark, Love & Hutson, G.P.",8,23,"2187, 2326, 2327, 2385, 2387, 2440, 2591, 2885",Fees; LeadCounsel; Management; Settlement,high,,,,,,,,,
A0432,Derek Potts,Derek H. Potts,,,1,"The Potts Law Firm, LLP; THE POTTS LAW FIRM; The Potts Law Firm; the Potts Law Firm",7,10,"1842, 2004, 2187, 2326, 2327, 2511, 2968",Communications; LeadCounsel; Management,high,,,,,,,,,
A0433,Edward Wallace,Edward A. Wallace,,,1,WEXLER WALLACE; Wexler Wallace LLP,6,8,"1842, 2187, 2326, 2575, 2688, 2974",ClassCounsel; Communications; Management,high,,,,,,,,,
A0434,Eric Chaffin,,,,1,CHAFFIN LUHANA; CHAFFIN LUHANA LLP; Bernstein Liebhard LLP,3,4,"2051, 2187, 2326",Coordination; Management,high,,,,,,,,,
A0435,Erin Copeland,Erin K. Copeland,Erin K Copeland,,1,"FIBICH HAMPTON LEEBRON BRIGGS & JOSEPHSON; FIBICH, LEEBRON, COPELAND & BRIGGS; Fibich, Leebron, Copeland & Briggs; FIB!CH HAMPTON LEEBRON BRIGGS & JOSEPHSON",6,11,"2187, 2326, 2385, 2809, 2974, 3092",Coordination; LeadCounsel; Management,high,,,,,,,,,
A0436,Fidelma Fitzpatrick,,,,1,MOTLEY RICE; Motley Rice,4,5,"2187, 2325, 2326, 2974",LeadCounsel; Management,high,,,,,,,,,
A0437,Fred Thompson,"Fred Thompson, III",,,1,"Motley Rice LLC; Motley Rice, LLC; Fred; MOTLEY RICE",11,20,"1871, 1905, 1928, 1968, 2087, 2187, 2243, 2326, 2327, 2434, 2873",Communications; Coordination; LeadCounsel; Management,high,,,,,,,,,
A0438,Harry Bell,"Harry F. Bell, Jr.",,,1,"The Bell Law Firm PLLC; THE BELL LAW FIRM; The Bell Law Firm, PLLC; Bell & Bands PLLC",5,9,"1968, 2187, 2325, 2326, 2327",Communications; LeadCounsel; Management,high,,,,,,,,,
A0439,Henry Garrard,,,,1,"Blasingame, Burch, Garrard & Ashley, PC; Blasingame, Burch, Garrard & Ashley, P.C.; BLASINGAME BURCH GARRARD & ASHLEY",7,20,"2187, 2326, 2327, 2387, 2440, 2782, 2885",Communications; Coordination; Fees; LeadCounsel; Management,high,,,,,,,,,
A0440,Josh Wages,,,,1,BLASINGAME BURCH GARRARD & ASHLEY,2,3,"2187, 2326",Management,high,,,,,,,,,
A0441,Karen Menzies,Karen Barth Menzies,,,1,"Gibbs Law Group LLP; ROBINSON CALCAGNIE ROBINSON SHAPIRO DAVIS; Robinson, Calcagnie, & Robinson; Robinson Calcagnie Robinson Shapiro Davis, Inc.",5,10,"1871, 2187, 2326, 2458, 2740",LeadCounsel; Management,high,,,,,,,,,
A0442,Kim Wilson,,,,1,LEWIS & ROBERTS,2,3,"2187, 2326",Management,high,,,,,,,,,
A0443,Lee Balefsky,,,,1,KLINE & SPECTER,2,3,"2187, 2326",Management,high,,,,,,,,,
A0444,Leigh O'Dell,,,,1,BEASLEY ALLEN CROW METHVIN PORTIS & MILES,2,3,"2187, 2326",Management,high,,,,,,,,,
A0445,Lisa Blue,,,,1,,2,3,"2187, 2326",Management,high,,,,,,,,,
A0446,Mark Mueller,,,,1,MUELLER LAW; Mueller Law PLLC,3,4,"2187, 2326, 2387",LeadCounsel; Management,high,,,,,,,,,
A0447,Michael Goetz,,,,1,"MORGAN & MORGAN; Morgan & Morgan; MORGAN & MORGAN, P.A.; Morgan & Morgan, P.A.",8,11,"1985, 2187, 2326, 2385, 2452, 2592, 2606, 2848",Discovery; Expert; Fees; LeadCounsel; Management,high,,,,,,,,,
A0448,Michelle Parfitt,Michelle A. Parfitt,,,1,"ASHCRAFT & GEREL; Ashcraft & Gerel LLP; Ashcraft & Gerel; ASHCRAFT & GEREL, LLP",9,13,"1742, 1789, 1909, 2187, 2326, 2385, 2428, 2738, 2974",LeadCounsel; Management,high,,,,,,,,,
A0449,Norwood Wilner,,,,1,"WILNER HARTLEY & METCALF; Wilner Hartley & Metcalf, P.A.",1,2,2187,Management,high,,,,,,,,,
A0450,Paul Farrell,,,,1,"Greene, Ketchum, Bailey, Walker, Farrell & Tweel; GREENE KETCHUM BAILEY WALKER FARRELL & TWEEL; Greene, Ketchum, Bailey, Walker, Farrell & Twee!; Greene, Ketchum, Bailey, Walker, Farrell, & Tweel",5,10,"2187, 2325, 2326, 2327, 2804",Communications; Fees; LeadCounsel; Management,high,,,,,,,,,
A0451,Rachel Abrams,Rachel B. Abrams,,,1,"LEVIN SIMES; Levin Simes LLP; LEVIN SIMES, LLP; Hersh and Hersh",8,11,"1871, 2187, 2326, 2434, 2441, 2545, 2666, 3084",Coordination; LeadCounsel; Management,high,,,,,,,,,
A0452,Renee Baggett,,,,1,"Aylstock Witkin Kreis & Overholtz; AYLSTOCK WITKIN KREIS & OVERHOLTZ; Aylstock Witkin Kreis & Overholtz, PLLC",5,12,"2187, 2326, 2327, 2387, 2440",Fees; LeadCounsel; Management,high,,,,,,,,,
A0453,Riley Burnett,"Riley L. Burnett, Jr.",,,1,"Burnett Law Firm; LAW OFFICES OF RILEY L. BURNETT, JR.",8,20,"2004, 2187, 2326, 2327, 2387, 2440, 2511, 2885",Fees; LeadCounsel; Management,high,,,,,,,,,
A0454,Robert Price,,,,1,"LEVIN PAPANTONIO THOMAS MITCHELL RAFFERTY & PROCTOR; Levin, Papantonio, Thomas,",3,4,"2187, 2326, 2753",Management,high,,,,,,,,,
A0455,Robert Salim,,,,1,"LAW OFFICES OF ROBERT L. SALIM; Salim-Beasley, LLC",4,6,"2187, 2326, 2387, 2418",Communications; LeadCounsel; Management,high,,,,,,,,,
A0456,Scott Love,Scott A. Love,,,1,"CLARK LOVE & HUTSON; Fleming & Associates, LLP; Fleming & Associates, L.L.P.",3,5,"1928, 2187, 2326",LeadCounsel; Management,high,,,,,,,,,
A0457,Tim Goss,,,,1,Tim. K. Goss; FREESE & GOSS; Freese & Goss,4,10,"1871, 2187, 2326, 2570",Management; SettlementAdministration,high,,,,,,,,,
A0458,Todd Harvey,,,,1,"Burke Harvey & Frankowski, LLC; Burke Harvey, LLC",3,4,"2187, 2326, 2753",Management,high,,,,,,,,,
A0459,Victoria Maniatis,,,,1,"SANDERS VIENER GROSSMAN; Sanders Phillips Grossman, LLP; Sanders, Phillips, Grossman, LLC; Sanders, Wiener, Grossman, LLP",5,7,"2187, 2243, 2326, 2606, 2738",Fees; Management,high,,,,,,,,,
A0460,Yvonne Flaherty,Yvonne M. Flaherty,,,1,Lockridge Grindal Nauen; LOCKRIDGE GRINDAL NAUEN; LOCKRIDGE GRINDAL NAUEN P.L.L.P.; LOCKRIDGE GRINDAL NAUEN PLLP,15,26,"1943, 1964, 2187, 2326, 2327, 2387, 2434, 2440, 2441, 2545, 2642, 2691, 2741, 2809, 3079",Communications; Fees; Management,high,,,,,,,,,
A0461,Zonles Joe,,,,1,REILLY POZNER,1,1,2187,Management,high,,,,,,,,,
A0462,A. Eiland,,,,1,"The Law Offices of A. Craig Eiland, P.C.",1,1,2709,ClassCounsel; Settlement,high,,,,,,,,,
A0463,Allan Kanner,,,,1,"Kanner & Whiteley, L.L.C.; Kanner & Whiteley, LLC",2,4,"2107, 2709",ClassCounsel; LeadCounsel; Settlement,high,,,,,,,,,
A0464,Brian Ku,,,,1,"Ku & Mussman, P.A.",1,1,2709,ClassCounsel; Settlement,high,,,,,,,,,
A0465,Cynthia St. Amant,,,,1,"Kanner & Whiteley, LLC",1,1,2709,ClassCounsel; LeadCounsel; Settlement,high,,,,,,,,,
A0466,David Futscher,,,,1,Futscher Law PLLC,1,1,2709,ClassCounsel; Settlement,high,,,,,,,,,
A0467,Esther Berezofsky,Esther E. Berezofsky,,,1,"Williams Cuker Berezofsky; Motley Rice, LLC",4,4,"2197, 2606, 2709, 2921",ClassCounsel; Management; Settlement,high,,,,,,,,,
A0468,Gerald Clark,,,,1,"Clark Law Firm, P.C.",1,1,2709,ClassCounsel; Settlement,high,,,,,,,,,
A0469,Gillian Wade,,,,1,"Milstein, Jackson, Fairchild & Wade, LLP; Milstein Jackson Fairchild & Wade; Milstein Adelman LLP",4,5,"2107, 2199, 2709, 2741",ClassCounsel; Management; Settlement,high,,,,,,,,,
A0470,Jed Chronic,,,,1,"Maschka, Riedy, Ries & Frentz Law Firm",1,1,2709,ClassCounsel; Settlement,high,,,,,,,,,
A0471,John Zuccarini,,,,1,Law Offices of John P. Zuccarini,1,1,2709,ClassCounsel; Settlement,high,,,,,,,,,
A0472,Kenneth B. McClain,Kenneth McClain,,,1,"Humphrey Farrington & McClain, P.C.; HUMPHREY FARRINGTON & McCLAIN",2,6,"2709, 3052",ClassCounsel; Communications; Management; Settlement,high,,,,,,,,,
A0473,Kevin Stanley,,,,1,"Humphrey Farrington & McClain, P.C.",1,1,2709,ClassCounsel; Communications; Settlement,high,,,,,,,,,
A0474,Louis Mussman,,,,1,"Ku & Mussman, P.A.",1,1,2709,ClassCounsel; Settlement,high,,,,,,,,,
A0475,M.  Casey,,,,1,The Casey Law Frim,1,1,2709,ClassCounsel; Settlement,high,,,,,,,,,
A0476,Marc Castaneda,,,,1,"Milstein, Jackson, Fairchild & Wade, LLP; Milstein Jackson Fairchild & Wade",2,3,"2709, 2741",ClassCounsel; Settlement,high,,,,,,,,,
A0477,Mark Eldridge,,,,1,Ademi LLP,1,1,2709,ClassCounsel; Settlement,high,,,,,,,,,
A0478,Mark Morris,,,,1,"Clark Law Firm, P.C.",1,1,2709,ClassCounsel; Settlement,high,,,,,,,,,
A0479,Michael Quirk,Michael J. Quirk,,,1,"Motley Rice, LLC; WILLIAMS CUKER BEREZOFSKY",2,2,"1955, 2709",ClassCounsel; Settlement,high,,,,,,,,,
A0480,Mitchell Breit,Mitchell M. Breit,,,1,"Simmons Hanly Conroy; SIMMONS HANLY CONROY LLC; Simmons Hanly Conroy, LLC; Whatley Drake & Kallas",3,4,"1785, 2709, 2886",ClassCounsel; Management; Settlement,high,,,,,,,,,
A0481,Sara Avila,,,,1,"Milstein, Jackson, Fairchild & Wade, LLP; Milstein Jackson Fairchild & Wade",2,3,"2709, 2741",ClassCounsel; Settlement,high,,,,,,,,,
A0482,Shpetim Ademi,,,,1,Ademi LLP,2,2,"2046, 2709",ClassCounsel; Management; Settlement,high,,,,,,,,,
A0483,Stephen Nolan,,,,1,"Smith, Gildea & Schmidt, LLC",1,1,2709,ClassCounsel; Settlement,high,,,,,,,,,
A0484,Walter Daniels,,,,1,"The Daniels Law Firm, P.C.",1,1,2709,ClassCounsel; Settlement,high,,,,,,,,,
A0485,Aimee Wagstaff,Aimee H. Wagstaff,,,1,"Andrus, Hood & Wagstaff, PC; Andrus Wagstaff, PC; Andrus & Wagstaff, P.C.; Wagstaff Law Firm",8,9,"2187, 2326, 2327, 2741, 2782, 2973, 3004, 3101",LeadCounsel; Management,high,,,,,,,,,
A0486,David Thomas,,,,1,"Guthrie & Thomas PLLC; Guthrie & Thomas; Thomas, Combs & Spann, PLLC",4,5,"2325, 2326, 2327, 2387",Communications,high,,,,,,,,,
A0487,Michael Bonasso,,,,1,Flaherty Sensbaugh Bonasso PLLC,3,3,"2325, 2326, 2327",Communications,high,,,,,,,,,
A0488,Michael Farrell,,,,1,"Farrell, White & Legg PLLC",3,3,"2325, 2326, 2327",Communications,high,,,,,,,,,
A0489,Robert Adams,,,,1,"Shook, Hardy & Bacon LLP",1,2,2326,LeadCounsel,high,,,,,,,,,
A0490,Barbara  Olk,,,,1,TRIEF & OLK,1,3,2036,ClassCounsel; SettlementAdministration,high,,,,,,,,,
A0491,Bruce Steckler,,,,1,"The Steckler Law Firm; BARON & BUDD, P.C.",4,8,"2036, 2047, 2428, 2450",ClassCounsel; Management; SettlementAdministration,high,,,,,,,,,
A0492,Burton H. Finkelstein,Burton  Finkelstein,,,1,"Finkelstein Thompson LLP; FINKELSTEIN THOMPSON, LLP",4,5,"1940, 1998, 2036, 2046",ClassCounsel; LeadCounsel; Management; SettlementAdministration,high,,,,,,,,,
A0493,David  Lichter,David Lichter,,,1,"HIGER, LICHTER & GIVNER LLP; HIGER LICHTER & GIVNER, LLP",1,3,2036,ClassCounsel; SettlementAdministration,high,,,,,,,,,
A0494,David  Stellings,David S. Stellings,David Stellings,,1,"Lieff Cabraser Heimann & Bernstein, LLP; LIEFF, CABRASER, HEIMANN & BERNSTEIN, LLP; Lieff Cabraser Heimann & Bernstein LLP",5,18,"2036, 2750, 2905, 3014, 3051",ClassCounsel; LeadCounsel; Management; SettlementAdministration,high,,,,,,,,,
A0495,Edward Webb,,,,1,"WEBB, KLASE & LEMOND, L.L.C.",1,12,2036,ClassCounsel; SettlementAdministration,high,,,,,,,,,
A0496,Elaine Ryan,Elaine  Ryan,Elaine A. Ryan,,1,"Bonnett, Fairbourn, Friedman, & Balint, P.C.; BONNETT FAIRBOURN FRIEDMAN & BALINT; BONNETT, FAIRBOURN, FRIEDMAN & BALINT, P.C.; Bonnett Fairbourn Friedman & Balint PC",3,7,"2036, 2087, 2994",ClassCounsel; Management; SettlementAdministration,high,,,,,,,,,
A0497,Jeff  Geraci,,,,1,COHELAN KHOURY & SINGER,1,1,2036,ClassCounsel; SettlementAdministration,high,,,,,,,,,
A0498,Jeremy  Alters,Jeremy Alters,,,1,"ALTERS LAW FIRM P.A.; Alters, Boldt, Brown, Rash & Culmo",2,2,"2036, 2047",ClassCounsel; Coordination; SettlementAdministration,high,,,,,,,,,
A0499,Ken  Grunfeld,,,,1,GOLOMB & HONIK P.C.,1,1,2036,ClassCounsel; SettlementAdministration,high,,,,,,,,,
A0500,Mazin  Sbaiti,Mazin Sbaiti,,,1,"BARON & BUDD, P.C.",1,2,2036,ClassCounsel; SettlementAdministration,high,,,,,,,,,
A0501,Michael Sobol,Michael W. Sobol,,,1,"LIEFF, CABRASER, HIEIMANN & BERNSTEIN, LLP; LIEFF, CABRASER, HEIMANN & BERNSTEIN, LLP; Lieff Cabraser Heimann & Bernstein, LLP; Lieff Cabraser Heimann & Bernstein LLP",2,14,"2036, 2617",ClassCounsel; Management; SettlementAdministration,high,,,,,,,,,
A0502,Richard Golomb,Richard  Golomb,Richard M. Golomb,,1,"GOLOMB & HONIK P.C.; Golomb & Honik, P.C.; Golomb & Honik, PC; GOLOMB & HONIK, P.C.",8,24,"2036, 2107, 2428, 2592, 2606, 2738, 2969, 3043",ClassCounsel; Communications; Fees; Management; SettlementAdministration,high,,,,,,,,,
A0503,Richard McCune,Richard  McCune,,,1,"MCCUNE WRIGHT, LLP; MCCUNE WRIGHT LLP",3,9,"2036, 2151, 2450",ClassCounsel; Management; SettlementAdministration,high,,,,,,,,,
A0504,Robert Gilbert,Robert C. Gilbert,,,1,"GROSSMAN ROTH, P.A.; GROSSMAN ROTH, P.A .; Kopelowitz, Ostrow, Ferguson, Weiselberg & Gilbert; KOPELOWITZ OSTROW FERGUSON WEISELBERG GILBERT",3,15,"2036, 2875, 2924",ClassCounsel; LeadCounsel; Settlement; SettlementAdministration,high,,,,,,,,,
A0505,Ruben Honik,Ruben  Honik,,,1,"Honik LLC; GOLOMB & HONIK P.C.; GOLOMB & HONIK, P.C.; Golomb & Honik, P.C.",4,7,"2036, 2107, 2875, 3050",ClassCounsel; Communications; LeadCounsel; Management; SettlementAdministration,high,,,,,,,,,
A0506,Russell Budd,Russell  Budd,,,1,"BARON & BUDD, P.C.; Baron & Budd, P.C.; Baron and Budd P.C.",9,25,"2036, 2187, 2440, 2570, 2641, 2642, 2657, 2804, 3080",ClassCounsel; LeadCounsel; Management; Settlement; SettlementAdministration,high,,,,,,,,,
A0507,Sean Matt,,,,1,HAGENS BERMAN SOBOL SHAPIRO LLP,1,7,2036,ClassCounsel; SettlementAdministration,high,,,,,,,,,
A0508,Stuart  Grossman,Stuart Grossman,,,1,"GROSSMAN ROTH, P.A.; GROSSMAN ROTH, P.A .",1,12,2036,ClassCounsel; SettlementAdministration,high,,,,,,,,,
A0509,Ted  Trief,Ted Trief,,,1,TRIEF & OLK,1,12,2036,ClassCounsel; SettlementAdministration,high,,,,,,,,,
A0510,William  Hearon,,,,1,"WILLIAM C. HEARON, P.A.",1,1,2036,ClassCounsel; SettlementAdministration,high,,,,,,,,,
A0511,Darren Kaplan,Darren T. Kaplan,,,1,CHITWOOD HARLEY HARNES LLP; Kaplan Gore LLP,2,10,"2036, 3089",ClassCounsel; Management; SettlementAdministration,high,,,,,,,,,
A0512,David Pastor,,,,1,"GILMAN AND PASTOR, LLP",1,2,2036,ClassCounsel; SettlementAdministration,high,,,,,,,,,
A0513,Franklin Lemond,,,,1,"WEBB, KLASE & LEMOND, L.L.C.",1,2,2036,ClassCounsel; SettlementAdministration,high,,,,,,,,,
A0514,Hassan A. Zavareei,Hassan Zavareei,,,1,Tycko & Zavareei LLP; TYCKO & ZAVAREEI LLP,3,5,"2036, 2985, 3001",ClassCounsel; Management; SettlementAdministration; Vetting,high,,,,,,,,,
A0515,Patrick Sheehan,,,,1,"WHATLEY DRAKE & KALLAS,LLC",1,2,2036,ClassCounsel; SettlementAdministration,high,,,,,,,,,
A0516,Scott Gilchrist,,,,1,"COHEN & MALAD, LLP",1,1,2036,ClassCounsel; SettlementAdministration,high,,,,,,,,,
A0517,Cory Fein,,,,1,CADDELL CHAPMAN,1,1,2036,ClassCounsel; SettlementAdministration,high,,,,,,,,,
A0518,Andrew Friedman,Andrew S. Friedman,Andrew N. Friedman,Andrew S Friedman,1,"Cohen Milstein Sellers & Toll PLLC; Bonnett, Fairbourn, Friedman & Balint, P.C.; BONNETT, FAIRBOURN, FRIEDMAN & BALINT, P.C.; Cohen Milstein Sellers & Tolls, PLLC",14,22,"1825, 1862, 1974, 2020, 2036, 2046, 2087, 2096, 2238, 2583, 2617, 2693, 2800, 2879",ClassCounsel; Communications; LeadCounsel; Management; Settlement,high,,,,,,,,,
A0519,Patricia Syverson,,,,1,"BONNETT, FAIRBOURN, FRIEDMAN & BALINT, P.C.",1,1,2036,ClassCounsel,high,,,,,,,,,
A0520,Rachel Jensen,Rachel L. Jensen,,,1,"Robbins, Geller, Rudman & Dowd LLP; ROBBINS GELLER RUDMAN & DOWD LLP; Robbins Geller Rudman & Dowd LLP",3,4,"2036, 2238, 2777",ClassCounsel; Management; SettlementAdministration,high,,,,,,,,,
A0521,Todd Carpenter,,,,1,"BONNETT, FAIRBOURN, FRIEDMAN & BALINT, P.C.; Carlson Lynch, LLP",2,2,"2036, 2984",ClassCounsel,high,,,,,,,,,
A0522,Barry Ragsdale,,,,1,,1,2,2406,Communications; Discovery,high,,,,,,,,,
A0523,Cy Smith,,,,1,,1,2,2406,Management; Settlement,high,,,,,,,,,
A0524,David Boies,,,,1,"Boies, Schiller & Flexner, L.L.P.; Boies, Schiller & Flexner LLP; BOIES, SCHILLER & FLEXNER, L.L.P.; Boies Schiller Flexner LLP",5,28,"2406, 2543, 2599, 2672, 3076",ClassCounsel; LeadCounsel; Management; Settlement; SettlementAdministration,high,,,,,,,,,
A0525,Debra Hayes,,,,1,,1,2,2406,Management; Settlement,high,,,,,,,,,
A0526,Edith Kallas,Edith M. Kallas,,,1,"Milberg Weiss Bershad & Schulman LLP; Whatley Drake & Kallas, LLC; WHATLEY DRAKE & KALLAS, LLC",5,6,"1663, 1907, 1967, 2020, 2406",ClassCounsel; Communications; LeadCounsel; Management; Settlement,high,,,,,,,,,
A0527,Greg Davis,Greg L. Davis,,,1,The Law Offices of Greg L. Davis,2,3,"1985, 2406",Coordination; Discovery; Management; Settlement,high,,,,,,,,,
A0528,Kathleen Chavez,,,,1,"FOOTE, MIELKE, CHAVEZ & O'NEIL LLC",2,5,"2406, 2545",Management; Settlement,high,,,,,,,,,
A0529,Noah Wood,,,,1,,1,2,2406,Management; Settlement,high,,,,,,,,,
A0530,U.W. Clemson,,,,1,,1,2,2406,Management; Settlement,high,,,,,,,,,
A0531,William Isaacson,,,,1,"Boies, Schiller & Flexner LLP",3,7,"1826, 2196, 2406",ClassCounsel; LeadCounsel; Management; Settlement; SettlementAdministration,high,,,,,,,,,
A0532,Allen Schreiber,,,,1,,1,1,2406,Motions,high,,,,,,,,,
A0533,Andrew Lemmon,Andrew A. Lemmon,,,1,"Lemmon Law Firm, LLC",3,5,"2406, 2514, 2740",Discovery; Management,high,,,,,,,,,
A0534,Annesley DeGaris,,,,1,"DeGaris and Rogers, LLC; Cory, Watson, Crowder & DeGaris, P.C.; Cory Watson Crowder & Degaris, PC; Cory Watson",9,11,"1789, 2087, 2197, 2406, 2441, 2666, 2768, 2875, 3026",Coordination; Expert; Fees; LeadCounsel; Management,high,,,,,,,,,
A0535,Arthur Bailey,,,,1,,1,1,2406,Discovery,high,,,,,,,,,
A0536,Augusta Dowd,,,,1,,1,1,2406,Motions,high,,,,,,,,,
A0537,Ben Sweet,,,,1,,1,1,2406,Motions,high,,,,,,,,,
A0538,Brent Hazzard,,,,1,,1,1,2406,Motions,high,,,,,,,,,
A0539,Brian Clark,,,,1,,1,1,2406,Discovery,high,,,,,,,,,
A0540,Brian Hufford,,,,1,,1,1,2406,Motions,high,,,,,,,,,
A0541,Carl Kravitz,,,,1,,1,1,2406,Expert,high,,,,,,,,,
A0542,Casey Lott,,,,1,"Langston & Lott, PA",2,2,"2406, 2502",Coordination; Management,high,,,,,,,,,
A0543,Charles Caliendo,,,,1,,1,1,2406,Motions,high,,,,,,,,,
A0544,Christina Crow,,,,1,,1,1,2406,Discovery,high,,,,,,,,,
A0545,Christopher Cowan,,,,1,,1,1,2406,Motions,high,,,,,,,,,
A0546,Daniel Gustafson,Daniel E. Gustafson,,,1,Gustafson Gluek PLLC; Gustafson Gulek PLLC,7,15,"1905, 2406, 2591, 2744, 2993, 3108, 3110",ClassCounsel; Communications; LeadCounsel; Management; Motions; Settlement,high,,,,,,,,,
A0547,David Balto,,,,1,,1,1,2406,Expert,high,,,,,,,,,
A0548,David Guin,,,,1,,1,1,2406,Motions,high,,,,,,,,,
A0549,David Hodges,,,,1,"Kennedy Hodges, LLP",2,2,"2406, 2666",Management; Settlement,high,,,,,,,,,
A0550,David Wilkerson,,,,1,,1,1,2406,Discovery,high,,,,,,,,,
A0551,Dennis Reich,,,,1,"Reich and Binstock LLP; Reich & Binstock, LLP",4,4,"2000, 1873, 2406, 2740",ClassCounsel; Management; Motions; Settlement,high,,,,,,,,,
A0552,Douglass Dellaccio,,,,1,,1,1,2406,Motions,high,,,,,,,,,
A0553,Edgar Gankendorff,,,,1,,1,1,2406,Motions,high,,,,,,,,,
A0554,Ellen Meriwether,,,,1,CAFFERTY FAUCHER LLP; Cafferty Clobes Meriwether & Sprengel LLP,3,4,"1657, 2406, 2819",Bellwether; Management; Motions; Trial,high,,,,,,,,,
A0555,Eric Belin,,,,1,,1,1,2406,Motions,high,,,,,,,,,
A0556,Eric Cramer,Eric L. Cramer,,,1,"BERGER & MONTAGUE, PC; Berger Montague PC; Berger & Montague, P.C.",4,6,"1730, 2084, 2406, 3121",ClassCounsel; Expert; LeadCounsel; Management,high,,,,,,,,,
A0557,Gary E. Mason,Gary Mason,Gary Edward Mason,,1,"Whitfield Bryson & Mason LLP; Whitfield Bryson & Mason, LLP; The Mason Law Firm, L.L.P.; Whitfield Bryon & Mason LLP",12,14,"2000, 1796, 1817, 1958, 2025, 2047, 2406, 2495, 2514, 2664, 2887, 3021",ClassCounsel; Communications; LeadCounsel; Management; Motions; SettlementAdministration,high,,,,,,,,,
A0558,Hamish Hume,,,,1,,1,1,2406,Discovery,high,,,,,,,,,
A0559,Harley Tropin,,,,1,,1,1,2406,Motions,high,,,,,,,,,
A0560,Herman Watson,,,,1,,1,1,2406,Coordination,high,,,,,,,,,
A0561,James Terrell,,,,1,,1,1,2406,Motions,high,,,,,,,,,
A0562,Jason Thompson,Jason J. Thompson,,,1,SOMMERS SCHWARTZ,3,4,"1657, 2406, 3037",Bellwether; Management; Motions; Trial,high,,,,,,,,,
A0563,Javier Lopez,,,,1,,1,1,2406,Discovery,high,,,,,,,,,
A0564,Jim Warren,,,,1,,1,1,2406,Coordination,high,,,,,,,,,
A0565,Joey James,,,,1,,1,1,2406,Motions,high,,,,,,,,,
A0566,John Davis,John Clark Davis,,,1,"Slack Davis Sanger, LLP; Law Offices of John C. Davis",3,3,"1985, 2406, 2875",Discovery; Management; Motions,high,,,,,,,,,
A0567,John Saxon,,,,1,,1,1,2406,Motions,high,,,,,,,,,
A0568,Julia Roth,,,,1,,1,1,2406,Discovery,high,,,,,,,,,
A0569,Karen Dyer,,,,1,,1,1,2406,Motions,high,,,,,,,,,
A0570,Kathleen Kiernan,,,,1,,1,1,2406,Motions,high,,,,,,,,,
A0571,Larry McDevitt,,,,1,,1,1,2406,Motions,high,,,,,,,,,
A0572,Lewis Gillis,,,,1,,1,1,2406,Motions,high,,,,,,,,,
A0573,Linda Flippo,,,,1,,1,1,2406,Discovery,high,,,,,,,,,
A0574,Lynn Jinks,,,,1,,1,1,2406,Expert,high,,,,,,,,,
A0575,Mark Gray,Mark K. Gray,,,1,"Franklin, Gray & White; Franklin Gray & White; Gray & White",4,4,"1985, 1998, 2406, 2474",Communications; Discovery; LeadCounsel; Management; Settlement,high,,,,,,,,,
A0576,Mark White,,,,1,,1,1,2406,Motions,high,,,,,,,,,
A0577,Michael Dodge,,,,1,,1,1,2406,Expert,high,,,,,,,,,
A0578,Michael Gurley,,,,1,,1,1,2406,Discovery,high,,,,,,,,,
A0579,Myron Penn,,,,1,,1,1,2406,Discovery,high,,,,,,,,,
A0580,Nicholas Roth,,,,1,,1,1,2406,Discovery,high,,,,,,,,,
A0581,Patrick Cafferty,,,,1,,1,1,2406,Discovery,high,,,,,,,,,
A0582,Patrick Wayne Pendley,Patrick Pendley,Patrick W. Pendley,,1,"Pendley, Baudin & Coffin, L.L.P.; Pendley, Baudin & Coffin, LLP; Pendley, Baudin & Coffin",3,4,"2223, 2406, 3014",Fees; Management; Motions,high,,,,,,,,,
A0583,Pete Strom,,,,1,"Strom Law Firm, L.L.C.",2,2,"1865, 2406",Management; Motions,high,,,,,,,,,
A0584,Peter Burke,Peter H. Burke,,,1,"Whatley Drake, LLC",2,2,"1658, 2406",LeadCounsel; Motions,high,,,,,,,,,
A0585,Richard Frankowski,,,,1,,1,1,2406,Discovery,high,,,,,,,,,
A0586,Robert Axelrod,,,,1,,2,2,"2020, 2406",ClassCounsel; Motions; Settlement,high,,,,,,,,,
A0587,Robert Eisler,,,,1,Grant & Eisenhofer P.A.,2,3,"2196, 2406",Discovery; Management,high,,,,,,,,,
A0588,Robert M. Foote,Robert Foote,,,1,"Foote, Meyers, Mielke & Flowers, L.L.C.; Foote, Meyers, Mielke & Flowers, LLC",3,3,"1865, 1997, 2406",Management; Motions,high,,,,,,,,,
A0589,Robert Rodin,,,,1,,1,1,2406,Motions,high,,,,,,,,,
A0590,Stephen Hanson,,,,1,,1,1,2406,Motions,high,,,,,,,,,
A0591,Tammy Stokes,,,,1,,1,1,2406,Motions,high,,,,,,,,,
A0592,Tanya Chutkan,,,,1,,1,2,2406,Expert,high,,,,,,,,,
A0593,Trish Murphy,,,,1,,1,1,2406,Coordination,high,,,,,,,,,
A0594,Troy Doles,,,,1,,1,1,2406,Discovery,high,,,,,,,,,
A0595,Van Bunch,,,,1,,1,1,2406,Motions,high,,,,,,,,,
A0596,Virginia Buchanan,Virginia Marie Buchanan,,,1,"Levin, Papantonio, Rafferty, Proctor, Buchanan, O’Brien, Barr & Mougey, P.A.; Levin Law Firm; Levin Papantonio",3,5,"2406, 3014, 3140",Management; Motions; Trial,high,,,,,,,,,
A0597,William Butterfield,William P. Butterfield,,,1,Hausfeld LLP,2,2,"2213, 2406",Discovery; Management,high,,,,,,,,,
A0598,Abby McClellan,,,,1,Stueve Siegel Hanson LLP,2,9,"2740, 2885",Management; Vetting,high,,,,,,,,,
A0599,Alexander Dwyer,,,,1,Kirkendall Dwyer LLP,1,3,2740,Management,high,,,,,,,,,
A0600,Anne Andrews,,,,1,"Andrews Thornton Higgins Razmara, LLP; Andrews & Thorton; Andrews & Thornton, LLC; Andrews & Thornton",4,6,"2087, 2391, 2666, 2740",Management,high,,,,,,,,,
A0601,Daniel Markoff,,,,1,Atkins & Markoff Law Firm,1,3,2740,Management,high,,,,,,,,,
A0602,David Miceli,David F. Miceli,,,1,"David F. Miceli, LLC; Simmons Hanly Conroy; Simmons Browder Gianaris Angelides and Barnerd, LLC; Simmons, Browder, Gianaris, Angelides & Barnerd, LLC",3,8,"2342, 2502, 2740",Management,high,,,,,,,,,
A0603,Dawn Barrios,Dawn M. Barrios,,,1,"Barrios, Kingsdorf & Casteix, LLP; BARRIOS, KINGSDORF & CASTIEX, LLP; Barrios, Kindsdorf, Casteix, LLP; Barrios Kingsdorf & Casteix",8,29,"1657, 2047, 2151, 2299, 2543, 2545, 2592, 2740",Bellwether; Communications; Coordination; Fees; Management; SettlementAdministration; Trial,high,,,,,,,,,
A0604,Douglas Moore,,,,1,Irwin Fritchie Urquhart & Moore LLC,2,5,"2740, 3023",Communications,high,,,,,,,,,
A0605,Emily Jeffcott,,,,1,"The Lambert Firm, PLC; Morgan & Morgan",3,8,"2740, 2875, 3047",Coordination; Management; Motions,high,,,,,,,,,
A0606,Genevieve Zimmerman,,,,1,"Zimmerman Reed; Meshbesher & Spence, Ltd.; Meshbesher & Spence LTD; Meshbesher & Spence Ltd.",6,15,"2391, 2441, 2666, 2740, 2775, 2885",LeadCounsel; Management,high,,,,,,,,,
A0607,J. Bachus,,,,1,"Bachus & Schanker, LLC; Bachus & Shanker, LLC",2,6,"2391, 2740",Management,high,,,,,,,,,
A0608,Lawrence Centola,,,,1,"Martzell, Bickford & Centola; Martzell, Bickford, & Centola",2,4,"2740, 2754",Management,high,,,,,,,,,
A0609,Rand Nolen,,,,1,"Fleming, Nolen & Jez, LLP",1,1,2740,Management,high,,,,,,,,,
A0610,Adam Wolfson,,,,1,"Quinn Emanuel Urquhart & Sullivan, LLP",1,5,2885,Management,high,,,,,,,,,
A0611,Bradley Honnold,,,,1,"Goza & Honnold, LLC; Goza Honnold",4,8,"2592, 2789, 2885, 3094",Management,high,,,,,,,,,
A0612,Brian Barr,,,,1,"Levin, Papantonio, Thomas, Mitchell, Rafferty & Proctor, P.A.; Levin, Papantonio, Thomas, Mitchell, Echsner & Proctor, P.A.",4,17,"1928, 2179, 2592, 2885",Communications; LeadCounsel; Management,high,,,,,,,,,
A0613,Edward Rowan,,,,1,"Taylor Martino, P.C.",1,3,2885,,high,,,,,,,,,
A0614,Elizabeth Burke,,,,1,"Richardson, Patrick, Westbrook & Brickman, LLC",1,9,2885,Management; Vetting,high,,,,,,,,,
A0615,Erin Rogiers,,,,1,Watts Guerra LLP,1,6,2885,Management; Vetting,high,,,,,,,,,
A0616,Ernest Cory,,,,1,"Cory Watson, P.C.; CORY WATSON, P.C.; Cory, Watson, Crowder & DeGaris; Cory Watson Crowder & DeGaris, P.C.",6,10,"1842, 1928, 2502, 2691, 2734, 2885",LeadCounsel; Management; Settlement,high,,,,,,,,,
A0617,Evan Buxner,,,,1,"Gori Julian & Associates, P.C.; The Gori Law Firm",3,8,"2885, 3081, 3094",Management,high,,,,,,,,,
A0618,Gregory Graf,,,,1,"Bertram & Graf, LLC",1,3,2885,Expert,high,,,,,,,,,
A0619,J. Daniel,,,,1,"Beggs & Lane, RLLP",1,1,2885,Discovery,high,,,,,,,,,
A0620,Jennifer Liakos,,,,1,"Napoli Shkolnik PLLC; Napoli Shkolnik, PLLC",3,3,"2691, 2734, 2885",Discovery; Management,high,,,,,,,,,
A0621,Jonathan Orent,Jonathan D. Orent,,,1,Motley Rice LLC,3,4,"2753, 2885, 3094",Expert; LeadCounsel; Management,high,,,,,,,,,
A0622,Katherine Charonko,,,,1,"Bailey Glasser, LLP",1,7,2885,Discovery; Management,high,,,,,,,,,
A0623,Katherine Cornell,,,,1,"Pulaski Kherkher, PLLC; Cornell Law",2,8,"2885, 3140",Coordination; Management,high,,,,,,,,,
A0624,Kimberly White,,,,1,"Wilson Law, P.A.",1,6,2885,Expert; Management,high,,,,,,,,,
A0625,Kristian Rasmussen,Kristian W. Rasmussen,,,1,"Cory Watson, P.C.; Cory Watson Crowder & DeGaris, P.C.; CORY WATSON, P.C.",5,11,"1699, 2428, 2691, 2734, 2885",LeadCounsel; Management,high,,,,,,,,,
A0626,Michael Sacchet,,,,1,"Ciresi Conlin LLP; Ciresi Conlin, LLP; Ciresi Conlin",4,16,"2885, 3081, 3089, 3140",LeadCounsel; Management; Motions,high,,,,,,,,,
A0627,Mikal Watts,Mikal C. Watts,,,1,"Watts Law Firm LLP; Watts Guerra LLP; Watts, Guerra LLP; Watts Guerra Craft",8,22,"1873, 2179, 2385, 2591, 2875, 2885, 2924, 3043",Discovery; LeadCounsel; Management; Settlement,high,,,,,,,,,
A0628,Neil Overholtz,Neil D. Overholtz,"Neil Overholtz,",,1,"Aylstock, Witkin, Kreis & Overholtz, PLLC; Aylstock, Witkin, Kreis & Overholtz; AYLSTOCK, WITKIN, KREIS & OVERHOLTZ; Alystock, Witkin, Kreis & Overholtz, PLLC",9,16,"1905, 1928, 2272, 2299, 2385, 2452, 2592, 2789, 2885",Discovery; Management; Motions,high,,,,,,,,,
A0629,Nicole Berg,,,,1,Keller Lenkner LLC,2,7,"2885, 2974",Management; Motions,high,,,,,,,,,
A0630,Paul Pennock,Paul J. Pennock,Mr. Paul J. Pennock,,1,"Weitz & Luxenberg, P.C.; Morgan & Morgan; Morgan & Morgan, P.A.; Weitz Luxenburg",9,15,"1708, 1769, 2244, 2299, 2789, 2885, 2973, 3036, 3094",Expert; LeadCounsel; Management,high,,,,,,,,,
A0631,Roberto Martinez,,,,1,Colson Hicks Eidson,1,11,2885,Fees; Management,high,,,,,,,,,
A0632,Ruth Rizkalla,,,,1,The Carlson Law Firm; Kirtland & Packard LLP,5,13,"2885, 2973, 2974, 3043, 3047",Management,high,,,,,,,,,
A0633,Sara Schram,,,,1,"Blasingame, Burch, Garrard & Ashley, PC",1,6,2885,Management; Vetting,high,,,,,,,,,
A0634,Sean Tracey,Sean Patrick Tracey,,,1,Tracey Fox & Walters; Tracey & Fox Law Firm; Tracey Law Firm,3,9,"2342, 2885, 3043",Bellwether; Management; Vetting,high,,,,,,,,,
A0635,Sindhu Daniel,,,,1,"Baron & Budd, P.C.; Grant & Eisenhofer, P.A.; Baron & Budd. PC.; BARON & BUDD, P.C.",6,14,"2592, 2738, 2789, 2885, 2973, 3140",Management; Vetting,high,,,,,,,,,
A0636,Taylor Bartlett,,,,1,Henninger Garrison Davis LLC,1,6,2885,Discovery; Management,high,,,,,,,,,
A0637,Virginia Anello,Virginia E. Anello,,,1,"Douglas & London, P.C.; Douglas & London, PC; Douglass & London; Douglas & London PC",7,13,"2754, 2848, 2885, 2973, 3080, 3089, 3140",Communications; Discovery; LeadCounsel; Management,high,,,,,,,,,
A0638,W. Bouk,,,,1,"Levin, Papantonio, Thomas, Mitchell, Rafferty & Proctor, P.A.",1,4,2885,Management,high,,,,,,,,,
A0639,Ernie Cory,,,,1,"Cory, Watson, Crowder & DeGaris",2,3,"1785, 2885",Management; Settlement,high,,,,,,,,,
A0640,Nix Daniel,,,,1,"Beggs & Lane, RLLP",1,5,2885,Discovery; Management,high,,,,,,,,,
A0641,Troy Bouk,,,,1,,1,2,2885,,high,,,,,,,,,
A0642,Garrison 922-W. Lewis Garrison Jr,,,,1,Henninger Garrison Davis LLC,1,3,2885,Management,high,,,,,,,,,
A0643,Caleb Seeley,,,,1,Seeger Weiss LLP; Seeger Weiss,2,4,"2885, 3140",Management; Motions,high,,,,,,,,,
A0644,David Bryant,David L. Bryant,,,1,Bryant Law Center; GableGotwals,2,4,"2700, 2885",ClassCounsel; LeadCounsel; Management,high,,,,,,,,,
A0645,Jennifer Hoekstra,,,,1,"Neblett, Beard & Arsenault; Aylstock, Witkin, Kreis & Overholtz, PLLC; Aylstock, Witkin, Kreis & Overholtz; Aylstock Witkin Kreis Overholtz PLLC",4,9,"2244, 2789, 2885, 3089",Discovery; Management; Motions,high,,,,,,,,,
A0646,Justin Parafinczuk,,,,1,Parfinczuk Wolf Law Firm,2,4,"2885, 2974",Management,high,,,,,,,,,
A0647,Lauren Calvert,,,,1,Messner Reeves LLP,1,2,2885,Management; Motions,high,,,,,,,,,
A0648,Mike Moreland,,,,1,"Clark, Love & Hutson, PLLC",1,2,2885,Management,high,,,,,,,,,
A0649,Renee Finch,,,,1,Messner Reeves LLP,1,3,2885,Management,high,,,,,,,,,
A0650,Robert Cowan,Robert W. Cowan,,,1,Bailey Cowan Heckaman; Bailey Cowan Heckaman PLLC,2,5,"2885, 3087",LeadCounsel; Management,high,,,,,,,,,
A0651,Justin Witkin,Mr. Justin Witkin,Justin G. Witkin,,1,"Aylstock, Witkin & Sasser, PLC; Aylstock, Witkin, Kreis & Overholtz, PLLC",4,5,"1657, 1708, 1998, 2885",Coordination; Management; Settlement,high,,,,,,,,,
A0652,Ashlea Schwarz,,,,1,Paul LLP; Paul McInnes LLP,2,5,"2740, 2993",Management; Settlement,high,,,,,,,,,
A0653,Brian Rudick,,,,1,,1,3,2740,Settlement,high,,,,,,,,,
A0654,Bruce Nagel,,,,1,Nagel Rice LLP,1,3,2740,Settlement,high,,,,,,,,,
A0655,Darin Schanker,,,,1,,1,1,2740,Management,high,,,,,,,,,
A0656,Dennis Mark,,,,1,,1,2,2740,Settlement,high,,,,,,,,,
A0657,Harvey Kaplan,,,,1,"Shook, Hardy & Bacon; Shook Hardy & Bacon, LLP",2,4,"1785, 2740",LeadCounsel; Settlement,high,,,,,,,,,
A0658,Irving Warshauer,,,,1,"Gainsburgh, Benjamin, David, Meunier & Warshauer, L.L.C.",1,3,2740,Settlement,high,,,,,,,,,
A0659,Jessica Reynolds,,,,1,"Pendley, Baudin & Coffin, LLP",2,2,"2740, 2776",Management,high,,,,,,,,,
A0660,John Gomez,,,,1,Gomez Law Firm,2,2,"2740, 2750",Management,high,,,,,,,,,
A0661,Mark Niemeyer,Mark R. Niemeyer,,,1,"Niemeyer, Grebel & Kruse, LLC",3,6,"2100, 2385, 2740",Communications; LeadCounsel; Settlement,high,,,,,,,,,
A0662,Strongman Jon,,,,1,,1,2,2740,Settlement,high,,,,,,,,,
A0663,Zachary Wool,,,,1,,1,1,2740,Management,high,,,,,,,,,
A0664,Adam Caldwell,,,,1,Davis Wright Tremaine LLP,1,2,2587,Management,high,,,,,,,,,
A0665,Brook Brown,,,,1,McGinnis Lochridge & Kilgore LLP,1,2,2587,Management,high,,,,,,,,,
A0666,Carl Galant,,,,1,McGinnis Lochridge & Kilgore LLP,1,2,2587,Management,high,,,,,,,,,
A0667,Christian Binnig,,,,1,Mayer Brown LLP,1,2,2587,Management,high,,,,,,,,,
A0668,Christopher Akin,,,,1,"Lynn Tillotson Pinker & Cox, L.L.P.; Lynn Tillotson Cox & Hurst, L.L.P.",1,2,2587,LocalCounsel,high,,,,,,,,,
A0669,Christopher Savage,,,,1,Davis Wright Tremaine LLP,1,2,2587,Management,high,,,,,,,,,
A0670,David Hogue,,,,1,"Pringle & Herigstad, P.C.",1,2,2587,Management,high,,,,,,,,,
A0671,David Vogel,,,,1,Cooley LLP,1,4,2587,Communications; LeadCounsel; Management,high,,,,,,,,,
A0672,Douglas Lobel,,,,1,Cooley LLP,1,4,2587,Communications; LeadCounsel; Management,high,,,,,,,,,
A0673,Eric Johnson,,,,1,The Simmons Firm; Kutak Rock LLP; Simmons Hanly Conroy,2,7,"2244, 2587",Discovery; Management,high,,,,,,,,,
A0674,Gerard Duffy,,,,1,"Blooston, Mordkofsky, Dickens, Duffy & Prendergast LLP",1,2,2587,Management,high,,,,,,,,,
A0675,Gregory Merz,,,,1,"Gray, Plant, Mooty, Mooty & Bennett P.A.",1,2,2587,Management,high,,,,,,,,,
A0676,James Buddenbaum,,,,1,Parr Richey Obremskey Frandsen & Patterson LLP,1,2,2587,Management,high,,,,,,,,,
A0677,Jeffrey Strauss,,,,1,Mayer Brown LLP,1,2,2587,Management,high,,,,,,,,,
A0678,John Cooper,,,,1,Latham & Watkins LLP,1,2,2587,Management,high,,,,,,,,,
A0679,Juliet Cox,,,,1,Kutak Rock LLP,1,2,2587,Management,high,,,,,,,,,
A0680,Matthew Brill,,,,1,Latham & Watkins LLP,1,2,2587,Management,high,,,,,,,,,
A0681,Michael Lynn,,,,1,"Lynn Tillotson Pinker & Cox, L.L.P.; Lynn Tillotson Cox & Hurst, L.L.P.",1,2,2587,LocalCounsel,high,,,,,,,,,
A0682,Paul Schudel,,,,1,Woods & Aitken LLP,1,2,2587,Management,high,,,,,,,,,
A0683,Russell Blau,,,,1,"Morgan, Lewis & Blockius LLP",1,2,2587,Management,high,,,,,,,,,
A0684,Todd Holleman,,,,1,"Miller, Canfield, Paddock and Stone, P.L.C.",1,2,2587,Management,high,,,,,,,,,
A0685,Travis Montgomery,,,,1,Parr Richey Obremskey Frandsen & Patterson LLP,1,2,2587,Management,high,,,,,,,,,
A0686,Adam M. Evans,Adam Evans,,,1,"Dickerson Oxton, LLC; Hollis Law Firm, P.A.",2,3,"2753, 3081",LeadCounsel; Management,high,,,,,,,,,
A0687,Anne Schiavone,,,,1,"Holman Schiavone LLC; Holman Schiavone, LLC",3,4,"2753, 3081, 3125",LeadCounsel; Management,high,,,,,,,,,
A0688,David Selby,,,,1,Bailey Glasser LLP; Bailey Glasser,2,3,"2753, 2775",Management,high,,,,,,,,,
A0689,James Matthews,,,,1,"Blasingame, Burch, Garrard & Ashley P.C.",1,1,2753,Coordination,high,,,,,,,,,
A0690,Russell Hilliard,,,,1,Upton & Hatfield LLP,1,1,2753,Communications,high,,,,,,,,,
A0691,Adam Funk,,,,1,Potts Law Firm,1,1,2848,Management,high,,,,,,,,,
A0692,Brian Beckcom,,,,1,VB Attorneys,1,1,2848,Management,high,,,,,,,,,
A0693,Caryn Papantonakis,,,,1,Johnson Law Group,1,1,2848,Management,high,,,,,,,,,
A0694,Elizabeth Wilkins,,,,1,Elizabeth,1,1,2848,Management,high,,,,,,,,,
A0695,Joseph Cappelli,,,,1,"Marc J. Bern & Partners, LLP",1,1,2848,Coordination,high,,,,,,,,,
A0696,Mark Sadaka,,,,1,"Sadaka Associates, LLC; Law Offices of Sadaka Associates, LLC",2,2,"2848, 3036",LeadCounsel; Management,high,,,,,,,,,
A0697,Max Kennerly,,,,1,"Kennerly Loutey, LLC; Kennerly Loutey LLC",2,2,"2767, 2848",Communications; Management,high,,,,,,,,,
A0698,Nicholas Rockforte,,,,1,"Pendley, Baudin & Coffin",1,1,2848,Management,high,,,,,,,,,
A0699,Raymond Peppelman,,,,1,"McNichol, Byrne & Matlawski",1,1,2848,Communications,high,,,,,,,,,
A0700,Daniel Brockett,,,,1,"Quinn Emanuel Urquhart & Sullivan, LLP",1,1,2704,LeadCounsel,high,,,,,,,,,
A0701,Adam Hoeflich,Adam L. Hoeflich,,,1,"BARLET BECK HERMAN PALENCHAR & SCOTT; Bartlit Beck Herman Palenchar & Scott LLP; Bartlit Beck Herman Palenchar & Scott, LLP; Bartlit Beck",4,4,"1431, 1733, 2023, 2284",LeadCounsel; LocalCounsel,high,,,,,,,,,
A0702,"Andy D. Birchfield, Jr.",Andy Birchfield,Andy D. Birchfield,,1,"BEASLEY, ALLEN, CROW, METHVIN, PORTIS & MILES, P.C.; BEASLEY ALLEN; Beasley Allen et al; Beasley, Allen, Crow, Methvin, Portis & Miles, P.C.",5,10,"1431, 1657, 2299, 2342, 2592",Fees; LeadCounsel; Management,high,,,,,,,,,
A0703,Dale Larson,,,,1,LARSON•KING,1,1,1431,Communications,high,,,,,,,,,
A0704,Daniel Bencel,,,,1,"LAW OFFICES OF DANIEL E. BECNEL, JR.",1,1,1431,Management,high,,,,,,,,,
A0705,Don Hildre,,,,1,"DOUGHERTY, HILDRE, DUDEK & HAKLAR",1,1,1431,Management,high,,,,,,,,,
A0706,Fred Magaziner,Fred T. Magaziner,,,1,DECHERT; Dechert LLP,2,2,"1431, 1769",Communications; LeadCounsel,high,,,,,,,,,
A0707,Fredrick Fox,,,,1,"KAPLAN, FOX & KILSHEIMER, LLP",1,1,1431,Management,high,,,,,,,,,
A0708,Hope Freiwald,,,,1,DECHERT,1,1,1431,LeadCounsel; LocalCounsel,high,,,,,,,,,
A0709,Kenneth Moll,,,,1,"KENNETH B. MOLL & ASSOCIATES, LTD.",1,1,1431,Management,high,,,,,,,,,
A0710,Michael Gallagher,Michael M. Gallagher,,,1,"The Gallagher Law Firm, LLP; GALLAGHER, LEWIS, DOWNEY & KIM; Morgan & Morgan",4,6,"1431, 2385, 2641, 3087",Management,high,,,,,,,,,
A0711,Paul Geller,Paul J. Geller,,,1,"Robbins Geller Rudman & Dowd LLP; Robbins Geller Rudman and Dowd LLP; CAULEY GELLER BOWMAN & COATES, LLP; Robbins Geller Rudman & Dowd, LLP",6,10,"1431, 2258, 2672, 2687, 2785, 2804",ClassCounsel; LeadCounsel; Management; Settlement; SettlementAdministration,high,,,,,,,,,
A0712,Peter Sipkins,,,,1,DORSEY & WHITNEY,1,2,1431,LocalCounsel,high,,,,,,,,,
A0713,Philip S. Beck,Philip Beck,,,1,Bartlit Beck Herman Palenchar & Scott LLP; BARLET BECK HERMAN PALENCHAR & SCOTT,3,3,"1431, 1733, 1928",LeadCounsel,high,,,,,,,,,
A0714,Richard Lockridge,Richard A. Lockridge,,,1,"LOCKRIDGE GRINDAL NAUEN P.L.L.P.; Lockridge Grindal Nauen, PLLP",3,3,"1431, 1708, 1960",Expert; LeadCounsel; Management,high,,,,,,,,,
A0715,Robert Limbacher,,,,1,DECHERT,1,1,1431,LeadCounsel; LocalCounsel,high,,,,,,,,,
A0716,Samuel Heins,,,,1,"HEINS MILLS & OLSON, P.L.C.",1,1,1431,Management,high,,,,,,,,,
A0717,Stanley Chesley,,,,1,"WAITE, SCHNEIDER, BAYLESS & CHESLEY CO., LPA",2,3,"1431, 2151",Management,high,,,,,,,,,
A0718,Susan Weber,,,,1,SIDLEY AUSTIN BROWN & WOOD,1,1,1431,LocalCounsel,high,,,,,,,,,
A0719,Turner Branch,Turner W. Branch,,,1,Branch Law Firm; BRANCH,6,9,"1431, 1657, 1871, 2197, 2570, 2641",Coordination; Discovery; Management,high,,,,,,,,,
A0720,W. James Singleton,W. Singleton,,,1,Singleton Law Firm; SINGLETON LAW FIRM; The Singleton Law Firm,3,5,"1431, 1657, 2299",Coordination; Management; ProSe,high,,,,,,,,,
A0721,Walter Dumas,,,,1,DUMAS & ASSOCIATES,1,1,1431,Management,high,,,,,,,,,
A0722,Will Kemp,,,,1,"HARRISON, KEMP & JONES",1,1,1431,Management,high,,,,,,,,,
A0723,Adam J. Levitt,Adam Levitt,,,1,"Wolf Haldenstein Adler Freeman & Herz LLC; Grant & Eisenhofer, P.A.; Grant & Eisenhofer P.A.; Dicello Levitt & Casey LLC",16,23,"1811, 1907, 1938, 1990, 2258, 2263, 2284, 2320, 2415, 2441, 2543, 2590, 2672, 2828, 2905, 3089",ClassCounsel; Communications; LeadCounsel; Management; Settlement; SettlementAdministration,high,,,,,,,,,
A0724,Jonathan D. Selbin,Jonathan Selbin,,,1,"Lieff, Cabraser, Heimann & Bernstein; Lieff Cabraser Heimann & Bernstein; Lieff Cabraser; Lieff Cabraser Heimann & Bernstein, LLP",6,9,"1914, 2001, 2284, 2416, 2590, 3089",ClassCounsel; LeadCounsel; Management; Settlement,high,,,,,,,,,
A0725,Laurel Bellows,,,,1,The Bellows Law Group,1,1,2590,Communications,high,,,,,,,,,
A0726,William M. Audet,William Audet,,,1,"Audet & Partners, LLP; Audet & Partners LLP; Audet & Partners; Alexander, Hawes & Audet, LLP",7,12,"1699, 1708, 1850, 1953, 2264, 2590, 3014",ClassCounsel; Communications; LeadCounsel; Management,high,,,,,,,,,
A0727,Anthony Nemo,,,,1,"Meshbesher & Spence, Ltd.; MESHBESHER & SPENCE, LTD.; Meshbesher & Spence, Ltd",1,3,2441,Communications; Fees,high,,,,,,,,,
A0728,C. Brooks Cutter,C. Cutter,Mr. C. Brooks Cutter,,1,"Kershaw, Cutter & Ratinoff, LLP; Kershaw, Cutter & Ratinoff LLP",4,5,"1708, 1905, 1968, 2441",Management,high,,,,,,,,,
A0729,Don McKenna,,,,1,"Hare, Wynn, Newell and Newton, LLP",1,1,2441,Management,high,,,,,,,,,
A0730,Gale Pearson,,,,1,"Fears Nachawati Law Firm; Pearson, Randall, & Schumacher, PA; Pearson, Randall, and Schumacher, PA; Pearson, Randall & Schumacher, PA",3,7,"2441, 2606, 2873",Management,high,,,,,,,,,
A0731,Jasper Ward,,,,1,Jones Ward PLC,4,6,"2391, 2441, 2677, 2775",Fees; LeadCounsel; Management,high,,,,,,,,,
A0732,Jesse Bernheim,,,,1,"Kelly, Bernheim & Dolinsky, LLC",1,1,2441,Coordination,high,,,,,,,,,
A0733,Karen Woodward,,,,1,Segwick LLP,1,1,2441,LeadCounsel,high,,,,,,,,,
A0734,Ralph Campillo,,,,1,Segwick LLP,1,1,2441,LeadCounsel,high,,,,,,,,,
A0735,Richard Schlueter,,,,1,"Childers, Schlueter & Smith, LLC",3,3,"2441, 2666, 2768",Management,high,,,,,,,,,
A0736,Timothy Griffin,,,,1,"Leonard, Street and Deinard, PA",1,1,2441,Communications,high,,,,,,,,,
A0737,Benjamin Bailey,,,,1,Bailey and Glasser LLP,2,4,"2151, 2672",ClassCounsel; Management; SettlementAdministration,high,,,,,,,,,
A0738,Lynn Sarko,Lynn Lincoln Sarko,Lynn L. Sarko,,1,"Keller Rohrback L.L.P.; Keller Rohrback; KELLER ROHRBACK, LLP",6,9,"1658, 1735, 2672, 2777, 2785, 2804",ClassCounsel; LeadCounsel; Management; SettlementAdministration,high,,,,,,,,,
A0739,Michael Heygood,,,,1,"Heygood, Orr, Pearson",2,4,"2372, 2672",ClassCounsel; Coordination; LeadCounsel; Management; SettlementAdministration,high,,,,,,,,,
A0740,Robin Greenwald,,,,1,"Weitz & Luxenberg, P.C.; Weitz & Luxenberg, PC",4,13,"2179, 2543, 2672, 2741",ClassCounsel; Communications; LeadCounsel; Management; SettlementAdministration,high,,,,,,,,,
A0741,Roland Tellis,ROLAND TELLIS,,,1,"Baron & Budd, P.C.; Baron Budd, P.C.; BARON & BUDD; Baron & Budd, PC",10,24,"2415, 2599, 2672, 2777, 2804, 2905, 2948, 3047, 3051, 3052",ClassCounsel; LeadCounsel; Management; SettlementAdministration,high,,,,,,,,,
A0742,Rosemary Rivas,Rosemary M. Rivas,,,1,"Levi & Korsinsky LLP; Levi & Korsinsky, LLP; Finkelstein Thompson LLP",7,9,"2672, 2785, 2827, 2828, 2887, 2905, 2938",ClassCounsel; Discovery; LeadCounsel; Management; SettlementAdministration,high,,,,,,,,,
A0743,Lance Cooper,,,,1,The Cooper Firm,1,2,2543,Management,high,,,,,,,,,
A0744,Melanie Cyganowski,,,,1,"Otterbourg, Steindler, Houston & Rosen",1,2,2543,Management,high,,,,,,,,,
A0745,Gayle Blatt,Gayle M. Blatt,Gayle  Blatt,,1,"Casey Gerry Schenk Francavilla Blatt & Penfield, LLP; Casey Gerry Schenk Francavilla Blatt & Penfield LLP; Casey Gerry Schenck Francavilla Blatt & Penfield LLP; CASEY, GERRY, SCHENK, FRANCA-VILLA, BLATT & PENFIELD LLP",10,12,"2087, 2258, 2452, 2752, 2827, 2828, 2905, 3040, 3098, 3115",ClassCounsel; Communications; Discovery; LeadCounsel; Management,high,,,,,,,,,
A0746,Jennifer Joost,,,,1,Kessler Topaz Meltzer & Check LLP,1,1,2828,Management,high,,,,,,,,,
A0747,Jennifer Wagner,,,,1,Stoll Bernie Lokting & Shlachter,1,1,2828,Communications,high,,,,,,,,,
A0748,Melissa Emert,,,,1,"Stull, Stull & Brody; Kantrowitz, Goldhammer & Graifman, PC; Stull Stull & Brody",6,8,"2677, 2796, 2827, 2828, 2887, 2972",Discovery; LeadCounsel; Management,high,,,,,,,,,
A0749,Stuart Davidson,Stuart A. Davidson,Stuart R. Davidson,,1,Robbins Geller Rudman & Dowd LLP; Robbins Geller Rudman & Dowd; Coughlin Stoia Geller Rudman & Robbins LLP; Robins Geller Rudman & Dowd LLP,11,14,"1850, 2188, 2199, 2752, 2828, 2879, 2904, 3089, 3090, 3096, 3115",ClassCounsel; Discovery; LeadCounsel; Management,high,,,,,,,,,
A0750,Christopher Ellis,,,,1,"Bolen Robinson & Ellis, LLP",2,2,"2263, 2591",Management,high,,,,,,,,,
A0751,Daniel Becnel,"Daniel E. Becnel, Jr.",Daniel E. Becnel,"Daniel Becnel, Jr.",1,"Becnel Law Firm, LLC; Becnel Law Offices; Becnel Law Firm, L.L.C.; Law Offices of Daniel E. Becnel, Jr.",16,21,"1699, 1708, 1785, 1845, 1953, 1960, 1997, 2023, 2047, 2051, 2068, 2100, 2220, 2223, 2226, 2263",ClassCounsel; LeadCounsel; Management,high,,,,,,,,,
A0752,David Rash,David C. Rash,,,1,,2,2,"2263, 2320",Management,high,,,,,,,,,
A0753,James C. Shah,James Shah,,,1,"Shepherd, Finkelman, Miller & Shah, LLP; SHEPHERD, FINKELMAN, MILLER & SHAH, LLP; Shepherd Finkelman Miller & Shah - Media",7,8,"1995, 2001, 2263, 2316, 2320, 2540, 2688",ClassCounsel; LeadCounsel; Management,high,,,,,,,,,
A0754,Lucy J. Karl,Lucy Karl,,,1,"SHAHEEN & GORDON, P.A.",2,3,"2263, 2320",ClassCounsel; LeadCounsel,high,,,,,,,,,
A0755,Adam Linkhorst,,,,1,Linkhorst & Hockin P.A.,1,1,2047,ClassCounsel; SettlementAdministration,high,,,,,,,,,
A0756,Gregory S. Weiss,Gregory Weiss,,,1,"Mrachek, Fitzgerald, Rose, Konopka & Dow, P.A.",2,3,"2046, 2047",ClassCounsel; Management; SettlementAdministration,high,,,,,,,,,
A0757,Joel Rhine,Joel R. Rhine,,,1,"Rhine Law Firm, P.C.,; Rhine Law Firm PC; Rhine Law Firm, P.C.",3,3,"1958, 2047, 2606",ClassCounsel; Management; SettlementAdministration,high,,,,,,,,,
A0758,Lance Kalik,,,,1,"Riker, Danzig, Scherer, Hyland & Perretti, LLP",1,1,2779,Management,high,,,,,,,,,
A0759,Lawrence Bathgate,,,,1,"Bathgate Wegener & Wolf, P.C.",1,1,2779,Management,high,,,,,,,,,
A0760,Mark Dearman,Mark J. Dearman,,,1,Robbins Geller Rudman & Dowd LLP; ROBBINS GELLER RUDMAN & DOWD LLP,6,8,"2188, 2779, 2827, 2905, 2924, 3080",ClassCounsel; Management,high,,,,,,,,,
A0761,Adam Offenhartz,,,,1,"Gibson, Dunn & Crutcher LLP",1,1,2879,LeadCounsel,high,,,,,,,,,
A0762,Amy Keller,Amy E. Keller,Amy R. Keller,Amy Elisabeth Keller,1,DiCello Levitt Gutzler LLC; DiCello Levvit & Casey LLC; DiCello Levitt & Casey LLC; Wexler Wallace LLP,10,19,"2688, 2800, 2827, 2879, 2904, 2909, 2972, 3019, 3083, 3115",ClassCounsel; LeadCounsel; Management; Motions,high,,,,,,,,,
A0763,Andrew O'Connel,,,,1,"Thomas & Libowitz, P.A.",1,1,2879,Communications,high,,,,,,,,,
A0764,Ariana Tadler,,,,1,"Milberg Tadler Phillips Grossman LLP; Milberg LLP; Milberg, LLP",5,7,"2522, 2752, 2800, 2827, 2879",Discovery; Management; Settlement,high,,,,,,,,,
A0765,Arthur Murray,Arthur M. Murray,,,1,Murray Law Firm; the Murray Law Firm,6,8,"2583, 2657, 2668, 2800, 2879, 3108",LeadCounsel; Management,high,,,,,,,,,
A0766,Carol Villegas,Carol C. Villegas,,,1,Labaton Sucharow LLP; Lebaton Keller Sucharow LLP,2,3,"2879, 3149",Communications; LeadCounsel,high,,,,,,,,,
A0767,Charles Van Horn,,,,1,"Berman Fink Van Hom P.C.; Berman Fink Van Horn, P.C.",2,2,"2800, 2879",Management,high,,,,,,,,,
A0768,Christopher Keller,,,,1,Labaton Sucharow LLP,1,2,2879,Communications; LeadCounsel,high,,,,,,,,,
A0769,Daniel Robinson,,,,1,"Robinson, Calcagnie, Robinson; Robinson Calcagnie, Inc.; Robinson Calcagnie",4,7,"2391, 2737, 2879, 3094",ClassCounsel; Management; Settlement,high,,,,,,,,,
A0770,Daniel Warren,,,,1,Baker & Hostetler LLP,1,2,2879,Discovery; LeadCounsel,high,,,,,,,,,
A0771,"Eric
 Belfi",,,,1,Labaton Sucharow LLP,1,2,2879,Communications; LeadCounsel,high,,,,,,,,,
A0772,Eve-Lynn Rapp,,,,1,Edelson PC,1,1,2879,Management,high,,,,,,,,,
A0773,Francis McConville,,,,1,Labaton Sucharow LLP,1,2,2879,Communications; LeadCounsel,high,,,,,,,,,
A0774,Gilbert Keteltas,,,,1,Baker & Hostetler LLP,1,2,2879,Discovery; LeadCounsel,high,,,,,,,,,
A0775,Gregory Egleston,,,,1,Gainey McKenna & Egleston,1,1,2879,LeadCounsel,high,,,,,,,,,
A0776,James P. Ulwick,James Ulwick,,,1,Kramon & Graham PA,2,3,"1982, 2879",ClassCounsel; Communications,high,,,,,,,,,
A0777,Jason L. Lichtman,Jason Lichtman,,,1,"Lieff Cabraser Heimann & Bernstein, LLP",4,5,"2001, 2792, 2879, 2904",ClassCounsel; LeadCounsel; Management,high,,,,,,,,,
A0778,Jason Mendro,,,,1,"Gibson, Dunn & Crutcher LLP",1,1,2879,LeadCounsel,high,,,,,,,,,
A0779,Laura O'Boyle,,,,1,"Gibson, Dunn & Crutcher LLP",1,1,2879,LeadCounsel,high,,,,,,,,,
A0780,Lisa Ghannoum,,,,1,Baker & Hostetler LLP,1,2,2879,Discovery; LeadCounsel,high,,,,,,,,,
A0781,Mark Godlman,,,,1,Labaton Sucharow LLP,1,2,2879,Communications; LeadCounsel,high,,,,,,,,,
A0782,MaryBeth V. Gibson,MaryBeth Gibson,,,1,"The Finley Firm, P.C.; Gibson Consumer Law Group, LLC; Finley Firm, P.C.; THE FINLEY FIRM, P.C.",6,8,"2583, 2800, 2879, 2948, 3056, 3074",ClassCounsel; Coordination; LeadCounsel; Management,high,,,,,,,,,
A0783,Timothy Brown,,,,1,"The Brown Law Firm, P.C.",1,1,2879,LeadCounsel,high,,,,,,,,,
A0784,Timothy Maloney,,,,1,"Joseph Greenwald & Laake, P.A.",1,1,2879,Management,high,,,,,,,,,
A0785,Veronica Nannis,,,,1,"Joseph Greenwald & Laake, P.A.",1,1,2879,Communications,high,,,,,,,,,
A0786,Adam Salvas,,,,1,SEEGER o SALVAS LLP,1,1,2244,Motions,high,,,,,,,,,
A0787,Brian Devine,,,,1,Seeger Salvas LLP; SEEGER o SALVAS LLP; Seeger Salvas & Devine LLP; Seeger Devine,3,6,"2244, 2768, 3140",Expert; Management,high,,,,,,,,,
A0788,Franklin Azar,,,,1,"Franklin D. Azar & Associates, P.C.",1,5,2244,Management,high,,,,,,,,,
A0789,Jane Sams,,,,1,The Cochran Law Firm,1,9,2244,Discovery; Management,high,,,,,,,,,
A0790,John Romano,John F. Romano,,,1,Romano Law Group,3,8,"2244, 2331, 3026",Expert; Management,high,,,,,,,,,
A0791,Julia Zaic,,,,1,Heaviside Reed Zaic; HEAVISIDE REED ZAIC,4,16,"2244, 2452, 2570, 2641",Expert; Management,high,,,,,,,,,
A0792,Justin Presnal,,,,1,"Fisher, Boyd, Brown & Huguenard, LLP; Boyd, Johnson & Huguernard; Simmons Hanly",4,13,"2244, 2391, 3044, 3140",Fees; Management; Motions; Trial,high,,,,,,,,,
A0793,Kevin Parker,,,,1,The Lanier Law Firm,1,5,2244,Expert; Motions,high,,,,,,,,,
A0794,Khaldoun Baghdadi,Khaldoun A. Baghdadi,,,1,"Walkup, Melodia, Kelly & Schoenberger; Walkup Melodia Kelly & Schoenberger; WALKUP,MELODIA, KELLY & SCHONENBERGER; Law Offices of Walkup, Melodia, Kelly & Schoenberger, A Professional Corporation",7,14,"2197, 2244, 2443, 2532, 3004, 3047, 3084",Communications; Coordination; Fees; LeadCounsel; Management; Motions; Trial,high,,,,,,,,,
A0795,Larry Boyd,,,,1,"Fisher, Boyd, Brown & Huguenard, LLP; Fisher, Boyd, Johnson & Huguenard; Fisher, Boyd, Brown & Huguenard",2,13,"2244, 2391",Coordination; LeadCounsel; Management; Trial,high,,,,,,,,,
A0796,Lori Restaino,Lori Siler Restaino,,,1,"Writer Square; Restaino Siler; Restaino Siler, LLC",2,6,"2244, 2502",Expert; Management,high,,,,,,,,,
A0797,Marc Grossman,,,,1,"The Sanders Firm; Sanders Viener Grossman, LLP; Sanders Viener Grossman LLP",3,6,"1871, 2244, 2331",Management,high,,,,,,,,,
A0798,Matthew Haindfield,,,,1,"Bradshaw, Fowler, Proctor & Fairgrave, PC",1,5,2244,Discovery,high,,,,,,,,,
A0799,Navan Ward,,,,1,"Beasley Allen Law Firm; Beasley, Allen, Crow, Methvin, Partis & Miles PC; Beasley Allen; Beasley, Allen, Crow, Methvin,",4,18,"2197, 2244, 2391, 2789",Discovery; Fees; Management,high,,,,,,,,,
A0800,Peter Samberg,,,,1,"Weitz Luxenburg; Weitz & Luxenberg, LLC",2,11,"2244, 2782",Expert; Management,high,,,,,,,,,
A0801,Sri Gupta,,,,1,"Neblett, Beard & Arsenault",1,4,2244,Expert,high,,,,,,,,,
A0802,Steve Harrison,,,,1,"Harrison, Davis, Steakley & Morrison, PC",1,6,2244,Fees; Management,high,,,,,,,,,
A0803,Thomas Preuss,Thomas J. Preuss,,,1,"Wagstaff & Cartmell, LLP; WAGSTAFF & CARTMELL LLP; Preuss | Foster Law",4,9,"1657, 2244, 2452, 3037",Discovery; LeadCounsel; Management,high,,,,,,,,,
A0804,Trent Miracle,Trent B. Miracle,,,1,The Simmons Firm; SIMMONS HANLY CONROY; Simmons Hanly Conroy; Flint Cooper LLC,7,16,"2100, 2197, 2244, 2331, 2545, 3079, 3092",Discovery; Fees; LeadCounsel; Management,high,,,,,,,,,
A0805,Vincent Moccio,,,,1,"Robins, Kaplan, Miller & Ceresi",1,3,2244,Discovery,high,,,,,,,,,
A0806,William Kershaw,,,,1,"Kershaw, Cutter & Ratinoff; Kershaw, Cook & Talley, PC",2,6,"2244, 2768",Discovery; Management,high,,,,,,,,,
A0807,Adam Slater,,,,1,"Mazie Slater Katz & Freeman, LLC; Mazie, Slater, Katz & Freeman",2,4,"2606, 2875",Communications; Fees; LeadCounsel; Management,high,,,,,,,,,
A0808,Anthony Irpino,,,,1,"Irpino Law Firm; Irpino, Avin & Hawkins",3,4,"1789, 2606, 2750",Management; ProSe,high,,,,,,,,,
A0809,Behram Parekh,BEHRAM V. PAREKH,Behram V. Parekh,,1,"Kirtland & Packard LLP; Kirtland & Packard, LLP; Kirtland and Packard, LLP; KIRTLAND & PACKARD LLP",6,8,"2188, 2199, 2606, 2666, 2734, 2875",ClassCounsel; Discovery; LeadCounsel; Management,high,,,,,,,,,
A0810,F. Abbott,,,,1,Abbott Law Group,1,1,2606,Management,high,,,,,,,,,
A0811,George Williamson,,,,1,"Farr, Farr, Emerich, Hackett, Carr & Holmes, P.A.; Farr Law Firm",3,4,"2606, 2734, 2875",Discovery; Management,high,,,,,,,,,
A0812,Jeffrey Kuntz,Jeffrey M. Kuntz,,,1,Wagstaff and Cartmell,2,2,"1842, 2606",Management,high,,,,,,,,,
A0813,Lexi Hazam,,,,1,"Lieff Cabraser Heimann &Bernstein; Lieff Cabraser Hermann & Bernstein, LLP; Lieff Cabraser Heimann & Bernstein, LLP",3,6,"2606, 2734, 3047",Discovery; Fees; LeadCounsel; Management,high,,,,,,,,,
A0814,Mallory Mangold,,,,1,"Taylor Martino, P.C.",1,1,2606,Management,high,,,,,,,,,
A0815,Mark O'Mara,Mark O’Mara,,,1,O'Mara Law group; Mark,2,2,"2606, 2666",Management,high,,,,,,,,,
A0816,Paul Rheingold,,,,1,"Rheingold, Valet and Rheingold PCI",2,3,"1964, 2606",Communications; LeadCounsel; Management,high,,,,,,,,,
A0817,Peter Snowdon,,,,1,"Johnson Becker, PLLC",1,1,2606,Management,high,,,,,,,,,
A0818,Peter Weinberger,Peter H. Weinberger,,,1,"Spangenberg Shibley & Liber, LLP; Spangenberg Shibley and Liber, LLP; Spangenberg, Shibley& Liber, LLP",4,6,"1733, 1909, 2606, 2804",Communications; Fees; Management,high,,,,,,,,,
A0819,Roger Orlando,Roger W. Orlando,,,1,"The Orlando Firm, P.C.; Orlando Law Firm; The Orlando Firm; THE ORLANDO FIRM, P.C.",7,10,"1845, 2087, 2331, 2545, 2606, 2767, 2875",ClassCounsel; Management,high,,,,,,,,,
A0820,Stuart Goldenberg,,,,1,"Goldenberg Law, PLLC; Goldenberg Law",3,4,"2606, 2641, 2949",Management,high,,,,,,,,,
A0821,Troy Rafferty,Troy A. Rafferty,,,1,"Levin, Papantonio, Thomas, Mitchell, Rafferty and Proctor; Levin, Papantonio, Thomas, Mitchell, Rafferty & Proctor, P.A.; LEVIN, PAPANTONIO, THOMAS, MITCHELL, ECHSNER & PROCTOR, PA; Levin Papantonio Thomas Mitchell Rafferty Proctor, PA",12,20,"1657, 1909, 2197, 2299, 2428, 2545, 2606, 2734, 2789, 2804, 3080, 3140",Communications; Fees; LeadCounsel; Management; Settlement,high,,,,,,,,,
A0822,Andres Rivero,,,,1,Rivero Mestre LLP,1,1,2875,Management,high,,,,,,,,,
A0823,Ashleigh Raso,,,,1,"Meshbesher & Spence; Meshbesher & Spence, Ltd.; Meshbesher & Spence, LTD",4,5,"2768, 2859, 2875, 2949",Communications; Management; SettlementAdministration,high,,,,,,,,,
A0824,Clem Trischler,,,,1,"Pietragallo Gordon Alfano Bosick & Raspanti, LLP",1,1,2875,Management,high,,,,,,,,,
A0825,Daniel Nigh,Daniel A. Nigh,,,1,"Levin, Papantonio, Thomas, Mitchell, Rafferty, Proctor, P.A; LEVIN, PAPANTONIO, THOMAS, MITCHELL, RAFFERTY & PROCTOR, P.A.; Levin Papantonio",3,4,"2875, 2924, 3044",Expert; LeadCounsel; Management,high,,,,,,,,,
A0826,David Hobbs,,,,1,"Fleming Nolen Jez, L.L.P.",1,1,2875,Management,high,,,,,,,,,
A0827,David Stanoch,,,,1,"Golomb & Honik, P,C.",1,1,2875,Communications,high,,,,,,,,,
A0828,Gregory P. Hansel,Gregory Hansel,,,1,"Preti Flaherty, Beliveau & Pachios LLP; Preti Flaherty",2,3,"2875, 2931",Management,high,,,,,,,,,
A0829,Harold McCall,,,,1,Wayne Wright LLP,1,1,2875,Management,high,,,,,,,,,
A0830,Jessica Perez,,,,1,"Pendley, Baudin & Coffin",1,1,2875,Management,high,,,,,,,,,
A0831,Jessica Priselac,,,,1,Duane Morris LLP,1,1,2875,Communications,high,,,,,,,,,
A0832,John Boundas,,,,1,Williams Kherkher,1,1,2875,Management,high,,,,,,,,,
A0833,John Sawin,,,,1,"Sawin Law Firm, Ltd.",1,1,2875,Management,high,,,,,,,,,
A0834,Jon Mann,,,,1,"Pittman, Dutton & Hellums; Pittman, Dutton, Hellums, Bradley & Mann",3,5,"2875, 2974, 3140",Discovery; Management,high,,,,,,,,,
A0835,Joseph Marchese,Joseph I. Marchese,,,1,"Bursor & Fisher, P.A.",2,2,"2562, 2875",Management,high,,,,,,,,,
A0836,Lori G. Cohen,Lori Cohen,,,1,"Greenberg Traurig, LLP; Greenberg Traurig LLP",3,5,"2740, 2875, 2974",Communications; Management; Settlement,high,,,,,,,,,
A0837,Marlene Goldenberg,Marlene J. Goldenberg,,,1,"GoldenbergLaw, PLLC; Goldenberg Law; GOLDENBERGLAW, PLLC; Nigh Goldenberg Raso & Vaughn, PLLC",6,9,"2734, 2875, 2924, 3004, 3084, 3089",Discovery; Management,high,,,,,,,,,
A0838,Nicholas Migliaccio,Nicholas A. Migliaccio,,,1,"Migliaccio & Rathod LLP; Mason, LLP",2,3,"2025, 2875",ClassCounsel; Management,high,,,,,,,,,
A0839,Paul Geske,,,,1,"McGuire Law, P.C.",1,1,2875,Management,high,,,,,,,,,
A0840,Peter St. Philip,,,,1,Lowey Dannenberg,1,1,2875,Management,high,,,,,,,,,
A0841,Rachel Geman,,,,1,"Lieff, Cabraser, Heinman & Berstein, LLP",1,1,2875,Management,high,,,,,,,,,
A0842,Richard Smith,,,,1,Wiley Rein LLP; Christian & Small LLP,2,3,"2595, 2875",Communications; Management,high,,,,,,,,,
A0843,Rosemarie Bogdan,Rosemarie Riddell Bogdan,,,1,"Martin, Harding & Mazzotti, LLP; MARTIN, HARDING & MAZZOTTI; Harding Mazzotti, LLP; Harding Mazzotti",4,5,"2875, 2924, 3029, 3140",Expert; Management,high,,,,,,,,,
A0844,Samuel Anyan,,,,1,The Cochran Firm,1,2,2875,Management,high,,,,,,,,,
A0845,Samuel Fisher,,,,1,"Wiggins, Childs, Pantazis, Fisher & Goldfarb, LLC; Wiggins, Childs, Quinn & Pantazis, LLC",2,2,"1871, 2875",Management,high,,,,,,,,,
A0846,Scott Morgan,,,,1,"Schlicter Board & Denton, LLP; Morgan Law Firm; MORGAN LAW FIRM, LTD.",3,4,"2691, 2875, 2973",Management,high,,,,,,,,,
A0847,Seth Goldberg,,,,1,Duane Morris LLP; Duane Monis LLP,1,2,2875,Communications; Management,high,,,,,,,,,
A0848,Stacy Burrows,,,,1,"George A Barton, P.C.",1,1,2875,Management,high,,,,,,,,,
A0849,Stefanie Colella-Walsh,,,,1,"Stark & Stark, P.C.",1,1,2875,Management,high,,,,,,,,,
A0850,Warren Burns,Warren Tavares Burns,,,1,Burns Charest LLP; BURNS CHAREST LLP,7,12,"2406, 2656, 2738, 2785, 2796, 3107, 3108",ClassCounsel; LeadCounsel; Management; Settlement,high,,,,,,,,,
A0851,Adhoot Robert,,,,1,"Adhoot & Wolfson, P.C.",1,1,2627,ClassCounsel,high,,,,,,,,,
A0852,Berman Steve,,,,1,Hagens Berman Sobol Shapiro LLP,1,1,2627,ClassCounsel,high,,,,,,,,,
A0853,Bryson Daniel,,,,1,Whitfield Bryson & Mason LLP,1,1,2627,ClassCounsel,high,,,,,,,,,
A0854,McCarthy Niall,,,,1,"Cotchett, Pitre & McCarthy, LLP",1,1,2627,ClassCounsel,high,,,,,,,,,
A0855,Robertson Alexander,,,,1,"Robertson & Associates, LLP",1,1,2627,ClassCounsel,high,,,,,,,,,
A0856,Steven Toll,,,,1,Cohen Milstein Sellers & Toll PLLC,2,4,"2627, 2743",ClassCounsel; LeadCounsel; Settlement,high,,,,,,,,,
A0857,Adrianne Baumgartner,,,,1,Porteous Hainkel & Johnson,1,1,2047,Management,high,,,,,,,,,
A0858,Alan Yacoubian,,,,1,Johnson Johnson Barrios & Yacoubian,1,1,2047,Management,high,,,,,,,,,
A0859,Charles Chassaignac,,,,1,Porteous Hainkel & Johnson,1,1,2047,Management,high,,,,,,,,,
A0860,Gary Russo,,,,1,Jones Walker Waechter Poitevent Carrere Denegre,1,1,2047,Management,high,,,,,,,,,
A0861,H. Pipes,,,,1,"Barrasso Usdin Kupperman Freeman & Sarver, LLC",1,1,2047,Management,high,,,,,,,,,
A0862,Jay Sever,,,,1,"Phelps Dunbar, LLP",1,1,2047,Management,high,,,,,,,,,
A0863,Jennifer McNamara,,,,1,"Baker Donelson Bearman Caldwell & Berkowitz, PC",1,1,2047,Management,high,,,,,,,,,
A0864,Judy Barrasso,,,,1,"Barrasso Usdin Kupperman Freeman & Sarver, LLC",1,1,2047,LeadCounsel; Management,high,,,,,,,,,
A0865,Neal Favret,,,,1,Johnson Johnson Barrios & Yacoubian,1,1,2047,Management,high,,,,,,,,,
A0866,Ralph Hubbard,,,,1,Lugenbuhl Wheaton Peck Rankin & Hubbard,1,1,2047,Management,high,,,,,,,,,
A0867,Robert Darroch,,,,1,"Goodman McGuffey Lindsey & Johnson, LLP",1,1,2047,Management,high,,,,,,,,,
A0868,Ahmed Diab,,,,1,Gomez Trial Attorneys; GOMEZ TRIAL LAWYERS,3,5,"2391, 2642, 2775",Communications; Management,high,,,,,,,,,
A0869,Altom Maglio,,,,1,Maglio Christopher & Toale PA,1,1,2391,Management,high,,,,,,,,,
A0870,Amber Parra,,,,1,Justinian PLLC,1,1,2391,Management,high,,,,,,,,,
A0871,Brenda Fulmer,,,,1,"Searcy Denney Scarola Barnhart & Shipley; Searcy, Denney, Scarola, Barnhart & Shipley; Searcy Denney Scarola Barnhard & Shipley",3,9,"2385, 2391, 2859",Fees; Management,high,,,,,,,,,
A0872,Wayne Fisher,,,,1,"Fisher, Boyd, Brown & Huguenard, LLP",2,2,"2244, 2391",LeadCounsel; Management,high,,,,,,,,,
A0873,William Jordan,,,,1,Law Offices of William Jordan,1,1,2391,Management,high,,,,,,,,,
A0874,Andrea Hirsch,,,,1,"HERMAN GEREL, LLP",1,1,2642,Management,high,,,,,,,,,
A0875,Christopher Nidel,,,,1,"NIDEL LAW, PLLC",1,1,2642,Management,high,,,,,,,,,
A0876,David Wool,,,,1,"ANDRUS WAGSTAFF, P.C.",1,1,2642,Management,high,,,,,,,,,
A0877,Katie Griffin,,,,1,SILL LAW GROUP,1,1,2642,Management,high,,,,,,,,,
A0878,Lauren Welling,,,,1,"SANDERS PHILLIPS GROSSMAN, LLC",1,1,2642,Management,high,,,,,,,,,
A0879,Olga Viner,,,,1,HEARD ROBINS CLOUD LLP,1,1,2642,Management,high,,,,,,,,,
A0880,R. Richards,,,,1,"AYLSTOCK, WITKIN, KREIS & OVERHOLTZ, PLLC",1,1,2642,Management,high,,,,,,,,,
A0881,Tad Thomas,,,,1,"THOMAS LAW OFFICES, PLLC",1,1,2642,Management,high,,,,,,,,,
A0882,Thomas Sims,,,,1,"BARON & BUDD, P.C.",1,1,2642,Management,high,,,,,,,,,
A0883,Charles Weddle,,,,1,White & Weddle,1,2,2775,Management,high,,,,,,,,,
A0884,Derek Burch,,,,1,"Burch, George & Germany",1,2,2775,Management,high,,,,,,,,,
A0885,Marie Napoli,,,,1,Napoli Shkolnik; Napoli Shkolnik PLLC,2,5,"2775, 2859",Management,high,,,,,,,,,
A0886,Rip Andrews,,,,1,"Marsh, Richard & Bryan",1,2,2775,Management,high,,,,,,,,,
A0887,Robert Jenner,Robert K. Jenner,,,1,"Janet, Jenner & Suggs, LLC; Jenner Law, P.C.",4,6,"2308, 2502, 2657, 2775",Communications; LeadCounsel; Management,high,,,,,,,,,
A0888,Whitney Butcher,,,,1,Whitley Law Firm,1,2,2775,Management,high,,,,,,,,,
A0889,Alex Davis,,,,1,Jones Ward PLC,2,4,"2775, 2859",Management,high,,,,,,,,,
A0890,Jessica Williams,,,,1,Gomez Trial Attorneys,1,1,2775,Management,high,,,,,,,,,
A0891,Kathleen Kerner,,,,1,"Jenner Law, P.C.",1,1,2775,Management,high,,,,,,,,,
A0892,Kyle Farrar,,,,1,"Kaster, Lynch, Farrar & Ball; Kaster, Lynch, Farrar & Ball LLP",2,3,"2666, 2775",Management,high,,,,,,,,,
A0893,Lisa Lee,,,,1,The Joel Bieber Firm,1,1,2775,Management,high,,,,,,,,,
A0894,Hunter Lundy,,,,1,Lundy Lundy Soileau & South,1,1,2741,Management,high,,,,,,,,,
A0895,Michael Baum,,,,1,Baum Hedlund Aristei and Goldman,1,1,2741,Management,high,,,,,,,,,
A0896,C. Andrew Childers,C. Childers,C. Andy Childers,,1,"Childers, Schlueter & Smith, LLC; CHILDERS, SCHLUETER & SMITH, LLC; Levin, Papantonio, Proctor, Buchanan, O’Brien, Barr & Mougey, P.A.",5,11,"2782, 2974, 3026, 3079, 3092",Communications; LeadCounsel; Management,high,,,,,,,,,
A0897,Jon Conlin,,,,1,"Cory Watson, P.C.",2,4,"2782, 3081",Management,high,,,,,,,,,
A0898,Richard A. Freese,Richard Freese,,,1,"FREESE & GOSS, PLLC; Freese & Goss, PLLC",2,3,"1657, 2782",Bellwether; Management; Trial,high,,,,,,,,,
A0899,Richard Schulte,Richard W. Schulte,,,1,"Wright & Schulte, LLC; Wright & Schulte LLC; Botros, Behnke & Schulte; Behnke, Martin & Schulte, LLC",6,7,"1742, 2226, 2433, 2753, 2782, 3035",Discovery; LeadCounsel; Management,high,,,,,,,,,
A0900,Shelly Sanford,Shelly A. Sanford,,,1,"Watts Guerra LLP; Goforth Lewis Sanford; Goforth Lewis Sanford, LLP; Sanford Pinedo LLP",5,6,"1657, 1699, 1789, 1968, 2782",Management,high,,,,,,,,,
A0901,Christy Jones,,,,1,"Butler, Snow, O'Mara, Stevens & Cannada, PLLC; BUTLER, SNOW, O'MARA, STEVENS & CANNADA, PLLC",2,2,"2327, 2436",Communications; LeadCounsel,high,,,,,,,,,
A0902,Alan Milstein,,,,1,"Sherman, Silverstein, Kohl, Rose & Podolsky, P.A.,",2,2,"2331, 2677",Management,high,,,,,,,,,
A0903,Benedict Morelli,Benedict P. Morelli,,,1,"Morelli Ratner, P.C.; Morelli Ratner; Morelli, Alters, Ratner, P.C.; Morelli Law Firm, PLLC",4,6,"1871, 2331, 2415, 2654",Communications; Management; SettlementAdministration,high,,,,,,,,,
A0904,David Kuttles,,,,1,The Lanier Law Firm,1,1,2331,Management,high,,,,,,,,,
A0905,Mark DiCello,Mark Dicello,Mark A. DiCello,,1,"The Dicello Law Firm; DiCello, Levitt and Casey, LLC",4,5,"2004, 2331, 2768, 3101",LeadCounsel; Management,high,,,,,,,,,
A0906,Mark Galpern,,,,1,Locks Law Firm,1,1,2331,Management,high,,,,,,,,,
A0907,Theodore Laszlo,,,,1,Laszlo Law,1,1,2331,Management,high,,,,,,,,,
A0908,Timothy J. Becker,Timothy Becker,,,1,"Johnson // Becker, PLLC; Johnson Becker; JOHNSON // BECKER, PLLC; Johnson Becker, PLLC",9,17,"2197, 2244, 2272, 2331, 2458, 2545, 3026, 3079, 3092",Communications; LeadCounsel; Management; Motions,high,,,,,,,,,
A0909,Tracy Rezvani,,,,1,"Finkelstein Thompson LLP; Finkelstein Thompson, LLP; Finkelstein Thompson; Rezvani Law Firm",3,5,"1871, 2226, 2331",ClassCounsel; Management,high,,,,,,,,,
A0910,Cristopher Weld,,,,1,,1,1,2677,Communications,high,,,,,,,,,
A0911,David Mathews,,,,1,,1,1,2677,Management,high,,,,,,,,,
A0912,Jennifer Duffy,,,,1,,1,1,2677,Management,high,,,,,,,,,
A0913,John Yanchunis,John A. Yanchunis,"John A. Yanchunis, Sr.",,1,"Morgan & Morgan Complex Litigation Group; Morgan & Morgan; Morgan & Morgan Complex Litigation Group, PA",14,22,"2450, 2522, 2583, 2664, 2677, 2695, 2752, 2800, 2841, 2915, 2994, 3083, 3090, 3115",ClassCounsel; Communications; Expert; LeadCounsel; Management; Settlement,high,,,,,,,,,
A0914,Kevin Hannon,,,,1,"The Hannon Law Firm, LLC; Morgan & Morgan; Singleton Schreiber, LLP; Singleton Schreiber",3,8,"2677, 2873, 3140",Management,high,,,,,,,,,
A0915,Michael J. Flannery,Michael Flannery,,,1,"Cuneo Gilbert & LaDuca, LLP; Cuneo, Gilbert & LaDuca, LLP",5,5,"2677, 2918, 2998, 3031, 3107",ClassCounsel; LeadCounsel; Management,high,,,,,,,,,
A0916,Richard Cornfeld,,,,1,,1,1,2677,Management,high,,,,,,,,,
A0917,Robert K. Shelquist,Robert Shelquist,,,1,"Lockridge Grindal Nauen P.L.L.P.; Lockridge Grindal Nauen, PLLP; Lockridge Grindal Nauen PLLP; Lockridge, Grindal & Nauen, L.L.P",14,20,"2000, 1817, 1905, 1958, 1990, 2098, 2223, 2247, 2264, 2359, 2551, 2591, 2677, 2744",ClassCounsel; Communications; LeadCounsel; Management,high,,,,,,,,,
A0918,Alan Weigel,,,,1,,1,1,2179,Management,high,,,,,,,,,
A0919,Daniel Goforth,,,,1,,1,1,2179,Management,high,,,,,,,,,
A0920,David Beck,,,,1,,1,1,2179,Communications; Management,high,,,,,,,,,
A0921,Deborah Kuchler,,,,1,,1,1,2179,Communications; Management,high,,,,,,,,,
A0922,Don Haycraft,,,,1,,1,2,2179,Communications,high,,,,,,,,,
A0923,Don Jackson,,,,1,,1,1,2179,Management,high,,,,,,,,,
A0924,Donald Goodwin,,,,1,,1,1,2179,Communications; Management,high,,,,,,,,,
A0925,Frances Bivens,,,,1,,1,1,2179,Management,high,,,,,,,,,
A0926,Glenn Goodier,,,,1,,1,1,2179,Management,high,,,,,,,,,
A0927,Hugh Tanner,,,,1,,1,1,2179,Management,high,,,,,,,,,
A0928,J. Andrew Langan,,,,1,,1,1,2179,Communications; Management,high,,,,,,,,,
A0929,Kerry Miller,,,,1,Frilot L.L.C.,2,2,"2047, 2179",Communications,high,,,,,,,,,
A0930,Kirby Ky,,,,1,,1,1,2179,Communications; Management,high,,,,,,,,,
A0931,Mary Rose Alexander,,,,1,,1,1,2179,Management,high,,,,,,,,,
A0932,Michael Lyle,,,,1,,1,1,2179,Communications; Management,high,,,,,,,,,
A0933,Alejandro Alvarez,,,,1,Alvarez Law Firm,2,3,"1964, 3140",Management; Trial,high,,,,,,,,,
A0934,Andrew D’Arcy,,,,1,,1,1,1964,Management,high,,,,,,,,,
A0935,Carmen Scott,Carmen S. Scott,,,1,MOTLEY RICE LLC; Motley Rice,4,5,"1964, 2738, 2924, 3140",Management,high,,,,,,,,,
A0936,Jubal Hamil,,,,1,Deakle Sholtis & Hamil,2,2,"1964, 3021",Management,high,,,,,,,,,
A0937,Kristine Kraft,Kristine K. Kraft,,,1,"Schlichter, Bogard & Denton, LLP; Schlicter Bogard & Denton; SCHLICHTER, BOGARD & DENTON, LLP; Schlicter Bogard LLP",6,14,"1964, 2545, 2666, 3026, 3044, 3092",Communications; Management; Settlement; SettlementAdministration,high,,,,,,,,,
A0938,Rhett Klok,,,,1,,1,2,1964,Management,high,,,,,,,,,
A0939,Roger Denton,,,,1,"Denton Law Firm; Schlichter Bogard & Denton, LLP; Schlichter, Bogard & Denton LLP; Schlichter, Bogard & Denton, LLP",10,17,"1742, 1909, 1964, 2100, 2385, 2433, 2592, 2789, 2846, 3140",Communications; Coordination; Discovery; LeadCounsel; Management; Settlement; SettlementAdministration,high,,,,,,,,,
A0940,Steven Blau,,,,1,,1,2,1964,LeadCounsel; Management,high,,,,,,,,,
A0941,Andrew Norden,,,,1,"Osborne & Francis; Osborne & Associates Law Firm, P.A.",1,3,2859,LeadCounsel; Management,high,,,,,,,,,
A0942,Kelly McNabb,,,,1,"Lieff Cabraser Heimann & Bernstein, LLP; Lieff Cabraser Heimann & Bernstein LLP; Lieff Cabraser",2,5,"2859, 3140",Discovery; LeadCounsel; Management,high,,,,,,,,,
A0943,Laura Pittner,,,,1,"Goldenberg Law, PLLC; GoldenbergLaw, PLLC",2,2,"2776, 2859",Management,high,,,,,,,,,
A0944,Nicholas Farnolo,,,,1,Napoli Shkolnik PLLC,2,5,"2846, 2859",Management,high,,,,,,,,,
A0945,Peter Sandberg,,,,1,"Ingaldson Fitzgerald, P.C.",1,2,2859,Management,high,,,,,,,,,
A0946,Kevin Fizterald,,,,1,Fitzgerald Law Group,1,1,2859,Management,high,,,,,,,,,
A0947,Noah Lauricella,Noah C. Lauricella,,,1,"Goldenberg Law, PLLC; Goldenberg Lauricella PLLC",3,4,"2666, 2859, 3026",Management,high,,,,,,,,,
A0948,Alex MacDonald,,,,1,"MACDONALD, ROTHWEILER, EISENBERG, LLP",1,3,2545,Management,high,,,,,,,,,
A0949,Brian Perkins,,,,1,MEYERS & FLOWERS,1,3,2545,Communications,high,,,,,,,,,
A0950,David Ratner,,,,1,"MORELLI, ALTERS, RATNER LLP",1,3,2545,Management,high,,,,,,,,,
A0951,Elwood Stevens,"Elwood Stevens,",,,1,"DOMENGEAUX, WRIGHT, ROY & EDWARDS, L.L.C.",1,3,2545,Management,high,,,,,,,,,
A0952,Frank Petosa,,,,1,"MORGAN & MORGAN, P.A.; Morgan & Morgan, P.A.; MORGAN & MORGAN; Morgan & Morgan, PA",6,9,"2502, 2514, 2545, 2577, 2750, 2809",ClassCounsel; Management,high,,,,,,,,,
A0953,Gregory Spizer,,,,1,ANAPOL SCHWARTZ,1,3,2545,Management,high,,,,,,,,,
A0954,Mark Hoffman,,,,1,"ROSS FELLER CASEY, LLP",2,4,"2545, 2592",Management,high,,,,,,,,,
A0955,Matthew Teague,,,,1,"BEASLEY, ALLEN, CROW, METHVIN, PORTIS & MILES, P.C.",1,3,2545,Management,high,,,,,,,,,
A0956,Maury Herman,,,,1,"HERMAN, HERMAN & KATZ LLC",1,3,2545,Management,high,,,,,,,,,
A0957,Michael London,Michael A. London,,,1,"Douglas & London, P.C.; Douglas & London; Douglas and London; DOUGLAS & LONDON",17,34,"1742, 1842, 1953, 2023, 2051, 2068, 2100, 2197, 2272, 2385, 2433, 2545, 2750, 2754, 2846, 2873, 3089",ClassCounsel; Communications; Fees; LeadCounsel; Management; Settlement,high,,,,,,,,,
A0958,Michelle Kranz,Michelle L. Kranz,,,1,"Zoll, Kranz & Borgess; Zoll & Kranz, LLC; ZOLL, KRANZ & BORGESS LLC; Zoll Kranz & Borgess",4,12,"2197, 2391, 2545, 3107",Communications; Fees; Management,high,,,,,,,,,
A0959,Myron Cherry,,,,1,MYRON M. CHERRY & ASSOCIATES,1,3,2545,Communications,high,,,,,,,,,
A0960,Ronald Johnson,"Ronald E. Johnson, Jr.","Ronald (“Rome”) V. Johnson, IV",Ronald E. Johnson,1,"Schachter, Hendy & Johnson, PSC; SCHACHTER, HENDY & JOHNSON PSC",5,11,"2308, 2385, 2545, 3021, 3047",Fees; LeadCounsel; Management,high,,,,,,,,,
A0961,Seth Katz,,,,1,"BURG SIMPSON ELDREDGE HERSH & JARDINE, P.C; Burg Simpson Eldredge Hersh & Jardine, P.C.; Burg Simpson Eldredge Hersh & Jardine. P.C.",4,8,"2385, 2545, 2754, 2789",LeadCounsel; Management; Settlement,high,,,,,,,,,
A0962,T. Leckman,,,,1,"POGUST, BRASLOW & MILLROOD, LLC",1,3,2545,Management,high,,,,,,,,,
A0963,Will Moody,,,,1,LOCKRIDGE GRINDAL NAUEN P.L.L.P.,1,4,2545,Management,high,,,,,,,,,
A0964,Dianne Flannery,,,,1,"McGuireWoods LLP; McGuire Woods LLP,",2,3,"2627, 2743",LeadCounsel; Settlement,high,,,,,,,,,
A0965,Robert Ahdoot,,,,1,"Adhoot & Wolfson, P.C.",1,1,2743,ClassCounsel,high,,,,,,,,,
A0966,Alexandra Boone,,,,1,"Miller Weisbrod, LLP",1,1,2754,Management,high,,,,,,,,,
A0967,Kevin Madonna,,,,1,"Kennedy & Madonna, LLP; Kennedy Madonna LLP",3,7,"2433, 2754, 2873",Management,high,,,,,,,,,
A0968,Lisa Causey-Streete,,,,1,"Salim-Beasley, L.L.C.",1,1,2754,Management,high,,,,,,,,,
A0969,Melissa Debarbiers,,,,1,Bruno & Bruno,1,1,2754,Management,high,,,,,,,,,
A0970,Ned McWilliams,,,,1,"Levin, Papantonio, Thomas, Mitchell, Rafferty & Proctor, P.A.; Levin Papantonio Thomas Mitchell Rafferty Proctor, P.A.",3,5,"2385, 2433, 2754",Fees; Management,high,,,,,,,,,
A0971,Rachel Harris,,,,1,"Schlichter, Bogard & Denton, LLP",1,1,2754,Management,high,,,,,,,,,
A0972,Robert Binstock,Robert J. Binstock,,,1,"Reich & Binstock; Reich & Bin stock; Reich & Binstock, LLP",4,7,"1842, 1943, 1968, 2754",Management,high,,,,,,,,,
A0973,Shannon Pennock,,,,1,Pennock Law Firm,2,2,"2754, 2789",Management,high,,,,,,,,,
A0974,Alexandra Steele,,,,1,Lear Werts LLP,1,1,2827,Management,high,,,,,,,,,
A0975,Anthony Fata,,,,1,Cafferty Clobes Meriweather & Sprengel LLP; Cafferty Clobes Meriwether & Sprengel LLP,1,2,2827,Management; Settlement,high,,,,,,,,,
A0976,Anthony Simon,,,,1,"Simon Law Firm, P.C.",1,1,2827,Management,high,,,,,,,,,
A0977,Archie Grubb,,,,1,Beasley Allen Crow Methvin Ports & Miles,1,1,2827,Management,high,,,,,,,,,
A0978,Ben Barnow,,,,1,"Barnow and Associates, P.C.; Barnow & Associates; Barnow & Associates, P.C.",15,20,"1704, 1838, 1940, 1998, 2046, 2068, 2173, 2258, 2357, 2474, 2586, 2705, 2827, 3056, 3090",ClassCounsel; Communications; LeadCounsel; Management; Settlement,high,,,,,,,,,
A0979,Bradford Lear,Bradford B. Lear,,,1,Lear Werts LLP; LEAR WERTS LLP,2,3,"2827, 2924",Management,high,,,,,,,,,
A0980,Daniel Mullian,,,,1,"Jenkins, Mulligan, & Gabriel",1,1,2827,Management,high,,,,,,,,,
A0981,Derek Howard,,,,1,Derek G. Howard Law Firm,1,1,2827,Management,high,,,,,,,,,
A0982,Eli Greenstein,,,,1,Kessler Topaz Metzler Check LLP,1,1,2827,Management,high,,,,,,,,,
A0983,Gary S. Graifman,Gary Graifman,,,1,"Kantrowitz, Goldhamer & Graifman, P.C.; Kantrowitz Goldhamer & Graifman, P.C.; KANTROWITZ, GOLDHAMER & GRAIFMAN, P.C.",4,4,"2583, 2827, 3078, 3115",Management,high,,,,,,,,,
A0984,Geoffrey Rushing,,,,1,Saveri & Saveri Inc.,1,2,2827,Discovery; Management,high,,,,,,,,,
A0985,Gordan Fauth,,,,1,Finkelstein Thompson LLP,1,1,2827,Management,high,,,,,,,,,
A0986,Greenstein Eli,,,,1,Kessler Topaz Metzler Check LLP,1,1,2827,Communications,high,,,,,,,,,
A0987,Howard Derek,,,,1,Derek G. Howard Law Firm,1,1,2827,Communications,high,,,,,,,,,
A0988,James Vlahakis,,,,1,Sulaiman Law Group Ltd.,1,1,2827,Management,high,,,,,,,,,
A0989,Jason Barnes,,,,1,Barnes & Associates,1,1,2827,Management,high,,,,,,,,,
A0990,Jeffery Squire,,,,1,"Brager Eagel & Squire, P.C.",1,1,2827,Management,high,,,,,,,,,
A0991,Joshua Eggnatz,,,,1,Eggnatz Pascucci PA,1,1,2827,Management,high,,,,,,,,,
A0992,Karen Swope,,,,1,Keller Rohrback LLP; Keller Rohrbach LLP,1,2,2827,Discovery; Management,high,,,,,,,,,
A0993,Kathleen Herkenhoff,,,,1,Haeggquist & Eck LP,1,2,2827,Management; Motions,high,,,,,,,,,
A0994,Kenneth Johnston,,,,1,Johnston Pratt PLLC,1,1,2827,Management,high,,,,,,,,,
A0995,Kyle McGee,,,,1,Grant & Eisenhoffer P.A.,1,1,2827,Management,high,,,,,,,,,
A0996,McNamara Douglass,,,,1,Cohen Milstein Sellers & Toll LLC,1,1,2827,Expert,high,,,,,,,,,
A0997,Phong Tran,Phong L. Tran,,,1,"Johnson Fistell, LLP; Robbins Geller Rudman & Dowd LLP",2,2,"2238, 2827",ClassCounsel; Management,high,,,,,,,,,
A0998,Richard S. Wayne,Richard Wayne,,,1,"Strauss Troy; Strauss Troy Co., LPA",2,3,"2827, 3025",ClassCounsel; LeadCounsel; Management,high,,,,,,,,,
A0999,Scott Cole,,,,1,Scott Cole & Associates,1,1,2827,Management,high,,,,,,,,,
A1000,Stanley Bernstein,,,,1,"Bernstein Liebhard LLP; Bernstein Liebhard; Bernstein Liebhard & Lifshitz, LLP",3,5,"2002, 2196, 2827",LeadCounsel; Management; Trial,high,,,,,,,,,
A1001,Stephen Rosenthal,,,,1,Podhurst Orsek P.A.; Podhurst Orseck P.A.,1,2,2827,Expert; Management,high,,,,,,,,,
A1002,Timothy G. Blood,Timothy Blood,Timothy Gordon Blood,,1,"Blood Hurst & O’Reardon, LLP; Blood Hurst & O’Reardon LLP; Blood, Hurst & O'Reardon, LLP; Blood, Hurst & O’Reardon, LLP",8,18,"2087, 2258, 2308, 2357, 2705, 2738, 2827, 2904",ClassCounsel; Communications; Discovery; LeadCounsel; Management,high,,,,,,,,,
A1003,Todd Garber,Todd S. Garber,,,1,"Finkelstein Blankinship Freipearson & Garber LLP; Finkelstein Blankenship; Finkelstein, Blankinship, Frei-Pearson & Garber, LLP",3,4,"2705, 2827, 2904",Management; Trial,high,,,,,,,,,
A1004,Allan Steyer,,,,1,"Steyer Lowenthal Boodrookas Alvarez &
Smith LLP",1,1,2796,Management,high,,,,,,,,,
A1005,James Martin,,,,1,Zelle LLP,1,1,2796,Management,high,,,,,,,,,
A1006,Steven A. Hart,Steven Hart,,,1,"Segal, McCambridge, Singer & Mahoney; Hart McLaughlin & Eldridge; Segal McCambridge Singer & Mahoney; Segal McCambridge Singer & Mahoney, Ltd.",3,5,"1822, 1996, 2796",ClassCounsel; Communications; Management,high,,,,,,,,,
A1007,Allison Fry,,,,1,"John Arthur Eaves, Attorneys at Law",1,2,2557,Communications,high,,,,,,,,,
A1008,Hal Litchford,,,,1,"Baker, Donelson, Bearman, Caldwell & Berkowitz, PC",1,1,2557,Communications,high,,,,,,,,,
A1009,Mark Shurtleff,,,,1,,1,1,2557,Communications,high,,,,,,,,,
A1010,Allison Grant,,,,1,,1,1,2047,Fees,high,,,,,,,,,
A1011,Lenny Davis,,,,1,,1,1,2047,Fees,high,,,,,,,,,
A1012,Patrick Montoya,,,,1,,1,1,2047,Fees,high,,,,,,,,,
A1013,Sandra Duggan,,,,1,Levin Sedran & Berman LLP; Levin Sedran & Berman,2,3,"2047, 3014",Fees; LeadCounsel; Management; Settlement,high,,,,,,,,,
A1014,Skip Lambert,,,,1,,1,1,2047,Fees,high,,,,,,,,,
A1015,Alphonso Michael Epsy,,,,1,,1,1,2179,Management,high,,,,,,,,,
A1016,Calvin Fayard,,,,1,,1,8,2179,Management,high,,,,,,,,,
A1017,Conrad Williams,,,,1,,1,7,2179,Management,high,,,,,,,,,
A1018,Ervin Gonzalez,,,,1,"Colson, Hicks, Eidson",2,11,"2047, 2179",Coordination; Management,high,,,,,,,,,
A1019,James Roy,,,,1,,1,12,2179,ClassCounsel; Communications; Management,high,,,,,,,,,
A1020,Jeffery Breit,,,,1,,1,7,2179,Management,high,,,,,,,,,
A1021,Matthew Lundy,,,,1,"Lundy & Davis, LLP",2,9,"1742, 2179",Management,high,,,,,,,,,
A1022,Michael Palmintier,,,,1,,1,8,2179,Management,high,,,,,,,,,
A1023,Paul Sterbcow,,,,1,,1,8,2179,Management,high,,,,,,,,,
A1024,Philip Cossich,,,,1,,1,8,2179,Management,high,,,,,,,,,
A1025,Rhon Jones,,,,1,,1,8,2179,Management,high,,,,,,,,,
A1026,Robert Cunningham,,,,1,,1,8,2179,Management,high,,,,,,,,,
A1027,Scott Summy,,,,1,"Baron & Budd, P.C.; Baron & Budd, P .C.; Baron & Budd",2,14,"2179, 2873",ClassCounsel; LeadCounsel; Management,high,,,,,,,,,
A1028,Stephen Herman,Stephen J. Herman,,,1,Fishman Haygood L.L.P.,2,14,"2179, 3108",ClassCounsel; Communications; Management,high,,,,,,,,,
A1029,Alphonso Michael Espy,,,,1,,1,7,2179,Management,high,,,,,,,,,
A1030,Jeffrey Breit,,,,1,,1,1,2179,Management,high,,,,,,,,,
A1031,Alyson Jones,,,,1,"BUTLER, SNOW, O'MARA, STEVENS & CANNADA, PLLC",1,1,2436,Communications,high,,,,,,,,,
A1032,David Abernethy,,,,1,"DRINKER BIDDLE & REATH, LLP",1,1,2436,Communications,high,,,,,,,,,
A1033,Andrea Pierson,,,,1,"Baker Daniels, LLP",1,2,2272,LeadCounsel,high,,,,,,,,,
A1034,Daniel Burke,,,,1,"Parker Waichman; Parker Waichman Alonso; BERNSTEIN LIEBHARD, LLP",3,7,"2272, 2391, 2809",Management,high,,,,,,,,,
A1035,James Ronca,James R. Ronca,,,1,"Anapol Schwartz P.C.; Anapol, Schwartz, Weiss, Cohan, Feldman & Smalley, PC; ANAPOL, SCHWARTZ, P.C.; Anapol Weiss",4,7,"1928, 2272, 2434, 3026",Communications; LeadCounsel; Management,high,,,,,,,,,
A1036,Joseph Yeager,,,,1,"Baker Daniels, LLP",1,2,2272,LeadCounsel,high,,,,,,,,,
A1037,Kurt Stitcher,,,,1,"Baker & Daniels, LLP",1,2,2272,Communications,high,,,,,,,,,
A1038,Randi Kassan,,,,1,"Sanders Viener Grossman; Sanders Viener Grossman LLP; Sanders, Viener, Grossman LLP",3,5,"2272, 2428, 2434",Management,high,,,,,,,,,
A1039,Robeft Gordon,,,,1,Weitz and Luxenberg,1,2,2272,Management,high,,,,,,,,,
A1040,Ronald Goldser,Ronald S Goldser,Ronald S. Goldser,,1,"Zimmerman Reed; Zimmerman Reed, PLLP",2,4,"1943, 2272",Communications; LeadCounsel; Management,high,,,,,,,,,
A1041,Sheila Bossier,Sheila M. Bossier,,,1,"BOSSIER & ASSOCIATES, PLLC; Bossier and Associates; Freese & Goss, PLLC; Bossier & Associates, PLLC",4,9,"1657, 2272, 2641, 3029",Bellwether; Management; Trial,high,,,,,,,,,
A1042,Amanda Kitts,,,,1,Nelson Mullins Riley & Scarborough LLP,1,5,2873,Coordination; Management,high,,,,,,,,,
A1043,Carl Solomon,,,,1,"Solomon Law Group, LLC",1,5,2873,Management,high,,,,,,,,,
A1044,Christina Cossich,,,,1,"Cossich, Sumich, Parsiola & Taylor LLC",1,5,2873,Management,high,,,,,,,,,
A1045,Daniel Ring,Daniel L. Ring,,,1,Mayer Brown LLP,2,6,"1905, 2873",Coordination; LeadCounsel; Management,high,,,,,,,,,
A1046,Elizabeth Knauer,,,,1,"Sive, Paget & Riesel P.C.",1,5,2873,Coordination; Management,high,,,,,,,,,
A1047,Gregory Cade,,,,1,"Law Offices of Environmental Litigation Group, P.C.; Environmental Litigation Group PC",2,6,"2873, 3080",Management,high,,,,,,,,,
A1048,Jillian Kim,,,,1,"Greenberg Traurig, LLP",1,1,2873,Management,high,,,,,,,,,
A1049,Liam Montgomery,,,,1,Williams & Connolly LLP,1,5,2873,Coordination; Management,high,,,,,,,,,
A1050,Benjamin Richman,,,,1,Edelson PC,1,4,2873,Management,high,,,,,,,,,
A1051,Brian Duffy,,,,1,Duffy & Young LLC,1,6,2873,Communications; Coordination,high,,,,,,,,,
A1052,Christiaan Marcum,,,,1,"Richardson, Patrick, Westbook & Brickman",1,5,2873,Management,high,,,,,,,,,
A1053,Christina Falk,,,,1,"United States Department of Justice

Civil Division, Environmental Torts Branch; United States Department of Justice, Civil Division, Environmental Torts Branch",1,4,2873,Coordination,high,,,,,,,,,
A1054,David Dukes,David Eidson Dukes,,,1,Nelson Mullins Riley & Scarborough LLP; Nelson Mullins Riley & Scarborough,2,7,"2873, 3036",Communications; Coordination; LeadCounsel,high,,,,,,,,,
A1055,David Erickson,,,,1,"Shook Hardy & Bacon, L.L.P.",1,4,2873,Coordination; Management,high,,,,,,,,,
A1056,Erin Dickerson,,,,1,Crueger Dickinson LLC,1,3,2873,Management,high,,,,,,,,,
A1057,Frank Gallucci,,,,1,Plevin & Gallucci,1,5,2873,Management,high,,,,,,,,,
A1058,James Ferraro,,,,1,The Ferraro Law Firm,1,5,2873,Management,high,,,,,,,,,
A1059,Jillian Kirn,,,,1,"Greenberg Traurig, LLP",1,3,2873,Coordination; Management,high,,,,,,,,,
A1060,Joseph Petrosinelli,Joseph G. Petrosinelli,,,1,Williams & Connolly LLP; Williams & Connolly; WILLIAMS & CONNOLLY LLP,3,11,"2873, 2924, 3140",Communications; Coordination; LeadCounsel; Management; Settlement; Vetting,high,,,,,,,,,
A1061,Kenneth Reilly,,,,1,"Shook Hardy & Bacon, L.L.P.",1,1,2873,Coordination,high,,,,,,,,,
A1062,Lyn Pruitt,,,,1,"Mitchell, Williams, Selig, Gates & Woodyard, P.L.L.C.; PCW Law",1,4,2873,Coordination,high,,,,,,,,,
A1063,Mark Chertok,,,,1,"Sive, Paget & Riesel, P.C.; Sive Paget & Riesel, P.C.",1,5,2873,Coordination,high,,,,,,,,,
A1064,Matthew Pawa,,,,1,Seeger Weiss; Hagens Berman Sobol Shapiro LLP,1,4,2873,Management,high,,,,,,,,,
A1065,Michael Olsen,,,,1,Mayer Brown LLP,1,6,2873,Coordination; LeadCounsel,high,,,,,,,,,
A1066,Michael Stag,,,,1,"Stag Liuzza, LLC",1,4,2873,Management,high,,,,,,,,,
A1067,Molly Craig,,,,1,"The Hood Law Firm, LLC",1,5,2873,Coordination; Management,high,,,,,,,,,
A1068,Nancy Christensen,,,,1,"Weitz & Luxenberg, P.C.",1,5,2873,Management,high,,,,,,,,,
A1069,Paul Napoli,,,,1,Napoli Shkolnik; Napoli Shkolnik PLLC,1,7,2873,ClassCounsel; LeadCounsel,high,,,,,,,,,
A1070,Richard Head,,,,1,SL Environmental Law Group,1,2,2873,Management,high,,,,,,,,,
A1071,Robert Bilott,Robert A. Bilott,,,1,"Taft Stettinius & Hollister LLP; Taft, Stettinius & Hollister LLP",3,8,"1733, 2433, 2873",Fees; LeadCounsel; Management,high,,,,,,,,,
A1072,T. Frazer,,,,1,Frazer PLC,1,5,2873,Management,high,,,,,,,,,
A1073,Wesley Bowden,,,,1,"Levin, Papantonio, Thomas, Mitchell, Rafferty, Proctor P.A.",1,5,2873,Management,high,,,,,,,,,
A1074,William Jackson,,,,1,Kelley Drye & Warren LLP,1,5,2873,Management,high,,,,,,,,,
A1075,Ashley Campbell,,,,1,SL Environmental Law Group,1,3,2873,Management,high,,,,,,,,,
A1076,Brent Dwerlkotte,,,,1,"Shook Hardy & Bacon, L.L.P.",1,3,2873,Coordination,high,,,,,,,,,
A1077,Christina Natale,,,,1,"United States Department of Justice

Civil Division, Environmental Torts Branch; Jones Ward PLC",2,2,"2767, 2873",Coordination; Management,high,,,,,,,,,
A1078,David Hammack,,,,1,"United States Department of Justice

Civil Division, Environmental Torts Branch",1,3,2873,Coordination,high,,,,,,,,,
A1079,Frederick Hall,,,,1,"United States Department of Justice

Civil Division, Environmental Torts Branch",1,2,2873,Coordination,high,,,,,,,,,
A1080,Haroon Anwar,,,,1,"United States Department of Justice

Civil Division, Environmental Torts Branch",1,3,2873,Coordination,high,,,,,,,,,
A1081,J. Bell,,,,1,Bell Legal Group,1,4,2873,Management,high,,,,,,,,,
A1082,Jessica Pahl,,,,1,Williams & Connolly LLP,1,3,2873,Coordination,high,,,,,,,,,
A1083,Stephanie Biehl,,,,1,"Sher Edling, LLP",1,3,2873,Management,high,,,,,,,,,
A1084,Kaitlyn Maxwell,,,,1,"Greenberg Traurig, LLP; Greenberg Taurig, LLP",1,3,2873,Coordination; Management,high,,,,,,,,,
A1085,Marianne Kies,,,,1,"United States Department of Justice

Civil Division, Environmental Torts Branch",1,2,2873,Coordination,high,,,,,,,,,
A1086,Amy Crouch,,,,1,"Shook Hardy & Bacon, LLP",1,1,2873,Coordination,high,,,,,,,,,
A1087,Brian Stekloff,,,,1,Wilkinson Stekloff LLP,1,1,2873,Coordination,high,,,,,,,,,
A1088,Elizabeth A. Fegan,Elizabeth Fegan,Elizabeth J. Fegan,,1,Hagens Berman Sobol Shapiro LLP; Fegan Scott LLC; FEGAN SCOTT LLC; HAGENS BERMAN SOBOL SHAPIRO LLP,13,29,"1745, 1907, 2023, 2086, 2455, 2519, 2665, 2873, 2924, 2948, 3052, 3089, 3110",ClassCounsel; LeadCounsel; Management,high,,,,,,,,,
A1089,Keith Bensten,,,,1,Day Pitney LLP,1,1,2873,Coordination,high,,,,,,,,,
A1090,Ken Sansone,,,,1,SL Environmental Law Group,1,1,2873,Management,high,,,,,,,,,
A1091,Mark S. Cheffo,Mark Cheffo,,,1,"Quinn Emanuel Urquhart & Sullivan, LLP; Dechert LLP; Quinn Emanuel Urquhart & Sullivan LLP; Dechert",6,10,"2342, 2458, 2502, 2804, 2873, 2924",Communications; Coordination; Discovery; LeadCounsel; Management,high,,,,,,,,,
A1092,Ruth Levy,,,,1,Williams Mullen,1,1,2873,Coordination,high,,,,,,,,,
A1093,Amanda Vonderhaar,,,,1,Leake & Andersson,1,1,2047,Management,high,,,,,,,,,
A1094,Jerry Saporito,,,,1,Leake & Andersson,1,1,2047,Management,high,,,,,,,,,
A1095,John Culotta,,,,1,"Hailey McNamara Hall Larmann & Papale, L.L.P.",1,1,2047,Management,high,,,,,,,,,
A1096,Randy Evans,,,,1,McKenna Long & Aldridge LLP,1,1,2047,Management,high,,,,,,,,,
A1097,Richard Oelsnar,,,,1,Wilson Elser Moskowitz Edelman & Dicker LLP,1,1,2047,Management,high,,,,,,,,,
A1098,Rodrigo Garcia,,,,1,"Thompson Coe Cousins & Irons, LLP",1,1,2047,Management,high,,,,,,,,,
A1099,Stephen Berry,,,,1,McKenna Long & Aldridge LLP,1,1,2047,Management,high,,,,,,,,,
A1100,Stephen Marcellino,,,,1,Wilson Elser Moskowitz Edelman & Dicker LLP,1,1,2047,Management,high,,,,,,,,,
A1101,Barbara Binis,,,,1,Reed Smith,1,1,2325,LeadCounsel,high,,,,,,,,,
A1102,Karl Frankovich,,,,1,"Frankovich, Anetakis, Colantonio, & Simon",1,1,2325,Communications,high,,,,,,,,,
A1103,Christopher Schnieders,,,,1,Wagstaff & Cartmell,2,2,"2458, 2657",Management,high,,,,,,,,,
A1104,James Klick,,,,1,"Herman Herman & Katz LLC; Herman, Herman & Katz",2,3,"2428, 2657",Management,high,,,,,,,,,
A1105,Kate Jaycox,,,,1,"Robins Kaplan, LLP",1,1,2657,Management,high,,,,,,,,,
A1106,Melissa Hague,,,,1,Anapol Weiss,1,1,2657,Management,high,,,,,,,,,
A1107,Stephen Hunt,,,,1,"Cory Watson, P.C.",1,1,2657,Management,high,,,,,,,,,
A1108,Walter Kelley,,,,1,"Kelley Bernheim Dolinsky, LLC; Kelley Bernheim & Dolinsky, LLC; Bernheim Dolinsky Kelley LLC; Bernheim Kelley Battista & Bliss, LLC",3,5,"2657, 2768, 3029",Communications; LeadCounsel; Management; SettlementAdministration,high,,,,,,,,,
A1109,Craig Gillen,,,,1,"Gillen, Withers & Lake, LLC",1,1,2800,Coordination,high,,,,,,,,,
A1110,David J. Worley,David Worley,,,1,"Evangelista Worley LLC; Harris Penn Lowry, LLP; Chitwood, Harley & Harnes, LLP; Harris Penn Lowry LLP",3,6,"1677, 2583, 2800",ClassCounsel; Communications; Coordination; LeadCounsel; Management,high,,,,,,,,,
A1111,Jason Doss,,,,1,"The Doss Firm, LLC",1,1,2800,Management,high,,,,,,,,,
A1112,Joseph Bates,"Joseph Hank Bates, III",,,1,"Carney Bates & Pulliam, PLLC",2,2,"2583, 2800",Management,high,,,,,,,,,
A1113,Joseph Guglielmo,Joseph P. Guglielmo,Joseph P Guglielmo,,1,"Scott+Scott Attorneys at Law LLP; Scott+Scott, Attorneys at Law, LLP; Scott + Scott Attorneys at Law LLP; Scott+Scott Attorneys at Law, LLP",13,17,"2020, 2409, 2445, 2522, 2583, 2800, 2904, 3050, 3056, 3080, 3083, 3114, 3115",ClassCounsel; Communications; Discovery; LeadCounsel; Management; Settlement,high,,,,,,,,,
A1114,Karen Halbert,,,,1,"Roberts Law Firm, P.A.; Roberts Law Firm US, PC",2,2,"2800, 3080",Management,high,,,,,,,,,
A1115,Kenneth Canfield,Kenneth S. Canfield,,,1,"Doffermyre Shields Canfield & Knowles, LLC",4,8,"2084, 2495, 2583, 2800",ClassCounsel; Communications; LeadCounsel; Management; Settlement,high,,,,,,,,,
A1116,Ranse Partin,Ranse M. Partin,,,1,"Conley Griggs Partin, LLP; Conley Griggs Partin LLP",2,2,"2583, 2800",Communications; Coordination; Management,high,,,,,,,,,
A1117,Rodney Strong,,,,1,Griffin & Strong P.C.,1,1,2800,Coordination,high,,,,,,,,,
A1118,Roy E. Barnes,Roy Barnes,,,1,"Barnes Law Group, LLC; The Barnes Law Group, LLC",2,5,"2583, 2800",ClassCounsel; Communications; Coordination; Management,high,,,,,,,,,
A1119,Stacey Slaughter,Stacey P. Slaughter,,,1,"Robins Kaplan LLP; Robins Kaplan, LLP",6,10,"2777, 2800, 2905, 2918, 3071, 3110",ClassCounsel; LeadCounsel; Management; SettlementAdministration,high,,,,,,,,,
A1120,William Murphy,"William H. “Billy” Murphy, Jr.","William H. Murphy, Jr.",,1,"Murphy, Falcon & Murphy; Murphy Falcon Murphy",2,3,"2314, 2800",Management,high,,,,,,,,,
A1121,Amy Solomon,,,,1,"Girardi, Keese",1,1,2197,Coordination,high,,,,,,,,,
A1122,Andres Alonso,Andres F. Alonso,,,1,"Parker Waichman Alonso; Parker, Waichman, Alonso LLP; Parker Waichman Alonso LLP",4,4,"1968, 2023, 2100, 2197",Management,high,,,,,,,,,
A1123,Ellen Relkin,,,,1,"Weitz & Luxenberg; Weitz & Luxenberg, P.C.; Weitz & Luxenberg, PC; Weitz & Luxenberg P.C.",13,23,"1742, 2087, 2197, 2391, 2592, 2750, 2768, 2776, 2804, 2913, 3014, 3044, 3140",Coordination; Fees; LeadCounsel; Management; SettlementAdministration,high,,,,,,,,,
A1124,Hezekiah Sistrunk,,,,1,Cochran Law Firm,1,1,2197,Discovery,high,,,,,,,,,
A1125,Kristen Mayer,,,,1,Tucker Ellis & West LLP,1,1,2197,Communications,high,,,,,,,,,
A1126,Leonard Davis,Leonard A. Davis,,,1,"Herman, Herman & Katz, LLC; Herman Herman Katz & Cotlar; Herman Gerel LLP; HERMAN, HERMAN, KATZ & COTLAR LLP",6,8,"1657, 2197, 2243, 2328, 2436, 2592",Communications; Fees; Management,high,,,,,,,,,
A1127,Peter Polos,,,,1,"Panish, Shea & Boyle",1,1,2197,Management,high,,,,,,,,,
A1128,Philip Bohrer,,,,1,Bohrer Law Firm,1,1,2197,Discovery,high,,,,,,,,,
A1129,Robert Tucker,Robert C. Tucker,,,1,Tucker Ellis & West LLP,2,2,"1742, 2197",LeadCounsel,high,,,,,,,,,
A1130,Saul Katz,,,,1,"Simpson, Eldredge, Hersh & Jardine",1,1,2197,Management,high,,,,,,,,,
A1131,Steven Baron,,,,1,Baron & Budd,1,1,2197,Expert,high,,,,,,,,,
A1132,Susan Sharko,Susan M. Sharko,,,1,Drinker Biddle & Reath LLP,3,4,"1742, 2197, 2592",LeadCounsel,high,,,,,,,,,
A1133,Anand Agneshwar,,,,1,Arnold & Porter; Arnold & Porter LLP; ARNOLD & PORTER KAYE SCHOLER LLP,4,6,"2418, 2734, 2740, 2924",LeadCounsel; Management; Settlement,high,,,,,,,,,
A1134,Gary Wilson,,,,1,Robins Kaplan LLP,1,2,2734,LeadCounsel,high,,,,,,,,,
A1135,Larry Hill,,,,1,"Moore, Hill & Westmoreland, P.A.",2,2,"2734, 2885",Communications; Coordination,high,,,,,,,,,
A1136,M. Smith,M. Brandon Smith,,,1,"Childers, Schlueter & Smith L.L.C.; Childers, Schlueter & Smith, LLC",2,2,"2734, 3115",Communications; Management,high,,,,,,,,,
A1137,Matthew Campbell,,,,1,Winston & Strawn LLP,1,2,2734,Expert; Settlement,high,,,,,,,,,
A1138,Munir Meghjee,,,,1,Robins Kaplan LLP; ROBINS KAPLAN LLP,2,2,"2691, 2734",Coordination; Management,high,,,,,,,,,
A1139,Shanon Carson,Shanon J. Carson,,,1,"Berger & Montague, P.C.; Berger Montague PC; Berger Montague; Berger & Montague, PC",7,12,"2000, 2359, 2575, 2734, 2792, 3014, 3081",ClassCounsel; LeadCounsel; Management; Motions,high,,,,,,,,,
A1140,John Strongman,,,,1,"Shook, Hardy & Bacon",1,1,2740,Settlement,high,,,,,,,,,
A1141,Paul Cordella,,,,1,The Lanier Law Firm,1,2,2244,Expert,high,,,,,,,,,
A1142,Dana Taschner,,,,1,Law Offices of Dana B. Taschner,1,1,2244,Management,high,,,,,,,,,
A1143,Marc Bernstein,,,,1,The Sanders Firm,1,1,2244,Management,high,,,,,,,,,
A1144,Megan McKenzie,,,,1,"Robins, Kaplan, Miller & Ceresi",1,2,2244,Discovery,high,,,,,,,,,
A1145,Sri Ward,,,,1,"Neblett, Beard & Arsenault",1,1,2244,Expert,high,,,,,,,,,
A1146,Andrea Giovannone,,,,1,"Dalimonte Rueb, LLP; Rueb Stoller Daniel",2,3,"2846, 3029",Management,high,,,,,,,,,
A1147,David Butler,,,,1,Taft Stettinius & Hollister LLP; Taft Stettinius & Hollister L.L.P.,1,3,2846,Communications; Management,high,,,,,,,,,
A1148,Howard Nations,,,,1,The Nations Law Firm; Nations Law Firm; Law Offices of Howard Nations,5,12,"1909, 2570, 2641, 2846, 3081",Management,high,,,,,,,,,
A1149,Kelsey Stokes,Kelsey L. Stokes,,,1,"Fleming, Nolen & Jez, LLP; Fleming, Noal & Jez, L.L.P.; FLEMING, NOLEN & JEZ, L.L.P.; Fleming, Nolen & Jez, L.L.P.",4,7,"2753, 2846, 3029, 3089",Fees; LeadCounsel; Management,high,,,,,,,,,
A1150,Lauren Godshall,,,,1,"Morris Bart, LLC",1,2,2846,Management,high,,,,,,,,,
A1151,Michael Bradley,,,,1,"Pittman, Dutton & Hellums, P.C.",1,2,2846,Management,high,,,,,,,,,
A1152,Robert Kinsman,,,,1,Krause & Kinsman Law Firm,2,4,"2846, 2974",Management,high,,,,,,,,,
A1153,Troy Brenes,Troy A. Brenes,,,1,"Lopez McHugh, LLP; Brenes Law Group, P.C.; Brenes Law Group",4,9,"2570, 2641, 2846, 3081",Management,high,,,,,,,,,
A1154,Bradley Leger,,,,1,"Leger Ketchum & Cohoon, PLLC",2,4,"2846, 3081",Management,high,,,,,,,,,
A1155,Marwan Porter,,,,1,The Cochran Firm,1,1,2846,Management,high,,,,,,,,,
A1156,Andrew Campbell,,,,1,Baker & Daniels LLP,1,1,2158,Communications,high,,,,,,,,,
A1157,John Schlafer,,,,1,Baker & Daniels LLP,1,3,2158,Communications,high,,,,,,,,,
A1158,John Tanner,,,,1,Baker & Daniels LLP,1,1,2158,Communications,high,,,,,,,,,
A1159,Andrew Chirls,,,,1,,1,1,1871,Fees,high,,,,,,,,,
A1160,Andrew Curley,,,,1,"Berger & Montague, P.C.",1,2,2516,Management,high,,,,,,,,,
A1161,Brian Daniels,,,,1,"Brenner, Saltzman & Wallman, LLP",1,2,2516,Communications,high,,,,,,,,,
A1162,Brian Roche,,,,1,Roche Pia LLC,1,2,2516,Communications,high,,,,,,,,,
A1163,Bruce Gerstein,Bruce E. Gerstein,,,1,"Garwin Gerstein & Fisher LLP; Garwin Gerstein and Fisher, LLP; GARWIN GERSTEIN & FISHER LLP; Garwin Gerstein & Fisher, LLP",7,10,"1730, 2084, 2332, 2409, 2460, 2516, 2580",ClassCounsel; LeadCounsel; Management; Settlement,high,,,,,,,,,
A1164,David Nalven,,,,1,Hagens Berman Sobol Shapiro LLP,1,2,2516,Management,high,,,,,,,,,
A1165,David Schafer,,,,1,"Brenner, Saltzman & Wallman, LLP",2,3,"2286, 2516",ClassCounsel; Communications,high,,,,,,,,,
A1166,Ephraim Gerstein,,,,1,"Garwin Gerstein and Fisher, LLP",1,2,2516,ClassCounsel; LeadCounsel,high,,,,,,,,,
A1167,Gerald Pia,,,,1,Roche Pia LLC,1,2,2516,Communications,high,,,,,,,,,
A1168,Joseph Opper,,,,1,"Garwin Gerstein and Fisher, LLP; Garwin Gerstein & Fisher LLP",2,3,"2084, 2516",ClassCounsel; LeadCounsel,high,,,,,,,,,
A1169,Christopher M. Burke,Christopher Burke,,,1,SCOTT+SCOTT LLP; Scott + Scott LLP; Scott+Scott LLP; Korein Tillery P.C.,5,6,"2020, 2086, 2208, 2242, 3107",ClassCounsel; LeadCounsel; Management; Settlement; SettlementAdministration,high,,,,,,,,,
A1170,D. Hufford,,,,1,,1,1,2020,ClassCounsel; Settlement,high,,,,,,,,,
A1171,David Scott,,,,1,,1,1,2020,ClassCounsel; Settlement,high,,,,,,,,,
A1172,Diogenes Kekatos,,,,1,,2,2,"2020, 2434",ClassCounsel; Communications; LeadCounsel; Settlement,high,,,,,,,,,
A1173,H. Hoffman,,,,1,,1,1,2020,ClassCounsel; Settlement,high,,,,,,,,,
A1174,Kevin Roddy,,,,1,"Wilentz, Goldman & Spitzer, P.A.",2,2,"2020, 2445",ClassCounsel; Management; Settlement,high,,,,,,,,,
A1175,Raymond Boucher,,,,1,BOUCHER LLP,2,2,"2020, 2809",ClassCounsel; Management; Settlement,high,,,,,,,,,
A1176,Stephen Weiss,Stephen A. Weiss,,,1,"Seeger Weiss LLP; Seeger Weiss, LLP",6,7,"1811, 1938, 2020, 2196, 2415, 2591",ClassCounsel; Communications; Management; Settlement,high,,,,,,,,,
A1177,Anthony Pierce,,,,1,Akin Gump Strauss Hauer and Feld LLP,1,1,2693,Communications,high,,,,,,,,,
A1178,Ashleigh Aitken,,,,1,Aitken Aitken Cohn,1,1,2693,Management,high,,,,,,,,,
A1179,Joseph Cochett,,,,1,"Cotchett, Pitre & McCarthy LLP",1,1,2693,LeadCounsel,high,,,,,,,,,
A1180,Andrew Gardner,,,,1,,1,1,2775,LeadCounsel,high,,,,,,,,,
A1181,Matthew Yezierski,,,,1,,1,2,2775,LeadCounsel,high,,,,,,,,,
A1182,Rachal Rojas,,,,1,,1,1,2775,LeadCounsel,high,,,,,,,,,
A1183,Andrew Maloney,,,,1,Kreindler & Kreindler,1,1,1570,Management,high,,,,,,,,,
A1184,Andrew Solow,,,,1,Kaye Scholer LLP,2,2,"2545, 2592",LeadCounsel,high,,,,,,,,,
A1185,Arthur Liederman,,,,1,Morrison Mahoney LLP,1,1,2545,LeadCounsel,high,,,,,,,,,
A1186,David Stanley,,,,1,Reed Smith LLP,1,1,2545,LeadCounsel,high,,,,,,,,,
A1187,James Pagliaro,,,,1,"Morgan, Lewis & Bockius LLP; Sullivan, Morgan, Lewis & Bockius LLP",1,2,2545,LeadCounsel,high,,,,,,,,,
A1188,Janet Kwuon,,,,1,Janet,1,1,2545,LeadCounsel,high,,,,,,,,,
A1189,Joseph Thomas,Joseph P. Thomas,,,1,Ulmer & Berne LLP,3,3,"2100, 2372, 2545",LeadCounsel,high,,,,,,,,,
A1190,Loren Brown,,,,1,DLA Piper LLP,1,1,2545,LeadCounsel,high,,,,,,,,,
A1191,Matthew Holian,Matthew A. Holian,,,1,DLA Piper LLP; DLA PIPER LLP,2,2,"2545, 2924",LeadCounsel; Management,high,,,,,,,,,
A1192,Michael Healy,,,,1,Sedgwick LLP,1,1,2545,LeadCounsel,high,,,,,,,,,
A1193,Nicole Wrigley,,,,1,Winston & Strawn LLP,1,1,2545,LeadCounsel,high,,,,,,,,,
A1194,Scott Glauberman,,,,1,Winston & Strawn LLP,1,2,2545,Communications; LeadCounsel,high,,,,,,,,,
A1195,Thomas Sullivan,,,,1,"Morgan, Lewis & Bockius LLP",1,1,2545,LeadCounsel,high,,,,,,,,,
A1196,Steven Glickstein,,,,1,Kaye Scholer LLP,2,3,"2047, 2592",LeadCounsel; SettlementAdministration,high,,,,,,,,,
A1197,Gerald Meunier,Gerald E. Meunier,,,1,"Gainsburgh, Benjamin, David, Meunier & Warshauer, L.L.C.; Gainsburgh, Benjamin",5,13,"1657, 1873, 2047, 2328, 2592",ClassCounsel; Communications; Management; SettlementAdministration,high,,,,,,,,,
A1198,Russell T. Abney,Russell Abney,,,1,Watts LLP,2,3,"2592, 3026",Management,high,,,,,,,,,
A1199,David LaDue,,,,1,"LaDue, Curran & Kuehn",1,1,2391,LeadCounsel,high,,,,,,,,,
A1200,John Winter,,,,1,Patterson Belknap Webb & Tyler LLP,1,1,2391,LeadCounsel,high,,,,,,,,,
A1201,Robert Dassow,,,,1,"Hovde Dassow & Deets, LLC",1,5,2391,Communications; Fees; Management,high,,,,,,,,,
A1202,David Szerlag,,,,1,Pritzker Olsen,1,1,2666,Coordination,high,,,,,,,,,
A1203,Jerry Blackwell,,,,1,"BLACKWELL BURKE P.A.; Blackwell Burke, P.A.",1,2,2666,LeadCounsel,high,,,,,,,,,
A1204,Kyle Bachus,,,,1,Bachus and Schanker,1,1,2666,Management,high,,,,,,,,,
A1205,Lee McGartland,,,,1,The McGartland Law Firm; McGartland Law Firm,2,3,"2666, 3140",Fees; Management,high,,,,,,,,,
A1206,Michael Ciresi,,,,1,Ciresi Conlin LLP,1,1,2666,LeadCounsel,high,,,,,,,,,
A1207,Paula Bliss,,,,1,"Kelly, Bernheim & Dolinsky, LLC",1,1,2666,Management,high,,,,,,,,,
A1208,Stuart Talley,,,,1,"Kershaw, Cutter & Ratinoff LLP",1,1,2666,Management,high,,,,,,,,,
A1209,Frank Schirripa,Frank R. Schirripa,,,1,"Hach Rose Schirripa & Cheverie, LLP; HACH ROSE SCHIRRIPA & CHEVERIE, LLP; HACH ROSE SCHIRRIPA & CHEVERIE LLP; Hach Rose Schirripa & Cheverie LLP",4,4,"2335, 2445, 2472, 2989",LeadCounsel; Management,high,,,,,,,,,
A1210,Natalie Finkelman,,,,1,"Shepherd Finkelman Miler & Shah LLP; Shepherd, Finkelman, Miller & Shah, LLP; Shepherd Finkelman; SHEPHERD FINKELMAN MILLER & SHAH LLC",6,7,"2046, 2333, 2445, 2460, 2472, 2516",Management,high,,,,,,,,,
A1211,Paul Novak,,,,1,Milberg LLP,2,2,"2445, 2687",Management,high,,,,,,,,,
A1212,Renae Steiner,,,,1,"Heins Mills & Olson, P.L.C.",4,5,"2445, 2460, 2516, 2819",ClassCounsel; LeadCounsel; Management,high,,,,,,,,,
A1213,Brian Kinsley,,,,1,"Crumley Roberts, LLP",1,1,2768,Management,high,,,,,,,,,
A1214,Jason Johnston,,,,1,Zimmerman Reed LLP,3,4,"2441, 2768, 2974",LeadCounsel; Management,high,,,,,,,,,
A1215,Michael Blakely,Michael J. Blakely,"Michael J. Blakely, Jr.","Michael J. Blakely, II",1,"McGlamry, Kilpatrick, Morrison & Norwood, P.C.; Pope McGlamry, P.C.; Pope McGlamry",3,4,"2768, 2949, 3014",Management,high,,,,,,,,,
A1216,Willard Moody,,,,1,"The Moody Law Firm, Inc.; The Moody Law Firm, PLLC",4,6,"2187, 2440, 2570, 2768",Management,high,,,,,,,,,
A1217,James Carter,,,,1,The Cochran Firm,1,1,2875,,high,,,,,,,,,
A1218,Jon Savin,,,,1,Savin Bursk,1,1,2875,,high,,,,,,,,,
A1219,Layne Hilton,,,,1,Meyer Wilson; MEYER WILSON,3,5,"2875, 3092, 3094",Management,high,,,,,,,,,
A1220,Mila Bartos,Mila F. Bartos,,,1,"Finkelstein Thompson LLP; Finkelstein, Thompson & Loughran",2,3,"1733, 2875",Management,high,,,,,,,,,
A1221,Annika Martin,,,,1,,2,2,"2419, 2818",LeadCounsel; ProSe,high,,,,,,,,,
A1222,Anthony J. Bolognese,Anthony Bolognese,,,1,"Bolognese & Associates, LLC; Bolognese &
Associates LLC; BOLOGNESE & ASSOCIATES LLC",3,6,"1682, 1768, 2460",ClassCounsel; Communications; LeadCounsel; Management,high,,,,,,,,,
A1223,Daniel Girard,Daniel C. Girard,,,1,"Girard Gibbs LLP; Girard Gibbs, LLP; Girard Gibbs; Girard, Gibbs & De Bartolomeo, LLP",10,12,"1998, 2017, 2409, 2460, 2516, 2522, 2583, 2624, 2664, 2737",ClassCounsel; LeadCounsel; Management; Settlement,high,,,,,,,,,
A1224,Daniel Karon,Daniel R. Karon,,,1,Goldman Scarlato Karon & Penny PC;; Goldman Scarlato & Karon,2,2,"1785, 2460",Management,high,,,,,,,,,
A1225,Deborah Gross,,,,1,"Law Offices of Bernard M. Gross; LAW OFFICES BERNARD M. GROSS, PC",2,2,"2460, 2472",Management,high,,,,,,,,,
A1226,Lauren Barnes,Lauren G. Barnes,,,1,Hagens Berman Sobol Shapiro LLP; HAGENS BERMAN SOBOL SHAPIRO LLP,3,4,"2343, 2428, 2460",ClassCounsel; Coordination; LeadCounsel,high,,,,,,,,,
A1227,Steve Shadowen,Steve D. Shadowen,,,1,Hilliard & Shadowen LLC; HILLIARD & SHADOWEN LLC; Hilliard Shadowen LLC; Hilliard & Shadowen LLP,6,8,"1935, 2409, 2460, 2472, 2516, 2878",ClassCounsel; Communications; LeadCounsel,high,,,,,,,,,
A1228,Ashley Brittain-Landers,,,,1,"Schlicter Bogard & Denton, LLP",1,1,2750,Management,high,,,,,,,,,
A1229,Danielle Mason,,,,1,"Beasley, Allen, Crow, Methvin, Portis & Miles, P.C.; Sanders Phillips Grossman, LLC",2,2,"2750, 2973",Management,high,,,,,,,,,
A1230,Holly Dolejsi,,,,1,"Robins Kaplan, LLP; Robins Kaplan LLP",2,2,"2750, 2776",LeadCounsel; Management,high,,,,,,,,,
A1231,Jason Webster,,,,1,The Webster Law Firm,1,1,2750,Management,high,,,,,,,,,
A1232,Ellen Presby,Ellen A. Presby,,,1,Nemeroff Law Firm; Ferrer Poirot Feller; Ferrer Poirot Feller Daniel,3,6,"2428, 3026, 3094",Management,high,,,,,,,,,
A1233,Frank Woodson,,,,1,"Beasley Allen Crow Methvin Portis & Miles, P.C.; Beasley, Allen, Crow, Methvin, Portis & Miles, PC; BEASLEY, ALLEN, CROW, METHVIN, PORTIS & MILES, P.C.",3,4,"2428, 2502, 2924",Management,high,,,,,,,,,
A1234,Gretchen Nelson,,,,1,Kreindler & Kreindler LLP,2,4,"2151, 2428",Coordination,high,,,,,,,,,
A1235,J. LeBlanc,,,,1,"Baron & Budd, P.C.",1,2,2428,Management,high,,,,,,,,,
A1236,R. Milling,,,,1,Henry Spiegel Milling LLP; HENRY SPIEGEL MILLING LLP,2,3,"2428, 2436",LeadCounsel; Management,high,,,,,,,,,
A1237,Richard Phillips,,,,1,"Smith Phillips Mitchell Scott & Nowak, LLP",1,2,2428,Management,high,,,,,,,,,
A1238,Archibald Lamb,,,,1,"The Lamb Firm, L.L.C.",2,2,"2187, 2440",Management,high,,,,,,,,,
A1239,Brian Penny,,,,1,"Goldman Scarlato & Penny PC; Goldman, Scarlato, Karon & Penny, PC",2,2,"2409, 2595",Management,high,,,,,,,,,
A1240,Gibson Vance,,,,1,Beasley Allen Crow Methvin Portis & Miles,2,2,"2592, 2595",Coordination; Management,high,,,,,,,,,
A1241,Jeff Friedman,,,,1,Friedman Dazzio Zulanas & Bowling PC,1,3,2595,LeadCounsel; Management; Settlement,high,,,,,,,,,
A1242,Paula Knippa,,,,1,Slack & Davis LLP,1,1,2595,Management,high,,,,,,,,,
A1243,Howard Sedran,Howard J. Sedran,,,1,"Levin Fishbein Sedran & Berman; Levin, Fishbein, Sedran & Berman",2,5,"1775, 2522",ClassCounsel; LeadCounsel; Management,high,,,,,,,,,
A1244,Naumon Amjed,,,,1,Kessler Topaz Meltzer & Check LLP,1,1,2522,Management,high,,,,,,,,,
A1245,Norm Siegel,,,,1,"Stueve Siegel Hanson LLP; Stueve Siegel, LLP",2,5,"2086, 2522",ClassCounsel; Management,high,,,,,,,,,
A1246,Hugh Lambert,,,,1,,1,3,2047,Management,high,,,,,,,,,
A1247,Scott Weinstein,Scott Wm. Weinstein,Scott William Weinstein,Scott W. Weinstein,1,"Morgan & Morgan; Morgan & Morgan, P.A.; Morgan & Morgan P.A.",6,11,"1953, 1968, 1985, 2023, 2047, 2051",Communications; Coordination; LeadCounsel; Management,high,,,,,,,,,
A1248,Victor Diaz,,,,1,,1,3,2047,Management,high,,,,,,,,,
A1249,Dorothy Wimberly,,,,1,,1,2,2047,SettlementAdministration,high,,,,,,,,,
A1250,Hilarie Bass,,,,1,Greenberg Traurig,1,2,2047,Coordination; SettlementAdministration,high,,,,,,,,,
A1251,Minor Pipes,,,,1,,1,1,2047,SettlementAdministration,high,,,,,,,,,
A1252,Russ M. Herman,Russ Herman,"Russ M, Herman",,1,"Herman, Herman, Katz & Cotlar, LLP; HERMAN, HERMAN, KATZ & COTLAR, L.L.P.; Herman, Herman & Katz, LLC; Herman, Herman, Katz & Cotlar, L.L.P.",3,24,"1657, 2047, 2328",ClassCounsel; Communications; Fees; Management; SettlementAdministration,high,,,,,,,,,
A1253,Richard Serpe,,,,1,"Law Offices of Richard J. Serpe, P.C.",1,3,2047,Coordination; Management,high,,,,,,,,,
A1254,Robert Josefsberg,,,,1,,1,2,2047,Management,high,,,,,,,,,
A1255,David Dickens,,,,1,The Miller Firm L C,1,1,2243,Management,high,,,,,,,,,
A1256,Frank Piscitelli,"Frank E. Piscitelli, Jr.","Frank E. Piscitelli, Jr","Frank Piscitelli, Jr.",1,"The Piscitelli LawlFirm; Frank Piscitelli Co., L.P.A.; The Piscitelli Law Firm; the Piscitelli Law Firm",4,4,"1998, 2220, 2243, 2317",Management,high,,,,,,,,,
A1257,Wesley Cook,,,,1,"Beasley, Allen, Crow, Methvin",1,1,2243,Management,high,,,,,,,,,
A1258,Aron Robinson,,,,1,Law Office of Aron D. Robinson,1,1,2586,Management,high,,,,,,,,,
A1259,Edwin Kilpela,"Edwin J. Kilpela, Jr.",,,1,"Carlson Lynch Sweet & Kilpela, LLP; Del Sole Cavanaugh Stroyd LLC",2,2,"2491, 2586",LeadCounsel; Management,high,,,,,,,,,
A1260,John Steward,John S. Steward,,,1,"Steward Law Firm, LLC",2,2,"2474, 2586",LeadCounsel; Management,high,,,,,,,,,
A1261,Rhett McSweeney,Rhett A. McSweeney,,,1,"McSweeney/Langevin, LLC; McSweeney/Langevin",2,2,"1958, 2586",ClassCounsel; Communications,high,,,,,,,,,
A1262,Richard Coffman,Richard L. Coffman,,,1,The Coffman Law Firm; THE COFFMAN LAW FIRM,4,4,"1921, 2046, 2357, 2586",ClassCounsel; LeadCounsel; Management,high,,,,,,,,,
A1263,Arthur Brown,,,,1,Arnold & Porter Kaye Scholer LLP,1,4,2792,Communications; LeadCounsel,high,,,,,,,,,
A1264,Stewart Aaron,,,,1,"Arnold & Porter Kaye Scholer, LLP",1,2,2792,Communications,high,,,,,,,,,
A1265,Daniel Levin,,,,1,Levin Sedran & Berman,2,2,"2792, 2875",Management,high,,,,,,,,,
A1266,John Zelbst,,,,1,"Zelbst, Holmes & Butler",1,1,2792,Management,high,,,,,,,,,
A1267,Melissa Weiner,Melissa S. Weiner,,,1,"Pearson, Simon & Warshaw, LLP; Pearson Warshaw, LLP; Halunen Law",7,12,"2792, 2909, 2972, 2985, 3001, 3083, 3108",ClassCounsel; Discovery; LeadCounsel; Management,high,,,,,,,,,
A1268,Philip Oliss,,,,1,Squire Patton Boggs (US) LLP,1,2,2792,LeadCounsel,high,,,,,,,,,
A1269,Robert Green,,,,1,"Green & Noblin, P.C.",1,1,2792,Management,high,,,,,,,,,
A1270,Stephen Kupperman,,,,1,"Barrasso Usdin Kupperman Freeman & Sarver, L.L.C.",1,1,2792,Management,high,,,,,,,,,
A1271,Susan Shin,,,,1,Arnold & Porter Kaye Scholer LLP,1,2,2792,LeadCounsel,high,,,,,,,,,
A1272,Theile McVey,,,,1,Kassel McVey,1,1,2792,Management,high,,,,,,,,,
A1273,William Federman,William B. Federman,,,1,Federman & Sherwood,5,8,"1961, 2583, 2792, 2994, 3090",ClassCounsel; Communications; LeadCounsel; Management,high,,,,,,,,,
A1274,Ashley Barriere,,,,1,Keller Lenkner LLC,2,4,"2809, 3043",Management; Motions,high,,,,,,,,,
A1275,Ashley Neglia,,,,1,Kirkland & Ellis LLP,1,1,2885,,high,,,,,,,,,
A1276,Chad Morriss,,,,1,Kirkland & Ellis LLP,1,1,2885,,high,,,,,,,,,
A1277,Kimberly Branscome,,,,1,Kirkland & Ellis LLP,1,1,2885,Settlement,high,,,,,,,,,
A1278,Mark Nomellini,,,,1,Kirkland & Ellis LLP,1,1,2885,Communications; Discovery,high,,,,,,,,,
A1279,Michelle Six,,,,1,Kirkland & Ellis LLP,1,1,2885,Discovery,high,,,,,,,,,
A1280,Mike Brock,,,,1,Kirkland & Ellis LLP,1,1,2885,Settlement,high,,,,,,,,,
A1281,Nick Wasdin,,,,1,Kirkland & Ellis LLP,1,1,2885,,high,,,,,,,,,
A1282,Rob Ellis,,,,1,Kirkland & Ellis LLP,1,1,2885,Settlement,high,,,,,,,,,
A1283,Sierra Elizabeth,,,,1,Kirkland & Ellis LLP,1,1,2885,Discovery,high,,,,,,,,,
A1284,B. Rasmussen,B. Kristian Rasmussen,,,1,Cory Watson Attorneys,2,2,"2734, 3037",LeadCounsel; Management,high,,,,,,,,,
A1285,Barry Taus,,,,1,"Taus, Cebulashi & Landau, LLP",1,2,2819,ClassCounsel; Management,high,,,,,,,,,
A1286,John Radice,,,,1,"Radice Law Firm, P.C.; Radice Law Firm; Grant & Eisenhofer, P.A.",3,5,"2084, 2819, 2931",ClassCounsel; LeadCounsel; Management,high,,,,,,,,,
A1287,Joseph Vanek,Joseph M. Vanek,,,1,"Vanek, Vickers & Masini P.C.; Sperling & Slater LLC",2,3,"2819, 3080",ClassCounsel; Management,high,,,,,,,,,
A1288,Peter Kohn,,,,1,"Faruqi & Faruqi, LLP",1,2,2819,ClassCounsel; Management,high,,,,,,,,,
A1289,Barry Thompson,,,,1,,1,1,2734,Expert,high,,,,,,,,,
A1290,John Rosenthal,,,,1,,1,1,2734,Discovery,high,,,,,,,,,
A1291,Lauren Colton,,,,1,,1,1,2734,Discovery,high,,,,,,,,,
A1292,Basil Adham,,,,1,,1,1,2775,LeadCounsel,high,,,,,,,,,
A1293,David O'Mara,,,,1,"The O’Mara Law Firm, P.C.",1,1,2357,Communications,high,,,,,,,,,
A1294,Jeremiah Frei-Pearson,,,,1,"Finkelstein, Blankinship, Frei-Pearson & Garber, LLP",1,1,2357,LeadCounsel; Management,high,,,,,,,,,
A1295,Peter Mougey,,,,1,"Levin, Papantonio, Thomas, Mitchell, Rafferty & Proctor, P.A.; Levin, Papantonio, Thomas, Mitchell, Rafferty & Proctor, PA",2,2,"2357, 2804",Management,high,,,,,,,,,
A1296,Brant Penney,,,,1,"Reinhardt, Wendorf, & Blanchfield",1,1,2705,Management,high,,,,,,,,,
A1297,Cari Laufenberg,Cari Campen Laufenberg,Cari C. Laufenberg,,1,Keller Rohrback L.L.P.,6,10,"2705, 2737, 3019, 3073, 3089, 3098",ClassCounsel; LeadCounsel; Management; Settlement,high,,,,,,,,,
A1298,Janine L. Pollack,Janine Pollack,,,1,Milberg LLP; Wolf Haldenstein Adler Freeman & Herz LLP,2,3,"2308, 2705",ClassCounsel; Management,high,,,,,,,,,
A1299,L.  Fisher,L. Timothy Fisher,,,1,"Bursor & Fisher, P.A.",2,2,"2705, 2903",Management,high,,,,,,,,,
A1300,Michael McShane,Michael A. McShane,,,1,"Audet & Partners, LLP; Audet & Partners LLP",9,11,"2000, 1817, 1958, 2098, 2238, 2247, 2270, 2359, 2705",ClassCounsel; Expert; LeadCounsel; Management,high,,,,,,,,,
A1301,Michael Kelly,MICHAEL LOUIS KELLY,Michael Louis Kelly,Michael A. Kelly,1,"Walkup, Melodia, Kelly & Schoenberger; Kirtland & Packard LLP; WALKUP,MELODIA, KELLY & SCHONENBERGER; Kirtland & Packard",6,10,"1822, 2151, 2197, 2199, 2532, 2641",ClassCounsel; Communications; Fees; LeadCounsel; Management,high,,,,,,,,,
A1302,Ben Martin,Ben C. Martin,,,1,Law Offices of Ben C. Martin,3,11,"2570, 2641, 3044",LeadCounsel; Management,high,,,,,,,,,
A1303,Gregory Laker,,,,1,"Cohen & Malad, LLP",1,3,2570,Management,high,,,,,,,,,
A1304,John Dalimonte,,,,1,"Karon and Dalimonte; Karon & Dalimonte, LLP",2,10,"2570, 2641",Management,high,,,,,,,,,
A1305,Joseph Johnson,,,,1,"Babbitt, Johnson, Osborne & LaClainche; Babbitt & Johnson, PA",2,10,"2570, 2641",Management,high,,,,,,,,,
A1306,Ramon Lopez,Ramon Rossi Lopez,Mr. Ramon R. Lopez,Ramon R. Lopez,1,"Lopez McHugh, LLP; Lopez, Hodes, Restaino, Milman & Skikos; LOPEZ MCHUGH, LLP; Lopez McHugh LLP",8,12,"1708, 1742, 1909, 2385, 2452, 2502, 2570, 2641",Communications; Coordination; LeadCounsel; Management; Settlement,high,,,,,,,,,
A1307,Russell Button,,,,1,Law Offices of Ben C. Martin,1,3,2570,Management,high,,,,,,,,,
A1308,Teresa Toriseva,Ms. Teresa Toriseva,Teresa C. Toriseva,,1,"Toriseva Law; Wexler Toriseva Wallace LLP; Hill Toriseva & Williams, PLLC; Wexler, Toriseva Wallace LLP",5,7,"1708, 1842, 1905, 1968, 2570",LeadCounsel; Management,high,,,,,,,,,
A1309,Christopher Kirchmer,,,,1,"Riley & Jackson, P.C.; Provost Umphrey Law Firm, LLP",2,7,"2570, 2641",Management,high,,,,,,,,,
A1310,Eric Terry,,,,1,"TorHoerman Law, LLC",1,2,2641,Management,high,,,,,,,,,
A1311,Hadley Matarazzo,,,,1,"Faraci Lange, LLP",2,5,"2391, 2641",Management,high,,,,,,,,,
A1312,Matthew McCarley,,,,1,"Fears | Nachawati, PLLC; Fears Nachawati Law Firm; Forester Haynie, PLLC",3,9,"2570, 2641, 3044",Management,high,,,,,,,,,
A1313,Nate Van Der Veer,,,,1,"Farris, Riley & Pitt LLP",1,2,2641,Management,high,,,,,,,,,
A1314,Robert Boatman,,,,1,"Gallagher & Kennedy, PA",1,2,2641,Communications; Coordination; LeadCounsel,high,,,,,,,,,
A1315,Shannon Clark,,,,1,"Gallagher & Kennedy, PA",1,2,2641,Management,high,,,,,,,,,
A1316,Margaret Branch,,,,1,Branch Law Firm,2,2,"2502, 2641",Management,high,,,,,,,,,
A1317,Vance Andrus,Vance R. Andrus,,,1,"Vance Andrus; ANDRUS WAGSTAFF, P.C.; Andrus, Boudreaux, Lemoine & Tonore; Andrus, Boudreaux, Lemoine & Tonore, P.L.C.",5,7,"1789, 1842, 1871, 2299, 2641",Fees; Management,high,,,,,,,,,
A1318,Joseph Williams,,,,1,"Price Waicukauski & Riley, LLC",1,6,2570,Coordination,high,,,,,,,,,
A1319,Lopez Ramon,,,,1,"Lopez McHugh, LLP",1,7,2570,Management,high,,,,,,,,,
A1320,Martin Ben,,,,1,Law Offices of Ben C. Martin,1,2,2570,Management,high,,,,,,,,,
A1321,Thomas Arbon,,,,1,Law Offices of Ben C. Martin,1,6,2570,Management,high,,,,,,,,,
A1322,Toriseva Teresa,,,,1,Toriseva Law,1,8,2570,LeadCounsel; Management,high,,,,,,,,,
A1323,Brian Jackson,,,,1,"Riley & Jackson, P.C.",1,4,2570,Management,high,,,,,,,,,
A1324,David DeGreeff,,,,1,Wagstaff & Cartmell LLP,1,3,2570,Management,high,,,,,,,,,
A1325,Gregory Rueb,,,,1,"Rueb & Motta, PLC",1,5,2570,Management,high,,,,,,,,,
A1326,"John
 Maclean",,,,1,"MacLean Law Firm, P.C.",1,5,2570,Management,high,,,,,,,,,
A1327,Laura Smith,,,,1,Heaviside Reed Zaic,1,5,2570,Management,high,,,,,,,,,
A1328,"Paul
 Stoller",,,,1,"Gallagher & Kennedy, P.A.",1,5,2570,Management,high,,,,,,,,,
A1329,William Curtis,,,,1,Curtis Law Group,1,5,2570,Management,high,,,,,,,,,
A1330,Charles Siegel,,,,1,"Waters, Kraus & Paul, LLC",1,2,2570,Management,high,,,,,,,,,
A1331,Robert Hammers,"Robert M. Hammers, Jr.",,,1,Schneider Hammers LLC,2,3,"2570, 2974",Management,high,,,,,,,,,
A1332,Christopher James Baker,,,,1,"Heard Law Firm, PLLC",1,1,2570,Management,high,,,,,,,,,
A1333,Jason Joy,,,,1,"Jason J. Joy & Associates, PLLC",1,1,2570,Management,high,,,,,,,,,
A1334,Shannon Medley,,,,1,Medley & Sill,1,1,1871,Management,high,,,,,,,,,
A1335,Sizemore J. Paul,,,,1,Girardi Keese,1,1,1871,Management,high,,,,,,,,,
A1336,Cari Dawson,,,,1,,1,1,2151,LeadCounsel,high,,,,,,,,,
A1337,Jerome Ringler,,,,1,,1,1,2151,Management,high,,,,,,,,,
A1338,Joel Smith,,,,1,,1,1,2151,LeadCounsel,high,,,,,,,,,
A1339,Lewis Eidson,,,,1,,1,2,2151,Management,high,,,,,,,,,
A1340,Lisa Gilford,,,,1,,1,1,2151,Coordination; LeadCounsel,high,,,,,,,,,
A1341,Vince Galvin,,,,1,,1,1,2151,Coordination; LeadCounsel,high,,,,,,,,,
A1342,Wylie Aitken,,,,1,,1,2,2151,Coordination,high,,,,,,,,,
A1343,Brian Panish,,,,1,,1,1,2151,Management,high,,,,,,,,,
A1344,Donald Slavik,,,,1,,1,1,2151,Management,high,,,,,,,,,
A1345,Monica Kelley,,,,1,,1,1,2151,ClassCounsel; Motions,high,,,,,,,,,
A1346,Benjamin Hulse,,,,1,Norton Rose Fulbright US LLP,1,1,2666,LeadCounsel,high,,,,,,,,,
A1347,Mary Young,,,,1,Norton Rose Fulbright US LLP,1,1,2666,LeadCounsel,high,,,,,,,,,
A1348,Beth Chambers,,,,1,Cory Watson,1,1,2767,Management,high,,,,,,,,,
A1349,Dave Langevin,,,,1,McSweeney/Langevin,1,1,2767,Management,high,,,,,,,,,
A1350,Jennifer Orendi,,,,1,"Dalimonte Rueb Litigation Group, LLP",1,1,2767,Management,high,,,,,,,,,
A1351,Kathryn Snapka,,,,1,Snapka Law Firm,1,1,2767,Management,high,,,,,,,,,
A1352,Kim Loutey,,,,1,Kennerly & Loutey; KENNERLY LOUTEY,2,2,"2767, 2809",Management,high,,,,,,,,,
A1353,Leslie LaMacchia,,,,1,"Pulaski Law Firm; LaMacchia Law, PC; Pulaski Kherkher PLLC",2,3,"2767, 3004",Management,high,,,,,,,,,
A1354,Beth Terrell,,,,1,"Terrell Marshall Daudt & Willie, PLLC",2,2,"2416, 2493",ClassCounsel; LeadCounsel,high,,,,,,,,,
A1355,Jeffrey Holmstrand,,,,1,,1,1,2493,Communications,high,,,,,,,,,
A1356,Jonathan Marshall,,,,1,,1,1,2493,Communications,high,,,,,,,,,
A1357,Bev Randles,,,,1,Randles & Splittgerber LLP,1,1,2820,Management,high,,,,,,,,,
A1358,Don Downing,Don M. Downing,,,1,"Gray Ritter & Graham, P.C.; Gray, Ritter & Graham, P.C.; Gray Ritter Graham; Gray, Ritter, Graham",6,12,"1811, 1907, 2562, 2591, 2820, 2936",ClassCounsel; Communications; LeadCounsel; Management,high,,,,,,,,,
A1359,James Bilsborrow,,,,1,"Weitz & Luxenberg, P.C.",2,4,"2820, 3047",Management,high,,,,,,,,,
A1360,Paul Byrd,,,,1,"Paul Byrd Law Firm, PLLC",1,1,2820,Management,high,,,,,,,,,
A1361,Paul Lesko,,,,1,"Peiffer Rosca Wolf Abdullah Carr & Kane, APLC",1,1,2820,Management,high,,,,,,,,,
A1362,Rene F. Rocha,Rene Rocha,,,1,Morgan & Morgan,2,3,"2820, 3087",LeadCounsel; Management,high,,,,,,,,,
A1363,Scott Poynter,Scott E. Poynter,,,1,Emerson Poynter LLP; Poynter Law Group,5,8,"1811, 1982, 2591, 2820, 3127",ClassCounsel; Management,high,,,,,,,,,
A1364,Paul Kiesel,"Paul Kiesel,",,,1,Kiesel Law LLP; Kiesel Boucher Larson LLP,2,3,"1871, 2314",Discovery; Fees; Management,high,,,,,,,,,
A1365,James Shaughnessy,,,,1,Milberg LLP,1,1,1871,Management,high,,,,,,,,,
A1366,Samuel Lanham,"Samuel Lanham, Jr.","Samuel W. Lanham, Jr.",,1,"Lanham Blackwell; Lanham, Blackwell, P.A.; Cuddy & Lanham; Lanham Blackwell, P.A.",3,4,"1742, 1871, 2068",Communications; Discovery; Management,high,,,,,,,,,
A1367,Blake Harper,,,,1,Hulett Harper & Stewart,1,1,1566,LeadCounsel,high,,,,,,,,,
A1368,Marc Edelson,Marc H. Edelson,,,1,"Hoffman & Edelson; Edelson & Associates, LLC; Edelson Lechtzin LLP",4,6,"1566, 1817, 2514, 2993",LeadCounsel; Management,high,,,,,,,,,
A1369,Bradford Carver,,,,1,Hinshaw & Culbertson LLP,1,1,2740,Settlement,high,,,,,,,,,
A1370,Habib Nasrullah,,,,1,Wheeler Trigg O’Donnell LLP,1,2,2740,Settlement,high,,,,,,,,,
A1371,John Wolff,,,,1,"Keogh, Cox & Wilson, Ltd.",1,1,2740,Settlement,high,,,,,,,,,
A1372,Rex Littrell,,,,1,Ulmer & Berne LLP,1,1,2740,Settlement,high,,,,,,,,,
A1373,Sheila Birnbaum,,,,1,"Quinn Emanuel Urquhart & Sullivan, LLP",2,3,"2740, 2804",Settlement,high,,,,,,,,,
A1374,Bradford Sohn,,,,1,"The Brad Sohn Law Firm, PLLC",1,1,2323,LeadCounsel,high,,,,,,,,,
A1375,Buffy Martines,Buffy K. Martines,,,1,"Laminack, Pirtle & Martines, LLP; Laminack, Pirtle & Martines",4,6,"2004, 2789, 2974, 3140",Management,high,,,,,,,,,
A1376,Daniel Gallucci,Daniel N. Gallucci,,,1,"Rodanast, P.C.; Nastlaw, LLC; RodaNast, P.C.",4,6,"1953, 1968, 2592, 2789",Coordination; Management,high,,,,,,,,,
A1377,Jennie Anderson,Jennie Lee Anderson,,,1,"Andrus Anderson, LLP",2,3,"2789, 3047",Communications; Management,high,,,,,,,,,
A1378,Shayna Sacks,,,,1,"Napoli Shkolnik, PLLC; Napoli Bern Ripka Shkolnik LLP",2,2,"2418, 2789",Communications; Management,high,,,,,,,,,
A1379,Stephanie O’Connor,Stephanie O'Connor,,,1,"Douglas & London, P.C.; Douglas & London P.C.",3,3,"2299, 2342, 2789",LeadCounsel; Management,high,,,,,,,,,
A1380,Tracy Finken,Tracy A. Finken,,,1,"Anapol, Weiss; ANAPOL WEISS; ANAPOLWEISS; Anapol Weiss",4,6,"2789, 2924, 3079, 3140",LeadCounsel; Management,high,,,,,,,,,
A1381,Brandon Wise,,,,1,Peiffer Wolf,1,1,2833,Management,high,,,,,,,,,
A1382,Brian Douchet,,,,1,Doucet Law,1,1,2833,Management,high,,,,,,,,,
A1383,Laura Mummert,,,,1,Lowey Dannenberg,1,2,2833,ClassCounsel; LeadCounsel,high,,,,,,,,,
A1384,Roland St. Louis,,,,1,Lowey Dannenberg,1,1,2833,Management,high,,,,,,,,,
A1385,Scott Powell,,,,1,"Hare, Wynn, Newell & Newton; Hare Wynn Newell & Newton L.L.P.",2,4,"2391, 2591",ClassCounsel; LeadCounsel; Management,high,,,,,,,,,
A1386,David McDivitt,,,,1,"McDivitt Law Firm, P.C.",1,1,2873,Management,high,,,,,,,,,
A1387,Sarah Williams,,,,1,United States Department of Justice,1,1,2873,Coordination,high,,,,,,,,,
A1388,Brian Fries,,,,1,"Lathrop GPM, LLP",1,3,2785,Communications,high,,,,,,,,,
A1389,Damien Marshall,,,,1,"Boies Schiller Flexner, LLP",1,2,2785,Management,high,,,,,,,,,
A1390,Eric Hochstadt,,,,1,,1,2,2785,Management,high,,,,,,,,,
A1391,Rex Sharp,,,,1,,1,2,2785,ClassCounsel; LeadCounsel,high,,,,,,,,,
A1392,Ryan Hudson,,,,1,,1,1,2785,Communications,high,,,,,,,,,
A1393,Sharon Almonrode,,,,1,,1,1,2785,Management,high,,,,,,,,,
A1394,Brian Tadtman,,,,1,"Woodworth Law Firm, LLC; Peterson & Associates",2,4,"2776, 3081",Management,high,,,,,,,,,
A1395,Danielle Gold,,,,1,"Weitz & Lutzenberg, P.C.; Weitz & Luxenberg, P.C.",3,4,"2776, 2973, 3044",Bellwether; Communications; Discovery; Expert; Management; Motions,high,,,,,,,,,
A1396,Robert Orlando,,,,1,"The Orlando Firm, P.C.",1,1,2776,Management,high,,,,,,,,,
A1397,Brien O'Connor,,,,1,Ropes & Gray LLP,1,2,2804,Management; Settlement,high,,,,,,,,,
A1398,Carole Rendon,,,,1,BakerHostetler,1,1,2804,Communications,high,,,,,,,,,
A1399,Charles Lifland,,,,1,O'Melveny & Myers LLP,1,2,2804,Management; Settlement,high,,,,,,,,,
A1400,Donna Welch,,,,1,Kickland & Ellis LLP,1,1,2804,Management,high,,,,,,,,,
A1401,Enu Mainigi,,,,1,Williams & Connolly LLP,1,2,2804,Communications; Management; Settlement,high,,,,,,,,,
A1402,Eric Delinsky,,,,1,Zuckerman Spaeder LLP,1,1,2804,Management,high,,,,,,,,,
A1403,J. Donohue,,,,1,Holland & Knight LLP,1,2,2804,Management; Settlement,high,,,,,,,,,
A1404,James Wooley,,,,1,Jones Day,1,1,2804,Management,high,,,,,,,,,
A1405,Jonathan Stern,,,,1,Arnold & Porter Kaye Scholer LLP,1,2,2804,Management; Settlement,high,,,,,,,,,
A1406,Mark Lynch,,,,1,Covington & Burling LLP,1,1,2804,Management,high,,,,,,,,,
A1407,Ralph Cascarilla,,,,1,"Walter Haverfield, LLP",1,2,2804,Communications,high,,,,,,,,,
A1408,Robert Nicholas,,,,1,ReedSmith,1,2,2804,Management; Settlement,high,,,,,,,,,
A1409,Ryan Sestack,,,,1,"Gordon & Rees, LLP",1,1,2804,Management,high,,,,,,,,,
A1410,S. Spencer,,,,1,"Shaheen & Gordon, P.A.",1,1,2804,Management,high,,,,,,,,,
A1411,Shannon McClure,,,,1,Reed Smith,1,1,2804,Communications,high,,,,,,,,,
A1412,Tyler Tarney,,,,1,"Gordon & Rees, LLP",1,1,2804,Management,high,,,,,,,,,
A1413,Geoffrey Hobart,,,,1,,1,2,2804,Communications; Settlement,high,,,,,,,,,
A1414,Jennifer Peacock,,,,1,Tennessee Attorney General,1,1,2804,Settlement,high,,,,,,,,,
A1415,Mark Filip,,,,1,,1,1,2804,Settlement,high,,,,,,,,,
A1416,Tad O'Neill,,,,1,Washington State Attorney General,1,1,2804,Settlement,high,,,,,,,,,
A1417,Bruce Greenberg,,,,1,"Lite DePalma Greenberg, LLC",1,1,2687,Communications; Management,high,,,,,,,,,
A1418,Eric Fastiff,,,,1,"Lieff, Cabraser, Heiman & Bernstein, LLP; Lieff, Cabraser, Heimann & Bernstein, LLP",2,2,"2687, 2819",LeadCounsel; Management,high,,,,,,,,,
A1419,Manuel Dominguez,,,,1,Cohen Milstein Sellers & Toll,1,1,2687,Management,high,,,,,,,,,
A1420,Whitney Street,,,,1,Block & Leviton LLP,2,3,"2437, 2687",LeadCounsel; Management,high,,,,,,,,,
A1421,C. Whitehead,,,,1,"THE WHITEHEAD LAW FIRM, LLC",1,2,2738,Management,high,,,,,,,,,
A1422,Eric Weinberg,,,,1,THE WEINBERG LAW FIRM,2,3,"2385, 2738",Management,high,,,,,,,,,
A1423,Kristie Hightower,,,,1,"LUNDY, LUNDY, SOILEAU & SOUTH, LLP",1,1,2738,Management,high,,,,,,,,,
A1424,Laurence Berman,,,,1,"LEVIN, FISHBEIN, SEDRAN & BERMAN; LEVIN FISHBEIN SEDRAN & BERMAN",2,2,"2436, 2738",Communications; LeadCounsel; Management,high,,,,,,,,,
A1425,P. O’Dell,,,,1,"BEASLEY, ALLEN, CROW, METHVIN, PORTIS & MILES, P.C.",1,1,2738,LeadCounsel,high,,,,,,,,,
A1426,Caleb Marker,,,,1,,1,1,2695,Management,high,,,,,,,,,
A1427,D. Blankinship,,,,1,,1,1,2695,Management,high,,,,,,,,,
A1428,Danie Warshaw,,,,1,,1,1,2695,Management,high,,,,,,,,,
A1429,Erika Anderson,,,,1,,1,1,2695,Coordination; LocalCounsel,high,,,,,,,,,
A1430,James Gustafson,,,,1,,1,1,2695,Management,high,,,,,,,,,
A1431,John Bienvenu,,,,1,,1,1,2695,Coordination; LocalCounsel,high,,,,,,,,,
A1432,Mark Donatelli,,,,1,,1,1,2695,Coordination; LocalCounsel,high,,,,,,,,,
A1433,Melissa Wolchansky,Melissa W. Wolchansky,,,1,Halunen Law,2,2,"2688, 2695",LeadCounsel; Management,high,,,,,,,,,
A1434,Michael Reese,Michael R. Reese,,,1,Reese LLP,6,10,"2695, 2887, 2909, 2948, 3009, 3025",ClassCounsel; LeadCounsel; Management,high,,,,,,,,,
A1435,Nancy Long,,,,1,,1,2,2695,Communications; Coordination; LocalCounsel,high,,,,,,,,,
A1436,Nicholas Koluncich,,,,1,,1,1,2695,Coordination; LocalCounsel,high,,,,,,,,,
A1437,Randi McGinn,,,,1,,1,2,2695,Communications,high,,,,,,,,,
A1438,Ronald Marron,,,,1,,1,1,2695,Management,high,,,,,,,,,
A1439,Scott Schlesinger,,,,1,,1,1,2695,LeadCounsel,high,,,,,,,,,
A1440,Carl Beckwith,,,,1,"CARL BECKWITH, ESQ., PC",1,1,2472,Management,high,,,,,,,,,
A1441,Richard Trenk,,,,1,"Trenk, Dipasquale, Della Fera & Sodono, P.C.",1,1,2472,Management,high,,,,,,,,,
A1442,William Doyle,,,,1,DOYLE LOWTHER LLP,1,1,2472,Management,high,,,,,,,,,
A1443,William McKee,,,,1,,5,8,"2187, 2326, 2327, 2387, 2440",Fees,high,,,,,,,,,
A1444,Catherine Heacox,,,,1,The Lanier Law Firm,2,2,"2434, 2502",Management,high,,,,,,,,,
A1445,Dawn M. Chmielewski,Dawn Chmielewski,,,1,"Neblett, Beard & Arsenault; Climaco, Wilcox, Peca, Tarantino & Garofoli Co., LPA; Climaco, Wilcox, Peca, Tarantino & Garofoli Co., L.P.A.",2,4,"2299, 2434",Management,high,,,,,,,,,
A1446,Michael Johnson,Michael K. Johnson,,,1,"Johnson Becker PLLC; Goldenberg & Johnson, PLLC; JOHNSON BECKER, PLLC; Johnson//Becker, PLLC",6,8,"1905, 1964, 2434, 2452, 2816, 3087",LeadCounsel; Management,high,,,,,,,,,
A1447,Steve Faries,,,,1,Matthews & Associates,1,1,2434,Management,high,,,,,,,,,
A1448,Dewitt Lovelace,,,,1,Lovelace Law Firm,1,1,2555,Management,high,,,,,,,,,
A1449,Zona Jones,,,,1,"Provost Umphrey Law Firm, L.L.P",1,1,2555,Management,high,,,,,,,,,
A1450,Charles J. Cooper,Charles Cooper,,,1,,2,4,"2406, 3043",Management,high,,,,,,,,,
A1451,Jeffrey Goldenberg,Jeffrey S. Goldenberg,,,1,"Goldenberg Schneider, LPA; Murdock, Goldenberg, Schneider & Groh, LPA",5,7,"1796, 2316, 2887, 3052, 3083",ClassCounsel; Discovery; LeadCounsel; Vetting,high,,,,,,,,,
A1452,Rachel Schwartz,Rachel E. Schwartz,,,1,Stueve Siegel Hanson LLP,2,2,"2887, 2975",ClassCounsel; Communications; LeadCounsel,high,,,,,,,,,
A1453,Richard Goetz,,,,1,O’Melveny & Myers LLP,1,1,2887,LeadCounsel,high,,,,,,,,,
A1454,Scott Kamber,Scott A. Kamber,,,1,"KamberLaw, LLC; KamberLaw, LLP; KamberEdelson, LLC; KamberEdelson LLC",5,8,"1850, 2264, 2562, 2665, 2887",ClassCounsel; LeadCounsel; Management,high,,,,,,,,,
A1455,Thomas Schult,,,,1,Berkowitz Oliver LLP,2,2,"2591, 2887",Communications,high,,,,,,,,,
A1456,Christopher Walsh,,,,1,Walsh Law Firm,1,1,2522,Communications,high,,,,,,,,,
A1457,Felipe Arroyo,,,,1,Robbins Arroyo LLP,1,2,2522,LeadCounsel,high,,,,,,,,,
A1458,Chris Hollinger,,,,1,O’Melveny & Myers LLP,1,1,1700,Communications,high,,,,,,,,,
A1459,Lynn Faris,,,,1,"Leonard Carder, LLP",1,2,1700,Communications; LeadCounsel,high,,,,,,,,,
A1460,Robert Harwood,Robert I. Harwood,,,1,HARWOOD FEFFER LLP; Harwood Feffer LLP,3,5,"1700, 1995, 2335",ClassCounsel; Communications; LeadCounsel; Management,high,,,,,,,,,
A1461,Robert Schwartz,,,,1,O’Melveny & Myers LLP,1,1,1700,Communications,high,,,,,,,,,
A1462,Susan Ellingstad,,,,1,Lockridge Grindal Nauen P.L.L.P.,1,2,1700,Communications; LeadCounsel,high,,,,,,,,,
A1463,Chris Miltenberger,,,,1,,1,1,2295,Communications; LeadCounsel,high,,,,,,,,,
A1464,Douglas Campion,Douglas J. Campion,DOUGLAS J. CAMPION,,1,Law Offices of Douglas J. Campion,3,5,"2261, 2286, 2295",ClassCounsel; Communications; LeadCounsel,high,,,,,,,,,
A1465,Patric Lester,,,,1,,1,1,2295,LeadCounsel,high,,,,,,,,,
A1466,Gil Gainer,,,,1,TOLIVER & GAINER,1,1,2436,Management,high,,,,,,,,,
A1467,James Green,,,,1,"ASHCRAFT & GEREL, LLP",1,1,2436,Management,high,,,,,,,,,
A1468,Everett Doffermyre,,,,1,"Doffermyre Shields Canfield & Knowles, LLC",1,1,2495,Management,high,,,,,,,,,
A1469,Henry Smythe,,,,1,"Womble Carlyle Sandridge & Rice, LLP",1,1,2495,LeadCounsel,high,,,,,,,,,
A1470,Joel Pieper,,,,1,"Womble Carlyle Sandridge & Rice, LLP",1,1,2495,LeadCounsel,high,,,,,,,,,
A1471,Jonathan Shub,,,,1,"Seeger Weiss LLP; Seeger Weiss; Kohn, Swift & Graf, P.C.; SEEGER WEISS LLP",11,11,"1817, 1862, 2001, 2333, 2450, 2495, 2506, 2514, 2688, 3021, 3025",ClassCounsel; LeadCounsel; Management,high,,,,,,,,,
A1472,Justin Lucey,Justin O. Lucey,"Justin Lucey, Esquire",,1,"JUSTIN O’TOOLE LUCEY, PA; The Lucey Law Firm; Justin O’Toole Lucey, P.A.",3,5,"2333, 2495, 2514",ClassCounsel; Communications; Management,high,,,,,,,,,
A1473,Stephen Swedlow,,,,1,Korein Tillery,1,1,2067,ClassCounsel,high,,,,,,,,,
A1474,David Graham,,,,1,Sidley Austin LLP,1,1,2591,Management,high,,,,,,,,,
A1475,John Ursu,,,,1,Greene Espel PLLP,1,1,2591,Management,high,,,,,,,,,
A1476,Patrick Stueve,,,,1,Stueve Siegel Hanson,1,3,2591,ClassCounsel; Communications; LeadCounsel; Settlement,high,,,,,,,,,
A1477,William Chaney,William B. Chaney,,,1,"Gray Reed & McGraw P.C.; Looper, Reed & McGraw, P.C.",2,3,"1811, 2591",ClassCounsel; LeadCounsel; Management,high,,,,,,,,,
A1478,Lynn Johnson,,,,1,,1,1,2591,ClassCounsel,high,,,,,,,,,
A1479,Erin Dickinson,Erin K. Dickinson,,,1,Crueger Dickinson LLC; Hansen Reynolds Dickinson Crueger LLC,2,2,"2688, 2804",Communications; Management,high,,,,,,,,,
A1480,James D. Young,James Young,,,1,"Morgan & Morgan; OFFICE OF THE ATTORNEY GENERAL, STATE OF FLORIDA",3,4,"1657, 2804, 3080",LeadCounsel; Management,high,,,,,,,,,
A1481,Michael Fuller,,,,1,McHugh Fuller Law Group,2,2,"1822, 2804",ClassCounsel; Management,high,,,,,,,,,
A1482,Louise Renne,,,,1,,1,1,2804,ClassCounsel,high,,,,,,,,,
A1483,Mark Flessner,,,,1,,1,1,2804,ClassCounsel,high,,,,,,,,,
A1484,Zachary Carter,,,,1,,1,1,2804,ClassCounsel,high,,,,,,,,,
A1485,Clea Liquard,,,,1,"Covington & Burling LLP,",1,1,2875,Settlement,high,,,,,,,,,
A1486,Jay Spievack,,,,1,Cohen Tauber Spievack and Wagner,1,1,2875,Settlement,high,,,,,,,,,
A1487,John Shipp,,,,1,Shipp | ADR,1,1,2875,Settlement,high,,,,,,,,,
A1488,Joyce Gist,,,,1,"Lewis, Krevolin, Horst, LLC",1,1,2875,Settlement,high,,,,,,,,,
A1489,Larry Wood,,,,1,Blank Rome,1,1,2875,Settlement,high,,,,,,,,,
A1490,Lauren O'Donnel,,,,1,Blank Rome,1,1,2875,Settlement,high,,,,,,,,,
A1491,Liza Walsh,,,,1,Walsh Pizzi O’Reilly Falanga,1,1,2875,Settlement,high,,,,,,,,,
A1492,Michael Scott,,,,1,Mike Scott Law,1,1,2875,Settlement,high,,,,,,,,,
A1493,Ratliff Harley,,,,1,Shook Hardy & Bacon,1,1,2875,Settlement,high,,,,,,,,,
A1494,Ronni Fuchs,,,,1,Troutman Pepper,1,1,2875,Settlement,high,,,,,,,,,
A1495,Sean P. Fahey,Sean Fahey,,,1,Troutman Pepper,2,3,"2875, 3026",Communications; Settlement,high,,,,,,,,,
A1496,Stuart Williams,,,,1,Wilson Sonsini Goodrich & Rosati,1,1,2875,Settlement,high,,,,,,,,,
A1497,Cooper Josef,,,,1,,1,1,1917,Coordination; LeadCounsel; Settlement,high,,,,,,,,,
A1498,Scarpulla Francis,,,,1,,1,1,1917,Coordination; LeadCounsel; Settlement,high,,,,,,,,,
A1499,Corr Stephen,,,,1,,1,1,1871,Communications,high,,,,,,,,,
A1500,Craig Corbitt,Craig C. Corbitt,,,1,"Zelle, Hofmann, Veelbel, Mason & Gette LLP; Zelle Hofmann Voelbel Mason & Gette, LLP; Zelle Hofmann Voelbel & Mason LLP",3,3,"1566, 1775, 2029",LeadCounsel; Settlement,high,,,,,,,,,
A1501,Craig Hoover,Craig A. Hoover,,,1,"Hogan Lovells, LLP",3,3,"1850, 2406, 2617",Communications; SettlementAdministration,high,,,,,,,,,
A1502,David Benck,,,,1,,1,1,2406,SettlementAdministration,high,,,,,,,,,
A1503,Edgar Gentle,,,,1,,1,1,2406,SettlementAdministration,high,,,,,,,,,
A1504,Karin DeMasi,,,,1,,1,1,2406,SettlementAdministration,high,,,,,,,,,
A1505,Scott Nehs,,,,1,,1,1,2406,SettlementAdministration,high,,,,,,,,,
A1506,Cristopher Hellmich,,,,1,Patton Boggs LLP,1,1,2221,LeadCounsel,high,,,,,,,,,
A1507,Gary Friedman,Gary B. Friedman,,,1,Friedman Law Group LLP,2,4,"1982, 2221",ClassCounsel; LeadCounsel,high,,,,,,,,,
A1508,Mark Reinhardt,,,,1,"Reinhardt Wendorf & Blanchfield; Reinhardt, Wendorf
& Blanchfield",1,3,2221,LeadCounsel; Management,high,,,,,,,,,
A1509,Curtis Miner,,,,1,Colson Hicks Eidson,1,5,2599,ClassCounsel; LeadCounsel; Management,high,,,,,,,,,
A1510,Rachel Furst,,,,1,Maderal Byrne & Furst PLLC; Grossman Roth Yaffa Cohen P.A.,2,4,"2599, 2989",ClassCounsel; Communications,high,,,,,,,,,
A1511,Todd Smith,,,,1,"Power, Rogers and Smith, L.L.P.; Smith LaCien LLP; POWER, ROGERS AND SM ITH, L.L.P.; POW ER, ROGERS AND SMITH, L.L.P.",1,17,2599,ClassCounsel; SettlementAdministration,high,,,,,,,,,
A1512,Matthew Tripolitsoptos,,,,1,"Boies Schiller Flexner, LLP",1,1,2785,Management,high,,,,,,,,,
A1513,Dan Drachler,,,,1,"Zwerling, Schachter & Zwerling, LLP",1,1,2819,Communications,high,,,,,,,,,
A1514,Edward Buckley,,,,1,Young Clement River LLP,1,1,2886,Communications,high,,,,,,,,,
A1515,Gregory Coleman,,,,1,Greg Coleman Law PC; GREG COLEMAN LAW PC,2,4,"2744, 2886",ClassCounsel; Management; Settlement,high,,,,,,,,,
A1516,Harper Segui,Harper T. Segui,,,1,"Whitfield Bryson LLP; Milberg Coleman Bryson Phillips Grossman, PLLC; Lee Segui PLLC; WHITFIELD BRYSON & MASON LLP",5,9,"2688, 2886, 2972, 2988, 3078",ClassCounsel; LeadCounsel; Management; Settlement,high,,,,,,,,,
A1517,Phillip Segui,,,,1,"SEGUI LAW FIRM PC; Segui Law Firm, PC",1,2,2886,Communications; Management; Settlement,high,,,,,,,,,
A1518,Rachel Soffin,,,,1,"Milberg Coleman Bryson Phillips Grossman, PLLC; GREG COLEMAN LAW PC; Greg Coleman Law PC; Milberg Coleman Bryson Phillips Grossman PLLC",3,6,"2886, 2988, 3009",ClassCounsel; LeadCounsel; Management; Settlement,high,,,,,,,,,
A1519,Robert Hickok,,,,1,Pepper Hamilton LLO,1,1,2886,LeadCounsel,high,,,,,,,,,
A1520,Scott Harris,Scott C. Harris,,,1,"Bryson, Harris, Suciu & Demay PLLC; WHITFIELD BRYSON & MASON LLP; Whitfield Bryson, LLP; WHITFIELD BRYSON & MASON, LLP",3,7,"2577, 2886, 3078",ClassCounsel; LeadCounsel; Management; Settlement,high,,,,,,,,,
A1521,William Cash,,,,1,"LEVIN, PAPANTONIO, THOMAS, MITCHELL, RAFFERTY & PROCTOR, P.A.; Levin, Papantonio, Thomas, Mitchell, Rafferty & Proctor, P.A.",1,2,2886,Management; Settlement,high,,,,,,,,,
A1522,Fred Olinde,,,,1,THE OLINDE FIRM,1,1,2809,Management,high,,,,,,,,,
A1523,Jennifer Lenze,,,,1,LENZE LAWYERS,1,1,2809,Management,high,,,,,,,,,
A1524,Jennifer Moore,,,,1,"GROSSMAN & MOORE, PLLC",2,2,"2809, 2924",LeadCounsel; Management,high,,,,,,,,,
A1525,Jerome Prather,,,,1,GARMER & PRATHER,1,1,2809,Management,high,,,,,,,,,
A1526,Laraclay Parker,,,,1,GOLDEN LAW OFFICE,1,1,2809,Communications,high,,,,,,,,,
A1527,Matthew White,,,,1,GRAY & WHITE LAW,1,1,2809,Management,high,,,,,,,,,
A1528,Steven Teppler,,,,1,ABBOTT LAW GROUP,1,1,2809,Management,high,,,,,,,,,
A1529,Tim Porter,,,,1,PORTER MALOUF,2,2,"2809, 2974",Management,high,,,,,,,,,
A1530,Timothy Clark,,,,1,"SANDERS PHILLIPS GROSSMAN, LLC",2,3,"2809, 2974",LeadCounsel; Management,high,,,,,,,,,
A1531,Daniel Edelman,,,,1,"Edelman, Combs, Latturner & Goodwin; Edelman, Combs, Latturner & Goodwin, LLC",2,3,"2223, 2286",Communications; LeadCounsel,high,,,,,,,,,
A1532,Joseph Palmer,,,,1,,1,1,2286,Communications,high,,,,,,,,,
A1533,Linh Vuong,,,,1,Girard Gibbs LLP,1,1,2737,Management,high,,,,,,,,,
A1534,David Thompson,,,,1,"Cooper & Kirk, PLLC",1,1,2664,Management,high,,,,,,,,,
A1535,Elizabeth Kramer,,,,1,Girard Gibbs,1,1,2624,LeadCounsel,high,,,,,,,,,
A1536,Jonathan Levine,,,,1,Pritzker Levine; Pritzker Levine LLP,2,2,"2624, 2905",Communications; LeadCounsel,high,,,,,,,,,
A1537,Philip Gregory,,,,1,Cotchett,1,1,2624,LeadCounsel,high,,,,,,,,,
A1538,David Mitchell,,,,1,Robbins Geller Rudman & Dowd LLP,1,2,2516,ClassCounsel; Management,high,,,,,,,,,
A1539,William Narwold,,,,1,Motley Rice LLC,1,2,2516,ClassCounsel; Communications,high,,,,,,,,,
A1540,David Honigman,,,,1,Mantese Honigman PC,1,1,2744,Communications,high,,,,,,,,,
A1541,Joseph H. Meltzer,Joseph Meltzer,,,1,"Kessler Topaz Meltzer & Check, LLP; Schiffrin & Barroway, LLP; Barroway Topaz Kessler Meltzer & Check LLP; KESSLER TOPAZ MELTZER & CHECK LLP",7,9,"1658, 2025, 2335, 2508, 2744, 2905, 3047",ClassCounsel; LeadCounsel; Management; Settlement,high,,,,,,,,,
A1542,Derek Ho,,,,1,"Kellogg, Hansen, Todd, Figel & Frederick, P.L.L.C.",1,8,2817,LeadCounsel,high,,,,,,,,,
A1543,Frank Richter,,,,1,Robbins Geller Rudman & David LLP,1,6,2817,Management,high,,,,,,,,,
A1544,James Barz,,,,1,Robbins Geller Rudman & David LLP,1,6,2817,Management,high,,,,,,,,,
A1545,Leonard Bellavia,,,,1,"Bellavia Blatt, PC",1,6,2817,Management,high,,,,,,,,,
A1546,Peggy Wedgworth,,,,1,Milberg Tadler Phillips Grossman LLP,1,6,2817,LeadCounsel,high,,,,,,,,,
A1547,Samuel Issacharoff,,,,1,,1,7,2817,Coordination,high,,,,,,,,,
A1548,Jones Zona,,,,1,"Harrison, Davis, Steakley, Morrison and Jones",1,1,2875,Management,high,,,,,,,,,
A1549,Paul Rothstein,,,,1,Law Offices of Paul S. Rothstien,1,1,2875,Management,high,,,,,,,,,
A1550,Rosalee Thomas,,,,1,Finkelstein Thompson,1,1,2875,Management,high,,,,,,,,,
A1551,Daniel Small,,,,1,"Cohen Milstein Sellers & Toll, PLLC",1,1,2184,ClassCounsel; LeadCounsel,high,,,,,,,,,
A1552,Ronald Tellis,,,,1,"Baron & Budd, P.C.",1,8,2599,ClassCounsel; SettlementAdministration,high,,,,,,,,,
A1553,Shannon Lukei,,,,1,"Robison Calcagnie, Inc.",1,1,2885,Management,high,,,,,,,,,
A1554,Leigh Rendé,,,,1,"Environmental Enforcement Section, Environment and Natural Resources Division of the U.S. Department of Justice",1,1,2777,Coordination,high,,,,,,,,,
A1555,W. Daniel,,,,1,"Beasley, Allen, Crow, Methvin, Portis & Miles P.C.",1,1,2777,SettlementAdministration,high,,,,,,,,,
A1556,Reilly Reilly,,,,1,"Shook Hardy & Bacon, L.L.P.",1,1,2873,Management,high,,,,,,,,,
A1557,David Frederick,David C. Frederick,,,1,"Kellogg Hansen Todd Figel & Frederick, PLLC; KELLOGG, HANSEN, TODD FIGEL & FREDERICK, P.L.L.C.; Kellogg Hansen",3,8,"2842, 3113, 3140",ClassCounsel; Management; Motions,high,,,,,,,,,
A1558,Erin Durba,,,,1,Motley Rice LLC,1,2,2842,Management,high,,,,,,,,,
A1559,Hilary Scherrer,,,,1,Hausfeld LLP,1,5,2842,Management,high,,,,,,,,,
A1560,Jonathan Bunge,,,,1,"Quinn Emanuel Urquhart & Sullivan, LLP",1,5,2842,LeadCounsel,high,,,,,,,,,
A1561,Michelle Clerkin,Michelle C. Clerkin,,,1,Motley Rice LLC; Spiro Harrison & Nelson,2,6,"2842, 3107",Management,high,,,,,,,,,
A1562,Sharan Nirmul,,,,1,"Kessler Topaz Meltzer & Check, LLP",1,6,2842,LeadCounsel; Management,high,,,,,,,,,
A1563,David Hersh,,,,1,,1,1,2873,ClassCounsel,high,,,,,,,,,
A1564,Michael S. Burg,Michael Burg,,,1,"Burg Simpson Eldredge Hersh & Jardine; Burg, Simpson, Eldredge, Hersh & Jardine; Burg Simpson Eldredge Hersh & Jardine, P.C.",4,8,"1657, 1742, 2100, 2873",ClassCounsel; Communications; Coordination; LeadCounsel; Management; Settlement,high,,,,,,,,,
A1565,Hovde Frederick,,,,1,"Hovde, Dassow + Deets, LLC",1,1,2570,Management,high,,,,,,,,,
A1566,Thomas Craig,,,,1,"Bailes, Craig & Yon, PLLC",1,1,2387,Communications,high,,,,,,,,,
A1567,Susan Robinson,,,,1,,1,1,2326,Communications,high,,,,,,,,,
A1568,Donald Hayden,,,,1,"Baker & McKenzie, LLP",1,1,2047,Coordination,high,,,,,,,,,
A1569,Jan Atlas,,,,1,"Adorno & Yoss, LLP",1,1,2047,Coordination,high,,,,,,,,,
A1570,Jeffrey Backman,,,,1,"Adorno & Yoss, LLP",1,1,2047,Coordination,high,,,,,,,,,
A1571,Richard Duplantier,,,,1,"Galloway, Johnson, Tompkins, Burr & Smith",1,2,2047,Coordination; Management,high,,,,,,,,,
A1572,Eric Snyder,,,,1,,1,1,2151,Management,high,,,,,,,,,
A1573,S. Scott West,,,,1,,1,1,2151,Management,high,,,,,,,,,
A1574,Dean Harvey,,,,1,"Lieff Cabraser Heimman & Bernstein, LLP",1,2,2850,ClassCounsel; LeadCounsel; Settlement,high,,,,,,,,,
A1575,Deborah Moeller,Deborah A. Moeller,,,1,Shook Hardy & Bacon LLP,2,3,"1909, 2187",LeadCounsel,high,,,,,,,,,
A1576,Sandra Bresnick,,,,1,"Quinn Emanuel Urquhart & Sullivan, LLP",1,2,2187,LeadCounsel,high,,,,,,,,,
A1577,Dennis Suplee,,,,1,,1,1,2323,ProSe,high,,,,,,,,,
A1578,Derek Loeser,Derek W. Loeser,,,1,Keller Rohrback LLP; Keller Rohrback; Keller Rohrback L.L.P.,2,4,"2843, 3144",LeadCounsel,high,,,,,,,,,
A1579,William Stern,,,,1,Morrison & Foerster LLP,1,1,2627,LeadCounsel,high,,,,,,,,,
A1580,Dino Sangiamo,,,,1,,1,1,2848,Coordination,high,,,,,,,,,
A1581,Matthew McCauley,,,,1,,1,2,2434,Communications; LeadCounsel,high,,,,,,,,,
A1582,Gerard Mantese,,,,1,"Mantese Honigman Rossman and Williamson, P.C.",1,1,2311,Communications,high,,,,,,,,,
A1583,Don Sensabaugh,,,,1,Flaherty Sensabaugh & Bonasso,1,1,2187,LeadCounsel,high,,,,,,,,,
A1584,Richard North,,,,1,Nelson Mullins Riley & Scarborough LLP,1,1,2187,LeadCounsel,high,,,,,,,,,
A1585,Sharon Robertson,Sharon K. Robertson,,,1,"Cohen Milstein Sellers & Toll, PLLC; Cohen Milstein Sellers & Toll PLLC",2,2,"2332, 3148",LeadCounsel; Management,high,,,,,,,,,
A1586,Douglas Thompson,Douglas G. Thompson Jr.,"Douglas G. Thompson, Jr.",,1,Finkelstein Thompson LLP,2,3,"2328, 2437",LeadCounsel; Management,high,,,,,,,,,
A1587,Eugene Spector,Eugene A. Spector,,,1,"Spector Roseman & Kodroff, P.C.",2,4,"2437, 2931",LeadCounsel; Management,high,,,,,,,,,
A1588,Kit Pearson,,,,1,,1,2,2437,LeadCounsel,high,,,,,,,,,
A1589,Steven Bizar,,,,1,,1,2,2437,Communications; LeadCounsel,high,,,,,,,,,
A1590,Dustin Rawlin,,,,1,Tucker Ellis LLP,1,1,2387,LeadCounsel,high,,,,,,,,,
A1591,Lana Varney,,,,1,Fulbright & Jaworski LLP,1,1,2387,LeadCounsel,high,,,,,,,,,
A1592,Ronn Kreps,,,,1,Fulbright & Jaworski LLP,1,1,2387,LeadCounsel,high,,,,,,,,,
A1593,Jay Auslander,,,,1,Willkie Farr & Gallagher LLP,1,1,1663,Communications,high,,,,,,,,,
A1594,Edward Mulligan,,,,1,,1,1,2657,Management,high,,,,,,,,,
A1595,Glen Abramson,,,,1,"Berger & Montague, P.C.",1,2,2575,ClassCounsel; LeadCounsel,high,,,,,,,,,
A1596,John Popilock,,,,1,"Law Offices of Robert A. Stutman, P.C.",1,2,2575,Communications,high,,,,,,,,,
A1597,Patrick Howard,,,,1,"Saltz, Mongeluzzi, Barrett & Bendesky",1,2,2575,ClassCounsel; LeadCounsel,high,,,,,,,,,
A1598,Simon Paris,"Simon Paris,",,,1,"Saltz Mongeluzzi Barrett & Bendesky, PC",1,2,2575,Communications,high,,,,,,,,,
A1599,Kim Dougherty,,,,1,"JANET, JENNER & SUGGS, LLC; Andrus Wagstaff, PC",2,2,"2419, 2753",Management,high,,,,,,,,,
A1600,Kristen Parker,,,,1,HAGENS BERMAN SOBOL SHAPIRO LLP,1,1,2419,LeadCounsel,high,,,,,,,,,
A1601,Marc Lipton,,,,1,LIPTON LAW,1,1,2419,Management,high,,,,,,,,,
A1602,Mark P. Chalos,Mark Chalos,,,1,"Lieff Cabraser Heimann & Bernstein, LLP; LIEFF CABRASER HEIMANN & BERNSTEIN, LLP; Lieff Cabraser Heimann & Bernstein - Nashville; Lieff Cabraser Heimann & Bernstein",6,11,"2001, 2223, 2419, 2938, 3044, 3078",ClassCounsel; Coordination; LeadCounsel; Management,high,,,,,,,,,
A1603,Patrick Fennell,,,,1,CRANDALL & KATT,1,1,2419,Management,high,,,,,,,,,
A1604,Kimberly Baden,Kimberly Barone Baden,,,1,Motley Rice LLC; MOTLEY RICE LLC,3,3,"2657, 2691, 3014",LeadCounsel; Management,high,,,,,,,,,
A1605,Katie Kerner,,,,1,,1,1,2775,Settlement,high,,,,,,,,,
A1606,Eric Roberson,,,,1,,1,2,1964,Management,high,,,,,,,,,
A1607,John Kirtley,,,,1,,1,1,1964,Management,high,,,,,,,,,
A1608,Erin Bosman,,,,1,Morrison & Foerster LLP,2,2,"2740, 2949",LeadCounsel; Settlement,high,,,,,,,,,
A1609,Erin Hanig,,,,1,,1,1,2391,Communications,high,,,,,,,,,
A1610,Kelly Fitzpatrick,,,,1,VENTURA RIBEIRO & SMITH,1,1,2691,Management,high,,,,,,,,,
A1611,Michael Lynch,,,,1,THE MICHAEL BRADY LYNCH FIRM,2,3,"2385, 2691",Management,high,,,,,,,,,
A1612,Lawrence Tweel,,,,1,"Greene, Ketchum, Bailey, Walker, Farrell & Tweel",1,1,2187,Communications,high,,,,,,,,,
A1613,Marc Williams,,,,1,,1,2,2187,Communications,high,,,,,,,,,
A1614,G. Jackson,,,,1,Butler Snow LLP,1,1,2782,LeadCounsel,high,,,,,,,,,
A1615,Jaime Theriot,,,,1,Troutman Sanders LLP,1,1,2782,Communications,high,,,,,,,,,
A1616,S. Rumanek,,,,1,Troutman Sanders LLP,1,1,2782,Communications,high,,,,,,,,,
A1617,William Gage,,,,1,Butler Snow LLP,1,1,2782,LeadCounsel,high,,,,,,,,,
A1618,Hellmich Christopher,,,,1,,1,1,2221,ClassCounsel; LeadCounsel,high,,,,,,,,,
A1619,Jacob Plattenberger,,,,1,"TOR HOERMAN LAW, LLC",1,1,2452,Management,high,,,,,,,,,
A1620,James Segars,,,,1,"DIAZ LAW FIRM, PLLC",1,1,2452,Management,high,,,,,,,,,
A1621,Keith Altman,,,,1,THE LAW OFFICE OF KEITH ALTMAN,1,1,2452,Management,high,,,,,,,,,
A1622,Marc Bern,Marc Jay Bern,,,1,"NAPOLI, BERN, RIPKA & SHKOLNIK LLP; Napoli, Bern, Ripka, LLP; NAPOLI BERN RIPKA, LLP",2,3,"1928, 2452",Management,high,,,,,,,,,
A1623,Maxwell Kennerly,,,,1,THE BEASLEY FIRM,1,1,2452,Management,high,,,,,,,,,
A1624,Michael Berg,,,,1,Law Offices of Michael S. Berg,1,1,2452,Communications,high,,,,,,,,,
A1625,Michael Love,,,,1,"Ridenour, Hienton & Lewis",1,1,2452,Management,high,,,,,,,,,
A1626,Neal Moskow,,,,1,"URY & MOSKOW, LLC; Ury & Moskow, LLC; URY & MOSKOW, L.L.C.",3,6,"1928, 2452, 3043",Coordination; Management,high,,,,,,,,,
A1627,Nicholas J. Drakulich,Nicholas Drakulich,,,1,The Drakulich Firm; THE DRAKULICH FIRM; Drakulich Firm,4,5,"1905, 2299, 2359, 2452",Management,high,,,,,,,,,
A1628,Paul Stevens,,,,1,"MILSTEIN ADELMAN, LLP",1,1,2452,Management,high,,,,,,,,,
A1629,Robert Mosier,,,,1,PHILLIPS GROSSMAN PLLC,1,1,2452,Management,high,,,,,,,,,
A1630,Ryan Thompson,,,,1,WATTS GUERRA LLP,1,1,2452,LeadCounsel; Management,high,,,,,,,,,
A1631,Stephen Murray,Stephen B. Murray,,,1,MURRAY LAW FIRM; Murray Law Firm,2,2,"2299, 2452",Management,high,,,,,,,,,
A1632,Joel Oster,,,,1,Law Offices of Howard Rubinstein,1,2,2741,ClassCounsel,high,,,,,,,,,
A1633,Gregory Collins,,,,1,Davis & Young,1,1,2433,Management,high,,,,,,,,,
A1634,Jon Concil,,,,1,"Cory Watson Crowder & Degaris, LLP",1,2,2433,Fees; LeadCounsel; Management,high,,,,,,,,,
A1635,R. Edison Hill,,,,1,"Hill, Peterson, Carper, Bee & Deitzler P.L.L.C.",1,1,2433,Management,high,,,,,,,,,
A1636,Gregory McEwen,,,,1,,1,1,1964,Management,high,,,,,,,,,
A1637,Harry Rosenberg,,,,1,,1,1,2047,Communications,high,,,,,,,,,
A1638,J. Mostyn,,,,1,Mostyn Law,1,1,2387,LeadCounsel,high,,,,,,,,,
A1639,Jerald Cureton,,,,1,,1,1,1700,Management,high,,,,,,,,,
A1640,John Hamilton,,,,1,,1,1,1700,Communications,high,,,,,,,,,
A1641,Jordan Lewis,,,,1,,1,1,1700,Management,high,,,,,,,,,
A1642,Jaime Jackson,,,,1,,1,1,2816,Coordination,high,,,,,,,,,
A1643,James Goslee,,,,1,,1,1,2816,Coordination,high,,,,,,,,,
A1644,Regan Safier,,,,1,,1,1,2816,Coordination,high,,,,,,,,,
A1645,James Gotz,,,,1,Hausfeld LLP,1,1,2657,Communications,high,,,,,,,,,
A1646,Kimberly Dougherty,,,,1,"Janet, Jenner & Suggs, LLC",1,1,2657,Communications,high,,,,,,,,,
A1647,James Irwin,James B. Irwin,,,1,"Irwin, Fritchie, Urquhart & Moore, LLC; Irwin Fritchie Urquhart & Moore, LLC",2,4,"1943, 2592",Communications; LeadCounsel,high,,,,,,,,,
A1648,James Valentine,,,,1,Perkins Coie,1,1,2874,Communications,high,,,,,,,,,
A1649,James Ward,"James L. Ward, Jr.",,,1,"McGowan, Hood & Felder, LLC; McGowan, Hood, Felder & Phillips, LLC",2,2,"2816, 3107",Management,high,,,,,,,,,
A1650,Karen Lorenzen,,,,1,"Hayes Lorenzen Lawyers, PLC",1,1,2816,Management,high,,,,,,,,,
A1651,Roopal P. Luhana,Roopal Luhana,,,1,Chaffin Luhana LLP; CHAFFIN LUHANA LLP,5,7,"2100, 2816, 2924, 3004, 3084",Discovery; LeadCounsel; Management,high,,,,,,,,,
A1652,Steven Sanford,,,,1,Cadwell Sanford Deibert & Garry,1,1,2816,Management,high,,,,,,,,,
A1653,Janet Varnell,,,,1,"Varnell & Warwick, P.A.",1,1,2841,Management,high,,,,,,,,,
A1654,Jessica Sleater,,,,1,Andersen Sleater Sianni LLC,1,1,2841,Management,high,,,,,,,,,
A1655,Julie Kane,Julie Braman Kane,,,1,Colson Hicks Eidson,2,2,"2841, 2994",Communications; LeadCounsel,high,,,,,,,,,
A1656,William Pietragallo,,,,1,"Pietragallo Gordon Alfano Bosick & Raspanti, LLP",1,5,2862,Communications,high,,,,,,,,,
A1657,Jay Shapiro,,,,1,"Steams Weaver Miller Weissler Alhadeff & Sitterson, P.A.",1,3,2687,ClassCounsel; LeadCounsel,high,,,,,,,,,
A1658,William Mentlik,,,,1,"Lerner, David, Littenberg, Krumholz & Mentlik, LLP",1,1,2687,Communications,high,,,,,,,,,
A1659,Peter Gil-Montllor,,,,1,"Cuneo Gilbert & LaDuca, LLP",1,2,2724,ClassCounsel; LeadCounsel,high,,,,,,,,,
A1660,Jonathan Waller,,,,1,"Haskell, Slaughter, Young & Rediker, LLC",1,1,2153,LeadCounsel; Management,high,,,,,,,,,
A1661,Kirk Tresemer,Kirk D. Tresemer,,,1,"Irwin & Boesen, P.C.; IRWIN & BOESEN, P.C.",2,2,"1790, 2153",Communications; LeadCounsel; Management,high,,,,,,,,,
A1662,Matthew Geragos,,,,1,Geragos Law Group,1,1,2153,Management,high,,,,,,,,,
A1663,Peter McNulty,Peter J. McNulty,,,1,McNulty Law Firm; MCNULTY LAW FIRM,2,2,"1790, 2153",Communications; LeadCounsel; Management,high,,,,,,,,,
A1664,Scott Devereaux,,,,1,"Cooley, LLP",1,1,2153,LeadCounsel; Management,high,,,,,,,,,
A1665,Kaplana Srinivasan,,,,1,Susman Godfrey LLP,1,3,2773,ClassCounsel; LeadCounsel; Management,high,,,,,,,,,
A1666,Joseph Frank,,,,1,Massey & Gail LLP,1,1,2296,Management,high,,,,,,,,,
A1667,Reed Heiligman,,,,1,FrankGecker LLP,1,1,2296,Management,high,,,,,,,,,
A1668,Joseph Nielson,,,,1,,1,1,2724,Communications,high,,,,,,,,,
A1669,Kelly Iverson,Kelly K. Iverson,,,1,"Lynch Carpenter, LLP; Carlson Lynch; Carlson Lynch Sweet Kilpela & Carpenter, LLP; Carlson Lynch, LLP",5,9,"2850, 2969, 2972, 3014, 3055",Communications; Expert; LeadCounsel; Management; Settlement,high,,,,,,,,,
A1670,Kevin Sullivan,,,,1,,1,1,2627,LeadCounsel,high,,,,,,,,,
A1671,Shawn Reed,,,,1,,1,1,2627,LeadCounsel,high,,,,,,,,,
A1672,Kit A. Pierson,Kit Pierson,,,1,"Cohen Milstein Sellers & Toll PLLC; Cohen Milstein Sellers & Toll, PLLC",2,3,"2508, 2567",ClassCounsel; LeadCounsel; Settlement,high,,,,,,,,,
A1673,Rick Lombardo,,,,1,"Shaffer Lombardo Shurin, P.C.",1,1,2567,Communications,high,,,,,,,,,
A1674,Robert Carey,Robert B. Carey,,,1,Hagens Berman Sobol Shapiro; Hagens Berman Sobol Shapiro LLP,2,2,"1977, 2567",ClassCounsel; LeadCounsel,high,,,,,,,,,
A1675,Leslie MacLean,,,,1,Waters Kraus & Paul,1,1,2848,Management,high,,,,,,,,,
A1676,Melissa Bird,,,,1,"Nelson Mullins Riley & Scarborough, LLP",1,1,2187,Communications,high,,,,,,,,,
A1677,Mark Allison,,,,1,Caplin & Drysdale,1,1,2865,LeadCounsel,high,,,,,,,,,
A1678,Mark Tate,,,,1,,1,1,1964,Management,high,,,,,,,,,
A1679,Melanie Muhlstock,Melanie H. Muhlstock,,,1,"Parker Waichman; PARKER WAICHMAN LLP; Parker Waichman, LLP; Parker Waichman LLP",4,4,"2434, 2924, 2973, 3089",Management,high,,,,,,,,,
A1680,Michael Murphy,,,,1,,1,1,2406,Discovery,high,,,,,,,,,
A1681,Michael Tanenbaum,,,,1,Tanenbaum Keale LLP,1,1,2326,LeadCounsel,high,,,,,,,,,
A1682,Michael Zogby,Michael C. Zogby,,,1,"Drinker Biddle & Reath, LLP; Faegre Drinker",2,2,"2606, 2973",Communications,high,,,,,,,,,
A1683,Rachel Gelman,,,,1,"Lieff, Cabraser, Heimann & Bernstein, LLP",1,1,2875,ClassCounsel,high,,,,,,,,,
A1684,Perry Weitz,,,,1,"WEITZ & LUXENBERG; Weitz & Luxenberg, P.C.; Weitz & Luxemberg",3,4,"1657, 1938, 2243",Fees; Management,high,,,,,,,,,
A1685,Richard Feinstein,,,,1,,1,1,2406,Expert,high,,,,,,,,,
A1686,Robert Bonsignore,Robert J. Bonsignore,,,1,Bonsignore Trial Lawyers PLLC; BONSIGNORE & BREWER,2,4,"1735, 2753",ClassCounsel; LeadCounsel,high,,,,,,,,,
A1687,Robert Fitzsimmons,,,,1,Kirk & Caldwell,1,1,2047,LeadCounsel,high,,,,,,,,,
A1688,Robert Heim,,,,1,,1,1,2323,Communications,high,,,,,,,,,
A1689,Sarah E. Johnston,Sarah Johnston,,,1,"Barnes & Thornburg, LLP; BARNES & THORNBURG LLP",3,4,"2875, 2924, 3043",Communications; Management,high,,,,,,,,,
A1690,William Hoffman,,,,1,,1,1,2740,Settlement,high,,,,,,,,,
A1691,Tina Glandian,,,,1,Geragos & Geragos,1,1,2434,Management,high,,,,,,,,,
A1692,Stephen Ehrenberg,,,,1,Sullivan & Cromwell LLP,1,1,2548,Communications,high,,,,,,,,,
A1693,Stephen Neuwirth,Stephen R. Neuwirth,,,1,"Quinn Emanuel Urquhart & Sullivan, LLP; Quinn Emanuel Urquhart & Sullivan LLP; Quinn Emanuel",5,9,"1938, 2196, 2687, 2925, 2931",ClassCounsel; Communications; LeadCounsel; Management,high,,,,,,,,,
A1694,Terrance Collingsworth,,,,1,Conrad & Scherer,1,1,1916,LeadCounsel,high,,,,,,,,,
A1695,Timothy Litzenburg,,,,1,"Kincheloe, Litzenburg & Pendleton, PLLC",1,2,2848,Management,high,,,,,,,,,
A1696,Vicki Maniatis,,,,1,The Sanders Law Firm,1,1,2738,Communications,high,,,,,,,,,
A1697,Grant L. Davis,,,,1,"DAVIS, BETHUNE & JONES, LLC",1,2,1657,Management,high,,,,,,,,,
A1698,Barry M. Hill,Barry Hill,,,1,"Hill Toriseva & Williams, PLLC; Hill Williams",2,3,"1657, 1909",Coordination; Management,high,,,,,,,,,
A1699,Michael A. Stratton,,,,1,,1,2,1657,Communications,high,,,,,,,,,
A1700,Shawn G. Foster,,,,1,,1,2,1657,Management,high,,,,,,,,,
A1701,Ann B. Oldfather,,,,1,,1,2,1657,LeadCounsel; Management,high,,,,,,,,,
A1702,Richard Getty,,,,1,,1,2,1657,Fees,high,,,,,,,,,
A1703,James Lyle,,,,1,,1,2,1657,Fees,high,,,,,,,,,
A1704,"Pascal F. Calogero, Jr.",,,,1,,1,1,1657,Communications,high,,,,,,,,,
A1705,Robert E. Arceneaux,,,,1,,1,1,1657,LeadCounsel,high,,,,,,,,,
A1706,Margaret E. Woodward,,,,1,,1,1,1657,LeadCounsel,high,,,,,,,,,
A1707,Art Sadin,,,,1,"SADIN LAW FIRM, P.C.",1,2,1657,Bellwether; Trial,high,,,,,,,,,
A1708,William Riley,,,,1,"PRICE WAICUKAUSKI & RILEY, LLC",1,2,1657,Bellwether; Trial,high,,,,,,,,,
A1709,Christopher J. McDonald,,,,1,LABATON SUCHAROW LLP,1,2,1657,Bellwether; Trial,high,,,,,,,,,
A1710,Eric L. Young,,,,1,KENNEY EGAN MCCAFFERTY & YOUNG,1,2,1657,Bellwether; Trial,high,,,,,,,,,
A1711,Andrew Yung,,,,1,SCOTT YUNG LLP,1,2,1657,Bellwether; Trial,high,,,,,,,,,
A1712,"Garve W. Ivey, Jr.",,,,1,THE IVEY LAW FIRM,1,2,1657,Bellwether; Trial,high,,,,,,,,,
A1713,Kimberly R. West,,,,1,"WALLACE, JORDAN, RATLIFF & BRANDT, LLC",1,2,1657,Bellwether; Trial,high,,,,,,,,,
A1714,Pamela B. Slate,,,,1,"SLATE KENNEDY, LLC",1,2,1657,Bellwether; Trial,high,,,,,,,,,
A1715,Robert M. Johnston,Robert E. Johnston,,,1,"Johnston, Hoefer, Holwadel & Eldridge; Hollingsworth LLP",2,2,"1657, 3006",LeadCounsel; ProSe,high,,,,,,,,,
A1716,Douglas R. Marvin,,,,1,"Williams & Connolly, LLP",1,2,1657,LeadCounsel; Management,high,,,,,,,,,
A1717,Theodore V.H. Mayer,,,,1,Hughes Hubbard & Reed LLP,1,2,1657,Management,high,,,,,,,,,
A1718,John H. Beisner,John Beisner,,,1,"O’Melveny & Meyers LLP; O’Melveny & Myers, LLP; Skadden, Arps, Slate, Meagher & Flom, LLP & Associates",3,4,"1657, 1785, 2068",LeadCounsel; Management,high,,,,,,,,,
A1719,Richard C. Stanley,,,,1,"Stanley, Flanagan & Reuter, LLC",1,2,1657,Management,high,,,,,,,,,
A1720,Anthony M. DiLeo,,,,1,Stone Pigman Walther Wittmann LLC,1,2,1657,Management,high,,,,,,,,,
A1721,Daniel S. Sommers,,,,1,"Cohen, Milstein, Hausfeld & Toll, P.L.L.C.",1,1,1656,ClassCounsel; LeadCounsel,high,,,,,,,,,
A1722,Matthew B. Kaplan,,,,1,"Cohen, Milstein, Hausfeld & Toll, P.L.L.C.; Kaplan Law Firm",2,2,"1656, 3111",ClassCounsel; LeadCounsel; LocalCounsel,high,,,,,,,,,
A1723,Michael K. Yarnoff,,,,1,"Schiffrin Barroway Topaz & Kessler, LLP",1,1,1656,ClassCounsel; LeadCounsel,high,,,,,,,,,
A1724,Jennifer L. Enck,,,,1,"Schiffrin Barroway Topaz & Kessler, LLP",1,1,1656,ClassCounsel; LeadCounsel,high,,,,,,,,,
A1725,Randall M. Fox,,,,1,"OFFICE OF ANDREW M. CUOMO, NEW YORK STATE ATTORNEY GENERAL",1,2,1657,Management,high,,,,,,,,,
A1726,James E. Fosler,,,,1,"FOSLER LAW GROUP, INC.",1,2,1657,Management,high,,,,,,,,,
A1727,"Stuart A. Kritzer, Esquire",,,,1,"LAW OFFICES OF STUART A. KRITZER, P.C.",1,2,1657,Management,high,,,,,,,,,
A1728,Seth R. Lesser,Seth Lesser,,,1,"KLAFTER OLSEN & LESSER LLP; LOCKS LAW FIRM, PLLC; Locks Law Firm, PLLC",5,7,"1657, 1708, 1739, 1845, 2025",ClassCounsel; LeadCounsel; Management,high,,,,,,,,,
A1729,John Low-Beer,,,,1,NEW YORK CITY LAW DEPARTMENT,1,2,1657,Management,high,,,,,,,,,
A1730,H. Vincent McKnight,,,,1,"ASHCRAFT & GEREL, LLP",1,2,1657,Management,high,,,,,,,,,
A1731,Diane Paolicelli,,,,1,"LEVY PHILLIPS & KONINGSBERG, LLP",1,2,1657,Management,high,,,,,,,,,
A1732,Bill Rossbach,,,,1,"ROSSBACH HART, PC",1,2,1657,Management,high,,,,,,,,,
A1733,Mark C. Schultz,,,,1,"COHEN, PLACITELLA & ROTH",1,2,1657,Management,high,,,,,,,,,
A1734,Joseph W Steele V,,,,1,"STEELE & BIGGS, LLC",1,2,1657,Management,high,,,,,,,,,
A1735,Thomas R. Kline,,,,1,"Kline & Specter, P.C.",2,3,"1657, 2654",Management,high,,,,,,,,,
A1736,Carlene Rhodes Lewis,,,,1,,2,3,"1657, 1699",Management,high,,,,,,,,,
A1737,Drew Ranier,,,,1,,1,2,1657,Management,high,,,,,,,,,
A1738,R. Frederick Walters,,,,1,"Walters Bender Strohbehn & Vaughan, P.C.; Walters Bender Strohbehn & Vaughan; Walters Bender Strohbehn Vaughn, PC",2,3,"1674, 1785",ClassCounsel; LeadCounsel; Management,high,,,,,,,,,
A1739,David M. Skeens,,,,1,"Walters Bender Strohbehn & Vaughan, P.C.",1,1,1674,ClassCounsel,high,,,,,,,,,
A1740,J. Michael Vaughan,,,,1,"Walters Bender Strohbehn & Vaughan, P.C.",1,1,1674,ClassCounsel,high,,,,,,,,,
A1741,Garrett M. Hodes,,,,1,"Walters Bender Strohbehn & Vaughan, P.C.",1,1,1674,ClassCounsel,high,,,,,,,,,
A1742,R. Bruce Carlson,,,,1,"Carlson Lynch Sweet Kilpela & Carpenter, LLP; Carlson Lynch LTD.; Carlson Lynch Ltd.",1,3,1674,ClassCounsel; LeadCounsel,high,,,,,,,,,
A1743,Jamisen A. Etzel,Jamisen Etzel,,,1,"Carlson Lynch Sweet Kilpela & Carpenter, LLP; Carlson Lynch, LLP",2,2,"1674, 2968",ClassCounsel; LeadCounsel,high,,,,,,,,,
A1744,William H. Parish,,,,1,"Parish & Small, PC",1,2,1682,LeadCounsel,high,,,,,,,,,
A1745,"A. Hoyt Rowell, III",,,,1,"Richardson, Patrick, Westbrook & Brickman, LLC; Richardson, Patrick, Westbrook & Brickman, L.L.C.",2,2,"1674, 1865",ClassCounsel; LeadCounsel; Management,high,,,,,,,,,
A1746,Daniel Myers,,,,1,"Richardson, Patrick, Westbrook & Brickman, LLC",1,1,1674,ClassCounsel,high,,,,,,,,,
A1747,Salvatore J. Graziano,,,,1,Bernstein Litowitz Berger & Grossmann LLP,1,1,1658,ClassCounsel; LeadCounsel,high,,,,,,,,,
A1748,Robert A. Wallner,,,,1,Milberg LLP,1,1,1658,ClassCounsel; LeadCounsel,high,,,,,,,,,
A1749,David A.P. Brower,,,,1,"Brower Piven, A Professional Corporation",1,1,1658,ClassCounsel; LeadCounsel,high,,,,,,,,,
A1750,Mark Levine,,,,1,"Stull, Stull & Brody",1,1,1658,ClassCounsel; LeadCounsel,high,,,,,,,,,
A1751,Steven A. Kanner,Steven A Kanner,Steven Kanner,,1,"FREED KANNER LONDON & MILLEN LLC; Much Shelist Freed Denenberg Ament & Rubenstein, P.C.; Much Shelist Freed Denenberg Ament & Rubenstein, PC; Much Shelist Freed Denenberg Ament & Rubinstein, P.C.",4,10,"1682, 1768, 1942, 1957",ClassCounsel; LeadCounsel,high,,,,,,,,,
A1752,Jeffrey P. Fink,,,,1,"Robbins Umeda & Fink, LLP",1,1,1658,LeadCounsel,high,,,,,,,,,
A1753,Caroline Schnurer,,,,1,"Robbins Umeda & Fink, LLP",1,1,1658,LeadCounsel,high,,,,,,,,,
A1754,Steve Wedeking,,,,1,"Robbins Umeda & Fink, LLP",1,1,1658,LeadCounsel,high,,,,,,,,,
A1755,William S. Lerach,,,,1,Lerach Coughlin Stoia Geller Rudman & Robbins LLP,1,1,1658,LeadCounsel,high,,,,,,,,,
A1756,Travis E. Downs III,,,,1,Lerach Coughlin Stoia Geller Rudman & Robbins LLP,1,1,1658,LeadCounsel,high,,,,,,,,,
A1757,Amber L. Eck,,,,1,Lerach Coughlin Stoia Geller Rudman & Robbins LLP,1,1,1658,LeadCounsel,high,,,,,,,,,
A1758,Peter S. Pearlman,Peter Pearlman,,,1,Cohn Lifland Pearlman Herrmann & Knopf LLP; COHN LIFLAND PEARLMAN HERRMANN & KNOPF LLP,3,4,"1658, 1730, 2471",Communications,high,,,,,,,,,
A1759,Donald C. Brown,,,,1,"Weiner, Brodsky, Sidman & Kider",1,1,1677,Communications,high,,,,,,,,,
A1760,Thomas W. Withers,Thomas A. Withers,,,1,"Gillen, Withers & Lake, LLC",2,2,"1677, 2583",Communications; Management,high,,,,,,,,,
A1761,Peter W. Burg,Peter Burg,,,1,"Burg Simpson Eldredge Hersh Jardine, P.C.",2,3,"1699, 1909",Fees; Management,high,,,,,,,,,
A1762,Michael Galpern,Michael A. Galpern,,,1,"Javerbaum Wurgaft Hicks Kahn Wikstrom & Sinins PC; Locks Law Firm, LLC",4,6,"1699, 2025, 2974, 3081",ClassCounsel; Coordination; Management,high,,,,,,,,,
A1763,Tina Nieves,Tina B. Nieves,Tina Bailer Nieves,,1,Gancedo & Nieves; Gancedo & Nieves LLP,3,5,"1699, 1789, 1905",Management,high,,,,,,,,,
A1764,Amy W. Schulman,Amy Schulman,,,1,DLA Piper US LLP,3,3,"1699, 1850, 1909",Communications; LeadCounsel,high,,,,,,,,,
A1765,Robert M. Rothman,,,,1,Robbins Geller Rudman & Dowd LLP,1,1,1704,ClassCounsel,high,,,,,,,,,
A1766,James F. Jorden,,,,1,Jorden Burt LLP,1,1,1712,Communications,high,,,,,,,,,
A1767,Charles F. Smith,,,,1,"Skadden, Arps, Slate, Meagher & Flom, LLP",1,1,1712,Communications,high,,,,,,,,,
A1768,David E. Tungate,,,,1,"Eckert Seamans Cherin & Mellott, LLC",1,1,1712,Communications,high,,,,,,,,,
A1769,Joseph A. Martin,,,,1,"Archer & Greiner, PC",1,1,1712,Communications,high,,,,,,,,,
A1770,Catherine S. Straggas,,,,1,Margolis Edelstein,1,1,1712,Communications,high,,,,,,,,,
A1771,Scott I. Fegley,,,,1,"Scott I. Fegley, Esq. Law Offices",1,1,1712,Communications,high,,,,,,,,,
A1772,Jeffrey B. McCarron,,,,1,Swartz Campbell & Detweiler,1,1,1712,Communications,high,,,,,,,,,
A1773,Marc L. Bogutz,,,,1,"Christie Pabarue Mortensen & Young, PC",1,1,1712,Communications,high,,,,,,,,,
A1774,Timothy A. Pratt,,,,1,SHOOK HARDY & BACON LLP,1,2,1708,LeadCounsel,high,,,,,,,,,
A1775,Jerome M. Marcus,,,,1,,1,3,1712,ClassCounsel; LeadCounsel,high,,,,,,,,,
A1776,Jonathan Auerbach,,,,1,,1,3,1712,ClassCounsel; LeadCounsel,high,,,,,,,,,
A1777,John Hargrove,John R. Hargrove,,,1,,1,3,1712,ClassCounsel; LeadCounsel,high,,,,,,,,,
A1778,David S. Senoff,,,,1,,1,1,1712,Communications,high,,,,,,,,,
A1779,Robert Izard,,,,1,Schatz & Nobel P.C.,1,1,1658,LeadCounsel,high,,,,,,,,,
A1780,Marc I. Machiz,,,,1,"Cohen, Milstein, Hausfeld & Toll, P.L.L.C.",1,1,1658,LeadCounsel,high,,,,,,,,,
A1781,Joseph J. DePalma,Joseph DePalma,"Joseph J. DePalma, Esq.",,1,"Lite DePalma Greenberg & Rivas, LLC; Lite DePalma and Greenberg, LLC; LITE DEPALMA GREENBERG LLC; Lite DePalma Greenberg & Afanador",5,9,"1658, 1763, 2025, 2904, 3113",ClassCounsel; Communications; Discovery; LeadCounsel; Management,high,,,,,,,,,
A1782,Lance A. Harke,Mr. Lance A. Harke,Lance Harke,,1,"Harke & Clasby LLP; Harke & Clasby, LLP; Harke Clasby & Bushman LLP",5,6,"1708, 1745, 1998, 2046, 2173",ClassCounsel; LeadCounsel; Management,high,,,,,,,,,
A1783,Ms. Stacey L. Mills,,,,1,"Heins, Mills & Olson, PLC",1,1,1708,Management,high,,,,,,,,,
A1784,Ms. Silvija A. Strikis,,,,1,"Kellogg, Huber, Hansen, Todd, Evans & Figel, PLLC",1,1,1708,Management,high,,,,,,,,,
A1785,Abraham Rappaport,,,,1,,1,1,1725,Communications,high,,,,,,,,,
A1786,Jerome L. Skinner,,,,1,Nolan Law Group,1,1,1721,Communications,high,,,,,,,,,
A1787,"John C. Nettels, Jr.",,,,1,Stinson Morrison Hecker L.L.P.,1,1,1721,Communications,high,,,,,,,,,
A1788,Heather S. Woodson,,,,1,Stinson Morrison Hecker L.L.P.,1,1,1721,Communications,high,,,,,,,,,
A1789,Craig L. Meadows,,,,1,"Hawley, Troxell, Ennis, & Hawley L.L.P.",1,1,1721,Communications,high,,,,,,,,,
A1790,Jason D. Scott,,,,1,"Hawley, Troxell, Ennis, & Hawley L.L.P.",1,1,1721,Communications,high,,,,,,,,,
A1791,Joseph W. Phebus,,,,1,,1,1,1718,ClassCounsel; LeadCounsel; Management,high,,,,,,,,,
A1792,Michael Caddell,Michael A. Caddell,,,1,Caddell & Chapman,3,4,"1718, 2046, 2223",ClassCounsel; Communications; LeadCounsel; Management,high,,,,,,,,,
A1793,Andrew J. McGuinness,,,,1,Dykema Gossett PLLC,1,1,1718,Communications; LeadCounsel,high,,,,,,,,,
A1794,Thomas M. Hanson,,,,1,Dykema Gossett PLLC,1,1,1718,LeadCounsel,high,,,,,,,,,
A1795,Peter M. Kellett,,,,1,Dykema Gossett PLLC,1,1,1718,LeadCounsel,high,,,,,,,,,
A1796,Barry Goodman,,,,1,,1,1,1718,Communications,high,,,,,,,,,
A1797,D. Michael Campbell,,,,1,Campbell Law,2,2,"1718, 2359",Management; Motions,high,,,,,,,,,
A1798,Ed Zebersky,,,,1,,1,1,1718,Management,high,,,,,,,,,
A1799,Jeff Lowe,,,,1,,2,2,"1718, 2100",Management,high,,,,,,,,,
A1800,Gary Koederitz,,,,1,,1,1,1718,Management,high,,,,,,,,,
A1801,Emily Peacock,,,,1,,1,1,1718,Management,high,,,,,,,,,
A1802,"Charles R. Houssiere, III",Charles Houssiere,,,1,,2,3,"1718, 2974",Management,high,,,,,,,,,
A1803,Paul O. Paradis,,,,1,"ABBEY SPANIER RODD ABRAMS & PARADIS LLP; ABBEY SPANIER RODD ABRAMS & PARADIS, LLP",2,2,"1730, 1737",ClassCounsel; LeadCounsel; Management,high,,,,,,,,,
A1804,Carolyn Beasley Burton,,,,1,THE MILLS LAW FIRM,1,3,1735,ClassCounsel; LeadCounsel,high,,,,,,,,,
A1805,Dale Evans,,,,1,,1,1,1735,ClassCounsel,high,,,,,,,,,
A1806,Kent Hirsh,,,,1,,1,1,1735,ClassCounsel,high,,,,,,,,,
A1807,Dan Berger,,,,1,"BERGER & MONTAGUE, PC",1,2,1730,Management,high,,,,,,,,,
A1808,Stuart Des Roches,,,,1,"ODOM & DES ROCHES, L.L.P.",1,2,1730,Management,high,,,,,,,,,
A1809,Greg Odom,,,,1,"ODOM & DES ROCHES, L.L.P.",1,2,1730,Management,high,,,,,,,,,
A1810,David P. Smith,,,,1,"PERCY, SMITH & FOOTE",1,2,1730,Management,high,,,,,,,,,
A1811,Todd S. Collins,,,,1,"BERGER & MONTAGUE, P.C.",1,1,1735,ClassCounsel,high,,,,,,,,,
A1812,Ann Miller,,,,1,"ANN MILLER, LLC",1,1,1735,ClassCounsel,high,,,,,,,,,
A1813,Alan Kluger,,,,1,"Kluger, Peretz, Kaplan & Berlin, P.L.",1,1,1733,LeadCounsel,high,,,,,,,,,
A1814,Allan B. Cooper,,,,1,"Ervin Cohen & Jessup, LLP",1,1,1733,Management,high,,,,,,,,,
A1815,Timothy R. Beyer,,,,1,"Brownstein, Hyatt & Farber",1,1,1733,Management,high,,,,,,,,,
A1816,Ellen Pilelsky,,,,1,"Oppenheim, Pilelsky, PA",1,1,1733,Management,high,,,,,,,,,
A1817,Bryan R. Sup,,,,1,"Schwartz, Cooper, Greenberger & Krauss",1,1,1733,Management,high,,,,,,,,,
A1818,Kimberley K. Baer,,,,1,"Wandro, Baer & Appel, P.C.",1,1,1733,Communications; Management,high,,,,,,,,,
A1819,Matthew Tuccillo,,,,1,Shapiro Haber & Urmy LLP,1,1,1733,Management,high,,,,,,,,,
A1820,Peggy Pitt,,,,1,"Pitt, McGehee, Miller Palmer & Rivers, P.C.",1,1,1733,Management,high,,,,,,,,,
A1821,Gary A. Growe,,,,1,"Blumenfeld Kaplan & Sandweiss, P.C.",1,1,1733,Management,high,,,,,,,,,
A1822,Don P. Foster,,,,1,"Klehr, Harison, Harvey, Branzburg & Ellers, LLP",1,1,1733,Management,high,,,,,,,,,
A1823,Curtis Trinko,,,,1,"Law Offices of Curtis V. Trinko, LLP",1,1,1733,Management,high,,,,,,,,,
A1824,Gary M. Smith,Gary K. Smith,,,1,Graham & Graham Co. LPA; Law Offices of Gary K. Smith,2,2,"1733, 1785",Management,high,,,,,,,,,
A1825,"Jack J. Pringle, Jr.",,,,1,"Ellis, Lawhorne & Sims, P.A.",1,1,1733,Management,high,,,,,,,,,
A1826,Gary Polland,,,,1,Gary Polland & Associates,1,1,1733,Management,high,,,,,,,,,
A1827,James C. Peterson,,,,1,"Hill, Peterson, Carper, Bee & Deitzler, PLLC",1,1,1733,Management,high,,,,,,,,,
A1828,Larry A. Winter,,,,1,Winter Johnson & Hill PLLC,1,1,1733,Management,high,,,,,,,,,
A1829,Robert Fanter,,,,1,Whitfield & Eddy,1,1,1733,Communications,high,,,,,,,,,
A1830,John Sherk,,,,1,"Shook, Hardy & Bacon LLP",1,1,1733,Communications,high,,,,,,,,,
A1831,Eric Anielak,,,,1,"Shook, Hardy & Bacon LLP",1,1,1733,Management,high,,,,,,,,,
A1832,Andrew Carpenter,,,,1,"Shook, Hardy & Bacon LLP",1,1,1733,Management,high,,,,,,,,,
A1833,Sean Gallagher,,,,1,Bartlit Beck Herman Palenchar & Scott LLP,1,1,1733,Management,high,,,,,,,,,
A1834,Mark Levy,,,,1,Kilpatrick Stockton LLP,1,1,1733,Management,high,,,,,,,,,
A1835,Kaspar Stoffelmayr,,,,1,Bartlit Beck Herman Palenchar & Scott LLP,1,1,1733,Management,high,,,,,,,,,
A1836,Herbert J. Stern,,,,1,STERN & KILCULLEN,1,1,1730,Communications,high,,,,,,,,,
A1837,R. Laurence Macon,,,,1,AKIN GUMP STRAUSS HAUER & FELD LLP,1,1,1730,LeadCounsel; Management,high,,,,,,,,,
A1838,James V. Bashian,,,,1,"LAW OFFICES OF JAMES V. PASHIAN, P.C.",1,1,1730,Management,high,,,,,,,,,
A1839,Janet G. Abaray,Janet Abaray,,,1,"Burg Simpson Eldredge Hersh & Jardine; Lopez, Hodes, Restaino, Milman & Skikos",2,6,"1742, 1953",Communications; LeadCounsel; Management,high,,,,,,,,,
A1840,Monica Gant,,,,1,"Law Offices of Daniel E. Becnel, Jr.",1,1,1742,Management,high,,,,,,,,,
A1841,Ray Chester,,,,1,"McGinnis, Lochridge & Kilgore LLP",1,1,1742,Management,high,,,,,,,,,
A1842,Robert Blanchard,,,,1,"Levin, Papantonio, Thomas, Mitchell, Echsner & Procter, PA; Levin, Papantonio, Thomas, Mitchell, Echsner & Proctor, P.A.",2,2,"1742, 1968",Management,high,,,,,,,,,
A1843,Thomas Rogers,,,,1,"Richardson, Patrick, Westbrook & Brickman, LLC",1,1,1742,Management,high,,,,,,,,,
A1844,Lori Andrus,Lori E. Andrus,,,1,"Lieff, Cabraser, Heimann & Bernstein; Andrus Liberty & Anderson LLP",2,2,"1742, 1911",ClassCounsel; Management,high,,,,,,,,,
A1845,D. Mitchell Garrett,,,,1,"Garrett Law Office, P.C.",1,1,1742,Discovery,high,,,,,,,,,
A1846,Julie A. Callsen,Julie Callsen,,,1,Tucker Ellis & West LLP; Tucker Ellis & West,1,2,1742,Communications,high,,,,,,,,,
A1847,Harris Pogust,,,,1,"Pogust, Braslow & Millrood",1,1,1736,LeadCounsel,high,,,,,,,,,
A1848,Andy Vickery,,,,1,"Vickery, Perdue, Kidd & Vickery",1,1,1736,LeadCounsel; Trial,high,,,,,,,,,
A1849,Robert W. Thompson,,,,1,"Callahan, Thompson, Sherman & Caudill, LLP",1,1,1751,ClassCounsel; Management,high,,,,,,,,,
A1850,Francis M. Gregorek,,,,1,Wolf Haldenstein Adler Freeman & Herz LLP,1,1,1751,ClassCounsel; Management,high,,,,,,,,,
A1851,"Stephen J. Fearon, Jr.",,,,1,"Squitieri & Fearon, LLP",1,1,1751,ClassCounsel; Management,high,,,,,,,,,
A1852,Russel H. Beatie,,,,1,BEATIE AND OSBORN LLP; Beatie & Osborn LLP,2,2,"1760, 1789",LeadCounsel; Management,high,,,,,,,,,
A1853,Daniel A. Osborn,,,,1,BEATIE AND OSBORN LLP,1,1,1760,Management,high,,,,,,,,,
A1854,F. Dulin Kelly,,,,1,"KELLY, KELLY & ALLMAN",1,1,1760,LeadCounsel; Management,high,,,,,,,,,
A1855,Bart T. Valad,,,,1,"THE LAW FIRM OF BART T. VALAD, PLLC",1,1,1760,LeadCounsel; Management,high,,,,,,,,,
A1856,John Vecchione,,,,1,"THE LAW FIRM OF BART T. VALAD, PLLC",1,1,1760,Management,high,,,,,,,,,
A1857,C. Patrick Flynn,,,,1,"FLYNN AND RADFORD ATTORNEYS, P.C.",1,1,1760,Communications,high,,,,,,,,,
A1858,Joe Hollingsworth,Joe G. Hollingsworth,,,1,Spriggs & Hollingsworth; Hollingsworth LLP,2,2,"1760, 3006",LeadCounsel,high,,,,,,,,,
A1859,Katharine Latimer,,,,1,Spriggs & Hollingsworth,1,1,1760,LeadCounsel,high,,,,,,,,,
A1860,Marjorie Shickman,,,,1,Dechert LLP,1,1,1769,Communications,high,,,,,,,,,
A1861,Jennifer Fountain Connolly,,,,1,Wexler Toriseva Wallace LLP,1,1,1745,LeadCounsel; Management,high,,,,,,,,,
A1862,Lee Squitieri,,,,1,"Squitieri & Fearon, LLP",1,1,1745,LeadCounsel; Management,high,,,,,,,,,
A1863,James Malone,,,,1,Chimicles & Tikellis LLP,1,1,1745,Management,high,,,,,,,,,
A1864,Michael Lehmann,Michael P. Lehmann,,,1,"Furth Lehmann & Grant, LLP; Furth Lehmann LLP; Hausfeld LLP; HAUSFELD LLP",4,4,"1775, 1826, 2007, 2335",ClassCounsel; LeadCounsel; Management,high,,,,,,,,,
A1865,Christopher Lovell,,,,1,"Lovell Stewart Halebian, LLP; Lovell Stewart Halebian LLP; LOVELL STEWART HALEBIAN LLP; Lovell Stewart Halebian & Jacobson LLP",6,8,"1775, 1935, 1996, 1997, 2031, 2213",ClassCounsel; LeadCounsel; Management,high,,,,,,,,,
A1866,Barbara Hart,,,,1,Labaton Sucharow & Rudoff LLP,1,2,1775,ClassCounsel; LeadCounsel,high,,,,,,,,,
A1867,Henry Cirillo,Henry A. Cirillo,Mr. Henry A. Cirillo,,1,Furth Firm LLP,2,3,"1775, 1826",LeadCounsel,high,,,,,,,,,
A1868,Louis Battista,,,,1,"Krupnick, Campbell, Malone, et al; Krupnick, Campbell, Malone, et al.",1,2,1789,Management,high,,,,,,,,,
A1869,"Walter G. Campbell, Jr",,,,1,"Krupnick, Campbell, Malone, et al",1,1,1789,Management,high,,,,,,,,,
A1870,Kenneth I. Trujillo,,,,1,"Trujillo Rodriguez & Richards, LLC",1,1,1782,Communications,high,,,,,,,,,
A1871,"Gedney M. Howe, III",,,,1,,1,2,1785,Communications,high,,,,,,,,,
A1872,Jerry Taylor,,,,1,"Beasley, Allen, Crow, Methvin, Portis & Miles, P.C.",1,1,1789,Management,high,,,,,,,,,
A1873,David Sanford,,,,1,"SANFORD WITTELS & HEISLER, LLP",1,1,1794,ClassCounsel,high,,,,,,,,,
A1874,Jeremy Heisler,,,,1,"SANFORD WITTELS & HEISLER, LLP",1,1,1794,ClassCounsel,high,,,,,,,,,
A1875,Katherine M. Kimpel,,,,1,"SANFORD WITTELS & HEISLER, LLP",1,1,1794,ClassCounsel,high,,,,,,,,,
A1876,Grant Morris,,,,1,"SANFORD WITTELS & HEISLER, LLP",1,1,1794,ClassCounsel,high,,,,,,,,,
A1877,Merrill G. Davidoff,,,,1,"BERGER & MONTAGUE, P.C.",1,1,1790,ClassCounsel; LeadCounsel,high,,,,,,,,,
A1878,Edward W. Millstein,,,,1,"BERGER & MONTAGUE, P.C.",1,1,1790,ClassCounsel; LeadCounsel,high,,,,,,,,,
A1879,Randal R. Kelly,,,,1,"IRWIN & BOESEN, P.C.",1,1,1790,Management,high,,,,,,,,,
A1880,Michael T. Cole,,,,1,Nelson Mullins Riley & Scarborough LLP; Nelson Mullins Riley & Scarborough,3,3,"1785, 2502, 2514",Communications; LeadCounsel,high,,,,,,,,,
A1881,Tim Balducci,,,,1,Langston Law Firm,1,1,1785,Management,high,,,,,,,,,
A1882,Howard Bushman,,,,1,Harke & Clasby,1,1,1785,Management,high,,,,,,,,,
A1883,John E. Mudd,,,,1,Law Offices of John E. Mudd,1,1,1785,Management,high,,,,,,,,,
A1884,Jennifer Sherrill,,,,1,Federman & Sherwood,1,1,1785,Management,high,,,,,,,,,
A1885,John Felder,,,,1,"McGowan, Hood, Felder & Johnson",1,1,1785,Management,high,,,,,,,,,
A1886,Chad McGowen,,,,1,"McGowan, Hood, Felder & Johnson",1,1,1785,Management,high,,,,,,,,,
A1887,Melissa Harnett,Melissa M. Harnett,,,1,"Wasserman, Comden & Casselman LLP; Wasserman, Comden & Casselman, L.L.P.",2,2,"1785, 1822",ClassCounsel; Management,high,,,,,,,,,
A1888,Patrick N. Keegan,,,,1,"Keegan, Macaluso & Baker",1,1,1785,Management,high,,,,,,,,,
A1889,Jeffrey Keller,,,,1,Keller Grover LLP,1,1,1785,Management,high,,,,,,,,,
A1890,Robert Rikard,,,,1,Whetstone Myers Perkins & Young,1,1,1785,Management,high,,,,,,,,,
A1891,Karen Renwick,,,,1,"Walters Bender Strohbehn Vaughn, PC",1,1,1785,Management,high,,,,,,,,,
A1892,Marie Woodbury,,,,1,"SHB Bausch & Lomb, Inc.",1,1,1785,LeadCounsel,high,,,,,,,,,
A1893,Bruce Afran,,,,1,the Mayer Law Group; Mayer Law Group,1,2,1791,ClassCounsel,high,,,,,,,,,
A1894,John Murdock,,,,1,"Murdock, Goldenberg, Schneider & Groh, LPA",1,2,1796,ClassCounsel,high,,,,,,,,,
A1895,Douglas Rosinski,,,,1,"Ogletree, Deakins, Nash, Smoak & Stewart, P.C",1,2,1796,ClassCounsel,high,,,,,,,,,
A1896,Donald Cockrill,,,,1,"Ogletree, Deakins, Nash, Smoak & Stewart, P.C",1,2,1796,ClassCounsel,high,,,,,,,,,
A1897,Marc Mezibov,,,,1,,1,2,1796,ClassCounsel,high,,,,,,,,,
A1898,Mark Smilow,,,,1,Weiss & Lurie,1,2,1796,ClassCounsel,high,,,,,,,,,
A1899,Matthew Moore,,,,1,Howrey firm,1,1,1816,Communications,high,,,,,,,,,
A1900,Jeffery G. Smith,,,,1,Wolf Haldenstein Adler Freeman & Herz LLP,1,1,1807,LeadCounsel; Management,high,,,,,,,,,
A1901,Edward J. Wynne,,,,1,the Wynne Law Firm; Wynne Law Firm,1,2,1807,Management,high,,,,,,,,,
A1902,John R. Wylie,,,,1,"Futterman Howard Watkins Wylie & Ashley, Chtd.",2,3,"1807, 2046",Management,high,,,,,,,,,
A1903,Gerald D. Wells III,Gerald D. Wells II,,,1,"Schiffrin, Barroway, Topaz & Kessler LLP",1,2,1807,Management,high,,,,,,,,,
A1904,James F. Clapp,,,,1,"Dostart Clapp Gordon & Coveney, LLP",1,2,1807,Management,high,,,,,,,,,
A1905,John Halebian,,,,1,Lovell Steward Halebian LLP; Lovell Stewart Halebian LLP,1,2,1807,Management,high,,,,,,,,,
A1906,John Kelson,,,,1,the John M. Kelson Law Office; John M. Kelson Law Office,1,2,1807,Management,high,,,,,,,,,
A1907,Stephen M. Harris,,,,1,Knapp Petersen & Clarke,1,1,1807,Management,high,,,,,,,,,
A1908,Jeffrey G. Smith,,,,1,Wolf Haldenstein Adler Freeman & Herz LLP,1,1,1807,LeadCounsel; Management,high,,,,,,,,,
A1909,Terry Lueckenhoff,,,,1,Blackwell Sanders Peper Martin LLP,1,1,1811,Communications; LeadCounsel,high,,,,,,,,,
A1910,Ralph E. Chapman,,,,1,Chapman Lewis & Swan,1,1,1811,Management,high,,,,,,,,,
A1911,Joel M. Kuehnert,,,,1,,1,1,1,Communications,high,,,,,,,,,
A1912,Jim Banks,,,,1,,1,1,1,Communications,high,,,,,,,,,
A1913,Bruce Brown,,,,1,,1,1,1,Communications,high,,,,,,,,,
A1914,Edward Allen,,,,1,,1,1,1,Communications,high,,,,,,,,,
A1915,Clint Vince,,,,1,,1,1,1,Communications,high,,,,,,,,,
A1916,William Droze,,,,1,,1,1,1,Communications,high,,,,,,,,,
A1917,Patricia T. Barmeyer,,,,1,,1,1,1,Communications,high,,,,,,,,,
A1918,Clyde Morris,,,,1,,1,1,1,Communications,high,,,,,,,,,
A1919,Ruth Ann Storey,,,,1,,1,1,1,Communications,high,,,,,,,,,
A1920,Jerome A. Murphy,,,,1,Crowell & Moring LLP,1,1,1827,Communications,high,,,,,,,,,
A1921,Mark J.Tamblyn,Mark J. Tamblyn,,,1,Wexler Toriseva Wallace LLP; Wexler Wallace LLP,1,2,1820,ClassCounsel; LeadCounsel,high,,,,,,,,,
A1922,David J. George,,,,1,Coughlin Stoia Geller Rudman & Robbins LLP,1,2,1820,ClassCounsel; LeadCounsel,high,,,,,,,,,
A1923,Mr. Lehmann,,,,1,Cohen Milstein Hausfeld and Toll P.L.L.C.,1,2,1826,LeadCounsel,high,,,,,,,,,
A1924,"John J. Stoia, Jr.",,,,1,Robbins Geller Rudman & Dowd LLP; Lerach Coughlin Stoia Geller Rudman & Robbins LLP; Coughlin Stoia Geller Rudman & Robbins LLP,3,4,"1825, 1940, 2238",ClassCounsel; LeadCounsel; Management,high,,,,,,,,,
A1925,Clifford H. Pearson,,,,1,"Pearson, Simon, Soter, Warshaw & Penny, LLP",1,1,1822,ClassCounsel,high,,,,,,,,,
A1926,Stephen M. Garcia,,,,1,The Garcia Law Firm,1,1,1822,ClassCounsel; Communications,high,,,,,,,,,
A1927,"Jack T. Patterson, II",,,,1,Patton Roberts McWilliams & Capshaw,1,1,1822,ClassCounsel,high,,,,,,,,,
A1928,Terrence J. Dee,,,,1,"Kirkland & Ellis, LLP",1,1,1822,Communications,high,,,,,,,,,
A1929,Steven F. Cherry,,,,1,Wilmer Cutler Pickering Hale and Dorr LLP,1,1,1827,Communications,high,,,,,,,,,
A1930,Richard Heimann,,,,1,"Lieff, Cabraser, Heimann & Bernstein, LLP; Lieff, Cabraser, Heimann & Bernstein",1,4,1827,ClassCounsel; LeadCounsel,high,,,,,,,,,
A1931,Mr. Scarpulla,,,,1,,1,1,1819,LeadCounsel,high,,,,,,,,,
A1932,Pritzker,,,,1,Girard & Gibbs,1,1,1827,Communications,high,,,,,,,,,
A1933,Lee,,,,1,Minami,1,1,1827,Communications,high,,,,,,,,,
A1934,Boro,,,,1,Pillsbury,1,1,1827,Communications,high,,,,,,,,,
A1935,Jon Cuneo,,,,1,"Cuneo, Gilbert & Laduca, LLP",1,1,1817,ClassCounsel; LeadCounsel,high,,,,,,,,,
A1936,Steven A. Schwartz,,,,1,"Chimicles & Tikellis, LLP; Chimicles & Tikellis LLP; Chimicles Schwartz Kriner & Donaldson-Smith LLP; Chimicles & Tikellis",3,4,"1817, 2001, 3014",ClassCounsel; LeadCounsel; Management; Settlement,high,,,,,,,,,
A1937,Clayton Halunen,Clayton D. Halunen,,,1,Halunen & Associates,3,3,"2000, 1817, 2359",ClassCounsel; Management; Motions,high,,,,,,,,,
A1938,Michael Plachy,,,,1,Rotherberger Johnson & Lyons,1,1,1817,Management,high,,,,,,,,,
A1939,J. Barton Goplerud,,,,1,"Hudson Mallaney & Shindler, P.C.",1,1,1817,Management,high,,,,,,,,,
A1940,Robert P. Munian,,,,1,Kramer Rayson,1,1,1817,Management,high,,,,,,,,,
A1941,Robert A. Horn,,,,1,"Horn Alward & Bandy, LLC",1,4,1840,ClassCounsel; LeadCounsel,high,,,,,,,,,
A1942,George A. Barton,,,,1,"Law Offices of George A. Barton, P.C.",1,1,1840,ClassCounsel,high,,,,,,,,,
A1943,Lester L. Levy,,,,1,Wolf Popper LLP,2,2,"1838, 1968",ClassCounsel; Management,high,,,,,,,,,
A1944,Sherrie R. Savett,Sherrie Savett,,,1,"Berger & Montague, P.C.; Berger & Montague P.C.; Berger & Montague",5,7,"1838, 1850, 1998, 2046, 2474",ClassCounsel; LeadCounsel; Management,high,,,,,,,,,
A1945,Howard B. Miller,,,,1,,1,1,1840,LeadCounsel,high,,,,,,,,,
A1946,Martin M. Loring,,,,1,"Blackwell Sanders, LLP",1,2,1840,Communications,high,,,,,,,,,
A1947,Joseph M. Alioto,Joseph M Alioto,,,1,Alioto Law Firm,3,5,"1827, 1957, 2143",ClassCounsel; LeadCounsel; Trial,high,,,,,,,,,
A1948,Elizabeth Prizker,,,,1,,1,1,1827,Communications,high,,,,,,,,,
A1949,Jack Lee,,,,1,,1,1,1827,Communications,high,,,,,,,,,
A1950,Albert Boro,,,,1,,1,1,1827,Communications,high,,,,,,,,,
A1951,Stephanie Hatzakos,,,,1,Milberg Weiss,1,1,1842,Management,high,,,,,,,,,
A1952,Alex Alvarez,,,,1,The Alvarez Law Firm,2,2,"1842, 2051",Management,high,,,,,,,,,
A1953,Amy M. Carter,,,,1,"Williams Kherkher Hart Boundas, LLP",1,1,1842,Management,high,,,,,,,,,
A1954,"Robert H. Smalley, III",Robert Smalley,,,1,,1,4,1845,ClassCounsel; Communications,high,,,,,,,,,
A1955,Mark C. Tanenbaum,,,,1,"Mark C. Tanenbaum, P.A.",2,3,"1865, 2502",Communications; LeadCounsel; Management,high,,,,,,,,,
A1956,Howard Louis Siegel,,,,1,Law Offices of Howard Siegel,1,1,1865,LeadCounsel; Management,high,,,,,,,,,
A1957,Mia Lauren Maness,,,,1,"Mark C. Tanenbaum, P.A.",1,1,1865,Management,high,,,,,,,,,
A1958,Robert S. Wood,,,,1,"Richardson, Patrick, Westbrook & Brickman, L.L.C.",1,1,1865,Management,high,,,,,,,,,
A1959,D. Jeffrey Ireland,,,,1,,1,1,1850,Communications,high,,,,,,,,,
A1960,Mark Goodman,,,,1,,1,1,1850,Communications,high,,,,,,,,,
A1961,Joseph M. Sellers,,,,1,"COHEN, MILSTEIN, HAUSFELD & TOLL, P.L.L.C.",1,1,1854,LeadCounsel; Management,high,,,,,,,,,
A1962,Christine E. Webber,,,,1,"COHEN, MILSTEIN, HAUSFELD & TOLL, P.L.L.C.",1,1,1854,LeadCounsel; Management,high,,,,,,,,,
A1963,Preyesh Maniklal,,,,1,Maniklal & Dennis LLP,1,1,1854,Communications; Management,high,,,,,,,,,
A1964,Candis A. McGowan,,,,1,"Wiggins, Childs, Quinn & Pantazis LLC",1,1,1854,Management,high,,,,,,,,,
A1965,"Robert L. Wiggins, Jr.",,,,1,"Wiggins, Childs, Quinn & Pantazis LLC",1,1,1854,Management,high,,,,,,,,,
A1966,Robert E. DeRose,"Robert E. DeRose, II",,,1,"Barkan Neff Handelman Meizlish, LLP; Barakan Neff Handelman Meizlish LLP",2,2,"1854, 2025",ClassCounsel; Management,high,,,,,,,,,
A1967,Robert Camp,,,,1,The Cochran Firm,1,1,1854,Management,high,,,,,,,,,
A1968,Richard Celler,,,,1,Morgan & Morgan,1,1,1854,Management,high,,,,,,,,,
A1969,Jairus M. Gilden,,,,1,"Metcalf, Kaspari, Howard, Engdahl & Lazarus, P.A.",1,1,1854,Management,high,,,,,,,,,
A1970,Roger K. Doolittle,,,,1,,1,1,1854,Management,high,,,,,,,,,
A1971,Debra Gardner,,,,1,Public Justice Center,1,1,1854,Management,high,,,,,,,,,
A1972,David H. Fink,,,,1,"The Miller Law Firm; The Miller Law Firm, P.C.; Fink + Associates Law; The Miller Law Firm P.C.",2,4,"1867, 2042",ClassCounsel; Communications; LeadCounsel; Management,high,,,,,,,,,
A1973,James Neale,,,,1,McGuireWoods LLP,1,2,1845,Communications,high,,,,,,,,,
A1974,Angela M. Spivey,,,,1,McGuireWoods LLP,1,2,1845,Communications,high,,,,,,,,,
A1975,Bethany G. Lukitsch,,,,1,McGuireWoods LLP,1,2,1845,Communications,high,,,,,,,,,
A1976,Craig Harley,,,,1,,1,1,1845,ClassCounsel; Management,high,,,,,,,,,
A1977,S. Randall Hood,,,,1,,1,1,1845,ClassCounsel; Management,high,,,,,,,,,
A1978,Clay Jerkins,,,,1,,1,1,1845,ClassCounsel; Management,high,,,,,,,,,
A1979,David Karnas,,,,1,,1,1,1845,ClassCounsel; Management,high,,,,,,,,,
A1980,A. James Andrews,,,,1,,1,1,1845,ClassCounsel; Management,high,,,,,,,,,
A1981,Bryan N. Cigelske,,,,1,,1,1,1845,ClassCounsel; Management,high,,,,,,,,,
A1982,Paul Crouch,,,,1,,1,1,1845,ClassCounsel; Management,high,,,,,,,,,
A1983,Jeff Daniel,,,,1,,1,1,1845,ClassCounsel; Management,high,,,,,,,,,
A1984,Rick DiGiorgio,,,,1,,1,1,1845,ClassCounsel; Management,high,,,,,,,,,
A1985,Cory Holzer,,,,1,,1,1,1845,ClassCounsel; Management,high,,,,,,,,,
A1986,Jeffrey A. Klafter,,,,1,Klafter Lesser LLP,2,3,"1845, 2989",ClassCounsel; Management,high,,,,,,,,,
A1987,Peter Protopapas,,,,1,,1,1,1845,ClassCounsel; Management,high,,,,,,,,,
A1988,Justin I. Woods,Justin Woods,,,1,"Gainsburgh, Benjamin, David, Meunier & Warshauer, L.L.C.",1,2,1873,Communications; Discovery,high,,,,,,,,,
A1989,Anthony Buzbee,,,,1,,1,1,1873,Management,high,,,,,,,,,
A1990,Raul Bencomo,,,,1,,1,1,1873,Management,high,,,,,,,,,
A1991,"Frank D'Amico, Jr.",,,,1,,1,1,1873,Management,high,,,,,,,,,
A1992,Linda Nelson,,,,1,,1,1,1873,Management,high,,,,,,,,,
A1993,Robert Becnel,,,,1,,1,1,1873,Management,high,,,,,,,,,
A1994,Andrew Weinstock,Andrew D. Weinstock,,,1,"Duplass, Zwain, Bourgeois, Morton, Pfister & Weinstock, APLC",1,3,1873,Communications; Discovery,high,,,,,,,,,
A1995,James C. Percy,,,,1,,1,1,1873,Communications; Settlement,high,,,,,,,,,
A1996,Ryan E. Johnson,,,,1,,1,1,1873,Communications; Settlement,high,,,,,,,,,
A1997,Robert G. Abrams,,,,1,Howrey LLP; Howery LLP,2,2,"1895, 1899",Communications; LeadCounsel,high,,,,,,,,,
A1998,David Kurtz,,,,1,,1,1,1873,Discovery,high,,,,,,,,,
A1999,Livia M. Kiser,,,,1,Latham & Watkins LLP,1,2,1907,Communications; LeadCounsel,high,,,,,,,,,
A2000,Jim Doyle,,,,1,"Williams, Kherkher, Hart & Boundas LLP",1,2,1905,Management,high,,,,,,,,,
A2001,R. Jackson Drake,,,,1,Whatley Drake & Kallas; Whatley Drake & Kallas LLC,1,2,1905,Management,high,,,,,,,,,
A2002,"Camilo K. Salas, III","Camilo K. Salas, III.",,,1,"Salas & Co., L.C.; Salas & Co.",4,8,"1905, 1953, 1960, 2328",ClassCounsel; Communications; LeadCounsel; Management,high,,,,,,,,,
A2003,Marcus L. Stevenson,,,,1,"Sanford, Stevenson Riff LLP; Sanford Stevenson Riff LLP",1,2,1905,Management,high,,,,,,,,,
A2004,Leila H. Watson,,,,1,"Corey, Watson, Crowder & DeGaris, P.C.",1,2,1905,Management,high,,,,,,,,,
A2005,George W. Soule,,,,1,Bowman & Brooke LLP,1,2,1905,Communications,high,,,,,,,,,
A2006,Jennifer K. Huelskoetter,,,,1,Bowman & Brooke LLP,1,2,1905,Communications,high,,,,,,,,,
A2007,Melissa R. Stull,,,,1,Bowman & Brooke LLP,1,2,1905,Communications,high,,,,,,,,,
A2008,James E. Miller,,,,1,"Shepherd, Finkelman, Miller & Shah, LLP; SHEPHERD FINKELMAN MILLER & SHAH, LLP; Shepherd Finkelman Miller & Shah - Chester",3,4,"1911, 1995, 2001",ClassCounsel; LeadCounsel; Management,high,,,,,,,,,
A2009,"Peter W. Herzog, III",Peter W. Herzog III,,,1,Bryan Cave LLP,2,2,"1911, 1914",ClassCounsel; LeadCounsel,high,,,,,,,,,
A2010,Michael J. Philippi,,,,1,Ungaretti & Harris LLP,1,1,1911,ClassCounsel,high,,,,,,,,,
A2011,Mark S. Mester,,,,1,Latham & Watkins LLP,1,1,1907,LeadCounsel,high,,,,,,,,,
A2012,Chip Robertson,,,,1,"Bartimus, Frickleton, Robertson & Gorny, P.C.",1,1,1907,Communications,high,,,,,,,,,
A2013,Robert M. Bramson,,,,1,"Bramson, Plutzik, Mahler & Birkhaeuser, LLP",1,1,1907,Management,high,,,,,,,,,
A2014,Tucker Ronzetti,,,,1,Kozyak Tropin & Throckmorton,1,1,1907,Management,high,,,,,,,,,
A2015,Andrew L. Goldman,,,,1,Bartlit Beck Herman Palenchar & Scott LLP,1,1,1909,LeadCounsel,high,,,,,,,,,
A2016,Thomas N. Sterchi,,,,1,"Baker, Sterchi, Cowden & Rice L.L.C.",1,1,1909,LeadCounsel,high,,,,,,,,,
A2017,Marsha M. Piccone,,,,1,"Wheeler, Trigg & Kennedy",1,1,1909,LeadCounsel,high,,,,,,,,,
A2018,Peter J. Brodhead,,,,1,"Spangenberg, Shibley & Liber; Spangenberg, Shibley & Liber, LLP",1,2,1909,Communications; Management,high,,,,,,,,,
A2019,Charna Sherman,,,,1,"Squire, Sanders & Dempsey LLP",1,1,1909,Communications,high,,,,,,,,,
A2020,Brian Turner,"Brian D. Turner, Jr.",,,1,"Cory, Watson, Crowder & DeGaris, PC; Cory, Watson, Crowder & Degaris, P.C.",1,3,1928,Management,high,,,,,,,,,
A2021,Russ Briggs,,,,1,"Fibich, Hampton, Leebron & Garth",1,1,1909,Management,high,,,,,,,,,
A2022,Thomas C. Jessee,,,,1,Jessee & Jessee,1,1,1899,Communications,high,,,,,,,,,
A2023,Paul H. Friedman,,,,1,Dechert LLP,1,1,1899,Communications; LeadCounsel,high,,,,,,,,,
A2024,Carolyn H. Feeney,,,,1,Dechert LLP,1,1,1899,Communications,high,,,,,,,,,
A2025,"Richard L. Wyatt, Jr.",,,,1,"Akin Gump Strauss Hauer & Feld, LLP",1,1,1899,LeadCounsel,high,,,,,,,,,
A2026,Thomas R. Curtin,,,,1,"Graham Curtin, P.A.; MCELROY, DEUTSCH, MULVANEY & CARPENTER, LLP",2,2,"1914, 3113",Communications,high,,,,,,,,,
A2027,Stephen Woodfin,,,,1,Law Office of Stephen Woodfin,1,1,1921,ClassCounsel; LeadCounsel,high,,,,,,,,,
A2028,E. Armistead (Armi) Easterby,,,,1,"Williams Kherkher Hart Boundas, LLC",1,1,1928,ClassCounsel; Management,high,,,,,,,,,
A2029,William Asher,,,,1,Mayer Brown LLP,1,1,1905,LeadCounsel,high,,,,,,,,,
A2030,Walter W. Cohen,,,,1,"OBERMAYER, REBMANN, MAXWELL, & HIPPEL, LLP",1,1,1935,LocalCounsel,high,,,,,,,,,
A2031,Roman M. Silberfeld,,,,1,"ROBINS, KAPLAN, MILLER & CIRESI L.L.P.",1,1,1935,LeadCounsel,high,,,,,,,,,
A2032,Joseph U. Metz,,,,1,DILWORTH PAXSON LLP,1,1,1935,LeadCounsel; LocalCounsel,high,,,,,,,,,
A2033,Steven F. Benz,,,,1,"KELLOGG, HUBER, HANSEN, TODD, EVANS & FIGEL, P.L.L.C.",1,1,1935,LeadCounsel,high,,,,,,,,,
A2034,"James J. McCarthy, Jr.",,,,1,"McCARTHY WEISBERG CUMMINGS, P.C.",1,1,1935,LocalCounsel,high,,,,,,,,,
A2035,Joey Danis,,,,1,"Carey and Danis, LLC",1,1,1928,Management,high,,,,,,,,,
A2036,Steven E. Derringer,,,,1,Bartlit Beck Herman Palenchar & Scott LLP,1,1,1928,LeadCounsel,high,,,,,,,,,
A2037,Eugene A. Schoon,,,,1,Sidley Austin LLP,1,1,1928,LeadCounsel,high,,,,,,,,,
A2038,Richard K. Dandrea,,,,1,"Eckert Seamans Cherin & Mellott, LLC",1,1,1928,LeadCounsel,high,,,,,,,,,
A2039,Susan Artinian,,,,1,Dykema Gossett PLLC,1,1,1928,LeadCounsel,high,,,,,,,,,
A2040,Patricia E. Lowry,,,,1,"Squire, Sanders & Dempsey L.L.P.",1,1,1928,Communications,high,,,,,,,,,
A2041,John J. Carey,John Carey,,,1,"Carey & Danis, L.L.C.; Carey & Danis, LLC",2,5,"1928, 1943",Management,high,,,,,,,,,
A2042,Frederic S. Fox,,,,1,Kaplan Fox & Kilsheimer LLP,1,1,1940,ClassCounsel; LeadCounsel,high,,,,,,,,,
A2043,Richard Levitt,,,,1,,1,1,1952,LeadCounsel,high,,,,,,,,,
A2044,Matthew S. Wild,"Matthew Wild, Esq.",Matthew Wild,,1,Wild Law Group PLLC,2,3,"1952, 2031",ClassCounsel; LeadCounsel,high,,,,,,,,,
A2045,Max Wild,,,,1,Wild Law Group PLLC,1,1,1952,LeadCounsel,high,,,,,,,,,
A2046,John M. Perrin,,,,1,Wild Law Group PLLC,1,1,1952,Communications,high,,,,,,,,,
A2047,John Evans,John C. Evans,,,1,"Specter Specter Evans & Manogue, P.C.; SPECTER SPECTER EVANS & MANOGUE, P.C.; Specter Specter Evans & Manogue, PC",2,5,"1942, 1953",ClassCounsel; Communications; Management,high,,,,,,,,,
A2048,Lewis J. Saul,Lewis Saul,,,1,Lewis Saul & Associates; Lewis Saul & Associates P.C.,2,5,"1943, 1954",Communications; LeadCounsel; Management,high,,,,,,,,,
A2049,John P. Walsh,John Walsh,,,1,"Hill & Robbins, P.C.",2,5,"1943, 2051",Management,high,,,,,,,,,
A2050,Troy Giatras,,,,1,The Giatras Law Firm,1,4,1943,Management,high,,,,,,,,,
A2051,John Dames,,,,1,"Drinker, Biddle and Reath; Drinker, Biddle, and Reath; Drinker, Biddle & Reath",1,4,1943,LeadCounsel,high,,,,,,,,,
A2052,Jay Eisenhofer,,,,1,Grant & Eisenhofer,1,1,1938,Management,high,,,,,,,,,
A2053,Barry Eichen,Barry R. Eichen,,,1,"Eichen, Levinson; Eichen Crutchlow Zaslow LLP",2,3,"1938, 2314",Management,high,,,,,,,,,
A2054,William Robinson,,,,1,Leclair Ryan; LeClair Ryan,1,2,1943,LeadCounsel,high,,,,,,,,,
A2055,Stephen Morrissey,,,,1,Susman Godfrey LLP,1,1,1957,LeadCounsel,high,,,,,,,,,
A2056,Vineet Bhatia,,,,1,Susman Godfrey LLP,1,1,1957,LeadCounsel,high,,,,,,,,,
A2057,Stuart Kusin,,,,1,Susman Godfrey LLP,1,1,1957,LeadCounsel,high,,,,,,,,,
A2058,Gerald J. Williams,,,,1,WILLIAMS CUKER BEREZOFSKY,1,1,1955,ClassCounsel,high,,,,,,,,,
A2059,Kevin M. Costello,,,,1,"LAW OFFICES OF KEVIN M. COSTELLO, P.C.",1,1,1955,ClassCounsel,high,,,,,,,,,
A2060,Deborah L. Mains,,,,1,"LAW OFFICES OF KEVIN M. COSTELLO, P.C.",1,1,1955,ClassCounsel,high,,,,,,,,,
A2061,Jay L. Himes,Jay Himes,,,1,"Labaton Sucharow LLP; Labaton Sucharow, LLP; LABATON SUCHAROW LLP",3,4,"1942, 2007, 2328",ClassCounsel; Communications; LeadCounsel; Management,high,,,,,,,,,
A2062,"Leslie M. Smith, P.C.",,,,1,"Kirkland & Ellis, LLP",1,1,1953,LeadCounsel,high,,,,,,,,,
A2063,Adam Le Berthon,,,,1,Arnold & Porter LLP,1,1,1953,Communications; LeadCounsel,high,,,,,,,,,
A2064,David Zoll,David W. Zoll,,,1,"Zoll, Kranz & Borgess",1,4,1953,Communications; Management,high,,,,,,,,,
A2065,James P. Silk,,,,1,,1,1,1953,Communications,high,,,,,,,,,
A2066,Michael J. Freed,,,,1,FREED KANNER LONDON & MILLEN LLC,1,3,1957,ClassCounsel,high,,,,,,,,,
A2067,Bernard Persky,,,,1,"LABATON SUCHAROW LLP; Labaton Sucharow LLP; Labaton Sucharow, LLP",3,7,"1957, 2196, 2213",ClassCounsel; Management,high,,,,,,,,,
A2068,Adam Pessin,,,,1,"FINE KAPLAN & BLACK, R.P.C.",1,3,1957,ClassCounsel,high,,,,,,,,,
A2069,Peter L. Murray,,,,1,"Murray, Plumb & Murray",1,1,1954,Communications; LeadCounsel,high,,,,,,,,,
A2070,Donald Nolan,,,,1,Nolan Law Group,1,3,1953,Coordination; Management,high,,,,,,,,,
A2071,Jeffrey B. Killino,,,,1,"Woloshin & Killino, P.C.",1,3,1953,Management,high,,,,,,,,,
A2072,Kurt B. Arnold,,,,1,Arnold & Itkin LLP,1,2,1953,Management,high,,,,,,,,,
A2073,Pamela Borgess,,,,1,"Zoll, Kranz & Borgess",1,1,1953,Communications; Management,high,,,,,,,,,
A2074,Gary D. McCallister,,,,1,"Gary D. McCallister & Associates, LLC",1,2,1957,ClassCounsel,high,,,,,,,,,
A2075,Martin R. Fox,,,,1,"BLEAU FOX, A P.L.C.",1,2,1957,ClassCounsel,high,,,,,,,,,
A2076,Daniel Shulman,,,,1,"Gray, Plant, Mooty, Mooty& Bennett, P.A.",1,2,1957,ClassCounsel,high,,,,,,,,,
A2077,Robert Weiss,,,,1,,1,1,1967,Management,high,,,,,,,,,
A2078,"Charles J. Piven, Esquire",,,,1,,1,1,1961,Communications,high,,,,,,,,,
A2079,David Black,,,,1,Perkins Coie LLP,2,2,"1958, 2247",ClassCounsel,high,,,,,,,,,
A2080,Mark J. Schirmer,,,,1,"Straus & Boies, LLP",1,1,1958,ClassCounsel,high,,,,,,,,,
A2081,John M. O’Quinn,,,,1,,1,1,1968,Management,high,,,,,,,,,
A2082,James J. Pettit,,,,1,Locks Law Firm,1,1,1968,Management,high,,,,,,,,,
A2083,Shamus Mulderig,,,,1,"Hissey Keintz, L.L.P.",1,1,1968,Management,high,,,,,,,,,
A2084,James P. Langendorf,,,,1,Langendorf Law Office,1,1,1984,ClassCounsel,high,,,,,,,,,
A2085,Leonard W. Aragon,,,,1,Hagens Berman Sobol Shapiro LLP,2,2,"1977, 3149",ClassCounsel; Management,high,,,,,,,,,
A2086,J. Mark Moore,,,,1,Spiro Moore LLP,1,1,1980,ClassCounsel,high,,,,,,,,,
A2087,Richard Doherty,,,,1,Bock & Hatch LLC,1,1,1980,ClassCounsel,high,,,,,,,,,
A2088,Chant Yedalian,,,,1,Chant & Company A Professional Law Corporation,1,1,1980,ClassCounsel,high,,,,,,,,,
A2089,Douglas Linde,,,,1,the Linde Law Firm,1,1,1980,ClassCounsel,high,,,,,,,,,
A2090,M. Alex Goldsmith,,,,1,"Christian & Small, LLP",1,2,1985,Communications,high,,,,,,,,,
A2091,Gary Klein,,,,1,RODDY KLEIN & RYAN,1,1,1974,ClassCounsel; LeadCounsel,high,,,,,,,,,
A2092,Ron R. Parry,,,,1,"PARRY DEERING FUTSCHER & SPARKS, P.S.C.",1,1,1974,ClassCounsel; Communications,high,,,,,,,,,
A2093,Joel S. Sanders,,,,1,"Gibson, Dunn & Curtcher LLP",1,1,1972,Communications,high,,,,,,,,,
A2094,Rachel S. Brass,,,,1,"Gibson, Dunn & Curtcher LLP",1,1,1972,Communications,high,,,,,,,,,
A2095,Ramzi Abadou,,,,1,"BARROWAY TOPAZ KESSLER MELTZER & CHECK, LLP",1,1,1989,LeadCounsel,high,,,,,,,,,
A2096,John Billhorn,,,,1,,1,1,1981,ClassCounsel,high,,,,,,,,,
A2097,Ashley L. Ownby,,,,1,,1,1,1968,Management,high,,,,,,,,,
A2098,David M. Peterson,,,,1,"Peterson & Associates, P.C.",1,1,1968,Management,high,,,,,,,,,
A2099,Rebecca A. Betts,,,,1,,1,1,1968,Communications,high,,,,,,,,,
A2100,Richard A. Dean,,,,1,Tucker Ellis and West LLP,1,1,1968,LeadCounsel,high,,,,,,,,,
A2101,Matthew P. Moriarty,,,,1,Tucker Ellis and West LLP,1,1,1968,LeadCounsel,high,,,,,,,,,
A2102,"Archie C. Lamb, Jr.",Archie Lamb,,,1,"The Lamb Firm, LLC",2,2,"1960, 1985",Management; Settlement,high,,,,,,,,,
A2103,Travis Newman,,,,1,"Franklin, Gray & White",1,1,1985,Expert; Management; Motions,high,,,,,,,,,
A2104,Jeffrey C. Rickard,,,,1,"Marsh, Rickard & Bryan, PC",1,1,1985,Discovery; Management,high,,,,,,,,,
A2105,Lee M. Jacobson,,,,1,Law Offices of Michael Brehne,1,1,1985,Management,high,,,,,,,,,
A2106,James C. Thomas,,,,1,,1,1,1985,Management,high,,,,,,,,,
A2107,Richard A.Tanner,,,,1,"deBeaubien, Knight",1,1,1985,Management; Motions,high,,,,,,,,,
A2108,Mary Jane Fait,,,,1,"Wolf Haldenstein Adler Freeman & Herz LLC; WOLF HALDENSTEIN ADLER FREEMAN & HERZ, LLC",2,3,"1997, 2031",ClassCounsel; Communications; LeadCounsel; Management,high,,,,,,,,,
A2109,Néstor M. Méndez-Gómez,,,,1,,1,1,1960,ClassCounsel; LeadCounsel; Management,high,,,,,,,,,
A2110,Andres W. Lopez,,,,1,,1,1,1960,Management; Motions,high,,,,,,,,,
A2111,Benjamin Brown,,,,1,,1,1,1960,Management; Motions,high,,,,,,,,,
A2112,Ruthanne Gordon,,,,1,,1,1,1960,Discovery; Management,high,,,,,,,,,
A2113,David C. Indiano-Vicic,,,,1,,1,1,1960,Discovery; Management,high,,,,,,,,,
A2114,Lawrence Silverman,,,,1,,1,1,1960,Expert; Management,high,,,,,,,,,
A2115,Stuart G. Gross,,,,1,,1,1,1960,Expert; Management,high,,,,,,,,,
A2116,Eric Perez Ochoa,,,,1,,1,1,1960,Management; Motions,high,,,,,,,,,
A2117,Andrés Guillermard,,,,1,,1,1,1960,Management; Settlement,high,,,,,,,,,
A2118,Kevin B. Love,,,,1,,1,1,1960,Management,high,,,,,,,,,
A2119,John Nevares,John F. Nevares,,,1,"John F. Nevares & Associates, P.S.C.",2,2,"1960, 2223",ClassCounsel; Communications; Management,high,,,,,,,,,
A2120,Richard J. Rappaport,,,,1,MCGUIREWOODS LLP,1,1,1960,Management,high,,,,,,,,,
A2121,Scott D. Richburg,,,,1,FOLEY & LARDNER LLP,1,1,1960,Management,high,,,,,,,,,
A2122,Francisco G. Bruno,,,,1,"McCONNELL VALDES, LLC",1,1,1960,Communications; Management,high,,,,,,,,,
A2123,"Carlos A. Rodriguez-Vidal, Esq.",,,,1,"GOLDMAN, ANTONETTI & CORDOVA, PSC",1,1,1960,Communications; Management,high,,,,,,,,,
A2124,Samuel Rosenthal,,,,1,PATTON BOGGS LLP,1,1,1960,Management,high,,,,,,,,,
A2125,William A. Graffam-Rodriguez,,,,1,"JIMENEZ, GRAFFAM & LAUSELL",1,1,1960,Communications; Management,high,,,,,,,,,
A2126,Thomas J. Frederick,,,,1,Winston & Strawn LLP,1,1,1997,Communications,high,,,,,,,,,
A2127,Charles H.R. Peters,,,,1,Schiff Hardin LLP,1,1,1997,Communications,high,,,,,,,,,
A2128,Richard J. Kilsheimer,,,,1,Kaplan Fox & Kilsheimer LLP,1,1,1997,Management,high,,,,,,,,,
A2129,Brian M. Sund,,,,1,"Morrison Fenske & Sund, PA",1,1,1999,ClassCounsel; LeadCounsel,high,,,,,,,,,
A2130,K. Scott Wagner,,,,1,"Hale & Wagner, S.C.",1,1,1999,Communications,high,,,,,,,,,
A2131,James J. Rosemergy,,,,1,"Carey Danis & Lowe; Carey, Danis & Lowe; CAREY DANIS & LOWE",2,4,"2001, 3078",ClassCounsel; LeadCounsel,high,,,,,,,,,
A2132,John F. Edgar,John Edgar,John M. Edgar,,1,EDGAR LAW FIRM LLC; Edgar Law Firm LLC,2,5,"1995, 2328",ClassCounsel; LeadCounsel,high,,,,,,,,,
A2133,Patrick A. Klingman,,,,1,"SHEPHERD FINKELMAN MILLER & SHAH, LLP",1,1,1995,ClassCounsel; LeadCounsel,high,,,,,,,,,
A2134,"Peter W. Overs, Jr.",,,,1,HARWOOD FEFFER LLP,1,1,1995,ClassCounsel; Communications,high,,,,,,,,,
A2135,Brian Ruschel,,,,1,,1,1,2001,Communications,high,,,,,,,,,
A2136,George K. Lang,,,,1,Freed & Weiss,1,1,2001,Management,high,,,,,,,,,
A2137,Paul M. Weiss,,,,1,Freed & Weiss; Complex Litigation Group LLC,2,2,"2001, 2415",Management,high,,,,,,,,,
A2138,Natalie Finkelman Bennett,,,,1,Shepherd Finkelman Miller & Shah - Media,1,1,2001,Management,high,,,,,,,,,
A2139,Karen M. Leser-Grenon,,,,1,Shepherd Finkelman Miller & Shah - San Diego,1,1,2001,Management,high,,,,,,,,,
A2140,Scott A. George,,,,1,"Seeger Weiss, LLP",1,1,2001,Management,high,,,,,,,,,
A2141,Mark Schlachet,,,,1,,2,2,"2001, 2220",Management,high,,,,,,,,,
A2142,Schwartz A Steven,,,,1,Chimicles & Tikellis LLP,1,1,2001,Management,high,,,,,,,,,
A2143,Jeffrey K. Berns,,,,1,Arbogast & Berns LLP,1,1,2015,ClassCounsel,high,,,,,,,,,
A2144,David M. Arbogast,,,,1,Arbogast & Berns LLP,1,1,2015,ClassCounsel,high,,,,,,,,,
A2145,Linsey W. West,,,,1,,1,1,2016,Communications,high,,,,,,,,,
A2146,Thomas E. Fennell,,,,1,,1,1,2016,LeadCounsel,high,,,,,,,,,
A2147,Edwin J. Mills,,,,1,"Stull, Stull & Brody",1,1,2003,ClassCounsel; LeadCounsel,high,,,,,,,,,
A2148,Michael J. Klein,,,,1,"Stull, Stull & Brody",1,1,2003,ClassCounsel; LeadCounsel,high,,,,,,,,,
A2149,Edward W. Ciolko,,,,1,"Barroway Topaz Kessler Meltzer & Check, LLP; Kessler Topaz Meltzer & Check, LLP",2,2,"2003, 2508",ClassCounsel; LeadCounsel; Settlement,high,,,,,,,,,
A2150,Mark K. Gyandoh,,,,1,"Barroway Topaz Kessler Meltzer & Check, LLP",1,1,2003,ClassCounsel; LeadCounsel,high,,,,,,,,,
A2151,Larry D. Drury,,,,1,"Larry D. Drury, Ltd.",1,1,1998,Management,high,,,,,,,,,
A2152,Ralph K. Phalen,,,,1,"Ralph K. Phalen, Attorney at Law",2,2,"1998, 2046",Management,high,,,,,,,,,
A2153,Mark A. Maasch,,,,1,"Turner & Maasch, Inc.",1,1,1998,Management,high,,,,,,,,,
A2154,Christine Ford,Christine M. Ford,,,1,"Meiselman, Denlea, Packman, Carton & Eberz P.C.",1,2,2023,Management,high,,,,,,,,,
A2155,Christopher Lometti,,,,1,"Schoengold, Sporn, Laitman & Lometti, P.C.",1,1,2017,LeadCounsel; Management,high,,,,,,,,,
A2156,Max W. Berger,,,,1,Bernstein Litowitz Berger & Grossmann LLP,1,1,2017,Management,high,,,,,,,,,
A2157,Mark C. Molumphy,,,,1,"Cotchett, Pitre, & McCarthy, LLP",1,1,2017,Communications,high,,,,,,,,,
A2158,Imtiaz A. Siddiqui,,,,1,"Cotchett, Pitre, & McCarthy, LLP",1,1,2017,Communications,high,,,,,,,,,
A2159,"Ilan Chorowsky, Esq.",Ilan Chorowsky,,,1,,1,2,2031,Communications,high,,,,,,,,,
A2160,R. Douglas Gentile,,,,1,,1,1,2046,Management,high,,,,,,,,,
A2161,Christopher G. Hayes,,,,1,,1,1,2046,Management,high,,,,,,,,,
A2162,Mitchell A. Toups,,,,1,Weller Green Toups & Terrell,2,2,"2046, 2223",Management,high,,,,,,,,,
A2163,Gene J. Stonebarger,,,,1,,1,1,2046,Management,high,,,,,,,,,
A2164,Fran Rudich,,,,1,KLAFTER OLSEN & LESSER LLP,1,1,2025,ClassCounsel,high,,,,,,,,,
A2165,Andrew P. Bell,,,,1,"Locks Law Firm, LLC",1,1,2025,ClassCounsel,high,,,,,,,,,
A2166,Janet Walsh,,,,1,"Locks Law Firm, LLC",1,1,2025,ClassCounsel,high,,,,,,,,,
A2167,Peter A. Muhic,,,,1,Barroway Topaz Kessler Meltzer & Check LLP,1,1,2025,ClassCounsel,high,,,,,,,,,
A2168,Robert J. Gray,,,,1,Barroway Topaz Kessler Meltzer & Check LLP,1,1,2025,ClassCounsel,high,,,,,,,,,
A2169,Mayra Velez Tarantino,,,,1,"Lite DePalma and Greenberg, LLC",1,1,2025,ClassCounsel,high,,,,,,,,,
A2170,Jennifer Sarnelli,,,,1,"Lite DePalma and Greenberg, LLC; Gardy & Notis LLP",2,2,"2025, 2188",ClassCounsel,high,,,,,,,,,
A2171,Paul P. Rooney,,,,1,Fugazy & Rooney LLP,1,1,2025,ClassCounsel,high,,,,,,,,,
A2172,Eric Scott Tilton,,,,1,Fugazy & Rooney LLP,1,1,2025,ClassCounsel,high,,,,,,,,,
A2173,Jeffrey Gottlieb,,,,1,Berger & Gottlieb,1,1,2025,ClassCounsel,high,,,,,,,,,
A2174,Lance A. Raphael,,,,1,The Consumer Advocacy Center P.C.,1,1,2025,ClassCounsel,high,,,,,,,,,
A2175,Stacy Michelle Bardo,,,,1,The Consumer Advocacy Center P.C.,1,1,2025,ClassCounsel,high,,,,,,,,,
A2176,Allison Amy Krumhorn,,,,1,The Consumer Advocacy Center P.C.,1,1,2025,ClassCounsel,high,,,,,,,,,
A2177,Michael J. San Souci,,,,1,Law Office of Michael J. San Souci,1,1,2025,ClassCounsel,high,,,,,,,,,
A2178,Timothy C. Kelly,,,,1,Kelly Law Office,1,1,2025,ClassCounsel,high,,,,,,,,,
A2179,James G. Onder,,,,1,"Onder, Shelton, O'Leary & Peterson, LLC",1,1,2023,Management,high,,,,,,,,,
A2180,David J. Cohen,,,,1,"Saltz Mongeluzzi Barrett & Bendesky, P.C.",1,1,2023,Management,high,,,,,,,,,
A2181,Daniel J. Mogin,Daniel Mogin,,,1,"The Mogin Law Firm P.C.; the Mogin Law Firm, P.C.",2,2,"2023, 2668",Management,high,,,,,,,,,
A2182,Craig Mielke,,,,1,"Foote, Meyers, Mielke & Flowers, LLC",1,1,2023,Management,high,,,,,,,,,
A2183,Scott M. Zimmerman,,,,1,"Heidell, Pittoni, Murphy & Back, LLP",1,1,2023,Communications,high,,,,,,,,,
A2184,Douglas J. Williams,,,,1,Fulbright & Jaworski,1,1,2050,Communications; LeadCounsel,high,,,,,,,,,
A2185,David E. Plunkett,,,,1,"Williams, Williams, Rattner & Plunkett, P.C.",1,2,2042,LeadCounsel; Management,high,,,,,,,,,
A2186,Harold B. Gold,,,,1,"Wisener Nunnally Gold, L.L.P.",1,1,2046,Communications,high,,,,,,,,,
A2187,David Shiner,,,,1,"Shiner and Sosin, PA",1,1,2051,Management,high,,,,,,,,,
A2188,Berry Cooper,,,,1,"Deal, Cooper & Holton, PLLC",1,1,2051,Management,high,,,,,,,,,
A2189,Kirk Wolden,,,,1,Arnold Law Firm,1,1,2051,Management,high,,,,,,,,,
A2190,Stephanie A. Smith,,,,1,Fulbright & Jaworski L.L.P.,1,1,2051,Coordination; LeadCounsel,high,,,,,,,,,
A2191,Stacey A. Martinez,,,,1,Fulbright & Jaworski L.L.P.,1,1,2051,Coordination; LeadCounsel,high,,,,,,,,,
A2192,"Frank C. Woodside, III",,,,1,Dinsmore & Shohl LLP,1,1,2051,Coordination; LeadCounsel,high,,,,,,,,,
A2193,Edward W. Gerecke,,,,1,"Carlton Fields, P.A.",1,1,2051,Communications,high,,,,,,,,,
A2194,Stephen J. Foley,,,,1,Foley & Mansfield PLLP,1,2,2066,LeadCounsel,high,,,,,,,,,
A2195,Lewis S. Kahn,,,,1,"Kahn Swick & Foti, LLC",1,1,2058,LeadCounsel,high,,,,,,,,,
A2196,Michael A. Swick,,,,1,"Kahn Swick & Foti, LLC",1,1,2058,LeadCounsel,high,,,,,,,,,
A2197,Albert M. Myers,,,,1,"Kahn Swick & Foti, LLC",1,1,2058,LeadCounsel,high,,,,,,,,,
A2198,Maya Saxena,,,,1,Saxena White P.A.,1,1,2058,LeadCounsel,high,,,,,,,,,
A2199,"Joseph E. White, III",,,,1,Saxena White P.A.,1,1,2058,LeadCounsel,high,,,,,,,,,
A2200,Christopher S. Jones,,,,1,Saxena White P.A.,1,1,2058,LeadCounsel,high,,,,,,,,,
A2201,Michael Snyder,,,,1,,1,1,2066,Communications,high,,,,,,,,,
A2202,Earl W. Gunn,,,,1,,1,1,2066,LeadCounsel,high,,,,,,,,,
A2203,Nina M. Gussack,,,,1,,1,1,2066,LeadCounsel,high,,,,,,,,,
A2204,Kip Shuman,,,,1,the Shuman Law Firm,1,1,2063,Communications,high,,,,,,,,,
A2205,Susan L. Burke,,,,1,Burke PLLC,1,1,2083,Communications; LeadCounsel,high,,,,,,,,,
A2206,Kent Caperton,,,,1,Ben Barnes Group,1,1,2068,Management,high,,,,,,,,,
A2207,Marian S. Rosen,,,,1,Marian S. Rosen & Associates,1,1,2068,Management,high,,,,,,,,,
A2208,Howard Rubinstein,,,,1,Law Office of Howard Weil Rubinstein,1,1,2068,Management,high,,,,,,,,,
A2209,Walter Umphrey,,,,1,"Provost Umphrey Law Firm, LLP",1,1,2068,Management,high,,,,,,,,,
A2210,John Eddie Williams,,,,1,"Williams, Kherker, Hart, Boundas, LLP",1,1,2068,Management,high,,,,,,,,,
A2211,Philip H. Curtis,,,,1,"Arnold & Porter, LLP",1,1,2068,LeadCounsel,high,,,,,,,,,
A2212,Guy Miller Struve,,,,1,Davis Polk & Wardwell,1,1,2068,LeadCounsel,high,,,,,,,,,
A2213,H. Peter Del Bianco,,,,1,Lambert Coffin,1,1,2068,Communications,high,,,,,,,,,
A2214,David C. King,,,,1,Rudman & Winchell,1,1,2068,Communications,high,,,,,,,,,
A2215,Frederick Baker,,,,1,Motley Rice LLC,1,1,2083,Communications; LeadCounsel,high,,,,,,,,,
A2216,James Ledlie,,,,1,Motley Rice LLC,1,1,2083,Communications; LeadCounsel,high,,,,,,,,,
A2217,Laurence King,Laurence D. King,,,1,Kaplan Fox and Kilsheimer LLP; KAPLAN FOX & KILSHEIMER LLP; Kaplan Fox & Kilsheimer LLP,3,11,"2086, 2320, 2904",ClassCounsel; LeadCounsel; Management,high,,,,,,,,,
A2218,Edward M. Gergosian,,,,1,GERGOSIAN & GRALEWSKI LLP; Gergosian & Gralewski,1,2,2086,ClassCounsel; Management,high,,,,,,,,,
A2219,"Robert J. Gralewski, Jr.",,,,1,GERGOSIAN & GRALEWSKI LLP,1,1,2086,Management,high,,,,,,,,,
A2220,C. Carter Clay,,,,1,"Pittman, Dutton, Kirby & Hellums, P.C.",1,1,2087,Management,high,,,,,,,,,
A2221,Joseph Dunn,,,,1,,1,1,2087,LeadCounsel; Management,high,,,,,,,,,
A2222,Thomas P. Rosenfeld,Thomas Rosenfeld,,,1,,2,2,"2096, 2443",ClassCounsel; LeadCounsel; Management,high,,,,,,,,,
A2223,Kevin P. Durkin,,,,1,"Clifford Law Offices, P.C./ Colucci & Gallaher",1,1,2085,LeadCounsel; Management,high,,,,,,,,,
A2224,Michael S. Krzak,,,,1,"Clifford Law Offices, P.C./ Colucci & Gallaher",1,1,2085,LeadCounsel; Management,high,,,,,,,,,
A2225,Anthony J. Colucci,,,,1,"Clifford Law Offices, P.C./ Colucci & Gallaher",1,1,2085,LeadCounsel; Management,high,,,,,,,,,
A2226,Daniel O. Rose,,,,1,"Kreindler & Kreindler, LLP/ Lipsitz, Green Scime Cambria, LLP",1,1,2085,LeadCounsel; Management,high,,,,,,,,,
A2227,James Scime,,,,1,"Kreindler & Kreindler, LLP/ Lipsitz, Green Scime Cambria, LLP",1,1,2085,LeadCounsel; Management,high,,,,,,,,,
A2228,Kenneth P. Nolan,,,,1,"Speiser Krause Nolan & Granito/ Connors & Vilardo, LLC",1,1,2085,LeadCounsel; Management,high,,,,,,,,,
A2229,Jeanne M. O'Grady,,,,1,"Speiser Krause Nolan & Granito/ Connors & Vilardo, LLC",1,1,2085,LeadCounsel; Management,high,,,,,,,,,
A2230,Christina M. Fry,,,,1,"Speiser Krause Nolan & Granito/ Connors & Vilardo, LLC",1,1,2085,LeadCounsel; Management,high,,,,,,,,,
A2231,Terrence M. Connors,,,,1,"Speiser Krause Nolan & Granito/ Connors & Vilardo, LLC; Connors LLP",2,2,"2085, 2903",Communications; LeadCounsel; Management,high,,,,,,,,,
A2232,Michel Baumeister,,,,1,"Baumeister & Samuels, PC",1,1,2085,LeadCounsel; Management,high,,,,,,,,,
A2233,Douglas A. Latto,,,,1,"Baumeister & Samuels, PC",1,1,2085,LeadCounsel; Management,high,,,,,,,,,
A2234,Thea M. Capone,,,,1,"Baumeister & Samuels, PC",1,1,2085,LeadCounsel; Management,high,,,,,,,,,
A2235,Anne B. Rimmler,,,,1,"Paul William Beltz, P.C.",1,1,2085,LeadCounsel; Management,high,,,,,,,,,
A2236,Philipp L. Rimmler,,,,1,"Paul William Beltz, P.C.",1,1,2085,LeadCounsel; Management,high,,,,,,,,,
A2237,Richard E. Genter,,,,1,,1,1,2085,Management,high,,,,,,,,,
A2238,Howard S. Hershehorn,,,,1,"Gair, Gair, Conauson, Steigman, & Mackauf",1,1,2085,Management,high,,,,,,,,,
A2239,John A. Greaves,,,,1,,1,1,2085,Management,high,,,,,,,,,
A2240,A. Ilyas Akbari,,,,1,,1,1,2085,Management,high,,,,,,,,,
A2241,John C. Reiter,,,,1,Law Office of Jonathan C. Reiter,1,1,2085,Management,high,,,,,,,,,
A2242,Meryl I. Schwartz,,,,1,Law Office of Jonathan C. Reiter,1,1,2085,Management,high,,,,,,,,,
A2243,Paul Perlman,,,,1,"Hodgson Russ, LLP",1,1,2085,Management,high,,,,,,,,,
A2244,"Richard A. Grimm, III",,,,1,"Magavern, Magavern & Grimm",1,1,2085,Management,high,,,,,,,,,
A2245,Christopher M. Murphy,,,,1,Doran & Murphy; McDermott Will & Emery LLP,2,2,"2085, 2359",LeadCounsel; Management,high,,,,,,,,,
A2246,"Hugh M. Russ, II",,,,1,"Hodgson Russ, LLP",1,1,2085,Communications,high,,,,,,,,,
A2247,Jeffrey Cereghino,,,,1,"Merrill Nomura & Molineux, LLP; Merrill Namora & Molineaux LLP",1,2,2098,ClassCounsel; LeadCounsel,high,,,,,,,,,
A2248,Michael F. Ram,Michael Ram,,,1,"Levy Ram and Olson, llp; Ram and Olson L.L.P.; Morgan & Morgan Complex Litigation Group; Morgan & Morgan Mass Tort Dept.",3,6,"2098, 3014, 3052",ClassCounsel; Expert; LeadCounsel; Management,high,,,,,,,,,
A2249,Sam Lock,,,,1,Law Offices of Sam Lock,1,2,2098,Communications,high,,,,,,,,,
A2250,Jeffrey J. Corrigan,,,,1,"Spector Roseman Kodroff & Willis, P.C.",1,1,2081,Communications,high,,,,,,,,,
A2251,Paul H. Saint-Antoine,,,,1,"Drinker Biddle & Reath, LLP",1,1,2081,Communications,high,,,,,,,,,
A2252,Daniel Kotchen,,,,1,Kotchen & Low LLP,1,1,2089,LeadCounsel,high,,,,,,,,,
A2253,David Flint,,,,1,"Schreeder, Wheeler & Flint, LLP",1,1,2089,Communications,high,,,,,,,,,
A2254,Richard A. Koffman,Richard Koffman,,,1,Cohen Milstein Sellers & Toll PLLC; Cohen Milstein L.L.P.,2,6,"2109, 2668",ClassCounsel; LeadCounsel; Management,high,,,,,,,,,
A2255,Jay Edelson,JAY EDELSON,,,1,"Edelson McGuire, LLC; Edelson PC; Edelson McGuire LLC",6,8,"2103, 2167, 2250, 2261, 2985, 3001",ClassCounsel; LeadCounsel; Management; Settlement,high,,,,,,,,,
A2256,Michael J. McMorrow,MICHAEL J. MCMORROW,,,1,"Edelson McGuire LLC; Edelson McGuire, LLC; Smith & McMorrow, P.C.",2,3,"2103, 2261",ClassCounsel; LeadCounsel,high,,,,,,,,,
A2257,Seth Safier,,,,1,"Gutride Safier, LLP",1,1,2103,Management,high,,,,,,,,,
A2258,Adam Gutride,,,,1,"Gutride Safier, LLP",1,1,2103,Management,high,,,,,,,,,
A2259,David C. Parisi,,,,1,Parisi & Havens LLP,2,2,"2103, 2513",ClassCounsel; Management,high,,,,,,,,,
A2260,Mark H. Freedman,,,,1,"Law Offices of Freedman & Freedman, PLC",1,1,2103,Management,high,,,,,,,,,
A2261,Charles E. Tompkins,,,,1,Williams Montgomery & John Ltd.,1,3,2109,ClassCounsel; LeadCounsel,high,,,,,,,,,
A2262,Peter J. Bezek,,,,1,Foley Bezek Behle & Curtis,1,1,2141,ClassCounsel,high,,,,,,,,,
A2263,Craig Litherland,,,,1,Gilbert LLP,1,1,2124,ClassCounsel,high,,,,,,,,,
A2264,David Millstein,,,,1,Millstein and Associates,1,1,2124,ClassCounsel,high,,,,,,,,,
A2265,Ronald Gossett,Ronald P. Gossett,,,1,,1,2,2183,Communications; LeadCounsel,high,,,,,,,,,
A2266,Catherine Rodriguez,,,,1,,1,1,2183,Communications,high,,,,,,,,,
A2267,Steven Woodrow,,,,1,"Edelson McGuire, LLC",1,1,2167,ClassCounsel,high,,,,,,,,,
A2268,Karin Fisch,,,,1,"Abbey Spanier Rodd & Abrams, LLP",1,1,2167,ClassCounsel,high,,,,,,,,,
A2269,Brian Murray,,,,1,"Murray Frank, LLP",1,1,2167,ClassCounsel,high,,,,,,,,,
A2270,Andrew D. Schau,,,,1,Covington & Burling LLP,1,1,2190,Communications,high,,,,,,,,,
A2271,Kendall Millard,,,,1,Barnes & Thornburg LLP,1,3,2196,Communications,high,,,,,,,,,
A2272,Ira P. Rothken,,,,1,Rothken Law Firm,1,1,2188,ClassCounsel,high,,,,,,,,,
A2273,Christopher C. Casper,,,,1,"James, Hoyer, Newcomer, Smiljanich & Yanchunis, P.A.",1,1,2173,Communications,high,,,,,,,,,
A2274,Michael Anthony Lindsay,,,,1,,1,1,2173,Communications,high,,,,,,,,,
A2275,Julie E. McEvoy,,,,1,,1,1,2173,Communications,high,,,,,,,,,
A2276,Brian Strange,Brian R. Strange,,,1,Strange & Carpenter,3,5,"2196, 2238, 2258",ClassCounsel; Management,high,,,,,,,,,
A2277,Richard Kerger,,,,1,"Kerger & Hartman, LLC",1,1,2196,Management,high,,,,,,,,,
A2278,J.R. Whaley,,,,1,"Neblett, Beard & Arsenault",1,2,2199,Management,high,,,,,,,,,
A2279,Barbara R. Rudolph,,,,1,"Finnegan, Henderson, Farabow, Garrett & Dunner, LLP",1,1,2200,LeadCounsel,high,,,,,,,,,
A2280,Mary W. Bourke,,,,1,Connolly Bove Lodge & Hutz LLP,1,1,2200,Communications,high,,,,,,,,,
A2281,HEATHER M. PETERSON,,,,1,KIRTLAND & PACKARD LLP; Kirtland & Packard LLP,1,2,2199,LeadCounsel,high,,,,,,,,,
A2282,Jennifer Rives Culler,,,,1,"STACK & ASSOCIATES, P.C.",1,3,2218,Communications,high,,,,,,,,,
A2283,Francis R. Greene,,,,1,"Edelman, Combs, Latturner & Goodwin, LLC",1,2,2223,Communications,high,,,,,,,,,
A2284,Vincent Briganti,,,,1,"Lowey Dannenberg Cohen & Hart, P.C.; Lowey Dannenberg, P.C.",2,2,"2213, 3107",LeadCounsel; Management,high,,,,,,,,,
A2285,Michael von Loewenfeldt,,,,1,Kerr & Wagstaffe LLP,1,1,2208,ClassCounsel; LeadCounsel,high,,,,,,,,,
A2286,Daniel D. King,,,,1,"The Daniel D. King Law Firm, PLLC",1,1,2208,ClassCounsel; LeadCounsel,high,,,,,,,,,
A2287,Eric G. Calhoun,,,,1,,1,1,2234,ClassCounsel,high,,,,,,,,,
A2288,Simcha D. Schonfeld,,,,1,"Koss & Schonfeld, LLP",1,1,2220,Management,high,,,,,,,,,
A2289,Solomon Klein,,,,1,"Klein & Solomon, LLP",1,1,2220,Management,high,,,,,,,,,
A2290,James L. Deese,,,,1,,1,1,2220,Management,high,,,,,,,,,
A2291,D. Scott Kalish,,,,1,,1,1,2220,Management,high,,,,,,,,,
A2292,Harry Rankin,,,,1,Sutton Rankin PLC,1,1,2226,Communications,high,,,,,,,,,
A2293,Donald Stack,,,,1,,1,2,2218,Communications,high,,,,,,,,,
A2294,Cynthia B. Chapman,,,,1,Caddell & Chapman,1,1,2223,Management,high,,,,,,,,,
A2295,Peter J. Cambs,,,,1,"Parker Waichman Alonso, LLP",1,1,2223,Management,high,,,,,,,,,
A2296,"William E. Hopkins, Jr.",,,,1,"Beasley Allen Crow Methvin Portis & Miles, P.C.",1,1,2223,Management,high,,,,,,,,,
A2297,Richard Barrett,,,,1,"Law Offices of Richard R. Barrett, PLLC",1,1,2223,Management,high,,,,,,,,,
A2298,Roy A. Katriel,,,,1,The Katriel Law Firm,1,1,2223,Management,high,,,,,,,,,
A2299,Stephen Randall,,,,1,"Pearson, Randall & Schumacher, PA",1,1,2226,Management,high,,,,,,,,,
A2300,Andy Williams,,,,1,The Simmons Firm,1,1,2226,Management,high,,,,,,,,,
A2301,Joey Diaz,,,,1,The Diaz Law Firm,1,1,2226,Management,high,,,,,,,,,
A2302,Eric Allan Koch,,,,1,The Koch Law Firm PC,1,1,2226,Management,high,,,,,,,,,
A2303,Jay Urban,,,,1,Urban & Taylor S.C.,1,1,2226,Management,high,,,,,,,,,
A2304,Robert Piper,,,,1,Piper & Associates,1,1,2226,Management,high,,,,,,,,,
A2305,Alan Lazar,,,,1,"Marlin & Saltzman, LLP",1,1,2226,Management,high,,,,,,,,,
A2306,Glen DeValerio,,,,1,Berman DeValerio; BERMAN DEVALERIO,2,3,"2242, 2409",Communications,high,,,,,,,,,
A2307,Marc Wites,,,,1,"Wites & Kapetan, P.A.",1,1,2238,Management,high,,,,,,,,,
A2308,"Joe P. Leniski, Jr.",,,,1,"BRANSTETTER, STRANCH & JENNINGS, PLLC",1,1,2242,ClassCounsel,high,,,,,,,,,
A2309,David Franco,,,,1,DUGAN LAW FIRM,1,1,2242,ClassCounsel,high,,,,,,,,,
A2310,Thomas R. Merrick,,,,1,Robbins Geller Rudman & Dowd LLP,1,1,2238,ClassCounsel,high,,,,,,,,,
A2311,Jeremy Wilson,,,,1,"Wilson, Troclair & Lovins",1,1,2264,Management,high,,,,,,,,,
A2312,David Birka-White,,,,1,Birka-White Law Offices,1,1,2247,ClassCounsel,high,,,,,,,,,
A2313,David Greenberg,,,,1,Law Offices of David H. Greenberg,1,1,2247,ClassCounsel,high,,,,,,,,,
A2314,David A. McKay,,,,1,"Herman Gerel, LLP; Law Offices of David A. McKay LLC",1,2,2258,ClassCounsel; Management,high,,,,,,,,,
A2315,Dan Speights,,,,1,Speights and Runyan,1,1,2000,ClassCounsel; LeadCounsel,high,,,,,,,,,
A2316,"A. G. Solomons, III",,,,1,Speights and Runyan,1,1,2000,ClassCounsel; LeadCounsel,high,,,,,,,,,
A2317,Thomas H. Pope,,,,1,Pope and Hudgens,1,1,2000,ClassCounsel; LeadCounsel,high,,,,,,,,,
A2318,Rhonda H. Wills,,,,1,Wills Law Firm,1,1,2266,LeadCounsel,high,,,,,,,,,
A2319,Reagan W. Simpson,,,,1,Yetter Coleman LLP,1,1,2266,LeadCounsel,high,,,,,,,,,
A2320,R. Paul Yetter,,,,1,Yetter Coleman LLP,1,1,2266,LeadCounsel,high,,,,,,,,,
A2321,Diana Marshall,,,,1,"Marshall & Lewis, LLP",1,1,2266,LeadCounsel,high,,,,,,,,,
A2322,Ronald Lewis,,,,1,"Marshall & Lewis, LLP",1,1,2266,LeadCounsel,high,,,,,,,,,
A2323,John M. Padilla,,,,1,"Padilla, Rodriguez & de la Garza, LLP",1,1,2266,LeadCounsel,high,,,,,,,,,
A2324,Mark Stewart,,,,1,Ballard Spahr,1,1,2284,Communications,high,,,,,,,,,
A2325,Robert Kitchenoff,,,,1,"Weinstein, Kitchenoff & Asher; Weinstein, Kitchenoff & Asher LLC",2,2,"2284, 2668",Communications; Management,high,,,,,,,,,
A2326,Richard Kitchenoff,,,,1,"Weinstein, Kitchenoff & Asher",1,1,2284,Settlement,high,,,,,,,,,
A2327,Donald C. Arbitblit,,,,1,"Lieff Cabraser Heimann & Bernstein, LLP",1,1,2299,Management,high,,,,,,,,,
A2328,Tara T. Tabatabaie,,,,1,"Sill Law Group, PLLC",1,1,2299,Management,high,,,,,,,,,
A2329,D. Dorian Britt,,,,1,"Tate Law Group, LLC",1,1,2000,ClassCounsel,high,,,,,,,,,
A2330,David R. Dugas,,,,1,McGlinchey Stafford PLLC,1,1,2299,LeadCounsel,high,,,,,,,,,
A2331,Sara J. Gourley,,,,1,Sidley Austin (Chicago),1,1,2299,LeadCounsel,high,,,,,,,,,
A2332,Penny U. Hendy,Penny Unkraut Hendy,,,1,"Schachter, Hendy & Johnson, PSC",1,2,2308,Communications; LeadCounsel; Management,high,,,,,,,,,
A2333,David A. Straite,DAVID A. STRAITE,David Straite,,1,"STEWARTS LAW US LLP; DiCello Levitt Gutzler LLC; Kaplan Fox & Kilsheimer, LLP; STRAITE PLLC",2,7,"2314, 2358",ClassCounsel; LeadCounsel; Management,high,,,,,,,,,
A2334,Ralph N. Sianni,RALPH N. SIANNI,,,1,STEWARTS LAW US LLP,1,2,2314,LeadCounsel,high,,,,,,,,,
A2335,Michele S. Carino,,,,1,STEWARTS LAW US LLP,1,1,2314,LeadCounsel,high,,,,,,,,,
A2336,Lydia E. York,,,,1,STEWARTS LAW US LLP,1,1,2314,LeadCounsel,high,,,,,,,,,
A2337,James P. Frickleton,James Frickleton,,,1,"Bartimus, Frickleton, Robertson & Goza, P.C.; Bartimus Frickleton Robertson Rader",1,2,2314,Management,high,,,,,,,,,
A2338,Jay Vaughn,,,,1,"Schachter, Hendy & Johnson, PSC",1,1,2308,LeadCounsel,high,,,,,,,,,
A2339,Wayne Lee,,,,1,,1,1,2328,Communications,high,,,,,,,,,
A2340,Jay Barnes,,,,1,Simmons Hanly Conroy LLC; Barnes & Associates,2,4,"2314, 2443",ClassCounsel; Management,high,,,,,,,,,
A2341,Mark S. Mandell,,,,1,,1,2,2314,Management,high,,,,,,,,,
A2342,John A. Peca,,,,1,"Climaco, Wilcox, Peca, Tarantino & Garofoli Co., LPA",2,2,"2320, 2333",Management,high,,,,,,,,,
A2343,Matthew B. Butler,,,,1,,1,1,2320,Management,high,,,,,,,,,
A2344,Patrick C. Morrow,,,,1,Morrow Morrow et al,1,1,2299,Communications; Management,high,,,,,,,,,
A2345,Stephen Gorny,Stephen M. Gorny,,,1,"the Gorny Law Firm, LC",1,2,2314,Management,high,,,,,,,,,
A2346,"William M. Cunningham, Jr.",,,,1,"Burns, Cunningham & Mackey, P.C.",1,2,2314,Management,high,,,,,,,,,
A2347,Andrew J. Lyskowski,Andrew Lyskowski,,,1,Bergmanis Law Firm LLC,2,3,"2314, 2443",Management,high,,,,,,,,,
A2348,Margery Bronster,,,,1,Bronster Fujichaku Robbins A Law Corporation,2,3,"2314, 3036",Management; Settlement,high,,,,,,,,,
A2349,Grant Woods,,,,1,,1,1,2314,Management,high,,,,,,,,,
A2350,Mike Moore,,,,1,,1,1,2314,Management,high,,,,,,,,,
A2351,Richard Ieyoub,,,,1,,1,1,2314,Management,high,,,,,,,,,
A2352,Ben Bingham,,,,1,"Bingham & Lea, P.C.",1,1,2317,Management,high,,,,,,,,,
A2353,Roger Mandel,,,,1,"Lackey Hershman, LLP",1,1,2317,Management,high,,,,,,,,,
A2354,Antonio Vozzolo,,,,1,Faruqi & Faruqi LLP,1,1,2317,Management,high,,,,,,,,,
A2355,William B. Gaudet,,,,1,"Adams and Reese, LLP",1,2,2328,Communications,high,,,,,,,,,
A2356,Ronald J. Aranoff,,,,1,Wollmuth Maher & Deutsch LLP; BERNSTEIN LIEBHARD LLP,2,4,"2328, 2931",ClassCounsel; Communications; LeadCounsel; Management,high,,,,,,,,,
A2357,Scott R. Bickford,,,,1,"Martzell, Bickford & Centola, APC",2,2,"2328, 2996",Management,high,,,,,,,,,
A2358,Daniel W. Krasner,,,,1,,1,1,2328,Management,high,,,,,,,,,
A2359,Michael Brady,Michael F. Brady,,,1,Brady & Associates,1,3,2328,ClassCounsel,high,,,,,,,,,
A2360,"Walter H. Bundy, Jr.",,,,1,"SMITH, BUNDY, BYBEE & BARNETT, P.C.; Smith Bundy, Bybee & Barnett P.C.",1,2,2333,ClassCounsel,high,,,,,,,,,
A2361,Sean K. O'Dowd,,,,1,"Bernstein Litowitz Berger & Grossmann, LLP",1,1,2335,LeadCounsel,high,,,,,,,,,
A2362,"Edward Eshoo, Jr.",,,,1,"Childress Duffy, Ltd.",2,2,"2333, 2688",Management,high,,,,,,,,,
A2363,"W.H. Bundy, Jr.",,,,1,"Smith, Bundy, Bybee & Barnett, PC",1,1,2333,Management,high,,,,,,,,,
A2364,Brent McDonald,,,,1,"Smith, Bundy, Bybee & Barnett, PC",1,1,2333,Management,high,,,,,,,,,
A2365,C. Erik Hawes,,,,1,,1,1,2355,,high,,,,,,,,,
A2366,Michael E. Schonberg,,,,1,,1,1,2355,LeadCounsel,high,,,,,,,,,
A2367,Steven B. Singer,,,,1,BERNSTEIN LITOWITZ BERGER & GROSSMANN LLP,1,1,2335,Management,high,,,,,,,,,
A2368,Michael Thornton,,,,1,THORNTON & NAUMES LLP,1,1,2335,Management,high,,,,,,,,,
A2369,Brian K. Murphy,,,,1,MURRAY MURPHY MOUL + BASIL LLP,1,1,2335,Management,high,,,,,,,,,
A2370,Shane P. Sanders,,,,1,ROBBINS UMEDA LLP,1,1,2335,Management,high,,,,,,,,,
A2371,Bradley E. Beckworth,,,,1,"NIX, PATTERSON & ROACH, L.L.P.",1,1,2335,Management,high,,,,,,,,,
A2372,Philip Marsh,,,,1,,1,1,2354,Communications,high,,,,,,,,,
A2373,Maya Eckstein,,,,1,,1,1,2354,Communications,high,,,,,,,,,
A2374,Kimberly D. Barone Baden,,,,1,Motley Rice LLC,1,1,2342,Management,high,,,,,,,,,
A2375,Edward Braniff,,,,1,Weitz & Luxemberg,1,1,2342,Management,high,,,,,,,,,
A2376,John Gibson,John R. Gibson,,,1,Duane Morris LLP,1,2,2371,Communications,high,,,,,,,,,
A2377,James Orr,,,,1,,1,1,2372,LeadCounsel,high,,,,,,,,,
A2378,Charles Miller,,,,1,,1,1,2372,Communications; LeadCounsel,high,,,,,,,,,
A2379,David Pitcher,,,,1,,1,1,2372,LeadCounsel,high,,,,,,,,,
A2380,Jeffrey Peck,,,,1,,1,1,2372,LeadCounsel,high,,,,,,,,,
A2381,K.C. Green,,,,1,,1,1,2372,LeadCounsel,high,,,,,,,,,
A2382,Jeffrey Geoppinger,,,,1,,1,1,2372,LeadCounsel,high,,,,,,,,,
A2383,Lisa Kuhnell,,,,1,,1,1,2372,Communications,high,,,,,,,,,
A2384,Paul W. Schmidt,,,,1,Covington & Burling LLP,1,1,2385,LeadCounsel,high,,,,,,,,,
A2385,Orlando Rod Richmond,,,,1,,1,2,2385,LeadCounsel,high,,,,,,,,,
A2386,Dan Ball,,,,1,,1,2,2385,Communications,high,,,,,,,,,
A2387,Eric Hudson,,,,1,,1,2,2385,Communications,high,,,,,,,,,
A2388,Beth S. Rose,,,,1,,1,2,2385,Communications; LeadCounsel,high,,,,,,,,,
A2389,"Edward R. Nelson, III",,,,1,Nelson Bumgardner Casto P.C.,1,1,2371,LeadCounsel,high,,,,,,,,,
A2390,Timothy Grochocinski,,,,1,"InnovaLaw, P.C.",1,1,2371,Communications,high,,,,,,,,,
A2391,Steven Davis,,,,1,,1,3,2385,Communications; SettlementAdministration,high,,,,,,,,,
A2392,Chris Cueto,,,,1,,1,2,2385,Management,high,,,,,,,,,
A2393,Sarah Shoemake Doles,,,,1,"Carey Danis & Lowe; Levin, Papantonio, Rafferty, Proctor, Buchanan, O’Brien, Barr & Mougey, P.A.",2,5,"2385, 3004",Communications; LeadCounsel; Management,high,,,,,,,,,
A2394,Barry Julian,,,,1,,1,1,2385,Management,high,,,,,,,,,
A2395,Ron Meneo,Ron Michael Meneo,,,1,,1,2,2385,Coordination; Settlement,high,,,,,,,,,
A2396,Shawn J. Wanta,,,,1,Baillon Thume Jozwiak Miller & Wanta LLP; Baillon Thome Jozwiak & Wanta LLP; BAILLON THOME JOZWIAK & WANTA LLP,2,3,"2359, 2564",ClassCounsel; Discovery; LeadCounsel; Management,high,,,,,,,,,
A2397,Mariana Cole,,,,1,,1,1,2359,Discovery,high,,,,,,,,,
A2398,Victoria Romanenko,,,,1,,1,1,2359,Discovery,high,,,,,,,,,
A2399,Brian Fox,,,,1,,1,1,2359,Discovery,high,,,,,,,,,
A2400,Robin Switzenbaum,,,,1,,1,1,2359,Motions,high,,,,,,,,,
A2401,Frances Baillon,,,,1,,1,1,2359,Motions,high,,,,,,,,,
A2402,Lawrence Deutsch,,,,1,,1,1,2359,Motions,high,,,,,,,,,
A2403,Sobol,,,,1,,1,1,2409,LeadCounsel,high,,,,,,,,,
A2404,Gerstein,,,,1,,1,1,2409,LeadCounsel,high,,,,,,,,,
A2405,Sorensen,,,,1,,1,1,2409,LeadCounsel,high,,,,,,,,,
A2406,Keith Keogh,Keith J. Keogh,,,1,"Keogh Law, Ltd.; Keogh Law Ltd.; Keogh Law, LTD",2,3,"2416, 2478",ClassCounsel; Communications; LeadCounsel,high,,,,,,,,,
A2407,Stephen P. DeNittis,Stephen Denittis,,,1,"DeNittis Osefchen, P.C.; Denittis Osefchen Prince, P.C.",3,3,"2439, 2588, 2903",ClassCounsel; LeadCounsel; Management,high,,,,,,,,,
A2408,Sean F. Rommel,,,,1,,1,1,2430,LeadCounsel,high,,,,,,,,,
A2409,F. Jerome Tapley,,,,1,,1,1,2430,LeadCounsel,high,,,,,,,,,
A2410,Caroline F. Bartlett,Caroline Fabend Bartlett,Caroline Bartlett,,1,Carella Byrne Cecchi Brody Agnello P.C.; Carella Byrne,4,6,"2415, 2973, 3055, 3108",Communications; Discovery; LeadCounsel; Management,high,,,,,,,,,
A2411,Olha N.M. Rybakoff,,,,1,Tennessee Attorney General's Office,1,1,2446,LeadCounsel,high,,,,,,,,,
A2412,Gregory C. Strong,,,,1,Delaware Department of Justice,1,1,2446,Communications,high,,,,,,,,,
A2413,Thomas Shapiro,,,,1,"Shapiro, Haber, & Urmy LLP",1,1,2409,Management,high,,,,,,,,,
A2414,Samuel Rudman,,,,1,,1,1,2450,LeadCounsel,high,,,,,,,,,
A2415,Steven Jaffe,,,,1,,1,1,2450,Management,high,,,,,,,,,
A2416,Scott E. Silbert,,,,1,,1,1,2454,Communications; Management,high,,,,,,,,,
A2417,Craig Watson,,,,1,,1,1,2454,Communications,high,,,,,,,,,
A2418,Anthony De Los Reyes,,,,1,,1,1,2454,Management,high,,,,,,,,,
A2419,Gregory L. Bentley,,,,1,,1,1,2454,Management,high,,,,,,,,,
A2420,Michael J. Ecuyer,,,,1,,1,1,2454,Management,high,,,,,,,,,
A2421,W. Michael Hingle,,,,1,,1,1,2454,Management,high,,,,,,,,,
A2422,Peter Durney,,,,1,,1,1,2454,Management,high,,,,,,,,,
A2423,Daniel M. Hodes,,,,1,,1,1,2454,Management,high,,,,,,,,,
A2424,"Garth D. Wojtanowicz, Esq.",Garth D. Wojtanowicz,,,1,HAGENS BERMAN SOBOL SHAPIRO LLP,1,2,2455,ClassCounsel,high,,,,,,,,,
A2425,Eric Lechtzin,,,,1,"Berger & Montague, P.C.; Berger & Montague",1,2,2474,ClassCounsel; LeadCounsel,high,,,,,,,,,
A2426,R. Seth Crompton,,,,1,Holland Law Firm,1,1,2474,ClassCounsel,high,,,,,,,,,
A2427,Lewis Goldfarb,,,,1,"McElroy, Deutsch, Mulvaney & Carpenter, LLP",1,2,2471,Communications,high,,,,,,,,,
A2428,Adam Voyles,,,,1,,1,1,2443,Management,high,,,,,,,,,
A2429,Douglas Campbell,,,,1,,1,1,2443,Management,high,,,,,,,,,
A2430,Jason Richards,,,,1,"Aylstock Witkin Kreis & Overholtz, PLLC",1,1,2458,Management,high,,,,,,,,,
A2431,Rosemary Pinto,,,,1,Feldman and Pinto,1,1,2458,Management,high,,,,,,,,,
A2432,Craig J. Mariam,,,,1,"Gordon & Rees, LLP",1,1,2478,Communications,high,,,,,,,,,
A2433,Thomas C. Blatchley,,,,1,"Gordon & Rees, LLP",1,1,2478,Communications,high,,,,,,,,,
A2434,Allison Fernandez,,,,1,"Gordon & Rees, LLP",1,1,2478,Communications,high,,,,,,,,,
A2435,Sergei Lemberg,,,,1,Lemberg Law LLC,1,1,2478,ClassCounsel; LeadCounsel,high,,,,,,,,,
A2436,Brad E. Seidel,Brad Seidel,,,1,"Nix, Patterson & Roach, LLP",1,2,2502,Management,high,,,,,,,,,
A2437,Nelson J. Roach,,,,1,"Nix, Patterson & Roach, LLP",1,1,2502,Management,high,,,,,,,,,
A2438,Stewart M. Weltman,,,,1,Stewart M. Weltman LLC,1,1,2491,Management,high,,,,,,,,,
A2439,Derek Y. Brandt,Derek Brandt,,,1,"Simmons, Browder Gianaris Angelides & Barnerd, LLC; McCune Wright Arevalo, LLP",2,2,"2519, 2993",ClassCounsel; Communications,high,,,,,,,,,
A2440,Solomon B. Cera,,,,1,Gold Bennett Cera & Sidener LLP; Cera LLP,1,2,2508,ClassCounsel; Settlement,high,,,,,,,,,
A2441,"Scott N. Brown, Jr.",Scott N. Brown,,,1,"Spears, Moore, Rebman & Williams, P.C.",1,2,2508,Communications; Settlement,high,,,,,,,,,
A2442,Terence S. Ziegler,,,,1,"Kessler Topaz Meltzer & Check, LLP",1,1,2508,Settlement,high,,,,,,,,,
A2443,Ronald J. Berke,,,,1,"Berke, Berke, & Berke",1,1,2508,Settlement,high,,,,,,,,,
A2444,Charles Barrett,,,,1,"Neal & Harwell, PLC; The Barrett Law Group",2,4,"2508, 3032",Communications; Settlement,high,,,,,,,,,
A2445,Roger W. Dickson,,,,1,"Miller & Martin, PLLC",1,1,2508,Settlement,high,,,,,,,,,
A2446,Joseph A. Ostoyich,,,,1,"Baker Botts, L.L.P",1,1,2508,Settlement,high,,,,,,,,,
A2447,J. Alan Truitt,,,,1,"Maynard, Cooper & Gale, P.C.",1,1,2508,Settlement,high,,,,,,,,,
A2448,John P. Konvalinka,,,,1,"Grant, Konvalinka & Harrison, PC",1,1,2508,Settlement,high,,,,,,,,,
A2449,J. Andrew Meyer,,,,1,,1,1,2513,ClassCounsel,high,,,,,,,,,
A2450,"Ernest F. Koschineg, III",,,,1,"Cipriani & Werner, P.C.",1,1,2511,LeadCounsel,high,,,,,,,,,
A2451,John Mark Griffin,,,,1,"Warren and Griffin, P.C.",1,1,2508,Communications,high,,,,,,,,,
A2452,David T. Butsch,,,,1,Butsch Roberts & Associates LLC,1,1,2564,Management,high,,,,,,,,,
A2453,Daniel T. Brier,,,,1,Myers Brier & Kelly LLP,1,1,2532,Communications,high,,,,,,,,,
A2454,Frank J. Brier,,,,1,Myers Brier & Kelly LLP,1,1,2532,Communications,high,,,,,,,,,
A2455,John B. Dempsey,,,,1,Myers Brier & Kelly LLP,1,1,2532,Communications,high,,,,,,,,,
A2456,David Steelman,,,,1,"Steelman, Gaunt & Horsefield",1,1,2562,Management,high,,,,,,,,,
A2457,David Wise,,,,1,"Wise & Donahue, PLC",1,1,2514,Management,high,,,,,,,,,
A2458,John P. Mandler,,,,1,Faegre Baker Daniels LLP,1,1,2514,LeadCounsel,high,,,,,,,,,
A2459,Richard J. Burke,Richard Burke,,,1,"QUANTUM LEGAL, LLC; Quantum Legal, LLC",1,2,2540,ClassCounsel; LeadCounsel,high,,,,,,,,,
A2460,Mary Beth Gibson,,,,1,,1,1,2583,Management,high,,,,,,,,,
A2461,Jeremy Williams,,,,1,"WHITFIELD BRYSON & MASON, LLP",1,1,2577,ClassCounsel; LeadCounsel,high,,,,,,,,,
A2462,Lindsey H. Taylor,,,,1,"CARELLA, BYRNE, CECCHI, OLSTEIN, BRODY & AGNELLO, P.C.",1,1,2577,ClassCounsel; Communications,high,,,,,,,,,
A2463,Jack Landskroner,,,,1,"LANDSKRONER, GRIECO, MERRIMAN, LLC; Landskroner, Grieco, Merriman, LLC",1,2,2577,ClassCounsel; Management,high,,,,,,,,,
A2464,Joseph B. Kenney,,,,1,Chimicles & Tikellis LLP,1,1,2577,Management,high,,,,,,,,,
A2465,Andrew J. Rossman,,,,1,"Quinn Emanuel Urquhart & Sullivan, LLP",1,1,2577,Communications; LeadCounsel,high,,,,,,,,,
A2466,Ronald Levine,,,,1,"Herrick, Feinstein LLP",1,1,2577,LocalCounsel,high,,,,,,,,,
A2467,Barrett J. Vahle,,,,1,Stueve Siegel Hanson LLP,1,3,2583,ClassCounsel; LeadCounsel; Management,high,,,,,,,,,
A2468,John R. Bevis,,,,1,"The Barnes Law Group, LLC; Barnes Law Group, LLC",2,4,"2583, 3115",ClassCounsel; Communications; LeadCounsel; Management,high,,,,,,,,,
A2469,James M. Evangelista,,,,1,"Harris Penn Lowry, LLP; Harris Penn Lowry LLP",1,3,2583,ClassCounsel; LeadCounsel; Management,high,,,,,,,,,
A2470,Eve Cervantez,Eve H. Cervantez,,,1,Altshuler Berzon LLP,1,6,2617,ClassCounsel; Communications; LeadCounsel,high,,,,,,,,,
A2471,Steven A. Gibbins,,,,1,Law Office of Steve Gibbins,1,1,2588,Communications,high,,,,,,,,,
A2472,William H. Anderson,,,,1,"Cuneo Gilbert & LaDuca, LLP",1,1,2588,ClassCounsel; LeadCounsel,high,,,,,,,,,
A2473,Howard Longman,Howard T. Longman,,,1,"Stull, Stull & Brody",2,3,"2583, 2972",Management,high,,,,,,,,,
A2474,Meredith Johnson,,,,1,,1,1,2617,LeadCounsel,high,,,,,,,,,
A2475,Mark Troutman,,,,1,"Isaac, Wiles, Burkholder & Teeter, LLC; Isaac Wiles Burkholder & Teetor, LLC",1,2,2661,Communications,high,,,,,,,,,
A2476,Gregory Travalio,,,,1,"Isaac, Wiles, Burkholder & Teeter, LLC; Isaac Wiles Burkholder & Teetor, LLC",1,2,2661,Communications,high,,,,,,,,,
A2477,W. Pitts Carr,,,,1,"W. Pitts Carr and Associates, PC",1,1,2583,Communications; Management,high,,,,,,,,,
A2478,Daniel Petrocelli,,,,1,O’Melveny & Myers LLP,1,1,2639,LeadCounsel,high,,,,,,,,,
A2479,Paul B. Derby,,,,1,Derby Curtis LLP,1,1,2639,Communications,high,,,,,,,,,
A2480,Jeffrey Barker,,,,1,O’Melveny & Myers LLP,1,1,2639,Communications,high,,,,,,,,,
A2481,David K. Stein,,,,1,Gibbs Law Group LLP,1,1,2661,LeadCounsel,high,,,,,,,,,
A2482,Kenneth M. Rothweiler,,,,1,"Eisenberg, Rothweiler, Winkler, Eisenberg & Jeck, P.C.",1,1,2654,Management,high,,,,,,,,,
A2483,Judith A. Livingston,,,,1,"Kramer, Dillof, Livingston & Moore",1,1,2654,Management,high,,,,,,,,,
A2484,Robert J. Mongeluzzi,,,,1,"Saltz, Mongeluzzi, Barrett & Bendesky, P.C.",1,1,2654,Management,high,,,,,,,,,
A2485,David E. Keglovits,David Keglovits,,,1,GableGotwals,1,2,2700,ClassCounsel; LeadCounsel,high,,,,,,,,,
A2486,Matthew E. Lee,,,,1,"Whitfield Bryson & Mason LLP; MILBERG COLEMAN BRYSON PHILLIPS GROSSMAN, PLLC",2,5,"2688, 3035",ClassCounsel; LeadCounsel; Management,high,,,,,,,,,
A2487,Howard I. Langer,,,,1,"Langer, Grogan & Diver L.L.P.; Langer, Grogan & Diver, P.C.",1,2,2668,ClassCounsel; LeadCounsel,high,,,,,,,,,
A2488,Scott Martin,,,,1,Hausfeld LLP,1,2,2668,ClassCounsel; LeadCounsel,high,,,,,,,,,
A2489,Jonathan A. Sorkowitz,,,,1,Law Offices of Jonathan A. Sorkowitz; Pierce Bainbridge Beck Price & Hecht LLP,1,3,2903,Management,high,,,,,,,,,
A2490,Demet Basar,,,,1,"Beasley, Allen, Crow, Methvin, Portis & Miles, P.C.; Wolf Haldenstein Adler Freeman & Herz LLP",2,6,"2903, 3051",ClassCounsel; LeadCounsel; Management,high,,,,,,,,,
A2491,Lee Albert,,,,1,"Glancy, Prognay & Murray LLP",1,1,2668,Management,high,,,,,,,,,
A2492,Charles J. Crueger,,,,1,Hansen Reynolds Dickinson Crueger LLC,1,1,2688,Communications,high,,,,,,,,,
A2493,Paul E. Benson,,,,1,Michael Best & Friedrich LLP,1,1,2688,Communications,high,,,,,,,,,
A2494,Joseph L. Olson,,,,1,Michael Best & Friedrich LLP,1,1,2688,Communications,high,,,,,,,,,
A2495,Michael P. North,,,,1,"Arthur Chapman Kettering Smetak Pikala, P.A.",1,1,2688,LeadCounsel,high,,,,,,,,,
A2496,James Eubank,,,,1,"Beasley, Allen, Crow, Methvin, Portis & Miles, P.C.",1,3,2903,ClassCounsel,high,,,,,,,,,
A2497,Paul Evans,Paul W. Evans,,,1,"Beasley, Allen, Crow, Methvin, Portis & Miles, P.C.",2,4,"2903, 3149",ClassCounsel; Management,high,,,,,,,,,
A2498,Smart Davidson,,,,1,,1,1,2904,LeadCounsel,high,,,,,,,,,
A2499,Scott Bursor,,,,1,,1,2,2904,Communications,high,,,,,,,,,
A2500,Todd C. Werts,,,,1,,1,2,2904,Management,high,,,,,,,,,
A2501,Gretchen Freeman Cappio,Gretchen F. Cappio,,,1,"Keller Rohrback LLP; Keller Rohrback, LLP; KELLER ROHRBACK LLP; Keller Rohrback L.L.P.",4,6,"2905, 2972, 3052, 3107",Management,high,,,,,,,,,
A2502,Stephen Zack,,,,1,Boies Schiller Flexner LLP,1,1,2905,Management,high,,,,,,,,,
A2503,Daniel Tepper,,,,1,Wolf Haldenstein Adler Freeman & Herz LLP,1,1,2903,LeadCounsel,high,,,,,,,,,
A2504,Kate M. McGuire,,,,1,Wolf Haldenstein Adler Freeman & Herz LLP,1,1,2903,LeadCounsel,high,,,,,,,,,
A2505,Daniel Smolen,,,,1,Smolen & Roytman,1,1,2903,Management,high,,,,,,,,,
A2506,Sarah London,Sarah R. London,,,1,"Lieff Cabraser Heimann & Bernstein, LLP",2,2,"2913, 3084",Communications; LeadCounsel; Management,high,,,,,,,,,
A2507,Joseph VanZandt,Joseph Van Zandt,,,1,,2,5,"2913, 3047",Coordination; Management,high,,,,,,,,,
A2508,David L. Raiser,,,,1,King & Spalding LLP,1,1,2915,LeadCounsel,high,,,,,,,,,
A2509,Robert Angle,,,,1,Troutman Sanders LLP,1,1,2915,LocalCounsel,high,,,,,,,,,
A2510,Mary C. Zinsner,,,,1,Troutman Sanders LLP,1,1,2915,LocalCounsel,high,,,,,,,,,
A2511,Christopher T. Micheletti,Christopher Micheletti,,,1,Zelle LLP,2,5,"2918, 3107",ClassCounsel; LeadCounsel; Management,high,,,,,,,,,
A2512,Qianwei Fu,,,,1,Zelle LLP,1,1,2918,ClassCounsel,high,,,,,,,,,
A2513,Ellen G. Jalkut,,,,1,Robins Kaplan LLP,1,1,2918,ClassCounsel,high,,,,,,,,,
A2514,Marc Gather,,,,1,,1,1,2904,Management,high,,,,,,,,,
A2515,Todd S. Gather,,,,1,,1,1,2904,Management,high,,,,,,,,,
A2516,William V. Reiss,,,,1,Robins Kaplan LLP,1,2,2918,ClassCounsel,high,,,,,,,,,
A2517,Aaron M. Sheanin,,,,1,Robins Kaplan LLP,1,2,2918,ClassCounsel; LeadCounsel,high,,,,,,,,,
A2518,Christopher Gold,,,,1,,1,1,2921,Management,high,,,,,,,,,
A2519,Sarah T. Hansel,,,,1,Motley Rice LLC,1,1,2921,Management,high,,,,,,,,,
A2520,Dory P. Antullis,,,,1,Robbins Geller Rudman & Dowd LLP,1,1,2921,Management,high,,,,,,,,,
A2521,Christian E. Hudson,,,,1,"Cuneo Gilbert & LaDuca, LLP",1,1,2918,ClassCounsel,high,,,,,,,,,
A2522,Victoria Sims,,,,1,"Cuneo Gilbert & LaDuca, LLP",1,1,2918,ClassCounsel; LeadCounsel,high,,,,,,,,,
A2523,Joanne M. O’Connor,,,,1,,1,1,2924,Communications,high,,,,,,,,,
A2524,Adam Pulaski,,,,1,"PULASKI KHERKHER, PLLC",1,3,2924,LeadCounsel; Vetting,high,,,,,,,,,
A2525,Andrew Bayman,Andrew T. Bayman,,,1,King & Spalding; KING & SPALDING LLP,1,2,2924,LeadCounsel; Management,high,,,,,,,,,
A2526,Thomas Yoo,Thomas J. Yoo,,,1,Holland & Knight; HOLLAND & KNIGHT LLP,1,2,2924,Communications,high,,,,,,,,,
A2527,Richard Barnes,Richard M. Barnes,,,1,"Goodell Devries; GOODELL, DEVRIES, LEECH & DANN, LLP",1,2,2924,Communications,high,,,,,,,,,
A2528,Frank Maderal,,,,1,,1,2,2924,ProSe,high,,,,,,,,,
A2529,Luke Bosso,,,,1,KING & SPALDING LLP,1,1,2924,Management,high,,,,,,,,,
A2530,TaCara Harris,,,,1,KING & SPALDING LLP,1,1,2924,Management,high,,,,,,,,,
A2531,Nur Kara,,,,1,DLA PIPER LLP (US),1,1,2924,Management,high,,,,,,,,,
A2532,Rachel Leary,,,,1,DECHERT LLP,1,1,2924,Management,high,,,,,,,,,
A2533,Emma Nino,,,,1,WILLIAMS & CONNOLLY LLP,1,1,2924,Management,high,,,,,,,,,
A2534,Oluoma Kas-Osoka,,,,1,ARNOLD & PORTER KAYE SCHOLER LLP,1,1,2924,Management,high,,,,,,,,,
A2535,Sharon Turret,,,,1,DECHERT LLP,1,1,2924,Management,high,,,,,,,,,
A2536,Francisco R. Maderal,Francisco Maderal,,,1,Maderal Byrne PLLC; Colson Hicks Edison,2,5,"2924, 2973",Communications; Management,high,,,,,,,,,
A2537,Alden Atkins,,,,1,Vinson & Elkins LLP,1,1,2925,Communications,high,,,,,,,,,
A2538,Athena Dickson,,,,1,Siro Smith Dickson Law Firm; SIRO SMITH DICKSON LAW FIRM,1,7,2936,ClassCounsel; Communications; Management,high,,,,,,,,,
A2539,Tricia Campbell,,,,1,"LANGDON & EMISON; Krause & Kinsman; Langdon & Emison; Langdon & Emison, LLC",2,8,"2936, 3043",ClassCounsel; Management; Settlement,high,,,,,,,,,
A2540,John R. Malkinson,,,,1,Malkinson & Halpern PC,1,2,2931,Management,high,,,,,,,,,
A2541,Ashley C. Keller,Ashley Keller,,,1,,2,5,"2924, 3043",LeadCounsel; Management; Motions,high,,,,,,,,,
A2542,Paige Boldt,,,,1,WATTS GUERRA LLP,2,5,"2924, 3047",Management,high,,,,,,,,,
A2543,Je Yon Jung,,,,1,"MAY LIGHTFOOT, PLLC",1,2,2924,Management,high,,,,,,,,,
A2544,Adam Krause,Adam William Krause,,,1,"KRAUSE AND KINSMAN, LLC",1,2,2924,Management,high,,,,,,,,,
A2545,Nicola Larmond-Harvey,,,,1,"SAUNDERS & WALKER, P.A.",1,2,2924,Management,high,,,,,,,,,
A2546,Brooke Achua,,,,1,,1,1,2924,Management,high,,,,,,,,,
A2547,Harrison Biggs,,,,1,,1,1,2924,Management,high,,,,,,,,,
A2548,Lea Bucciero,,,,1,,1,1,2924,Management,high,,,,,,,,,
A2549,Alexander Cohen,,,,1,,1,1,2924,Management,high,,,,,,,,,
A2550,Kendra Goldhirsch,,,,1,,1,1,2924,Management,high,,,,,,,,,
A2551,Noah Heinz,,,,1,,1,1,2924,Management,high,,,,,,,,,
A2552,Catelyn McDonough,,,,1,,1,1,2924,Management,high,,,,,,,,,
A2553,Caroline McGlamry,,,,1,,1,1,2924,Management,high,,,,,,,,,
A2554,Madeline Pendley,,,,1,,1,1,2924,Management,high,,,,,,,,,
A2555,Laura Stemkowski,,,,1,,2,2,"2924, 3101",Management,high,,,,,,,,,
A2556,Daniel Tropin,,,,1,,1,1,2924,Management,high,,,,,,,,,
A2557,Michael O’Neil,,,,1,Reed Smith LLP,1,1,2933,LeadCounsel,high,,,,,,,,,
A2558,Robert B. Remar,,,,1,Rogers & Hardin LLP,1,1,2933,Communications,high,,,,,,,,,
A2559,Albert E. Hartmann,,,,1,Reed Smith LLP,1,1,2933,Communications,high,,,,,,,,,
A2560,Leonard Bennett,Leonard A. Bennett,,,1,"Consumer Litigation Associates, P.C.",2,3,"2933, 3128",ClassCounsel; Management,high,,,,,,,,,
A2561,Craig Marchiando,,,,1,"Consumer Litigation Associates, P.C.",1,2,2933,ClassCounsel,high,,,,,,,,,
A2562,Kristi Kelly,,,,1,"Kelly Guzzo PLC; Kelly Guzzo, PLC",2,3,"2933, 3128",ClassCounsel; LeadCounsel,high,,,,,,,,,
A2563,Andrew Guzzo,,,,1,Kelly Guzzo PLC,1,2,2933,ClassCounsel,high,,,,,,,,,
A2564,Joseph C. Hashmall,,,,1,Berger Montague PC,1,2,2933,ClassCounsel,high,,,,,,,,,
A2565,James Francis,,,,1,Francis Mailman Soumilas P.C.,1,2,2933,ClassCounsel,high,,,,,,,,,
A2566,John Soumilas,,,,1,Francis Mailman Soumilas P.C.,1,2,2933,ClassCounsel,high,,,,,,,,,
A2567,Lauren KW Brennan,,,,1,Francis Mailman Soumilas P.C.,1,2,2933,ClassCounsel,high,,,,,,,,,
A2568,"Robert C. Khayat, Jr",,,,1,Khayat Law Firm,1,2,2933,ClassCounsel,high,,,,,,,,,
A2569,Daniel S. Pariser,,,,1,ARNOLD & PORTER KAYE SCHOLER LLP,1,1,2924,Management,high,,,,,,,,,
A2570,Paige H. Sharpe,,,,1,ARNOLD & PORTER KAYE SCHOLER LLP,1,1,2924,Management,high,,,,,,,,,
A2571,Judy L. Leone,,,,1,DECHERT LLP,1,1,2924,Management,high,,,,,,,,,
A2572,Will W. Sachse,,,,1,DECHERT LLP,1,1,2924,Management,high,,,,,,,,,
A2573,Ilana H. Eisenstein,,,,1,DLA PIPER LLP,1,1,2924,Management,high,,,,,,,,,
A2574,Robert B. Friedman,,,,1,KING & SPALDING LLP,1,1,2924,Management,high,,,,,,,,,
A2575,Eva Canaan,,,,1,KING & SPALDING LLP,1,1,2924,Management,high,,,,,,,,,
A2576,Michael B. Shortnacy,,,,1,KING & SPALDING LLP,1,1,2924,Management,high,,,,,,,,,
A2577,Thomas J. Sheehan,,,,1,PHILLIPS LYTLE LLP,1,1,2924,Management,high,,,,,,,,,
A2578,Patrick L. Oot,,,,1,SHOOK HARDY & BACON,1,1,2924,Management,high,,,,,,,,,
A2579,M. Elaine Horn,,,,1,WILLIAMS & CONNOLLY LLP,1,1,2924,Management,high,,,,,,,,,
A2580,Jessica B. Rydstrom,Jessica Bodger Rydstrom,,,1,WILLIAMS & CONNOLLY LLP; Williams & Connolly,2,2,"2924, 3140",Coordination; Management,high,,,,,,,,,
A2581,Tommy Huynh,,,,1,ARNOLD & PORTER KAYE SCHOLER LLP,1,1,2924,Management,high,,,,,,,,,
A2582,Lindsey B. Cohan,,,,1,DECHERT LLP,1,1,2924,Management,high,,,,,,,,,
A2583,Caroline Power,,,,1,DECHERT LLP,1,1,2924,Management,high,,,,,,,,,
A2584,Jonathan S. Tam,,,,1,DECHERT LLP,1,1,2924,Management,high,,,,,,,,,
A2585,Katherine W. Insogna,,,,1,DLA PIPER LLP,1,1,2924,Management,high,,,,,,,,,
A2586,Leeanne S. Mancari,,,,1,DLA PIPER LLP,1,1,2924,Management,high,,,,,,,,,
A2587,Mark A. Sentenac,,,,1,KING & SPALDING LLP,1,1,2924,Management,high,,,,,,,,,
A2588,Julia Zousmer,,,,1,KING & SPALDING LLP,1,1,2924,Management,high,,,,,,,,,
A2589,Hope E. Daily,,,,1,WILLIAMS & CONNOLLY LLP,1,1,2924,Management,high,,,,,,,,,
A2590,Michelle L. Hood,,,,1,WILLIAMS & CONNOLLY LLP,1,1,2924,Management,high,,,,,,,,,
A2591,Annie E. Schowalter,,,,1,WILLIAMS & CONNOLLY LLP,1,1,2924,Management,high,,,,,,,,,
A2592,Dirk Hubbard,,,,1,"Horn Aylward & Bandy, LLC; HORN AYLWARD & BANDY, LLC",1,6,2936,ClassCounsel; Communications; Discovery; Expert; LeadCounsel; Management; Motions,high,,,,,,,,,
A2593,Bryan White,Bryan T. White,,,1,"White, Graham, Buckley & Carr, L.L.C.; WHITE, GRAHAM, BUCKLEY, & CARR, L.L.C",1,6,2936,ClassCounsel; Discovery; Expert; LeadCounsel; Management; Motions,high,,,,,,,,,
A2594,Clayton Jones,,,,1,"Clayton Jones Law Firm; CLAYTON JONES, ATTORNEY AT LAW",1,6,2936,ClassCounsel; Discovery; Expert; LeadCounsel; Management; Motions,high,,,,,,,,,
A2595,Gretchen Garrison,,,,1,"Gray Ritter Graham; Gray, Ritter, Graham",1,3,2936,ClassCounsel,high,,,,,,,,,
A2596,Morry Cole,,,,1,"Gray, Ritter, Graham",1,1,2936,ClassCounsel,high,,,,,,,,,
A2597,John Emerson,John G. Emerson,,,1,"Emerson Firm, PLLC; EMERSON FIRM, PLLC",1,6,2936,ClassCounsel; Management,high,,,,,,,,,
A2598,Mark Bryant,Mark. P. Bryant,,,1,"Bryant Law Center, P.S.C.; BRYANT LAW CENTER, P.S.C.",1,6,2936,ClassCounsel; Management,high,,,,,,,,,
A2599,Teris Swanson,,,,1,"Bryant Law Center, P.S.C.",1,1,2936,ClassCounsel,high,,,,,,,,,
A2600,Christopher Jennings,Christopher D. Jennings,,,1,Johnson Firm; Jennings PLLC; JOHNSON FIRM,1,6,2936,ClassCounsel; Discovery; Motions,high,,,,,,,,,
A2601,Stephen Basser,Stephen R. Basser,,,1,"Barrack, Rodos & Bacine; BARRACK, RODOS & BACINE; Barrack Rodos & Bacine; BARRACK RODOS & BACINE",4,9,"2936, 2948, 3040, 3078",ClassCounsel; Discovery; Management; Motions,high,,,,,,,,,
A2602,Paul Lundberg,Paul D. Lundberg,,,1,"Lundberg Law Firm, P.L.C.; LUNDBERG LAW FIRM, P.L.C.",1,6,2936,ClassCounsel; Expert,high,,,,,,,,,
A2603,James Malters,,,,1,"Malters, Shepher & Von Holtum; Malters, Shepherd & Von Holtum",1,5,2936,ClassCounsel,high,,,,,,,,,
A2604,Zachary Anderson,Zachary T. Anderson,,,1,"Bolen Robinson & Ellis, LLP; BOLEN ROBINSON & ELLIS, LLP",1,6,2936,ClassCounsel; Management,high,,,,,,,,,
A2605,Martha A. Geer,Martha Geer,,,1,"Milberg Coleman Bryson Phillips Grossman, PLLC; Milberg Coleman Bryson Phillips Grossman PLLC; Whitfield Bryson LLP",2,4,"2938, 2988",ClassCounsel; LeadCounsel,high,,,,,,,,,
A2606,Gene Graham,,,,1,"White, Graham, Buckley & Carr, L.L.C.",1,2,2936,ClassCounsel,high,,,,,,,,,
A2607,Bill Carr,,,,1,"White, Graham, Buckley & Carr, L.L.C.",1,2,2936,ClassCounsel,high,,,,,,,,,
A2608,Patricia Campbell,,,,1,Krause & Kinsman; Wagstaff & Cartmell,1,2,2936,ClassCounsel,high,,,,,,,,,
A2609,Sam Ward,,,,1,"Barrack, Rodos & Bacine",1,2,2936,ClassCounsel,high,,,,,,,,,
A2610,Ekwan Rhow,Ekwan Eric Rhow,,,1,"BIRD, MARELLA, BOXER, WOLPERT, NESSIM, DROOKS, LINCENBERG & RHOW, P.C.; Bird, Marella, Boxer, Wolpert, Nessim, Drooks, Lincenberg & Rhow, P.C.",1,3,2948,ClassCounsel; LeadCounsel,high,,,,,,,,,
A2611,James Towe,,,,1,,1,1,2949,Management,high,,,,,,,,,
A2612,Christopher Yuhl,,,,1,,1,1,2949,Management,high,,,,,,,,,
A2613,John M. Sandy,,,,1,"SANDY LAW FIRM, P.C.",1,1,2936,Expert,high,,,,,,,,,
A2614,Edward F. Haber,,,,1,"Shapiro Haber & Urmy, LLP",1,1,2938,Communications,high,,,,,,,,,
A2615,Alison E. Chase,,,,1,Keller Rohrback LLP,1,1,2938,Management,high,,,,,,,,,
A2616,Mark R. Rosen,,,,1,"Barrack, Rodos & Bacine",1,1,2938,Management,high,,,,,,,,,
A2617,Tiasha Palikovic,,,,1,Wittels McInturff Palikovic,1,1,2951,ClassCounsel; LeadCounsel,high,,,,,,,,,
A2618,Lauren S. Miller,Lauren Sanderson Miller,,,1,"Hagens Berman Sobol Shapiro LLP; CORY WATSON, P.C.",2,3,"2924, 3014",Management,high,,,,,,,,,
A2619,Sarah N. Westcot,,,,1,"Bursor & Fisher; BURSOR & FISHER, P.A.",3,4,"2924, 2985, 3001",Management,high,,,,,,,,,
A2620,Mark J. Connot,,,,1,Fox Rothschild LLP,1,1,2945,LeadCounsel,high,,,,,,,,,
A2621,Mark D. Taylor,,,,1,Baker McKenzie,1,1,2945,LeadCounsel,high,,,,,,,,,
A2622,Michael E. Brewer,,,,1,Baker McKenzie,1,1,2945,LeadCounsel,high,,,,,,,,,
A2623,Michael Matula,,,,1,Ogletree Deakins,1,1,2945,LeadCounsel,high,,,,,,,,,
A2624,Brandon Gaskins,,,,1,Moore & Van Allen PLLC,1,1,2945,Communications,high,,,,,,,,,
A2625,Julien Adams,,,,1,"Dovel & Luner, LLP",2,4,"2955, 3043",ClassCounsel; LeadCounsel; Management,high,,,,,,,,,
A2626,Bradley T. Wilders,,,,1,"Stueve Siegel Hanson, LLP",1,1,2955,ClassCounsel; LeadCounsel,high,,,,,,,,,
A2627,Shannon Marie McNulty,,,,1,"Clifford Law Offices, P.C.",1,2,2948,ClassCounsel; Communications,high,,,,,,,,,
A2628,Jonathan Jagher,,,,1,Freed Kanner London & Millen LLC,3,5,"2948, 3025, 3083",ClassCounsel; Management; Settlement,high,,,,,,,,,
A2629,Michael Gervais,,,,1,Susman Godfrey LLP,1,2,2948,ClassCounsel; Management,high,,,,,,,,,
A2630,Amanda K. Klevorn,,,,1,Burns Charest LLP,2,4,"2948, 3052",ClassCounsel; Discovery; Management,high,,,,,,,,,
A2631,Albert Y. Chang,,,,1,"Bottini & Bottini, Inc.",2,4,"2948, 3149",ClassCounsel; Management,high,,,,,,,,,
A2632,Paul James,,,,1,"James & Carter, PLC",1,1,2949,Communications,high,,,,,,,,,
A2633,George E. McLaughlin,,,,1,"Warshauer McLaughlin Law Group, P.C.",2,3,"2949, 3044",Bellwether; Discovery; Expert; LeadCounsel; Motions,high,,,,,,,,,
A2634,N. Kirkland Pope,,,,1,"Pope McGlamry, P.C.",1,1,2949,LeadCounsel,high,,,,,,,,,
A2635,Murray Wells,,,,1,Wells and Associates,1,1,2949,Coordination,high,,,,,,,,,
A2636,Carey Alexander,,,,1,"Scott & Scott Attorneys at Law LLP; SCOTT & SCOTT, ATTORNEYS AT LAW, LLP",2,2,"2948, 3074",Management,high,,,,,,,,,
A2637,Kate M. Baxter-Kauf,,,,1,Lockridge Grindal Nauen PLLP; LOCKRIDGE GRINDAL NAUEN P.L.L.P.,2,2,"2948, 3074",LeadCounsel; Management,high,,,,,,,,,
A2638,Israel David,,,,1,Israel David LLC,2,2,"2948, 3096",Communications; Management,high,,,,,,,,,
A2639,Tyler S. Graden,,,,1,"Kessler, Topaz, Meltzer, & Check, LLP; KESSLER TOPAZ MELTZER CHECK LLP",2,2,"2948, 3149",Management,high,,,,,,,,,
A2640,John Herman,,,,1,Herman Jones LLP,1,1,2948,Management,high,,,,,,,,,
A2641,Bryan P. Thompson,,,,1,"Chicago Consumer Law Center, P.C.",1,1,2948,Management,high,,,,,,,,,
A2642,Bronwyn F. Pollock,,,,1,Mayer Brown LLP,1,1,2968,LeadCounsel,high,,,,,,,,,
A2643,Christopher James Houpt,,,,1,Mayer Brown LLP (NY),1,1,2968,Communications,high,,,,,,,,,
A2644,Sean Burke,,,,1,Duane Morris LLP,1,1,2949,Communications; LeadCounsel,high,,,,,,,,,
A2645,Dana Ash,,,,1,Duane Morris LLP,1,1,2949,LeadCounsel,high,,,,,,,,,
A2646,Julie Park,,,,1,Morrison & Foerster LLP,1,1,2949,LeadCounsel,high,,,,,,,,,
A2647,Anthony J. Weibell,,,,1,"Wilson Sonsini Goodrich & Rosati, P.C.",1,1,2948,LeadCounsel,high,,,,,,,,,
A2648,George L. Stewart,,,,1,"Reed Smith, LLP",1,2,2969,Communications; Management,high,,,,,,,,,
A2649,"John ""Jack"" Goodrich",John “Jack” Goodrich,,,1,"Goodrich & Associates, P.C.",1,2,2969,Coordination; Management,high,,,,,,,,,
A2650,"William F. ""Chip"" Merlin, Jr.",William “Chip” F. Merlin,,,1,Merlin Law Group,1,2,2969,Management,high,,,,,,,,,
A2651,Marlon Kimpson,,,,1,Motley Rice LLC,1,2,2972,ClassCounsel; LeadCounsel,high,,,,,,,,,
A2652,Krysta Pachman,,,,1,Susman Godfrey LLP,1,2,2972,ClassCounsel; LeadCounsel,high,,,,,,,,,
A2653,Frank Ulmer,Frank B. Ulmer,,,1,McCulley McCluer LLC,1,3,2972,Communications,high,,,,,,,,,
A2654,Desiree Cummings,,,,1,Robbins Geller Rudman & Dowd LLP,1,2,2972,Management,high,,,,,,,,,
A2655,Ronald Raether,,,,1,Troutman Pepper Hamilton Sanders LLP,1,2,2972,LeadCounsel,high,,,,,,,,,
A2656,"Ashley Taylor, Jr.",,,,1,Troutman Pepper Hamilton Sanders LLP,1,2,2972,LeadCounsel,high,,,,,,,,,
A2657,David Anthony,,,,1,Troutman Pepper Hamilton Sanders LLP,1,2,2972,LeadCounsel,high,,,,,,,,,
A2658,Tambry Bradford,,,,1,Troutman Pepper Hamilton Sanders LLP,1,2,2972,LeadCounsel,high,,,,,,,,,
A2659,Angelo Stio III,,,,1,Troutman Pepper Hamilton Sanders LLP,1,2,2972,LeadCounsel,high,,,,,,,,,
A2660,Amy Pritchard Williams,,,,1,Troutman Pepper Hamilton Sanders LLP,1,2,2972,LeadCounsel,high,,,,,,,,,
A2661,Cindy Hanson,,,,1,Troutman Pepper Hamilton Sanders LLP,1,2,2972,LeadCounsel,high,,,,,,,,,
A2662,Josh Davey,,,,1,Troutman Pepper Hamilton Sanders LLP,1,2,2972,LeadCounsel,high,,,,,,,,,
A2663,Timothy St. George,,,,1,Troutman Pepper Hamilton Sanders LLP,1,2,2972,LeadCounsel,high,,,,,,,,,
A2664,Celeste Jones,,,,1,Burr Forman McNair,1,2,2972,LeadCounsel,high,,,,,,,,,
A2665,J. Rutledge Young III,,,,1,"Duffy & Young, LLC",1,2,2972,LeadCounsel,high,,,,,,,,,
A2666,Scott R. Drury,,,,1,Loevy & Loevy,1,1,2967,LeadCounsel,high,,,,,,,,,
A2667,Jessica R. MacAuley,,,,1,Hagens Berman Sobol Shapiro LLP,1,1,2966,Management,high,,,,,,,,,
A2668,Karin Garvey,,,,1,Labaton Sucharow; Labaton Sucharow LLP,2,3,"2966, 2993",Management,high,,,,,,,,,
A2669,Clark Craddock,,,,1,Radice Law Firm,1,1,2966,Management,high,,,,,,,,,
A2670,John Macoretta,,,,1,Spector Roseman & Kodroff PC,1,1,2966,Management,high,,,,,,,,,
A2671,Mark Fischer,,,,1,"Rawlings & Associates, PLLC",1,1,2966,Management,high,,,,,,,,,
A2672,Chirali Patel,,,,1,"Carella Byrne Cecchi Brody & Agnello, P.C.",1,2,2973,Communications; Management,high,,,,,,,,,
A2673,Adam J. Kaiser,,,,1,"Alston & Bird, LLP",1,1,2969,LeadCounsel; Management,high,,,,,,,,,
A2674,Tiffany L. Powers,,,,1,"Alston & Bird, LLP",1,1,2969,LeadCounsel; Management,high,,,,,,,,,
A2675,Kristin A. Shepard,,,,1,"Alston & Bird, LLP",1,1,2969,LeadCounsel; Management,high,,,,,,,,,
A2676,Robert T. Horst,,,,1,"Timoney Knox, LLP",1,1,2969,Communications; Management,high,,,,,,,,,
A2677,Robert M. Runyon III,,,,1,"Timoney Knox, LLP",1,1,2969,Communications; Management,high,,,,,,,,,
A2678,Matthew B. Malamud,,,,1,"Timoney Knox, LLP",1,1,2969,Communications; Management,high,,,,,,,,,
A2679,Paul K. Geer,,,,1,"DiBella, Geer, McAllister & Best, P.C.",1,1,2969,Communications; Management,high,,,,,,,,,
A2680,Richard DiBella,,,,1,"DiBella, Geer, McAllister & Best, P.C.",1,1,2969,Communications; Management,high,,,,,,,,,
A2681,Tara L. Maczuzak,,,,1,"DiBella, Geer, McAllister & Best, P.C.",1,1,2969,Communications; Management,high,,,,,,,,,
A2682,Audrey Perlman Raphael,,,,1,"Levy Konigsberg, LLP; Levy Kongsberg, LLP",1,2,2973,Management,high,,,,,,,,,
A2683,Emily Acosta,,,,1,"Martin Baughman; Levy Konisgberg, LLP",1,2,2973,Management,high,,,,,,,,,
A2684,Robert J. Drakulich,,,,1,"The Drakulich Firm, APLC",1,2,2973,Management,high,,,,,,,,,
A2685,Catherine Hilliard,,,,1,"Hilliard Martinez Gonzales, LLP",1,2,2973,Management,high,,,,,,,,,
A2686,Megan Moore,,,,1,"Pulaski Kherkher, PLLC",1,2,2973,Management,high,,,,,,,,,
A2687,Thomas P. Valet,,,,1,"Rappaport, Glass, Levine, & Zullo, LLP",1,2,2973,Management,high,,,,,,,,,
A2688,Melanie S. Bailey,,,,1,"Burg Simpson Eldredge Hersh & Jardine, P.C.",1,2,2973,Management,high,,,,,,,,,
A2689,Mitchell T. Theodore,,,,1,Cory Watson Attorneys,1,1,2973,Management,high,,,,,,,,,
A2690,Ann E. Rice Ervin,,,,1,Motley Rice,1,1,2973,Management,high,,,,,,,,,
A2691,Lee Floyd,Lee Adair Floyd,,,1,Breit Biniazan; BREIT BINIAZAN,2,4,"2974, 3092",Management,high,,,,,,,,,
A2692,James F. Murdica,,,,1,Barnes & Thornburg LLP,1,1,2973,Communications,high,,,,,,,,,
A2693,Frederick M. Erny,,,,1,"Ulmer & Berne, LLP",1,2,2974,LeadCounsel,high,,,,,,,,,
A2694,Gina M. Saelinger,,,,1,"Ulmer & Berne, LLP",1,2,2974,LeadCounsel,high,,,,,,,,,
A2695,Christopher D. Morris,,,,1,Butler Snow LLP,1,2,2974,LeadCounsel,high,,,,,,,,,
A2696,Allison Ng,,,,1,"Greenberg Traurig, LLP",1,3,2974,Communications,high,,,,,,,,,
A2697,"Kasey M. Adams, Esq.",Kasey M. Adams,,,1,Butler Snow LLP,1,2,2974,LeadCounsel,high,,,,,,,,,
A2698,Tara L. Blake,"Tara L. Blake, Esq.",,,1,Butler Snow LLP,1,3,2974,LeadCounsel,high,,,,,,,,,
A2699,Hunter Linville,,,,1,,1,2,2974,Management,high,,,,,,,,,
A2700,Alfred Olinde,,,,1,,1,2,2974,Management,high,,,,,,,,,
A2701,Theinkim “Kim” Truongle,,,,1,,1,2,2974,Management,high,,,,,,,,,
A2702,Kristen Hermiz,,,,1,,1,1,2974,Management,high,,,,,,,,,
A2703,Danae Benton,,,,1,The Cochran Firm,2,2,"2974, 3094",Management,high,,,,,,,,,
A2704,Hannah Pfeifler,,,,1,"Aylstock Witkin Kries & Overholtz, PLLC; Wagstaff & Cartmell, LLP",2,3,"2974, 3094",Management,high,,,,,,,,,
A2705,John Schirger,,,,1,Miller Schirger LLC,1,1,2975,ClassCounsel; LeadCounsel,high,,,,,,,,,
A2706,Kristen Fournier,Kristen R. Fournier,,,1,King & Spalding,2,2,"2973, 3043",Communications; LeadCounsel,high,,,,,,,,,
A2707,Bruce Hurley,,,,1,King & Spalding,1,1,2973,LeadCounsel,high,,,,,,,,,
A2708,Richard Bernardo,,,,1,Skadden,1,1,2973,Discovery,high,,,,,,,,,
A2709,Pamela L. Ferrell,,,,1,Butler Snow LLP,1,1,2974,LeadCounsel,high,,,,,,,,,
A2710,Caroline D. Walker,,,,1,Butler Snow LLP,1,1,2974,LeadCounsel,high,,,,,,,,,
A2711,Drew Edmonson,,,,1,Riggs Abney Neal Turpen Orbison & Lewis,1,1,2977,Communications,high,,,,,,,,,
A2712,W.A. Edmondson,,,,1,Riggs Abney Neal Turpen Orbison & Lewis,1,2,2977,Communications; LocalCounsel,high,,,,,,,,,
A2713,Christina Feller,,,,1,,1,1,2974,Management,high,,,,,,,,,
A2714,R. Andrew Jones,,,,1,"Cory Watson, P.C.",2,2,"2974, 3125",LeadCounsel; Management,high,,,,,,,,,
A2715,Patrick Luff,,,,1,,3,5,"2974, 3037, 3043",Management,high,,,,,,,,,
A2716,Marcus Susen,Marcus J. Susen,,,1,Susen Law Firm; Susen Law Group,2,3,"2974, 3094",Management,high,,,,,,,,,
A2717,Dennis S. Ellis,,,,1,Browne George Ross O’Brien Annaguey & Ellis; Browne George Ross O’Brien Annaguey & Ellis LLP,1,2,2989,Management,high,,,,,,,,,
A2718,"Roy T. Willey, IV",Roy Willey,,,1,"Anastopoulo Law Firm, LLC",2,3,"2989, 3037",Management,high,,,,,,,,,
A2719,Maurice D. Pessah,,,,1,"Pessah Law Group, PC",1,2,2989,Management,high,,,,,,,,,
A2720,M. Anderson Berry,,,,1,"Clayeo C. Arnold, A Professional Law Corp.; Clayeo C. Arnold, A Profession Corporation; Clayeo C. Arnold A Professional Corporation; Clayeo C. Arnold, APC",3,5,"2994, 3056, 3149",ClassCounsel; LeadCounsel; Management,high,,,,,,,,,
A2721,Natalia M. Salas,Natalia Salas,,,1,"The Ferraro Law Firm, P.A.; The Ferraro Law Firm",2,2,"2989, 3080",LeadCounsel; Management,high,,,,,,,,,
A2722,Peter Safirstein,,,,1,Safirstein Metcalf LLP,1,1,2989,LeadCounsel,high,,,,,,,,,
A2723,Parvin Aminolroaya,,,,1,Seeger Weiss LLP,2,2,"2973, 3094",LeadCounsel; Management,high,,,,,,,,,
A2724,Paola Pearson,,,,1,Anapol Weiss,1,1,2973,Management,high,,,,,,,,,
A2725,Rachel L. Shkolnik,,,,1,"Napoli Shkolnik, PLLC",1,1,2973,Management,high,,,,,,,,,
A2726,Nina Towle Herring,,,,1,Cory Watson Attorneys,1,1,2973,Management,high,,,,,,,,,
A2727,Lubna Faruqi,,,,1,"Faruqi & Faruqi, LLP",1,1,2984,ClassCounsel,high,,,,,,,,,
A2728,Tim Dollar,,,,1,"Dollar, Burns, Becker & Hershewe, L.C.",1,1,2984,Communications,high,,,,,,,,,
A2729,Bonner Walsh,,,,1,Walsh PLLC,1,1,2984,Management,high,,,,,,,,,
A2730,Blaine Finley,BLAINE FINLEY,,,1,"Cuneo Gilbert & LaDuca, LLP",2,5,"2998, 3031",ClassCounsel; Communications; LeadCounsel,high,,,,,,,,,
A2731,Maureen Brady,Maureen M. Brady,Maureen E. Brady,,1,"McShane & Brady, LLC; McShane & Brady LLC",5,11,"2994, 3019, 3073, 3090, 3096",ClassCounsel; Communications; LeadCounsel; Management,high,,,,,,,,,
A2732,Rafey S. Balabanian,,,,1,Edelson PC,2,3,"2985, 3001",LeadCounsel,high,,,,,,,,,
A2733,Andrea Gold,,,,1,Tycko & Zavareei LLP,3,4,"2985, 3001, 3083",Discovery; Management; Vetting,high,,,,,,,,,
A2734,John Norris,,,,1,Davis & Norris,2,3,"2985, 3001",Management,high,,,,,,,,,
A2735,Todd Logan,,,,1,Edelson PC,2,3,"2985, 3001",Management; Motions,high,,,,,,,,,
A2736,Jill Manning,,,,1,Steyer Lowenthal,2,3,"2985, 3001",Discovery; Management,high,,,,,,,,,
A2737,Cecily Shiel,,,,1,Tousley Brain and Stephens,2,3,"2985, 3001",Discovery; Management,high,,,,,,,,,
A2738,Theo Benjamin,,,,1,Edelson PC,2,3,"2985, 3001",Discovery; Management,high,,,,,,,,,
A2739,Glenn Chappell,,,,1,Tycko & Zavareei,2,3,"2985, 3001",Discovery; Management,high,,,,,,,,,
A2740,Kristen Cardoso,Kristen Lake Cardoso,,,1,Kopelowitz Ostrow P.A.; KOPELOWITZ OSTROW P.A.,3,4,"2985, 3001, 3149",Discovery; Management,high,,,,,,,,,
A2741,Christin Cho,,,,1,Dovel & Luner,2,3,"2985, 3001",Discovery; Management,high,,,,,,,,,
A2742,Cyrus Mehri,,,,1,"Mehri & Skalet, PLLC",1,1,2996,Management,high,,,,,,,,,
A2743,Lloyd B. Miller,,,,1,"Sonosky, Chambers, Sachse, Miller & Monkman, LLP",1,1,2996,Management,high,,,,,,,,,
A2744,Aelish M. Baig,,,,1,"Robbins Geller Rudman & Dowd, LLP",2,2,"2996, 3047",Management,high,,,,,,,,,
A2745,Emily Roark,,,,1,"Bryant Law Center, PSC",1,1,2996,Management,high,,,,,,,,,
A2746,Matthew Browne,,,,1,"Browne Pelican, PLLC",1,1,2996,Management,high,,,,,,,,,
A2747,Robert J. Kuntz,,,,1,Devine Goodman Rasco & Watts-FitzGerald LLP,1,1,2994,Management,high,,,,,,,,,
A2748,Bibianne U. Fell,,,,1,"Fell Law, PC",1,1,2994,Management,high,,,,,,,,,
A2749,Elizabeth M. Dalzell,,,,1,Law Office of Kenneth E. Berger LLC,1,1,2994,Management,high,,,,,,,,,
A2750,Dennis Damonn Spurling,,,,1,Dennis Spurling PLLC Attorneys at Law,1,1,3014,LeadCounsel,high,,,,,,,,,
A2751,David Cates,,,,1,"The Cates Law Firm; Cates Mahoney, LLC",1,2,3004,Coordination; Management,high,,,,,,,,,
A2752,Chad Finley,,,,1,TorHoerman Law,1,2,3004,Management,high,,,,,,,,,
A2753,LaRuby May,,,,1,"Levin, Papantonio, Rafferty, Proctor, Buchanan, O’Brien, Barr & Mougey, P.A.",1,2,3004,Management,high,,,,,,,,,
A2754,Alicia O’Neill,,,,1,Watts Guerra LLP,1,2,3004,Management,high,,,,,,,,,
A2755,Amanda Williamson,,,,1,"Heninger Garrison Davis, LLC",1,2,3004,Management,high,,,,,,,,,
A2756,Michael Williams,Michael A. Williams,,,1,Williams Dirks Dameron LLC,1,2,3009,ClassCounsel; LeadCounsel,high,,,,,,,,,
A2757,Raymond C. Silverman,,,,1,Parker Waichman LLP,1,1,3006,LeadCounsel,high,,,,,,,,,
A2758,Richard M. Elias,,,,1,Elias LLC,1,1,3006,LeadCounsel,high,,,,,,,,,
A2759,Lawana Wichmann,,,,1,OnderLaw LLC,1,1,3006,LeadCounsel,high,,,,,,,,,
A2760,Chris Oxx,,,,1,Parker Waichman LLP,1,1,3006,Communications,high,,,,,,,,,
A2761,Andrew L. Reissaus,,,,1,Hollingsworth LLP,1,1,3006,Communications,high,,,,,,,,,
A2762,Yonatan Even,,,,1,,1,1,3010,Motions,high,,,,,,,,,
A2763,Christian Bagin,,,,1,Wienand and Bagin,1,1,3014,LeadCounsel,high,,,,,,,,,
A2764,Elizabeth Pollock-Avery,,,,1,"Lynch Carpenter, LLP",1,1,3014,Communications; Discovery,high,,,,,,,,,
A2765,Laura Hughes McNally,,,,1,"Morgan, Lewis & Bockius, LLP",1,1,3014,Communications; Discovery,high,,,,,,,,,
A2766,Suniti N. Mehta,,,,1,"Sullivan & Cromwell, LLP",1,1,3014,Communications; Discovery,high,,,,,,,,,
A2767,Elizabeth N. Olsen,,,,1,"Sullivan & Cromwell, LLP",1,1,3014,Communications; Discovery,high,,,,,,,,,
A2768,Sarah Bradshaw,,,,1,,1,1,3021,Management,high,,,,,,,,,
A2769,Richard J. Lajaunie,,,,1,,1,1,3021,Management,high,,,,,,,,,
A2770,Sara Watkins,Sara J. Watkins,,,1,"Robert Peirce & Associates, P.C.; ROBERT PEIRCE & ASSOCIATES P.C.; Robert Peirce & Associates",3,5,"3021, 3092, 3140",Management,high,,,,,,,,,
A2771,Danielle Perry,,,,1,,2,2,"3021, 3090",ClassCounsel; Management,high,,,,,,,,,
A2772,Carl Malmstrom,,,,1,Wolf Haldenstein Adler Freeman & Herz LLC,1,1,3009,Communications,high,,,,,,,,,
A2773,Yeremey Krishoey,,,,1,"Bursor & Fisher, P.A.",1,1,3009,Management,high,,,,,,,,,
A2774,Michael Laird,,,,1,Zimmerman Reed LLP,1,1,3009,Management,high,,,,,,,,,
A2775,Kevin Laukaitis,,,,1,Shub Law Firm LLC; Shub Law Firm,2,2,"3009, 3025",ClassCounsel; Management,high,,,,,,,,,
A2776,Brad Lear,,,,1,Lear Werts LLP,1,1,3009,Management,high,,,,,,,,,
A2777,Scott Levensten,,,,1,"Levensten Law Firm, PC",1,1,3009,Management,high,,,,,,,,,
A2778,Alex Lumaghi,,,,1,"Dowd & Dowd, P.C.",1,1,3009,Management,high,,,,,,,,,
A2779,Brian Morrison,,,,1,Tadler Law LLP,1,1,3009,Management,high,,,,,,,,,
A2780,John Nelson,,,,1,"Finkelstein & Krinsk LLP; MILBERG COLEMAN BRYSON PHILLIPS GROSSMAN, PLLC",2,2,"3009, 3149",Management,high,,,,,,,,,
A2781,Alexis Wood,,,,1,Law Offices of Ronald Marron; Law Offices of Ronald Maron,1,2,3019,Communications,high,,,,,,,,,
A2782,Robert Lopez,,,,1,Hagens Berman Sobol Shapiro LLP,1,2,3019,Management,high,,,,,,,,,
A2783,Margaret C. MacLean,,,,1,"Lowey Dannenberg, P.C.",1,2,3019,Management,high,,,,,,,,,
A2784,Kaleigh N.B. Powell,,,,1,Tousley Brian Stephens PLLC; Tousley Brain Stephens PLLC,1,2,3019,Management,high,,,,,,,,,
A2785,Kenya Jamila Reddy,Kenya J. Reddy,,,1,Morgan & Morgan Mass Tort Dept.; Morgan & Morgan,1,2,3019,Management,high,,,,,,,,,
A2786,Sabita J. Soneji,Sabita Soneji,,,1,Tycko & Zavareei LLP; Tycko and Zavareei LLP,5,8,"3019, 3055, 3090, 3108, 3115",ClassCounsel; LeadCounsel; Management; Motions,high,,,,,,,,,
A2787,Rachel Kristine Tack,Rachel K. Tack,,,1,"Zimmerman Reed, LLP",1,2,3019,Management,high,,,,,,,,,
A2788,Karen Cannon Shanks,,,,1,Hotze Runkle LLC,1,2,3023,Communications,high,,,,,,,,,
A2789,Patrick Hotze,,,,1,Hotze Runkle PLLC,1,1,3023,Management,high,,,,,,,,,
A2790,Ron Austin,Ron Anthony Austin,,,1,"Ron Austin Law, LLC; Ron Austin Law",2,6,"3014, 3047",Management,high,,,,,,,,,
A2791,Ruth Anne French-Hodson,,,,1,"Sharp Law, LLP; Sharp Law LLP",3,5,"2993, 3014, 3021",LeadCounsel; Management,high,,,,,,,,,
A2792,Jason Rathod,Jason S. Rathod,,,1,Migliaccio & Rathod LLP,4,7,"3014, 3052, 3108, 3114",ClassCounsel; Expert; Management,high,,,,,,,,,
A2793,Joyce Chambers Reichard,Joyce Reichard,,,1,"Kelley Ferraro LLC; Kelley & Ferraro, LLP",3,5,"3014, 3080, 3092",Management,high,,,,,,,,,
A2794,Peter St. Tienne Wolff,Peter S. Wolff,,,1,"Pietragallo Gordon Alfano Bosick & Raspanti, LLP",1,2,3014,Communications,high,,,,,,,,,
A2795,"Arthur H. Stroyd, Jr.",,,,1,Del Sole Cavanaugh Stroyd LLC,1,2,3014,Settlement,high,,,,,,,,,
A2796,Miriam Agrait,Miriam Fresco Agrait,,,1,"Rubenstein Law, P.A.; Rubenstein Law",2,3,"3014, 3140",Management; Vetting,high,,,,,,,,,
A2797,Kristina Anderson,,,,1,"Hensley Legal Group, PC",1,2,3014,Management,high,,,,,,,,,
A2798,Claire E. Kreider,,,,1,"Gainsburgh, Benjamin, David, Meunier & Warshauer, LLC",1,1,3014,Management,high,,,,,,,,,
A2799,Ava Cavaco,,,,1,Meshbesher & Spence; Nigh Goldenberg Raso & Vaughn,2,4,"3014, 3140",Expert; Management,high,,,,,,,,,
A2800,Syreeta Defrance-Poindexter,,,,1,"Babin Law, LLC",1,2,3014,Management,high,,,,,,,,,
A2801,Ashley B. DiLiberto,,,,1,"Messa & Associates, P.C.",1,2,3014,Management,high,,,,,,,,,
A2802,Kathryn L. Harrison,,,,1,"Campbell & Levine, LLC",1,2,3014,Management,high,,,,,,,,,
A2803,Inez Johnson Ross,,,,1,"Onder Law, LLC",1,2,3014,Management,high,,,,,,,,,
A2804,Ian Sloss,Ian W. Sloss,,,1,Silver Golub & Teitell LLP,3,5,"3014, 3090, 3128",ClassCounsel; LeadCounsel; Management,high,,,,,,,,,
A2805,Kevin W. Tucker,,,,1,East End Trial Group LLC,1,2,3014,Management,high,,,,,,,,,
A2806,John M. Dealke,,,,1,"Deakle-Johnson Law Firm, PLLC",1,1,3021,Management,high,,,,,,,,,
A2807,Derek Chad Nuce,,,,1,"Pasley, Nuce, Mallory & Davis, LLC",1,1,3021,Management,high,,,,,,,,,
A2808,Gretchen E. Moore,,,,1,"Strassburger, McKenna, Gutnick & Gefsky",1,1,3021,Communications,high,,,,,,,,,
A2809,Miriam Fresco Agait,,,,1,"Rubenstein Law, P.A.",1,1,3014,Management,high,,,,,,,,,
A2810,Claire E. Berg,,,,1,"Gainsburgh, Benjamin, David, Meunier & Warshauer, LLC",1,1,3014,Management,high,,,,,,,,,
A2811,Randolph H. Donatelli,,,,1,"Lyons & Flood, LLP",1,1,3028,Management,high,,,,,,,,,
A2812,Edward Keane,,,,1,"Mahoney & Keane, LLP",1,1,3028,Management,high,,,,,,,,,
A2813,Joseph Perrone,,,,1,"Giuliano, McDonnell and Perrone, LLP",1,1,3028,Management,high,,,,,,,,,
A2814,Erich Wise,,,,1,"Flynn, Delich and Wise, LLP",1,1,3028,Management,high,,,,,,,,,
A2815,Steven Block,,,,1,"Lane, Powell, P.C.",1,1,3028,Management,high,,,,,,,,,
A2816,Kenderick Jordan,,,,1,"Marwedel, Minichello and Reeb, PC",1,1,3028,Management,high,,,,,,,,,
A2817,Elizabeth A. Kaveny,Elizabeth Kaveny,,,1,Kaveny & Kroll,1,4,3026,Communications; Coordination; Management,high,,,,,,,,,
A2818,Justin M. Heilig,,,,1,Hill Rivkins LLP,1,1,3028,Management,high,,,,,,,,,
A2819,Kevin J.B. O'Malley,Kevin O'Malley,Kevin John Byron O’Malley,,1,Nicoletti Hornig & Sweeney; NICOLETTI HORNIG & SWEENEY,1,3,3028,Communications; LeadCounsel; Management,high,,,,,,,,,
A2820,Joshua Southwick,,,,1,Gibson Robb & Lindh LLP,1,1,3028,Management,high,,,,,,,,,
A2821,Jonathan W. Thames,,,,1,Kennedys Law LLP,1,1,3028,Management,high,,,,,,,,,
A2822,Rebecca Fitzpatrick,,,,1,,1,2,3026,Communications,high,,,,,,,,,
A2823,James F. Hurst,,,,1,,1,2,3026,Communications,high,,,,,,,,,
A2824,Gary Klinger,Gary M. Klinger,,,1,"Milberg Coleman Bryson Phillips Grossman; Milberg Coleman Bryson Grossman, LLC; Milberg Coleman Bryson Phillips Grossman PLLC; Milberg Coleman Bryson Phillips Grossman, PLLC",7,11,"3025, 3032, 3056, 3083, 3096, 3108, 3127",ClassCounsel; Discovery; LeadCounsel; Management; Vetting,high,,,,,,,,,
A2825,Mark S. Reich,,,,1,"Levi & Korsinsky, LLP",1,2,3025,ClassCounsel,high,,,,,,,,,
A2826,Terence R. Coates,,,,1,"Markovits, Stock & Demarco, LLC",1,2,3025,ClassCounsel,high,,,,,,,,,
A2827,Amber L. Schubert,Amber Schubert,,,1,Schubert Jonckheer & Kolbe LLP; Schubert Jonckheer & Kolbe,3,3,"3025, 3096, 3149",ClassCounsel; Management,high,,,,,,,,,
A2828,Paul Doolittle,,,,1,"Poulin Willey Anastopoulo, LLC",1,2,3025,ClassCounsel,high,,,,,,,,,
A2829,Kiley Grombacher,,,,1,"Bradley Grombacher LLP; Bradley/Grombacher, LLP",4,4,"3025, 3037, 3089, 3115",ClassCounsel; Management,high,,,,,,,,,
A2830,Stephanie E. Parker,,,,1,,1,1,3026,LeadCounsel,high,,,,,,,,,
A2831,Meir Feder,,,,1,,1,1,3026,Communications,high,,,,,,,,,
A2832,Bridget K. O’Connor,,,,1,,1,1,3026,Communications,high,,,,,,,,,
A2833,Rachel Cannon,,,,1,,1,1,3026,LeadCounsel,high,,,,,,,,,
A2834,Darlene Alt,,,,1,,1,1,3026,Communications,high,,,,,,,,,
A2835,William Andrichik,,,,1,,1,1,3026,Communications,high,,,,,,,,,
A2836,Ashlie Case Sletvold,,,,1,"PEIFFER WOLF CARR KANE CONWAY & WISE, LLP; Peiffer Wolf Carr Kane Conway & Wise, LLP; Peiffer Wolf Carr Kane Conway & Wise",3,6,"3026, 3079, 3092",Communications; LeadCounsel; Management,high,,,,,,,,,
A2837,Diane K. Watkins,Diane Watkins,,,1,Wagstaff & Cartmell,2,3,"3026, 3101",Management,high,,,,,,,,,
A2838,"Gerald J. Diaz, Jr.",,,,1,Diaz Law Firm,1,2,3026,Management,high,,,,,,,,,
A2839,Deborah S. Dixon,,,,1,The Dixon Firm,1,2,3026,Management,high,,,,,,,,,
A2840,Kelly Hyman,,,,1,,1,1,3026,Management,high,,,,,,,,,
A2841,Christopher T. Nace,,,,1,,1,1,3026,Management,high,,,,,,,,,
A2842,Stephen Reck,,,,1,,1,1,3026,Management,high,,,,,,,,,
A2843,Pearl A. Robertson,Pearl Robertson,,,1,Irpino Avin & Hawkins,2,3,"3026, 3080",Management,high,,,,,,,,,
A2844,James M. Williams,,,,1,,1,1,3026,Management,high,,,,,,,,,
A2845,Diandra S. Debrosse,,,,1,DiCello Levitt,1,1,3026,LeadCounsel,high,,,,,,,,,
A2846,Alyson Steele Beridon,,,,1,"HERZFELD, SUETHOLZ, GASTEL, LENISKI, AND WALL, PLLC; Herzfeld, Suetholz, Gastel, Leniski, and Wall, PLLC; Herzfeld Suetholz Gastel Liniski & Wall, PLLC",3,5,"3026, 3079, 3092",Communications; Management,high,,,,,,,,,
A2847,Thomas L. Tisdale,Thomas Leonard Tisdale,,,1,"TISDALE & NAST LAW OFFICES, LLC",1,2,3028,Communications; LeadCounsel,high,,,,,,,,,
A2848,Noah M. Schubert,,,,1,Schubert Jonckheer & Kolbe LLP,1,1,3025,ClassCounsel,high,,,,,,,,,
A2849,Christopher Chorba,,,,1,"Gibson, Dunn & Crutcher LLP",1,2,3032,Communications; LeadCounsel,high,,,,,,,,,
A2850,Jason R. Meltzer,,,,1,"Gibson, Dunn & Crutcher LLP",1,2,3032,Communications; LeadCounsel,high,,,,,,,,,
A2851,Ashley Crowell,,,,1,"Babin Law, LLC",1,1,3029,Management,high,,,,,,,,,
A2852,Scott Fraser,,,,1,McDonald Worley,1,1,3029,Management,high,,,,,,,,,
A2853,Robert King,,,,1,King Law,1,1,3029,Management,high,,,,,,,,,
A2854,PHILIP IOVIENO,,,,1,"Cadwalader, Wickersham & Taft LLP",1,1,3031,Communications,high,,,,,,,,,
A2855,SHANA SCARLETT,,,,1,Hagens Berman Sobol Shapiro LLP,1,1,3031,Communications,high,,,,,,,,,
A2856,PATRICK MCGAHAN,,,,1,Scott+Scott Attorneys at Law LLP,1,1,3031,Communications,high,,,,,,,,,
A2857,Dean Graybill,,,,1,AARP Foundation,1,3,3035,Management,high,,,,,,,,,
A2858,Julie Nepveu,,,,1,AARP Foundation,1,1,3035,Management,high,,,,,,,,,
A2859,Elizabeth Hopkins,,,,1,"KANTOR & KANTOR LLP; Kantor & Kantor, LLP",1,3,3035,Management,high,,,,,,,,,
A2860,Susan L. Meter,,,,1,"Kantor & Kantor, LLP",1,1,3035,Management,high,,,,,,,,,
A2861,James Streett,,,,1,"Streett Law Firm, P.A.",1,1,3032,Coordination; Management,high,,,,,,,,,
A2862,Cristina Sabbagh,,,,1,,1,2,3037,Management,high,,,,,,,,,
A2863,David Silverman,,,,1,,1,1,3037,Management,high,,,,,,,,,
A2864,Clement S. Roberts,,,,1,,1,1,3042,LeadCounsel,high,,,,,,,,,
A2865,Jesenka Mrdjenovic,,,,1,"Gibson, Dunn & Crutcher LLP",1,1,3032,Communications; LeadCounsel,high,,,,,,,,,
A2866,Allyson M Julien,,,,1,Goldman Ismail Tomaselli Brennan & Baum LLP,1,1,3036,LeadCounsel,high,,,,,,,,,
A2867,"David Calep Wright , III",,,,1,Robinson Bradshaw & Hinson,1,1,3036,Communications,high,,,,,,,,,
A2868,Bijan Esfandiari,,,,1,Baum Hedlund Aristei & Goldman,1,1,3036,LeadCounsel,high,,,,,,,,,
A2869,Allison Mullins,,,,1,Turning Point Litigation; Mullins Duncan Harrell & Russell PLLC,1,1,3036,Communications,high,,,,,,,,,
A2870,E. Samuel Geisler,,,,1,"AYLSTOCK, WITKIN, KREIS & OVERHOLTZ PLLC",2,3,"3037, 3079",LeadCounsel; Management,high,,,,,,,,,
A2871,Marjorie Levine,,,,1,,1,1,3037,Management,high,,,,,,,,,
A2872,Daniel J.T. Sciano,,,,1,Tinsman & Sciano Inc.,1,2,3037,LeadCounsel; Management,high,,,,,,,,,
A2873,Gregorio A. Francis,,,,1,"OSBORNE & FRANCIS LAW FIRM, PLLC",1,2,3035,ClassCounsel; LeadCounsel; Management,high,,,,,,,,,
A2874,Dhamian Blue,,,,1,Blue LLP,1,2,3035,Management,high,,,,,,,,,
A2875,Nicole Lovett,,,,1,"Morgan & Morgan, P.A.",1,1,3036,Management,high,,,,,,,,,
A2876,Aaron Siri,,,,1,Siri & Glimstad LLP,1,1,3036,Management,high,,,,,,,,,
A2877,Tracy Turner,,,,1,"Pendley, Baudin & Coffin, LLP",2,2,"3036, 3101",Management,high,,,,,,,,,
A2878,Andrew Downing,,,,1,"Downing, Allison & Jorgenson",1,1,3036,Management,high,,,,,,,,,
A2879,Justin K. Gelfand,,,,1,"Margulis Gelfand, LLC",1,1,3036,Management,high,,,,,,,,,
A2880,Robert Hatch,,,,1,Bronster Fujichaku Robbins A Law Corporation,1,1,3036,Management,high,,,,,,,,,
A2881,Brian O. Marty,,,,1,"Shindler, Anderson, Goplerud & Weese P.C.",1,1,3036,Management,high,,,,,,,,,
A2882,Kim Mack Rosenberg,,,,1,Mack Rosenberg Law,1,1,3036,Management,high,,,,,,,,,
A2883,Anthony Liberatore,,,,1,"A. LIBERATORE, P.C.",1,1,3036,Management,high,,,,,,,,,
A2884,Monique Alarcon,,,,1,Baum Hedlund Aristei & Goldman,2,2,"3036, 3101",Communications; Coordination,high,,,,,,,,,
A2885,Claudia I. Guerrero,,,,1,Dilley Law Firm,1,1,3037,LeadCounsel,high,,,,,,,,,
A2886,Marc Matthews,,,,1,"McIntyre Thanasides Bringgold Elliott Grimaldi & Guito, P.A.",1,1,3037,LeadCounsel,high,,,,,,,,,
A2887,Gerald Singleton,,,,1,"Singleton Schreiber, LLP",1,1,3043,LeadCounsel,high,,,,,,,,,
A2888,Kristen L. Richer,,,,1,,1,1,3043,Communications,high,,,,,,,,,
A2889,Lori B. Leskin,,,,1,,1,1,3043,Communications,high,,,,,,,,,
A2890,Daniel Sullivan,,,,1,,1,3,3043,Communications; Management,high,,,,,,,,,
A2891,Evan Janush,,,,1,,1,1,3043,Discovery; Management,high,,,,,,,,,
A2892,Amanda Hunt,,,,1,,1,1,3043,Expert; Management,high,,,,,,,,,
A2893,Zoe Littlepage,,,,1,,1,3,3043,Management; Settlement,high,,,,,,,,,
A2894,Eric W. Cracken,,,,1,,1,3,3043,Management,high,,,,,,,,,
A2895,Greg Dovel,,,,1,,1,1,3043,Management,high,,,,,,,,,
A2896,Lindsey Scarcello,,,,1,"Wagstaff & Cartmell, LLP",2,4,"3043, 3089",Management,high,,,,,,,,,
A2897,Paul Danziger,,,,1,,1,2,3043,Management,high,,,,,,,,,
A2898,Krista Batchelder,,,,1,Colorado Attorney General's Office,1,1,3047,Communications,high,,,,,,,,,
A2899,Megan O’Neill,,,,1,California Attorney General's Office,1,1,3047,Communications,high,,,,,,,,,
A2900,Jorge A. Mestre,Jorge Mestre,,,1,"Rivero Mestre, LLP; Rivero Mestre LLP",1,2,3050,LeadCounsel,high,,,,,,,,,
A2901,Kirk Pope,,,,1,,1,2,3044,LeadCounsel; Management,high,,,,,,,,,
A2902,David Landever,,,,1,Weisman Kennedy,1,2,3044,Management,high,,,,,,,,,
A2903,Carasuana B. Wall,,,,1,,1,2,3044,Management,high,,,,,,,,,
A2904,Rayna Kessler,,,,1,,1,2,3044,Communications,high,,,,,,,,,
A2905,Michael P. Cutler,,,,1,,1,2,3044,Management,high,,,,,,,,,
A2906,Maria Fleming,,,,1,,1,2,3044,Management,high,,,,,,,,,
A2907,Jason Goldstein,,,,1,Park Waichman,2,3,"3044, 3094",Management,high,,,,,,,,,
A2908,David Harman,,,,1,,1,2,3044,Management,high,,,,,,,,,
A2909,Hadley Lundback,,,,1,,1,2,3044,Management,high,,,,,,,,,
A2910,Patrick J. Wigle,,,,1,,1,2,3044,Management,high,,,,,,,,,
A2911,Cameron J. Falcon,,,,1,,1,2,3044,Bellwether; Discovery; Expert; Motions,high,,,,,,,,,
A2912,Kevin M. Fitzgerald,,,,1,,1,2,3044,Bellwether; Discovery; Expert; Motions,high,,,,,,,,,
A2913,Courtney L. Mohammadi,Courtney Mohammadi,,,1,Pope McGlamry,2,4,"3044, 3140",Bellwether; Discovery; Expert; Motions; Vetting,high,,,,,,,,,
A2914,Joannah Oh,,,,1,,1,2,3044,Bellwether; Discovery; Expert; Motions,high,,,,,,,,,
A2915,Craig M. Silverman,Craig Silverman,,,1,Sullivan Paipan Block McManus Coffinas & Cannavo,2,3,"3044, 3094",Bellwether; Discovery; Expert; Management; Motions,high,,,,,,,,,
A2916,Eli A. Fuchsberg,,,,1,"Jacob D. Fuchsberg Law Firm, LLP",1,1,3044,Bellwether; Discovery; Expert; Motions,high,,,,,,,,,
A2917,Amanda Fernandez,,,,1,,1,2,3044,Bellwether; Discovery; Expert; Motions,high,,,,,,,,,
A2918,Arati Chauhan Furness,,,,1,"Forester Haynie, PLLC",1,2,3044,Management,high,,,,,,,,,
A2919,Ilana Wolk,Ilana S. Wolk,,,1,"Jacob D. Fuchsberg Law Firm, LLP",1,2,3044,Bellwether; Discovery; Expert; Motions,high,,,,,,,,,
A2920,Sin-Ting Mary Liu,,,,1,,1,3,3047,Management,high,,,,,,,,,
A2921,Melissa L. Yeates,Melissa Yeates,,,1,"Kessler Topaz Meltzer & Check, LLP",2,4,"3047, 3080",ClassCounsel; LeadCounsel; Management,high,,,,,,,,,
A2922,Sarah Emery,,,,1,,1,2,3047,Management,high,,,,,,,,,
A2923,Alexandra Walsh,Alexandra M. Walsh,,,1,Walsh Law PLLC,4,6,"3047, 3084, 3094, 3101",Management,high,,,,,,,,,
A2924,Matthew Bergman,,,,1,,1,3,3047,Management,high,,,,,,,,,
A2925,Previn Warren,,,,1,,1,3,3047,LeadCounsel,high,,,,,,,,,
A2926,Carrie Goldberg,,,,1,,1,2,3047,Management,high,,,,,,,,,
A2927,Ellyn Hurd,Ellyn H. Hurd,,,1,Simmons Hanly Conroy LLP,2,2,"3047, 3084",Management,high,,,,,,,,,
A2928,Felicia J. Craick,,,,1,,1,1,3047,Management,high,,,,,,,,,
A2929,Kirk Goza,,,,1,,1,1,3047,Management,high,,,,,,,,,
A2930,Matthew P. Legg,,,,1,,1,1,3047,Management,high,,,,,,,,,
A2931,James Marsh,,,,1,,1,2,3047,Management,high,,,,,,,,,
A2932,Hillary Nappi,,,,1,,1,2,3047,Management,high,,,,,,,,,
A2933,Emmie Paulos,,,,1,,1,2,3047,Management,high,,,,,,,,,
A2934,Ashley Simonsen,,,,1,,1,1,3047,Communications,high,,,,,,,,,
A2935,Rick L. Ashton,,,,1,"ALLEN STOVAL NEUMAN & ASHTON, LLP",1,1,3052,Management,high,,,,,,,,,
A2936,William J. Hoffmann,,,,1,GROTEFFELD HOFFMANN LLP,1,1,3052,Management,high,,,,,,,,,
A2937,Nathan Dooley,,,,1,COZEN O’CONNOR,1,1,3052,Management,high,,,,,,,,,
A2938,Craig S. Simon,,,,1,"BERGER KAHN, A Law Corporation.",1,1,3052,Management,high,,,,,,,,,
A2939,Daniel Hogan,,,,1,LAW OFFICES OF ROBERT A. STUNTMAN. P.C.,1,1,3052,Management,high,,,,,,,,,
A2940,Adam M. Romney,,,,1,GROTEFELD HOFFMANN LLP,1,1,3052,Management,high,,,,,,,,,
A2941,Susan M. Benson,,,,1,GROTEFFELD HOFFMANN LLP,1,1,3052,Discovery,high,,,,,,,,,
A2942,Emery K. Harlan,,,,1,MWH Law Group LLP,1,1,3052,Discovery,high,,,,,,,,,
A2943,Ryan McDevitt,,,,1,KELLER ROHRBACK LLP,1,1,3052,Discovery; Expert,high,,,,,,,,,
A2944,Thomas Paolini,,,,1,GROTEFELD HOFFMANN LLP,1,1,3052,Expert,high,,,,,,,,,
A2945,Elizabeth Castillo,Elizabeth T. Castillo,,,1,"Cotchett, Pitre & McCarthy; Cotchett, Pitre & McCarthy, LLP",2,3,"2993, 3051",Management,high,,,,,,,,,
A2946,Kevin R. Dean,,,,1,Motley Rice LLC,1,1,3051,Management,high,,,,,,,,,
A2947,Michael A. Caplan,,,,1,Caplan Cobb LLC,1,1,3051,Communications,high,,,,,,,,,
A2948,M.J. Blakely,,,,1,"The Blakely Firm, LLC",1,1,3051,Communications,high,,,,,,,,,
A2949,Tiffany Marko Yiatras,,,,1,,1,2,3052,Discovery,high,,,,,,,,,
A2950,Matthew D. Schelkopf,,,,1,,1,2,3052,Expert,high,,,,,,,,,
A2951,Peter J. Brennan,,,,1,JENNER & BLOCK LLP,1,1,3052,Management,high,,,,,,,,,
A2952,Nada Djordjevic,,,,1,,1,1,3055,Expert,high,,,,,,,,,
A2953,Ryan Clarkson,,,,1,,1,1,3055,Discovery,high,,,,,,,,,
A2954,Christopher Ayers,,,,1,,1,1,3055,Discovery,high,,,,,,,,,
A2955,Catherine DeRenze,,,,1,,1,1,3055,Communications,high,,,,,,,,,
A2956,Mr. Berman,,,,1,,1,1,3052,ClassCounsel; Management,high,,,,,,,,,
A2957,Ms. Fegan,,,,1,,1,1,3052,ClassCounsel; Management,high,,,,,,,,,
A2958,Mr. McClain,,,,1,,1,1,3052,ClassCounsel; Management,high,,,,,,,,,
A2959,Mr. Tellis,,,,1,,1,1,3052,ClassCounsel; Management,high,,,,,,,,,
A2960,Nick Suciu,,,,1,Milberg Coleman Bryson Phillips Grossman PLLC,1,1,3059,ClassCounsel,high,,,,,,,,,
A2961,Marc Dann,,,,1,Dann Law,1,1,3056,Management,high,,,,,,,,,
A2962,Matt Wilson,,,,1,Meyer Wilson,1,1,3056,Management,high,,,,,,,,,
A2963,Leigh Perica,,,,1,"McCune Wright Arevalo, LLP",1,1,2993,Communications,high,,,,,,,,,
A2964,Sharon Rosenberg,,,,1,"Thompson Coburn, LLP",1,1,2993,Communications,high,,,,,,,,,
A2965,Nicholas Horattas,,,,1,DiCello Levitt,1,1,3060,ProSe,high,,,,,,,,,
A2966,Alfred Sargente,,,,1,Eckert Seamans,1,1,3060,ProSe,high,,,,,,,,,
A2967,Kate Lv,,,,1,Burke LLP,1,2,3071,Management,high,,,,,,,,,
A2968,Walter Noss,,,,1,Korein Tillery P.C.,1,3,3071,Management,high,,,,,,,,,
A2969,Daniel Herrera,,,,1,Cafferty Clobes Meriwether & Sprengel LLP,1,2,3071,Management,high,,,,,,,,,
A2970,Christian Levis,,,,1,"Lowey Dannenberg, P.C.; Lowery Dannenberg, P.C.",1,2,3071,Management,high,,,,,,,,,
A2971,Benjamin Widlanski,,,,1,Koyzak Tropin & Throckmorton LLP; Kozyak Tropin & Throckmorton LLP,2,3,"3071, 3080",LeadCounsel; Management,high,,,,,,,,,
A2972,Michaela Wallin,,,,1,"Berger Montague; Berger Montague, P.C.",1,2,3071,Management,high,,,,,,,,,
A2973,Sara Aguiñiga,,,,1,DiCello Levitt,1,2,3060,Communications; ProSe,high,,,,,,,,,
A2974,Timothy McCann,,,,1,Eckert Seamans; Hawkins Parnell,1,2,3060,Communications; ProSe,high,,,,,,,,,
A2975,Samuel P. Funk,,,,1,"Sims Funk PLC; Sims Funk, PLC",1,3,3071,Communications; Management,high,,,,,,,,,
A2976,Patrick Coughlin,,,,1,"Scott+Scott Attorneys at Law, LLP; Scott + Scott Attorneys at Law LLP",2,5,"3071, 3119",ClassCounsel; LeadCounsel,high,,,,,,,,,
A2977,Swathi Bojedla,,,,1,"Hausfeld, LLP",1,3,3071,ClassCounsel; LeadCounsel,high,,,,,,,,,
A2978,Kaleigh Boyd,Kaleigh N. Boyd,,,1,Tousley Brian Stephens PLLC,1,3,3073,Management,high,,,,,,,,,
A2979,Candace Smith,Candace N. Smith,,,1,Herman Jones LLP,1,3,3073,Management,high,,,,,,,,,
A2980,Alyse F. Stach,,,,1,,1,1,3071,Management,high,,,,,,,,,
A2981,Carl W. Hittinger,Carl Hittinger,,,1,Baker & Hostetler LLP,1,2,3071,Management,high,,,,,,,,,
A2982,Karen Hoffman Lent,,,,1,"Skadden, Arps, Slate, Meagher & Flom LLP",1,2,3071,Management,high,,,,,,,,,
A2983,Michael Maddigan,Michael M. Maddigan,,,1,Hogan Lovells US LLP,2,3,"3071, 3108",Coordination; Management,high,,,,,,,,,
A2984,David D. Cross,,,,1,Morrison & Foerster LLP,1,1,3071,,high,,,,,,,,,
A2985,Daniel DeSouza,,,,1,"DeSouza Law, PA",1,1,3075,LeadCounsel,high,,,,,,,,,
A2986,Lidia C. Mowad,,,,1,Miles & Stockbridge P.C.,1,1,3075,LeadCounsel,high,,,,,,,,,
A2987,Tricia Herzfeld,,,,1,"Herzfeld, Suetholz, Gastel, Leniski and Wall, PLLC",1,2,3071,Communications,high,,,,,,,,,
A2988,Brendan Glackin,,,,1,"Lieff Cabraser Heimmann & Bernstein, LLP",1,2,3071,Management,high,,,,,,,,,
A2989,Daniel J. Walker,,,,1,"Berger Montague, P.C.",1,2,3071,Management,high,,,,,,,,,
A2990,Rebecca A. Peterson,,,,1,Lockridge Grindal Nauen P.L.L.P.,1,2,2993,ClassCounsel; LeadCounsel,high,,,,,,,,,
A2991,Sati Gibson,,,,1,Edelson Lechtzin LLP,1,2,2993,Management,high,,,,,,,,,
A2992,Michael Cashman,,,,1,Hellmuth & Johnson PLL C; Hellmuth & Johnson PLLC,1,2,2993,Management,high,,,,,,,,,
A2993,Roberta Yard,,,,1,Reinhardt Wendorf & Blanchfield,1,2,2993,Management,high,,,,,,,,,
A2994,William G. Caldes,,,,1,"Spector, Roseman & Kodroff, PC; Spector Roseman & Kodroff, P.C.; SPECTOR ROSEMAN & KODROFF, P.C.",3,4,"2993, 3107, 3113",LeadCounsel; Management,high,,,,,,,,,
A2995,Icee N. Etheridge,,,,1,"Spector, Roseman & Kodroff, PC",1,2,2993,Management,high,,,,,,,,,
A2996,Archana Tamoshunas,,,,1,"Taus, Cebulash & Landau LLP",1,2,2993,Management,high,,,,,,,,,
A2997,Brett Cebulash,,,,1,"Taus, Cebulash & Landau LLP",1,2,2993,Management,high,,,,,,,,,
A2998,Ian J. Barlow,,,,1,Kershaw Talley Barlow PC; KERSHAW TALLEY & BARLOW,1,3,3078,ClassCounsel; LeadCounsel,high,,,,,,,,,
A2999,Jay Srinivasan,,,,1,"Gibson, Dunn & Crutcher LLP",1,1,3071,Communications; Management,high,,,,,,,,,
A3000,Britt Miller,,,,1,Mayer Brown LLP,1,1,3071,Management,high,,,,,,,,,
A3001,Gregory Casas,,,,1,Greenberg Traurig LLP,1,1,3071,Management,high,,,,,,,,,
A3002,Joseph H. Kanee,,,,1,MARCUS & ZELMAN LLC,1,1,3074,LeadCounsel,high,,,,,,,,,
A3003,Jennifer McLoone,,,,1,SHOOK HARDY & BACON LLP,1,1,3074,LeadCounsel,high,,,,,,,,,
A3004,Molly Condon Wells,,,,1,WALLACE MILLER,1,1,3079,Communications,high,,,,,,,,,
A3005,Mark Abramowitz,,,,1,"DICELLO LEVITT, LLP",1,1,3079,Management,high,,,,,,,,,
A3006,Brandon L. Bogle,Brandon Bogle,,,1,"LEVIN, PAPANTONIO, RAFFERTY, PROCTOR, BUCHANAN, O’BRIEN, BARR & MOUGEY, P.A.; Levin Papantonio Rafferty Proctor Buchanan O’Brien Barr Mougey, P.A.",2,2,"3079, 3080",LeadCounsel; Management,high,,,,,,,,,
A3007,Nola H. Cross,,,,1,CROSS LAW FIRM,1,1,3078,Communications,high,,,,,,,,,
A3008,David G. Omer,,,,1,"OMER LAW FIRM, PLLC",1,1,3078,Management,high,,,,,,,,,
A3009,Dorothy P. Antullis,,,,1,Robbins Geller Rudman & Dowd LLP,1,1,3080,Management,high,,,,,,,,,
A3010,Mark O’Connor,,,,1,Beus O’Connor McGroder PLLC; Beus O’Connor McGroder,2,4,"3081, 3125",Management,high,,,,,,,,,
A3011,Matthew F. Gately,,,,1,Cohn Lifland Pearlman Herrmann & Knopf LLP,1,1,3080,Communications,high,,,,,,,,,
A3012,Rebecca Phillips,,,,1,Lanier Law Firm,1,3,3081,LeadCounsel,high,,,,,,,,,
A3013,Steve German,,,,1,Scout Law Group,1,3,3081,Communications; LocalCounsel; Management,high,,,,,,,,,
A3014,Stuart Ratzan,,,,1,Ratzan Weissman & Boldt,1,3,3081,Management,high,,,,,,,,,
A3015,Danielle Rogers,,,,1,Langdon & Emison,1,3,3081,Management,high,,,,,,,,,
A3016,Larry Taylor,,,,1,"The Cochran Firm – Dallas, PLLC",1,3,3081,Management,high,,,,,,,,,
A3017,Alex Barlow,,,,1,Scott & Scott,1,3,3081,LeadCounsel; Management,high,,,,,,,,,
A3018,Roman Balaban,,,,1,Balaban Law LLC; Balaban Law,2,4,"3081, 3125",Management,high,,,,,,,,,
A3019,Gabe Assaad,,,,1,McDonald Worley,1,2,3081,Management,high,,,,,,,,,
A3020,Chelsea Dickerson,,,,1,"Dickerson Oxton, LLC; Dickerson Oxton LLC",2,4,"3081, 3125",Management,high,,,,,,,,,
A3021,Aaron Dickey,,,,1,"Dickey Anderson, LLC",1,3,3081,Management,high,,,,,,,,,
A3022,Robert Brown,,,,1,Robert Brown Law,1,3,3081,Management,high,,,,,,,,,
A3023,Jakob Norman,,,,1,"Trial Lawyers for Justice, P.C.",1,3,3081,Management,high,,,,,,,,,
A3024,Ryan Cavanaugh,,,,1,"Constant Legal Group, LLP; Constant Legal Group LLP",2,4,"3081, 3125",Management,high,,,,,,,,,
A3025,Megan Odom,,,,1,"Ciresi Conlin, LLP",1,2,3081,Management,high,,,,,,,,,
A3026,Brandon Henry,,,,1,"Wagstaff & Cartmell, LLP; Wagstaff & Cartmell",2,3,"3081, 3140",Management; Trial,high,,,,,,,,,
A3027,Cameron Cano,,,,1,Scott & Scott,1,1,3081,Management,high,,,,,,,,,
A3028,Sara Craig,,,,1,Peiffer Wolf,1,1,3081,Management,high,,,,,,,,,
A3029,Mark Pifko,,,,1,"Baron & Budd, P.C.",1,1,3080,LeadCounsel,high,,,,,,,,,
A3030,Ben Crump,,,,1,Ben Crump Law,1,1,3080,Management,high,,,,,,,,,
A3031,David Ko,David J. Ko,,,1,Keller Rohrback LLP; Keller Rohrback,2,2,"3080, 3148",LeadCounsel; Management,high,,,,,,,,,
A3032,Melody Dickson,,,,1,Wagstaff & Cartmell LLP,1,1,3080,Management,high,,,,,,,,,
A3033,Dara Hegar,,,,1,The Lanier Law Firm,1,1,3080,Management,high,,,,,,,,,
A3034,Caitlyn Miller,,,,1,Aylstock Witkin Kreis & Overholtz PLLC,1,1,3080,Management,high,,,,,,,,,
A3035,Dan Goetz,,,,1,Weisman Kennedy & Berris Co. LPA,1,1,3080,Management,high,,,,,,,,,
A3036,Greg Stamatopoulos,,,,1,"Weitz and Luxenberg, P.C.",1,1,3080,Management,high,,,,,,,,,
A3037,Ronnie Spiegel,,,,1,Joseph Saveri Law Firm; Joseph Saveri Law Firm LLP,2,3,"3080, 3108",Management,high,,,,,,,,,
A3038,Joanne Cicala,,,,1,The Cicala Law Firm PLLC,1,1,3080,LeadCounsel,high,,,,,,,,,
A3039,Lawrence Deas,,,,1,Liston & Deas PLLC,1,1,3080,LeadCounsel,high,,,,,,,,,
A3040,Trey Watkins,,,,1,Forman Watkins & Krutz LLP,1,1,3080,LeadCounsel,high,,,,,,,,,
A3041,Hannah Brennan,,,,1,Hagens Berman Sobol Shapiro LLP,1,1,3080,Management,high,,,,,,,,,
A3042,Donald Ecklund,,,,1,"Carella, Byrne, Cecchi, Brody & Agnello, P.C.",1,1,3080,Management,high,,,,,,,,,
A3043,Janpaul Portal,,,,1,MSP Recovery Law Firm,1,1,3080,Management,high,,,,,,,,,
A3044,Chad Roberts,,,,1,"eDiscovery CoCounsel, PLLC",1,1,3081,Management,high,,,,,,,,,
A3045,Brian A. Abramson,,,,1,"Williams Hart & Boundas, LLP",1,1,3084,Management,high,,,,,,,,,
A3046,Sara M. Peters,,,,1,"Walkup, Melodia, Kelly and Schoenberger, APC",1,1,3084,Management,high,,,,,,,,,
A3047,Bret D. Stanley,,,,1,"Pulaski Kherkher, PLLC",1,1,3084,Management,high,,,,,,,,,
A3048,Meredith Stratigopoulos,,,,1,Watts Guerra LLP,1,1,3084,Management,high,,,,,,,,,
A3049,Sarah Gelsomino,,,,1,Friedman Gilbert + Gerhardstein; FRIEDMAN GILBERT + GERHARDSTEIN,1,3,3092,Management,high,,,,,,,,,
A3050,Anya Fuchs,,,,1,Pearce Lewis LLP,1,1,3087,Coordination,high,,,,,,,,,
A3051,Cameron Bell,,,,1,Oliver Law Group P.C.,1,1,3087,Management,high,,,,,,,,,
A3052,Eli J. Hare,,,,1,Dicello Levitt LLP,1,1,3087,Management,high,,,,,,,,,
A3053,Lowell P. McKelvey,,,,1,McKelvey Law LLC,1,1,3087,Management,high,,,,,,,,,
A3054,Megan L. Roper,,,,1,Bailey Cowan Heckaman PLLC,1,1,3087,Management,high,,,,,,,,,
A3055,Matthew K. Felty,,,,1,Lytle Soule & Felty P.C.,1,1,3087,Management,high,,,,,,,,,
A3056,Aaron M. Heckaman,,,,1,Bailey Cowan Heckaman PLLC,1,1,3087,Management,high,,,,,,,,,
A3057,Hayden N. Wyatt,,,,1,Bailey Cowan Heckaman PLLC,1,1,3087,Management,high,,,,,,,,,
A3058,Thiago Coelho,,,,1,,1,1,3083,Expert,high,,,,,,,,,
A3059,Jason P. Sultzer,,,,1,The Sultzer Law Group P.C.,1,1,3089,Management,high,,,,,,,,,
A3060,Sarah Wescot,,,,1,"Bursor & Fisher, P.A.",1,1,3089,Management,high,,,,,,,,,
A3061,Shireen M. Clarkson,,,,1,Clarkson Law Firm P.C.,1,1,3089,Management,high,,,,,,,,,
A3062,Alexander E. Barnett,,,,1,"Cotchett, Pitre & McCarthy, LLP",1,1,3089,Management,high,,,,,,,,,
A3063,Jordan E. Jacobson,,,,1,"Kessler, Topaz, Meltzer & Check, LLP",1,1,3089,Management,high,,,,,,,,,
A3064,Laura Dunning,,,,1,"Levin Papantonio Rafferty Proctor Buchanan O’Brien Barr Mougey, P.A.",1,1,3089,Management,high,,,,,,,,,
A3065,Mason Barney,,,,1,,1,4,3090,ClassCounsel; Management,high,,,,,,,,,
A3066,John Michael Allen,,,,1,Frazer PLC; FRAZER PLC,1,3,3092,Management,high,,,,,,,,,
A3067,Jamie Mauhay Powers,,,,1,KERSHAW TALLEY BARLOW,1,1,3092,Management,high,,,,,,,,,
A3068,Rachel Archambeau,,,,1,"Johnson Becker, PLLC; JOHNSON BECKER, PLLC",1,3,3092,Management,high,,,,,,,,,
A3069,Lindsey K. Self,,,,1,Haber LLP; HABER LLP,1,3,3092,Management,high,,,,,,,,,
A3070,Marilyn Ukropina,,,,1,"PEIFFER WOLF CARR KANE CONWAY & WISE, LLP",1,1,3092,Management,high,,,,,,,,,
A3071,Alex Parker,,,,1,Flint Cooper Cohn Thompson & Miracle; FLINT COOPER COHN THOMPSON & MIRACLE,1,3,3092,Management,high,,,,,,,,,
A3072,Russ Abney,,,,1,Watts LLP; WATTS LLP,1,3,3092,Management,high,,,,,,,,,
A3073,Meghan P. Connolly,,,,1,Tittle & Perlmuter; LOWE SCOTT FISHER,1,3,3092,Management,high,,,,,,,,,
A3074,Jessica Wieczorkiewicz,,,,1,Wallace Miller; WALLACE MILLER,1,3,3092,Management,high,,,,,,,,,
A3075,Sara Schramm,,,,1,Hammers Law Firm; Hammers Law; HAMMERS LAW FIRM,2,4,"3092, 3094",Management,high,,,,,,,,,
A3076,Sara Papantonio,,,,1,"Levin, Papantonio, Proctor, Buchanan, O’Brien, Barr & Mougey, P.A.; LEVIN, PAPANTONIO, RAFFERTY, PROCTOR, BUCHANAN, O’BRIEN, BARR & MOUGEY, P.A.",1,3,3092,Management,high,,,,,,,,,
A3077,P. Davis Cooper,,,,1,"Cooper Law Partners, PLLC; COOPER LAW PARTNERS PLLC",1,3,3092,Management,high,,,,,,,,,
A3078,R. Stanley Gipe,,,,1,Dolman Law Group; DOLMAN LAW GROUP,1,3,3092,Management,high,,,,,,,,,
A3079,N. John Bey,,,,1,Bey & Associates; BEY & ASSOCIATES,1,3,3092,Management,high,,,,,,,,,
A3080,Heaven N. Jaafar,,,,1,"Peiffer Wolf Carr Kane Conway & Wise, LLP",1,2,3092,Management,high,,,,,,,,,
A3081,Kathryn L. Avila,,,,1,Nigh Goldenberg Raso & Vaughn,1,2,3092,Management,high,,,,,,,,,
A3082,Matthew Marcin,,,,1,"Aylstock Witkin Kries & Overholtz, PLLC",1,1,3094,Management,high,,,,,,,,,
A3083,Sarah Ruane,,,,1,Wagstaff and Cartmell LLP,1,1,3094,LeadCounsel,high,,,,,,,,,
A3084,Sara Couch,,,,1,Motley Rice LLC,1,2,3094,Management,high,,,,,,,,,
A3085,W. Cameron Stephenson,,,,1,"Levin, Papantonio, Rafferty, Proctor, Buchanan, O’Brien, Barr & Mougey; Levin, Papantonio, Rafferty, Proctor Buchanan, O’Brien, Barr & Mougey, P.A.",1,2,3094,Management,high,,,,,,,,,
A3086,Keith Verrier,,,,1,Levin Sedran & Berman,1,1,3094,Management,high,,,,,,,,,
A3087,Daniel Seltz,,,,1,Leif Cabraser Heimann and Bernstien,1,1,3094,Management,high,,,,,,,,,
A3088,Ryan Duplechin,,,,1,Beasley Allen,1,1,3094,Management,high,,,,,,,,,
A3089,Digger Earles,,,,1,Laborde Earles Injury Lawyers,1,1,3094,Management,high,,,,,,,,,
A3090,Sharon Zinns,,,,1,,1,1,3090,ClassCounsel; Management,high,,,,,,,,,
A3091,Anthony Parkhill,,,,1,,1,1,3090,ClassCounsel; Management,high,,,,,,,,,
A3092,Kevin Sharp,,,,1,,1,1,3090,ClassCounsel; Management,high,,,,,,,,,
A3093,Steven Sukert,,,,1,,1,1,3090,ClassCounsel; Management,high,,,,,,,,,
A3094,Erin Green Comite,Erin Comite,,,1,Scott + Scott Attorneys at Law LLP,2,3,"3090, 3108",ClassCounsel; Management,high,,,,,,,,,
A3095,Bart Cohen,,,,1,,1,1,3090,ClassCounsel; Management,high,,,,,,,,,
A3096,Nina Spizer,,,,1,Dilworth Paxson LLP,1,1,3094,Communications,high,,,,,,,,,
A3097,Mike Daly,,,,1,Pogust Goodhead,1,1,3094,Management,high,,,,,,,,,
A3098,Alex Walsh,,,,1,Alex Walsh Law,1,1,3094,Management,high,,,,,,,,,
A3099,Timothy Jackson,,,,1,,1,1,3101,Management,high,,,,,,,,,
A3100,Anthony Russo,,,,1,,1,1,3101,Management,high,,,,,,,,,
A3101,William Sykes,,,,1,,1,1,3101,Management,high,,,,,,,,,
A3102,Mary Raybon,,,,1,,1,1,3101,Management,high,,,,,,,,,
A3103,William Smith,,,,1,,1,1,3101,Management,high,,,,,,,,,
A3104,Madeleine Clavier,,,,1,,1,1,3101,Management,high,,,,,,,,,
A3105,Emily DeVuono,,,,1,,1,1,3101,Management,high,,,,,,,,,
A3106,Joseph Masterman,,,,1,,1,1,3101,Management,high,,,,,,,,,
A3107,Steven Brady,,,,1,,1,1,3101,Management,high,,,,,,,,,
A3108,Tiffany Ellis,,,,1,,1,1,3101,Management,high,,,,,,,,,
A3109,Pedram Esfandiary,,,,1,,1,1,3101,Management,high,,,,,,,,,
A3110,Brooke Killian Kim,,,,1,,1,1,3101,Communications,high,,,,,,,,,
A3111,Emily E. Hughes,,,,1,"The Miller Law Firm, P.C.",2,2,"3096, 3115",ClassCounsel; Management,high,,,,,,,,,
A3112,Peter L. Bishop,,,,1,"Abraham, Fruchter & Twersky, LLP",1,1,3096,ClassCounsel,high,,,,,,,,,
A3113,Connor Hayes,,,,1,Lynch Carpenter LLP,1,1,3096,ClassCounsel; Coordination,high,,,,,,,,,
A3114,Kosta Stojilkovic,,,,1,Wilkinson Stekloff LLP,1,2,3110,Management,high,,,,,,,,,
A3115,Christopher Plumlee,,,,1,RMP LLP,1,2,3110,Management,high,,,,,,,,,
A3116,Timothy Cameron,,,,1,"Cravath, Swaine & Moore LLP",1,2,3110,Management,high,,,,,,,,,
A3117,David C. Kully,David Kully,,,1,Holland & Knight LLP,1,2,3110,Management,high,,,,,,,,,
A3118,David I. Berl,,,,1,Williams & Connolly LLP,1,1,3103,Communications,high,,,,,,,,,
A3119,John R. Labbe,,,,1,"Marshall, Gerstein & Borun LLP",1,1,3103,Communications,high,,,,,,,,,
A3120,Robert Cerwinski,,,,1,Gemini Law LLP,1,1,3103,Communications,high,,,,,,,,,
A3121,"Louis E. Fogel, Ph.D.",,,,1,Fish & Richardson P.C.,1,1,3103,Communications,high,,,,,,,,,
A3122,William A. Rakoczy,,,,1,Rakoczy Molino Mazzochi Siwik LLP,1,1,3103,Communications,high,,,,,,,,,
A3123,Raymond N. Nimrod,,,,1,"Quinn Emanuel Urquhart & Sullivan, LLP",1,1,3103,Communications,high,,,,,,,,,
A3124,Jordan A. Rice,,,,1,MoloLamken LLP,1,1,3113,ClassCounsel,high,,,,,,,,,
A3125,Jonathan E. Barbee,Jonathan Barbee,,,1,MoloLamken LLP; MOLOLAMKEN LLP,1,2,3113,ClassCounsel,high,,,,,,,,,
A3126,David L. Balser,,,,1,King & Spalding LLP,1,1,3111,LeadCounsel,high,,,,,,,,,
A3127,Bryan A. Fratkin,,,,1,McGuireWoods LLP,1,1,3111,LocalCounsel,high,,,,,,,,,
A3128,Chet B. Waldman,Chet M. Waldman,,,1,Wolf Popper LLP,1,4,3111,ClassCounsel; LeadCounsel,high,,,,,,,,,
A3129,Kellie Lerner,,,,1,Robins Kaplan LLP,1,1,3107,LeadCounsel,high,,,,,,,,,
A3130,Gary A Corroto,,,,1,Plakas Mannos,1,1,3107,Communications,high,,,,,,,,,
A3131,Ethan J. Barlieb,,,,1,"Kessler Topaz Meltzer & Check, LLP",1,1,3107,Management,high,,,,,,,,,
A3132,April D. Lambert,,,,1,"Radice Law Firm, P.C.",1,1,3107,Management,high,,,,,,,,,
A3133,Kevin Landau,,,,1,"Taus, Cebulash & Landau, LLP",1,1,3107,Management,high,,,,,,,,,
A3134,Bobby Pouya,,,,1,"Pearson Warshaw, LLP",1,1,3107,Management,high,,,,,,,,,
A3135,Thomas H. Burt,,,,1,Wolf Haldenstein Adler Freeman & Herz LLP,1,1,3107,LeadCounsel,high,,,,,,,,,
A3136,Brian J. Dunne,,,,1,Bathaee Dunne LLP,1,1,3107,Management,high,,,,,,,,,
A3137,Timothy D. Battin,,,,1,BoiesBattin LLP,1,1,3107,Management,high,,,,,,,,,
A3138,Robin F. Zwerling,,,,1,"Zwerling, Schachter & Zwerling, LLP",1,1,3107,LeadCounsel,high,,,,,,,,,
A3139,Sadik Huseny,,,,1,,1,1,3121,Communications,high,,,,,,,,,
A3140,David Hodge,,,,1,"Morris, King & Hodge P.C.",1,3,3108,Communications; Coordination,high,,,,,,,,,
A3141,Allison Holt Ryan,,,,1,Hogan Lovells US LLP,1,3,3108,Communications; Coordination; LeadCounsel,high,,,,,,,,,
A3142,Peter H. Walsh,,,,1,Hogan Lovells US LLP,1,1,3108,Coordination,high,,,,,,,,,
A3143,Vassi Iliadis,,,,1,Hogan Lovells US LLP,1,3,3108,Communications; Coordination; LeadCounsel,high,,,,,,,,,
A3144,Alicia J. Paller,,,,1,Hogan Lovells US LLP,1,3,3108,Communications; Coordination; LeadCounsel,high,,,,,,,,,
A3145,Shauna Itri,,,,1,Seeger Weiss LLP,1,2,3114,ClassCounsel; Management,high,,,,,,,,,
A3146,Sean S Modjarrad,Sean Modjarrad,,,1,Modjarrad Abusaad & Said,1,2,3114,ClassCounsel; Management,high,,,,,,,,,
A3147,"Larry A Golston, Jr.",,,,1,"Beasley, Allen, Crow, Methvin, Portis & Miles, P.C.",1,1,3114,Management,high,,,,,,,,,
A3148,Nicholas R Lange,,,,1,Freed Kanner London & Millen LLC,1,1,3114,Management,high,,,,,,,,,
A3149,Rebecca L Solomon,,,,1,Tousley Brain Stephens PLLC,1,1,3114,Management,high,,,,,,,,,
A3150,Christopher Dodd,,,,1,"Dodd Law Office, LLC",1,4,3119,Communications,high,,,,,,,,,
A3151,Michael Dell’Angelo,Michael Dell'Angelo,,,1,Berger Montague; BERGER MONTAGUE PC,2,3,"3113, 3119",LeadCounsel,high,,,,,,,,,
A3152,Karin Swope,,,,1,"Cotchett, Pitre & McCarthy LLP",1,2,3119,LeadCounsel,high,,,,,,,,,
A3153,Lawrence E. Buterman,Lawrence Buterman,,,1,Latham & Watkins LLP,1,2,3110,Communications; LeadCounsel; Management,high,,,,,,,,,
A3154,Djordje Petkoski,,,,1,"Allen Overy Shearman Sterling US LLP; Paul, Weiss, Rifkind, Wharton & Garrison LLP",1,2,3110,Management,high,,,,,,,,,
A3155,Vanessa G. Jacobsen,Vanessa Jacobsen,,,1,Eimer Stahl LLP,1,2,3110,Management,high,,,,,,,,,
A3156,"Peter Barile, III",,,,1,"Lowey Dannenberg, P.C.",1,2,3110,LeadCounsel; Management,high,,,,,,,,,
A3157,Stephen M. Medlock,,,,1,Vinson & Elkins LLP,1,2,3121,Management,high,,,,,,,,,
A3158,Matthew Lavin,,,,1,Arnall Golden Gregory LLP,1,2,3121,Management,high,,,,,,,,,
A3159,Jennifer Scullion,,,,1,Seeger Weiss LLP,2,4,"3108, 3121",Management,high,,,,,,,,,
A3160,J. Devlan Geddes,,,,1,,1,1,3114,ClassCounsel,high,,,,,,,,,
A3161,Raph Graybill,,,,1,,1,1,3114,ClassCounsel,high,,,,,,,,,
A3162,John Heenan,,,,1,,1,1,3114,ClassCounsel,high,,,,,,,,,
A3163,Melinda Coolidge,Melinda R. Coolidge,,,1,Hausfeld LLP; HAUSFELD LLP,1,2,3113,ClassCounsel; LeadCounsel,high,,,,,,,,,
A3164,Shawn Rabin,Shawn J. Rabin,,,1,Susman Godfrey LLP; SUSMAN GODFREY LLP; Susman Godfrey L.L.P.,3,5,"3113, 3121, 3148",ClassCounsel; Communications; LeadCounsel; Management,high,,,,,,,,,
A3165,Natasha Fernández-Silber,Natasha J. Fernández-Silber,,,1,Edelson PC,2,3,"3121, 3148",ClassCounsel; LeadCounsel; Management,high,,,,,,,,,
A3166,Yaman Salahi,,,,1,Edelson PC,1,1,3121,ClassCounsel; LeadCounsel,high,,,,,,,,,
A3167,Halley Josephs,,,,1,Susman Godfrey LLP,1,2,3121,ClassCounsel; LeadCounsel,high,,,,,,,,,
A3168,Tom Boardman,,,,1,Susman Godfrey LLP,1,2,3121,ClassCounsel; LeadCounsel,high,,,,,,,,,
A3169,Zachary D. Caplan,,,,1,Berger Montague PC,1,2,3121,ClassCounsel; LeadCounsel,high,,,,,,,,,
A3170,Patrick F. Madden,,,,1,Berger Montague PC,1,2,3121,ClassCounsel; LeadCounsel,high,,,,,,,,,
A3171,Adam Polk,Adam E. Polk,,,1,Girard Sharp; Girard Sharp LLP,2,3,"3108, 3115",Management,high,,,,,,,,,
A3172,Melissa Gardner,,,,1,Lieff Cabraser Heimann & Bernstein,1,2,3108,Management,high,,,,,,,,,
A3173,Nick Murphy,,,,1,Hausfeld LLP,1,2,3108,Management,high,,,,,,,,,
A3174,David Berger,,,,1,Gibbs Law Group LLP,1,2,3108,Management,high,,,,,,,,,
A3175,Deepali Brahmbhatt,,,,1,Devlin Law Firm LLC,1,2,3108,Management,high,,,,,,,,,
A3176,Jack Meyerson,,,,1,Meyerson & Miller,1,2,3108,Management,high,,,,,,,,,
A3177,Jan Conlin,,,,1,Ciresi Conlin LLP,1,2,3108,Management,high,,,,,,,,,
A3178,Ronald Podolny,,,,1,"Morgan and Morgan, P.A.",1,2,3108,Management,high,,,,,,,,,
A3179,Kennedy M. Brian,,,,1,Federman & Sherwood,1,1,3108,Management,high,,,,,,,,,
A3180,P. Graham Maiden,,,,1,Motley Rice LLC,1,1,3115,Management,high,,,,,,,,,
A3181,Jennifer M. French,,,,1,"Lynch Carpenter, LLP",2,2,"3115, 3149",Communications; Management,high,,,,,,,,,
A3182,Chris Springer,,,,1,Keller Rohrback LLP – CA,1,1,3115,Management,high,,,,,,,,,
A3183,Aaron M. Panner,,,,1,"KELLOGG, HANSEN, TODD FIGEL & FREDERICK, P.L.L.C.",1,1,3113,ClassCounsel,high,,,,,,,,,
A3184,Scott K. Attaway,,,,1,"KELLOGG, HANSEN, TODD FIGEL & FREDERICK, P.L.L.C.",1,1,3113,ClassCounsel,high,,,,,,,,,
A3185,Ariela Migdal,,,,1,"KELLOGG, HANSEN, TODD FIGEL & FREDERICK, P.L.L.C.",1,1,3113,ClassCounsel,high,,,,,,,,,
A3186,Alex A. Parkinson,,,,1,"KELLOGG, HANSEN, TODD FIGEL & FREDERICK, P.L.L.C.",1,1,3113,ClassCounsel,high,,,,,,,,,
A3187,George A. Zelcs,,,,1,KOREIN TILLERY LLC,1,1,3113,ClassCounsel,high,,,,,,,,,
A3188,Marc A. Wallenstein,,,,1,KOREIN TILLERY LLC,1,1,3113,ClassCounsel,high,,,,,,,,,
A3189,David Walchak,,,,1,KOREIN TILLERY LLC,1,1,3113,ClassCounsel,high,,,,,,,,,
A3190,Carol O'Keefe,,,,1,KOREIN TILLERY LLC,1,1,3113,ClassCounsel,high,,,,,,,,,
A3191,Andrew Ellis,,,,1,KOREIN TILLERY LLC,1,1,3113,ClassCounsel,high,,,,,,,,,
A3192,Steven F. Molo,,,,1,MOLOLAMKEN LLP,1,1,3113,ClassCounsel,high,,,,,,,,,
A3193,Lauren Dayton,,,,1,MOLOLAMKEN LLP,1,1,3113,ClassCounsel,high,,,,,,,,,
A3194,Eric A. Posner,,,,1,MOLOLAMKEN LLP,1,1,3113,ClassCounsel,high,,,,,,,,,
A3195,Kathleen N. Fennelly,,,,1,"MCELROY, DEUTSCH, MULVANEY & CARPENTER, LLP",1,1,3113,Communications,high,,,,,,,,,
A3196,"Stanley O. King, Esq.",,,,1,"JAVERBAUM WURGAFT HICKS KAHN WIKSTROM & SININS, P.C.",1,1,3113,Communications,high,,,,,,,,,
A3197,Candice J. Enders,,,,1,BERGER MONTAGUE PC,1,1,3113,LeadCounsel,high,,,,,,,,,
A3198,Jessica N. Servais,,,,1,LOCKRIDGE GRINDAL NAUEN PLLP,1,1,3113,LeadCounsel,high,,,,,,,,,
A3199,Joseph C. Bourne,,,,1,LOCKRIDGE GRINDAL NAUEN PLLP,1,1,3113,LeadCounsel,high,,,,,,,,,
A3200,Matthew S. Weiler,,,,1,SCHNEIDER WALLACE COTTRELL KONECKY LLP,1,1,3113,LeadCounsel,high,,,,,,,,,
A3201,Todd M. Schneider,,,,1,SCHNEIDER WALLACE COTTRELL KONECKY LLP,1,1,3113,LeadCounsel,high,,,,,,,,,
A3202,Jason H. Kim,,,,1,SCHNEIDER WALLACE COTTRELL KONECKY LLP,1,1,3113,LeadCounsel,high,,,,,,,,,
A3203,Mahzad K. Hite,,,,1,SCHNEIDER WALLACE COTTRELL KONECKY LLP,1,1,3113,LeadCounsel,high,,,,,,,,,
A3204,Raymond S. Levine,,,,1,SCHNEIDER WALLACE COTTRELL KONECKY LLP,1,1,3113,LeadCounsel,high,,,,,,,,,
A3205,Jeffrey L. Spector,,,,1,"SPECTOR ROSEMAN & KODROFF, P.C.",1,1,3113,LeadCounsel,high,,,,,,,,,
A3206,Jessica A. Wilkes,,,,1,Federman & Sherwood,1,1,3108,Management,high,,,,,,,,,
A3207,Andrew van Arsdale,,,,1,AVA Law Group,1,1,3125,LeadCounsel,high,,,,,,,,,
A3208,Jennifer Domer,,,,1,"Cutter Law, P.C.",1,1,3125,Communications,high,,,,,,,,,
A3209,Kim Boldt,,,,1,Ratzan Weissman & Boldt,1,1,3125,Management,high,,,,,,,,,
A3210,Teresa Bowen Hatch,,,,1,"Bowen Hatch Law, PC",1,1,3125,Management,high,,,,,,,,,
A3211,Nicholas Rowley,,,,1,Trial Lawyers for Justice,1,1,3125,Management,high,,,,,,,,,
A3212,Blair B. Matyszczyk,,,,1,Dickerson Oxton LLC,1,1,3125,Management,high,,,,,,,,,
A3213,Frank Watson,,,,1,"Watson Burns, PLLC",1,3,3127,ClassCounsel; Communications,high,,,,,,,,,
A3214,Eric Kafka,,,,1,Cohen Milstein Sellers & Toll PLLC,1,3,3144,LeadCounsel,high,,,,,,,,,
A3215,Francis A. Bottini,,,,1,,1,1,3149,Management,high,,,,,,,,,
A3216,Justin A. Nelson,,,,1,Susman Godfrey L.L.P.,1,1,3143,ClassCounsel,high,,,,,,,,,
A3217,Scott Grzenczyk,,,,1,Girard Sharp LLP,1,1,3148,Management,high,,,,,,,,,
A3218,Stephen M. Prignano,,,,1,McIntyre Tate LLP,1,1,3148,Communications,high,,,,,,,,,
A3219,Yana Hart,,,,1,Clarkson Law Firm,1,1,3149,Management,high,,,,,,,,,
A3220,Amy Judkins,,,,1,"Newsome Melton, P.A.",1,1,3128,ClassCounsel; LeadCounsel,high,,,,,,,,,
A3221,Bryant Dunivan,,,,1,"The Consumer Protection Attorney, P.A.",1,1,3128,Management,high,,,,,,,,,
A3222,Jarrett Faber,,,,1,Kneupper & Covey P.C.,1,1,3128,Management,high,,,,,,,,,
A3223,Jeffrey Gentes,,,,1,Connecticut Fair Housing Center,1,1,3128,Management,high,,,,,,,,,
A3224,Kas Gallucci,,,,1,Law Offices of Ron Marron,1,1,3128,Management,high,,,,,,,,,
A3225,Ian Crosby,,,,1,Susman Godfrey,1,1,3143,LeadCounsel; Management,high,,,,,,,,,
A3226,Davida Brook,,,,1,Susman Godfrey,1,1,3143,Communications; LeadCounsel; Management,high,,,,,,,,,
A3227,Steven Lieberman,,,,1,Rothwell Figg,1,1,3143,LeadCounsel; Management,high,,,,,,,,,
A3228,Jennifer Maisel,,,,1,Rothwell Figg,1,1,3143,LeadCounsel; Management,high,,,,,,,,,
A3229,Matthew Topic,,,,1,Loevy and Loevy,1,1,3143,LeadCounsel; Management,high,,,,,,,,,
A3230,Lance Koonce,,,,1,Klaris Law,1,1,3143,LeadCounsel; Management,high,,,,,,,,,
A3231,James P. Frantz,,,,1,"Frantz Law Group, APLC",1,1,3149,LeadCounsel,high,,,,,,,,,
A3232,William B. Shinoff,William Shinoff,,,1,"Frantz Law Group, APLC",1,2,3149,LeadCounsel,high,,,,,,,,,
A3233,Kristin Westphal,,,,1,"FRANTZ LAW GROUP, APLC",1,2,3149,Management,high,,,,,,,,,
A3234,Edward Burak,,,,1,"FRANTZ LAW GROUP, APLC",1,2,3149,Management,high,,,,,,,,,
A3235,Peter Mello,,,,1,"MURPHY, HESSE, TOOMEY & LEHANE LLP",1,1,3149,Management,high,,,,,,,,,
A3236,Felicia Vasudevan,,,,1,"MURPHY, HESSE, TOOMEY & LEHANE LLP",1,1,3149,Management,high,,,,,,,,,
A3237,Daniel Shinoff,,,,1,ARTIANO SHINOFF,1,1,3149,Management,high,,,,,,,,,
A3238,Gil Abed,,,,1,ARTIANO SHINOFF,1,1,3149,Management,high,,,,,,,,,
A3239,Christopher Paulos,,,,1,Levin Papantonio,1,2,3140,Communications; Management,high,,,,,,,,,
A3240,Katharine Krottinger,,,,1,Monsour Law Firm,1,2,3140,Discovery; Management,high,,,,,,,,,
A3241,Adam Gomez,,,,1,Grant & Eisenhofer,1,2,3140,Expert; Management,high,,,,,,,,,
A3242,Savannah Green,,,,1,"Aylstock, Witkin, Kreis & Overholtz",1,2,3140,Management,high,,,,,,,,,
A3243,Janna Maples,,,,1,Stranch Jennings,1,2,3140,Discovery,high,,,,,,,,,
A3244,Jessica Glitz,,,,1,,1,1,3140,Discovery,high,,,,,,,,,
A3245,Connor Sheehan,,,,1,Dunn Sheehan,1,2,3140,Discovery,high,,,,,,,,,
A3246,Andrew Schwaba,,,,1,Schwaba Law Firm,1,2,3140,Trial,high,,,,,,,,,
A3247,Genevieve Outlaw,,,,1,Robinson Calcagnie,1,2,3140,Motions,high,,,,,,,,,
A3248,Colleen Garvey,,,,1,Stranch Jennings,1,2,3140,Motions,high,,,,,,,,,
A3249,C. Hogan Paschal,,,,1,Fishman Haygood,1,2,3140,Motions,high,,,,,,,,,
A3250,Cynthia Garber,,,,1,OnderLaw,1,2,3140,Expert,high,,,,,,,,,
A3251,Ashley Liuzza,,,,1,Stag Liuzza,1,2,3140,Expert,high,,,,,,,,,
A3252,Sara Castronuova,,,,1,Douglas & London,1,2,3140,Expert,high,,,,,,,,,
A3253,Brendan McDonough,,,,1,Weitz & Luxenberg,1,2,3140,Expert,high,,,,,,,,,
A3254,Bonnie Rickert,,,,1,Hilliard Law,1,2,3140,Expert,high,,,,,,,,,
A3255,Starr Culpepper,,,,1,Culpepper & Associates,1,2,3140,Communications; ProSe,high,,,,,,,,,
A3256,Shelby Yarbrough,,,,1,Law Office of Barrett Yarbrough,1,2,3140,Communications; ProSe,high,,,,,,,,,
A3257,Jeremy Branning,,,,1,Clark Partington,1,1,3140,Communications,high,,,,,,,,,
