first,last,mdl,Attorney_ID
christopher,seeger,1657,A0001
christopher,seeger,1699,A0001
christopher,seeger,1708,A0001
christopher,seeger,1742,A0001
christopher,seeger,1789,A0001
christopher,seeger,1842,A0001
christopher,seeger,1909,A0001
christopher,seeger,1938,A0001
christopher,seeger,2047,A0001
christopher,seeger,2087,A0001
christopher,seeger,2158,A0001
christopher,seeger,2197,A0001
christopher,seeger,2243,A0001
christopher,seeger,2244,A0001
christopher,seeger,2299,A0001
christopher,seeger,2323,A0001
christopher,seeger,2342,A0001
christopher,seeger,2506,A0001
christopher,seeger,2545,A0001
christopher,seeger,2591,A0001
christopher,seeger,2672,A0001
christopher,seeger,2687,A0001
christopher,seeger,2750,A0001
christopher,seeger,2779,A0001
christopher,seeger,2789,A0001
christopher,seeger,2796,A0001
christopher,seeger,2804,A0001
christopher,seeger,2828,A0001
christopher,seeger,2885,A0001
christopher,seeger,2904,A0001
christopher,seeger,2973,A0001
christopher,seeger,3014,A0001
christopher,seeger,3047,A0001
christopher,seeger,3055,A0001
christopher,seeger,3089,A0001
christopher,seeger,3113,A0001
christopher,seeger,3121,A0001
christopher,seeger,3140,A0001
chris,seeger,1657,A0001
chris,seeger,1909,A0001
chris,seeger,2428,A0001
chris,seeger,2436,A0001
chris,seeger,2804,A0001
chris,seeger,2885,A0001
chris,seeger,3047,A0001
chris,seeger,3114,A0001
james,cecchi,1914,A0002
james,cecchi,1938,A0002
james,cecchi,2020,A0002
james,cecchi,2158,A0002
james,cecchi,2228,A0002
james,cecchi,2243,A0002
james,cecchi,2332,A0002
james,cecchi,2353,A0002
james,cecchi,2415,A0002
james,cecchi,2471,A0002
james,cecchi,2506,A0002
james,cecchi,2514,A0002
james,cecchi,2540,A0002
james,cecchi,2577,A0002
james,cecchi,2591,A0002
james,cecchi,2599,A0002
james,cecchi,2672,A0002
james,cecchi,2687,A0002
james,cecchi,2750,A0002
james,cecchi,2779,A0002
james,cecchi,2904,A0002
james,cecchi,2948,A0002
james,cecchi,3051,A0002
james,cecchi,3055,A0002
james,cecchi,3073,A0002
james,cecchi,3080,A0002
james,cecchi,3089,A0002
james,cecchi,3090,A0002
james,cecchi,3113,A0002
james,cecchi,3114,A0002
james,cecchi,3149,A0002
james,ceechi,2904,A0002
james,checchi,3055,A0002
elizabeth,cabraser,1431,A0003
elizabeth,cabraser,1657,A0003
elizabeth,cabraser,1699,A0003
elizabeth,cabraser,1708,A0003
elizabeth,cabraser,1845,A0003
elizabeth,cabraser,1938,A0003
elizabeth,cabraser,2151,A0003
elizabeth,cabraser,2179,A0003
elizabeth,cabraser,2184,A0003
elizabeth,cabraser,2335,A0003
elizabeth,cabraser,2419,A0003
elizabeth,cabraser,2543,A0003
elizabeth,cabraser,2599,A0003
elizabeth,cabraser,2656,A0003
elizabeth,cabraser,2672,A0003
elizabeth,cabraser,2724,A0003
elizabeth,cabraser,2777,A0003
elizabeth,cabraser,2804,A0003
elizabeth,cabraser,2996,A0003
elizabeth,cabraser,3084,A0003
richard,arsenault,1657,A0004
richard,arsenault,1699,A0004
richard,arsenault,1708,A0004
richard,arsenault,1742,A0004
richard,arsenault,1811,A0004
richard,arsenault,1905,A0004
richard,arsenault,1964,A0004
richard,arsenault,2151,A0004
richard,arsenault,2187,A0004
richard,arsenault,2197,A0004
richard,arsenault,2199,A0004
richard,arsenault,2220,A0004
richard,arsenault,2223,A0004
richard,arsenault,2244,A0004
richard,arsenault,2263,A0004
richard,arsenault,2272,A0004
richard,arsenault,2284,A0004
richard,arsenault,2299,A0004
richard,arsenault,2320,A0004
richard,arsenault,2328,A0004
richard,arsenault,2333,A0004
richard,arsenault,2382,A0004
richard,arsenault,2391,A0004
richard,arsenault,2434,A0004
richard,arsenault,2514,A0004
steve,berman,1699,A0005
steve,berman,1850,A0005
steve,berman,1938,A0005
steve,berman,1972,A0005
steve,berman,2428,A0005
steve,berman,2455,A0005
steve,berman,2492,A0005
steve,berman,2543,A0005
steve,berman,2672,A0005
steve,berman,2744,A0005
steve,berman,2773,A0005
steve,berman,2777,A0005
steve,berman,2779,A0005
steve,berman,2938,A0005
steve,berman,3040,A0005
steve,berman,3052,A0005
steve,berman,3071,A0005
steve,berman,3080,A0005
steve,berman,3113,A0005
,berman,3052,A0005
steven,berman,2151,A0005
steven,berman,2627,A0005
steven,berman,2743,A0005
steven,berman,3113,A0005
w,lanier,1657,A0006
w,lanier,1871,A0006
w,lanier,1968,A0006
w,lanier,2151,A0006
w,lanier,2244,A0006
w,lanier,2272,A0006
w,lanier,2299,A0006
w,lanier,2391,A0006
w,lanier,2545,A0006
w,lanier,2885,A0006
w,lanier,2973,A0006
w,lanier,3043,A0006
w,lanier,3114,A0006
mark,lanier,2197,A0006
mark,lanier,2244,A0006
mark,lanier,2391,A0006
mark,lanier,2785,A0006
thomas,cartmell,1699,A0007
thomas,cartmell,1871,A0007
thomas,cartmell,2187,A0007
thomas,cartmell,2244,A0007
thomas,cartmell,2325,A0007
thomas,cartmell,2326,A0007
thomas,cartmell,2327,A0007
thomas,cartmell,2342,A0007
thomas,cartmell,2387,A0007
thomas,cartmell,2440,A0007
thomas,cartmell,2591,A0007
thomas,cartmell,2641,A0007
thomas,cartmell,2885,A0007
thomas,cartmell,3047,A0007
thomas,cartmell,3073,A0007
thomas,cartmell,3081,A0007
tom,cartmell,2187,A0007
michael,london,1742,A0008
michael,london,1842,A0008
michael,london,1953,A0008
michael,london,2023,A0008
michael,london,2051,A0008
michael,london,2068,A0008
michael,london,2100,A0008
michael,london,2197,A0008
michael,london,2272,A0008
michael,london,2385,A0008
michael,london,2433,A0008
michael,london,2545,A0008
michael,london,2750,A0008
michael,london,2754,A0008
michael,london,2846,A0008
michael,london,2873,A0008
michael,london,3089,A0008
hunter,shkolnik,1708,A0009
hunter,shkolnik,1905,A0009
hunter,shkolnik,1964,A0009
hunter,shkolnik,2066,A0009
hunter,shkolnik,2151,A0009
hunter,shkolnik,2187,A0009
hunter,shkolnik,2199,A0009
hunter,shkolnik,2220,A0009
hunter,shkolnik,2244,A0009
hunter,shkolnik,2272,A0009
hunter,shkolnik,2385,A0009
hunter,shkolnik,2440,A0009
hunter,shkolnik,2452,A0009
hunter,shkolnik,2677,A0009
hunter,shkolnik,2738,A0009
hunter,shkolnik,2740,A0009
hunter,shkolnik,2750,A0009
hunter,shkolnik,2754,A0009
hunter,shkolnik,2873,A0009
hunter,shkolnik,3080,A0009
hunter,shkolnik,3121,A0009
dianne,nast,1431,A0010
dianne,nast,1730,A0010
dianne,nast,1871,A0010
dianne,nast,1905,A0010
dianne,nast,1997,A0010
dianne,nast,2068,A0010
dianne,nast,2187,A0010
dianne,nast,2226,A0010
dianne,nast,2299,A0010
dianne,nast,2323,A0010
dianne,nast,2342,A0010
dianne,nast,2406,A0010
dianne,nast,2434,A0010
dianne,nast,2436,A0010
dianne,nast,2441,A0010
dianne,nast,2458,A0010
dianne,nast,2502,A0010
dianne,nast,2543,A0010
dianne,nast,2545,A0010
dianne,nast,2592,A0010
dianne,nast,2724,A0010
dianne,nast,2819,A0010
dianne,nast,3080,A0010
diane,nast,1871,A0010
james,dugan,1431,A0011
james,dugan,1657,A0011
james,dugan,1789,A0011
james,dugan,1938,A0011
james,dugan,2067,A0011
james,dugan,2068,A0011
james,dugan,2242,A0011
james,dugan,2243,A0011
james,dugan,2323,A0011
james,dugan,2332,A0011
james,dugan,2385,A0011
james,dugan,2409,A0011
james,dugan,2445,A0011
james,dugan,2460,A0011
james,dugan,2472,A0011
james,dugan,2492,A0011
james,dugan,2724,A0011
james,dugan,2754,A0011
james,dugan,2996,A0011
james,dugan,3026,A0011
james,dugan,3037,A0011
james,dugan,3080,A0011
james,dugan,3140,A0011
jim,dugan,2428,A0011
charles,schaffer,2000,A0012
charles,schaffer,2223,A0012
charles,schaffer,2263,A0012
charles,schaffer,2320,A0012
charles,schaffer,2359,A0012
charles,schaffer,2382,A0012
charles,schaffer,2514,A0012
charles,schaffer,2827,A0012
charles,schaffer,2828,A0012
charles,schaffer,2873,A0012
charles,schaffer,2887,A0012
charles,schaffer,3014,A0012
charles,schaffer,3050,A0012
charles,schaffer,3056,A0012
charles,schaffer,3083,A0012
charles,schaffer,3108,A0012
charles,schaffer,3114,A0012
dawn,barrios,1657,A0013
dawn,barrios,2047,A0013
dawn,barrios,2151,A0013
dawn,barrios,2179,A0013
dawn,barrios,2299,A0013
dawn,barrios,2543,A0013
dawn,barrios,2545,A0013
dawn,barrios,2592,A0013
dawn,barrios,2740,A0013
thomas,sobol,1657,A0014
thomas,sobol,1708,A0014
thomas,sobol,1730,A0014
thomas,sobol,1938,A0014
thomas,sobol,2067,A0014
thomas,sobol,2332,A0014
thomas,sobol,2343,A0014
thomas,sobol,2409,A0014
thomas,sobol,2419,A0014
thomas,sobol,2445,A0014
thomas,sobol,2460,A0014
thomas,sobol,2472,A0014
thomas,sobol,2516,A0014
thomas,sobol,2724,A0014
thomas,sobol,2819,A0014
thomas,sobol,2836,A0014
thomas,sobol,2878,A0014
,sobol,2409,A0014
gary,lynch,1674,A0015
gary,lynch,2522,A0015
gary,lynch,2583,A0015
gary,lynch,2595,A0015
gary,lynch,2669,A0015
gary,lynch,2693,A0015
gary,lynch,2800,A0015
gary,lynch,2833,A0015
gary,lynch,2879,A0015
gary,lynch,3056,A0015
gary,lynch,3083,A0015
gary,lynch,3108,A0015
norman,siegel,2086,A0016
norman,siegel,2522,A0016
norman,siegel,2567,A0016
norman,siegel,2583,A0016
norman,siegel,2789,A0016
norman,siegel,2800,A0016
norman,siegel,2879,A0016
norman,siegel,2915,A0016
norman,siegel,3019,A0016
norman,siegel,3073,A0016
norman,siegel,3083,A0016
norman,siegel,3098,A0016
norman,siegel,3108,A0016
norman,siegel,3115,A0016
norm,siegel,2086,A0016
norm,siegel,2522,A0016
norman,seigel,2904,A0016
joseph,rice,2179,A0017
joseph,rice,2187,A0017
joseph,rice,2325,A0017
joseph,rice,2326,A0017
joseph,rice,2327,A0017
joseph,rice,2387,A0017
joseph,rice,2440,A0017
joseph,rice,2502,A0017
joseph,rice,2543,A0017
joseph,rice,2672,A0017
joseph,rice,2777,A0017
joseph,rice,2873,A0017
joe,rice,2543,A0017
joe,rice,2804,A0017
joe,rice,2873,A0017
joe,rice,2996,A0017
jospeh,rice,2873,A0017
roland,tellis,2415,A0018
roland,tellis,2599,A0018
roland,tellis,2672,A0018
roland,tellis,2777,A0018
roland,tellis,2905,A0018
roland,tellis,2948,A0018
roland,tellis,3047,A0018
roland,tellis,3051,A0018
roland,tellis,3052,A0018
,tellis,3052,A0018
michael,hausfeld,1682,A0019
michael,hausfeld,1768,A0019
michael,hausfeld,1775,A0019
michael,hausfeld,1869,A0019
michael,hausfeld,1935,A0019
michael,hausfeld,1942,A0019
michael,hausfeld,2002,A0019
michael,hausfeld,2196,A0019
michael,hausfeld,2221,A0019
michael,hausfeld,2323,A0019
michael,hausfeld,2406,A0019
michael,hausfeld,2656,A0019
michael,hausfeld,2672,A0019
michael,hausfeld,2925,A0019
jayne,conroy,1570,A0020
jayne,conroy,1909,A0020
jayne,conroy,2151,A0020
jayne,conroy,2187,A0020
jayne,conroy,2244,A0020
jayne,conroy,2299,A0020
jayne,conroy,2331,A0020
jayne,conroy,2342,A0020
jayne,conroy,2502,A0020
jayne,conroy,2591,A0020
jayne,conroy,2672,A0020
jayne,conroy,2782,A0020
jayne,conroy,2804,A0020
jayne,conroy,2996,A0020
jayne,conroy,3047,A0020
jayne,conroy,3080,A0020
jane,conroy,2197,A0020
david,boies,2406,A0021
david,boies,2543,A0021
david,boies,2599,A0021
david,boies,2672,A0021
david,boies,3076,A0021
elizabeth,fegan,1745,A0022
elizabeth,fegan,1907,A0022
elizabeth,fegan,2023,A0022
elizabeth,fegan,2086,A0022
elizabeth,fegan,2455,A0022
elizabeth,fegan,2519,A0022
elizabeth,fegan,2873,A0022
elizabeth,fegan,2924,A0022
elizabeth,fegan,2948,A0022
elizabeth,fegan,3052,A0022
elizabeth,fegan,3089,A0022
elizabeth,fegan,3110,A0022
,fegan,3052,A0022
karen,riebel,2359,A0023
karen,riebel,2522,A0023
karen,riebel,2583,A0023
karen,riebel,2595,A0023
karen,riebel,2752,A0023
karen,riebel,2800,A0023
karen,riebel,2833,A0023
karen,riebel,2915,A0023
karen,riebel,3083,A0023
karen,riebel,3108,A0023
mark,robinson,1657,A0024
mark,robinson,1699,A0024
mark,robinson,1905,A0024
mark,robinson,1909,A0024
mark,robinson,1953,A0024
mark,robinson,2100,A0024
mark,robinson,2151,A0024
mark,robinson,2197,A0024
mark,robinson,2243,A0024
mark,robinson,2299,A0024
mark,robinson,2342,A0024
mark,robinson,2543,A0024
mark,robinson,2885,A0024
arnold,levin,1657,A0025
arnold,levin,1763,A0025
arnold,levin,1817,A0025
arnold,levin,2047,A0025
arnold,levin,2100,A0025
arnold,levin,2179,A0025
arnold,levin,2243,A0025
arnold,levin,2323,A0025
arnold,levin,2328,A0025
arnold,levin,2342,A0025
arnold,levin,2428,A0025
arnold,levin,2545,A0025
michele,drake,2904,A0026
michele,dirke,2904,A0026
e,drake,2933,A0026
e,drake,3083,A0026
e,drake,3108,A0026
e,drake,3128,A0026
e,drake,3149,A0026
e,drake,2522,A0026
michelle,drake,2522,A0026
michelle,drake,3083,A0026
james,pizzirusso,1982,A0027
james,pizzirusso,2522,A0027
james,pizzirusso,2583,A0027
james,pizzirusso,2633,A0027
james,pizzirusso,2800,A0027
james,pizzirusso,2879,A0027
james,pizzirusso,2904,A0027
james,pizzirusso,3019,A0027
james,pizzirusso,3056,A0027
james,pizzirusso,3073,A0027
james,pizzirusso,3083,A0027
james,pizzirusso,3096,A0027
james,pizzirusso,3127,A0027
james,pizzirusso,3149,A0027
russ,herman,1657,A0028
russ,herman,2047,A0028
russ,herman,2328,A0028
daniel,becnel,1431,A0029
daniel,becnel,1699,A0029
daniel,becnel,1708,A0029
daniel,becnel,1785,A0029
daniel,becnel,1845,A0029
daniel,becnel,1953,A0029
daniel,becnel,1960,A0029
daniel,becnel,1997,A0029
daniel,becnel,2023,A0029
daniel,becnel,2047,A0029
daniel,becnel,2051,A0029
daniel,becnel,2068,A0029
daniel,becnel,2100,A0029
daniel,becnel,2220,A0029
daniel,becnel,2223,A0029
daniel,becnel,2226,A0029
daniel,becnel,2263,A0029
yvonne,flaherty,1943,A0030
yvonne,flaherty,1964,A0030
yvonne,flaherty,2187,A0030
yvonne,flaherty,2325,A0030
yvonne,flaherty,2326,A0030
yvonne,flaherty,2327,A0030
yvonne,flaherty,2387,A0030
yvonne,flaherty,2434,A0030
yvonne,flaherty,2440,A0030
yvonne,flaherty,2441,A0030
yvonne,flaherty,2545,A0030
yvonne,flaherty,2642,A0030
yvonne,flaherty,2691,A0030
yvonne,flaherty,2741,A0030
yvonne,flaherty,2809,A0030
yvonne,flaherty,3079,A0030
bryan,aylstock,1871,A0031
bryan,aylstock,2187,A0031
bryan,aylstock,2325,A0031
bryan,aylstock,2326,A0031
bryan,aylstock,2327,A0031
bryan,aylstock,2342,A0031
bryan,aylstock,2458,A0031
bryan,aylstock,2734,A0031
bryan,aylstock,2885,A0031
bryan,aylstock,3025,A0031
bryan,aylstock,3089,A0031
bryan,aylstock,3140,A0031
peter,prieto,2406,A0032
peter,prieto,2543,A0032
peter,prieto,2599,A0032
peter,prieto,2905,A0032
ben,barnow,1704,A0033
ben,barnow,1838,A0033
ben,barnow,1940,A0033
ben,barnow,1998,A0033
ben,barnow,2046,A0033
ben,barnow,2068,A0033
ben,barnow,2173,A0033
ben,barnow,2258,A0033
ben,barnow,2357,A0033
ben,barnow,2474,A0033
ben,barnow,2586,A0033
ben,barnow,2705,A0033
ben,barnow,2827,A0033
ben,barnow,3056,A0033
ben,barnow,3090,A0033
fred,thompson,1871,A0034
fred,thompson,1905,A0034
fred,thompson,1928,A0034
fred,thompson,1968,A0034
fred,thompson,2087,A0034
fred,thompson,2187,A0034
fred,thompson,2243,A0034
fred,thompson,2325,A0034
fred,thompson,2326,A0034
fred,thompson,2327,A0034
fred,thompson,2434,A0034
fred,thompson,2873,A0034
robert,kaplan,1682,A0035
robert,kaplan,1775,A0035
robert,kaplan,1972,A0035
robert,kaplan,2328,A0035
robert,kaplan,2508,A0035
robert,kaplan,2583,A0035
robert,kaplan,2656,A0035
robert,kaplan,2724,A0035
robert,kaplan,2819,A0035
robert,kaplan,2931,A0035
mikal,watts,1873,A0036
mikal,watts,2179,A0036
mikal,watts,2385,A0036
mikal,watts,2591,A0036
mikal,watts,2875,A0036
mikal,watts,2885,A0036
mikal,watts,2924,A0036
mikal,watts,3043,A0036
daniel,bryson,1958,A0037
daniel,bryson,2047,A0037
daniel,bryson,2333,A0037
daniel,bryson,2495,A0037
daniel,bryson,2514,A0037
daniel,bryson,2577,A0037
daniel,bryson,2627,A0037
daniel,bryson,2688,A0037
daniel,bryson,2743,A0037
daniel,bryson,2779,A0037
daniel,bryson,2886,A0037
clayton,clark,2187,A0038
clayton,clark,2325,A0038
clayton,clark,2326,A0038
clayton,clark,2327,A0038
clayton,clark,2385,A0038
clayton,clark,2387,A0038
clayton,clark,2440,A0038
clayton,clark,2591,A0038
clayton,clark,2885,A0038
david,sorensen,1730,A0039
david,sorensen,2084,A0039
david,sorensen,2332,A0039
david,sorensen,2409,A0039
david,sorensen,2460,A0039
david,sorensen,2472,A0039
david,sorensen,2516,A0039
david,sorensen,2580,A0039
david,sorensen,2724,A0039
david,sorensen,2819,A0039
,sorensen,2409,A0039
adam,levitt,1811,A0040
adam,levitt,1907,A0040
adam,levitt,1938,A0040
adam,levitt,1990,A0040
adam,levitt,2258,A0040
adam,levitt,2263,A0040
adam,levitt,2284,A0040
adam,levitt,2320,A0040
adam,levitt,2415,A0040
adam,levitt,2441,A0040
adam,levitt,2543,A0040
adam,levitt,2590,A0040
adam,levitt,2672,A0040
adam,levitt,2828,A0040
adam,levitt,2905,A0040
adam,levitt,3089,A0040
andrew,friedman,1825,A0041
andrew,friedman,1862,A0041
andrew,friedman,1974,A0041
andrew,friedman,2020,A0041
andrew,friedman,2046,A0041
andrew,friedman,2087,A0041
andrew,friedman,2096,A0041
andrew,friedman,2238,A0041
andrew,friedman,2583,A0041
andrew,friedman,2586,A0041
andrew,friedman,2617,A0041
andrew,friedman,2693,A0041
andrew,friedman,2800,A0041
andrew,friedman,2879,A0041
david,matthews,1871,A0042
david,matthews,1928,A0042
david,matthews,2385,A0042
david,matthews,2570,A0042
david,matthews,3026,A0042
david,matthews,3043,A0042
david,matthews,3092,A0042
dave,matthews,2187,A0042
john,yanchunis,2450,A0043
john,yanchunis,2522,A0043
john,yanchunis,2583,A0043
john,yanchunis,2664,A0043
john,yanchunis,2677,A0043
john,yanchunis,2695,A0043
john,yanchunis,2752,A0043
john,yanchunis,2800,A0043
john,yanchunis,2841,A0043
john,yanchunis,2915,A0043
john,yanchunis,2994,A0043
john,yanchunis,3083,A0043
john,yanchunis,3090,A0043
john,yanchunis,3115,A0043
ellen,relkin,1742,A0044
ellen,relkin,2087,A0044
ellen,relkin,2197,A0044
ellen,relkin,2391,A0044
ellen,relkin,2592,A0044
ellen,relkin,2750,A0044
ellen,relkin,2768,A0044
ellen,relkin,2776,A0044
ellen,relkin,2913,A0044
ellen,relkin,3014,A0044
ellen,relkin,3044,A0044
ellen,relkin,3140,A0044
brian,barr,1928,A0045
brian,barr,2179,A0045
brian,barr,2592,A0045
brian,barr,2885,A0045
linda,nussbaum,1960,A0046
linda,nussbaum,2084,A0046
linda,nussbaum,2328,A0046
linda,nussbaum,2420,A0046
linda,nussbaum,2481,A0046
linda,nussbaum,2516,A0046
linda,nussbaum,2687,A0046
linda,nussbaum,2724,A0046
linda,nussbaum,2819,A0046
linda,nussbaum,2904,A0046
linda,nussbaum,3055,A0046
linda,nussbaum,3096,A0046
linda,nussbaum,3127,A0046
henry,garrard,2187,A0047
henry,garrard,2325,A0047
henry,garrard,2326,A0047
henry,garrard,2327,A0047
henry,garrard,2387,A0047
henry,garrard,2440,A0047
henry,garrard,2782,A0047
henry,garrard,2885,A0047
kristen,johnson,2472,A0048
kristen,johnson,2819,A0048
kristen,johnson,2836,A0048
kristen,johnson,2878,A0048
kristen,johnson,3083,A0048
todd,smith,2599,A0049
ramon,lopez,1708,A0050
ramon,lopez,1742,A0050
ramon,lopez,1909,A0050
ramon,lopez,2385,A0050
ramon,lopez,2452,A0050
ramon,lopez,2502,A0050
ramon,lopez,2570,A0050
ramon,lopez,2641,A0050
jerrold,parker,1742,A0051
jerrold,parker,1842,A0051
jerrold,parker,1909,A0051
jerrold,parker,2047,A0051
jerrold,parker,2220,A0051
jerrold,parker,2299,A0051
jerry,parker,2187,A0051
jerry,parker,2440,A0051
jerold,parker,2244,A0051
roger,denton,1742,A0052
roger,denton,1909,A0052
roger,denton,1964,A0052
roger,denton,2100,A0052
roger,denton,2385,A0052
roger,denton,2433,A0052
roger,denton,2592,A0052
roger,denton,2789,A0052
roger,denton,2846,A0052
roger,denton,3140,A0052
robert,shelquist,1817,A0053
robert,shelquist,1905,A0053
robert,shelquist,1958,A0053
robert,shelquist,1990,A0053
robert,shelquist,2000,A0053
robert,shelquist,2098,A0053
robert,shelquist,2223,A0053
robert,shelquist,2247,A0053
robert,shelquist,2264,A0053
robert,shelquist,2359,A0053
robert,shelquist,2551,A0053
robert,shelquist,2591,A0053
robert,shelquist,2677,A0053
robert,shelquist,2744,A0053
riley,burnett,2004,A0054
riley,burnett,2187,A0054
riley,burnett,2325,A0054
riley,burnett,2326,A0054
riley,burnett,2327,A0054
riley,burnett,2387,A0054
riley,burnett,2440,A0054
riley,burnett,2511,A0054
riley,burnett,2885,A0054
timothy,blood,2087,A0055
timothy,blood,2258,A0055
timothy,blood,2308,A0055
timothy,blood,2357,A0055
timothy,blood,2705,A0055
timothy,blood,2738,A0055
timothy,blood,2827,A0055
timothy,blood,2904,A0055
douglas,mcnamara,2904,A0056
douglas,mcnamara,2972,A0056
douglas,mcnamara,3083,A0056
doug,mcnamara,2827,A0056
doug,mcnamara,3083,A0056
scott,summy,2179,A0057
scott,summy,2873,A0057
troy,rafferty,1657,A0058
troy,rafferty,1909,A0058
troy,rafferty,2197,A0058
troy,rafferty,2299,A0058
troy,rafferty,2428,A0058
troy,rafferty,2545,A0058
troy,rafferty,2606,A0058
troy,rafferty,2734,A0058
troy,rafferty,2789,A0058
troy,rafferty,2804,A0058
troy,rafferty,3080,A0058
troy,rafferty,3140,A0058
charles,zimmerman,1431,A0059
charles,zimmerman,1708,A0059
charles,zimmerman,1905,A0059
charles,zimmerman,1943,A0059
charles,zimmerman,1990,A0059
charles,zimmerman,2323,A0059
charles,zimmerman,2492,A0059
charles,zimmerman,2522,A0059
charles,zimmerman,2820,A0059
bucky,zimmerman,2441,A0059
wendy,fleishman,1785,A0060
wendy,fleishman,1905,A0060
wendy,fleishman,2158,A0060
wendy,fleishman,2197,A0060
wendy,fleishman,2323,A0060
wendy,fleishman,2441,A0060
wendy,fleishman,2641,A0060
wendy,fleishman,2657,A0060
wendy,fleishman,2768,A0060
wendy,fleishman,3026,A0060
wendy,fleischman,2754,A0060
wendy,fleischman,2859,A0060
shawn,raiter,1958,A0061
shawn,raiter,2000,A0061
shawn,raiter,2247,A0061
shawn,raiter,2311,A0061
shawn,raiter,2441,A0061
shawn,raiter,2495,A0061
shawn,raiter,2551,A0061
shawn,raiter,2724,A0061
shawn,raiter,2918,A0061
shawn,raiter,2998,A0061
shawn,raiter,3031,A0061
shawn,raiter,3108,A0061
douglass,kreiss,2004,A0062
douglass,kreis,2046,A0062
douglass,kreis,2244,A0062
douglass,kreis,2391,A0062
douglass,kreis,2441,A0062
douglass,kreis,2782,A0062
douglass,kreis,2885,A0062
douglass,kreis,3140,A0062
douglas,kreis,3140,A0062
doug,kreis,2885,A0062
trent,miracle,2100,A0063
trent,miracle,2197,A0063
trent,miracle,2244,A0063
trent,miracle,2331,A0063
trent,miracle,2545,A0063
trent,miracle,3079,A0063
trent,miracle,3092,A0063
amy,keller,2688,A0064
amy,keller,2800,A0064
amy,keller,2827,A0064
amy,keller,2879,A0064
amy,keller,2904,A0064
amy,keller,2909,A0064
amy,keller,2972,A0064
amy,keller,3019,A0064
amy,keller,3083,A0064
amy,keller,3115,A0064
paul,pennock,1708,A0065
paul,pennock,1769,A0065
paul,pennock,2244,A0065
paul,pennock,2299,A0065
paul,pennock,2789,A0065
paul,pennock,2885,A0065
paul,pennock,2973,A0065
paul,pennock,3036,A0065
paul,pennock,3094,A0065
neil,overholtz,1905,A0066
neil,overholtz,1928,A0066
neil,overholtz,2272,A0066
neil,overholtz,2299,A0066
neil,overholtz,2385,A0066
neil,overholtz,2452,A0066
neil,overholtz,2592,A0066
neil,overholtz,2789,A0066
neil,overholtz,2885,A0066
doug,monsour,1928,A0067
doug,monsour,2187,A0067
doug,monsour,2272,A0067
doug,monsour,2885,A0067
doug,monsour,3081,A0067
douglas,monsour,2885,A0067
douglas,monsour,3140,A0067
j,stranch,2242,A0068
j,stranch,2419,A0068
j,stranch,2672,A0068
j,stranch,2904,A0068
j,stranch,3032,A0068
j,stranch,3035,A0068
j,stranch,3127,A0068
gerard,stranch,2332,A0068
gerard,stranch,2804,A0068
gerard,stranch,3083,A0068
pete,flowers,2187,A0069
pete,flowers,2385,A0069
peter,flowers,2197,A0069
peter,flowers,2272,A0069
peter,flowers,2391,A0069
peter,flowers,2441,A0069
peter,flowers,2768,A0069
peter,flowers,3004,A0069
joseph,guglielmo,2020,A0070
joseph,guglielmo,2409,A0070
joseph,guglielmo,2445,A0070
joseph,guglielmo,2522,A0070
joseph,guglielmo,2583,A0070
joseph,guglielmo,2800,A0070
joseph,guglielmo,2904,A0070
joseph,guglielmo,3050,A0070
joseph,guglielmo,3056,A0070
joseph,guglielmo,3080,A0070
joseph,guglielmo,3083,A0070
joseph,guglielmo,3114,A0070
joseph,guglielmo,3115,A0070
ben,gordon,2047,A0071
ben,gordon,2197,A0071
ben,gordon,2244,A0071
ben,gordon,2406,A0071
ben,gordon,2441,A0071
ben,gordon,2666,A0071
ben,gordon,2740,A0071
ben,gordon,2775,A0071
julia,zaic,2244,A0072
julia,zaic,2452,A0072
julia,zaic,2570,A0072
julia,zaic,2641,A0072
genevieve,zimmerman,2391,A0073
genevieve,zimmerman,2441,A0073
genevieve,zimmerman,2666,A0073
genevieve,zimmerman,2740,A0073
genevieve,zimmerman,2775,A0073
genevieve,zimmerman,2885,A0073
thomas,girardi,1657,A0074
thomas,girardi,1807,A0074
thomas,girardi,1840,A0074
thomas,girardi,2100,A0074
thomas,girardi,2323,A0074
thomas,girardi,2404,A0074
tom,girardi,1967,A0074
don,barrett,1431,A0075
don,barrett,1699,A0075
don,barrett,1751,A0075
don,barrett,2068,A0075
don,barrett,2311,A0075
don,barrett,2522,A0075
don,barrett,2555,A0075
don,barrett,2724,A0075
don,barrett,3080,A0075
john,barrett,2493,A0075
john,barrett,2993,A0075
christopher,coffin,1736,A0076
christopher,coffin,1958,A0076
christopher,coffin,2000,A0076
christopher,coffin,2067,A0076
christopher,coffin,2247,A0076
christopher,coffin,2342,A0076
christopher,coffin,2458,A0076
christopher,coffin,2495,A0076
christopher,coffin,2606,A0076
christopher,coffin,2666,A0076
christopher,coffin,2740,A0076
chris,coffin,2406,A0076
chris,coffin,2441,A0076
chris,coffin,2502,A0076
steven,williams,1775,A0077
steven,williams,1972,A0077
steven,williams,2335,A0077
steven,williams,2624,A0077
steven,williams,2656,A0077
steven,williams,2724,A0077
steven,williams,2773,A0077
steven,williams,2785,A0077
steven,williams,3107,A0077
charles,laduca,1817,A0078
charles,laduca,1958,A0078
charles,laduca,2000,A0078
charles,laduca,2098,A0078
charles,laduca,2238,A0078
charles,laduca,2247,A0078
charles,laduca,2359,A0078
charles,laduca,2551,A0078
charles,laduca,2555,A0078
charles,laduca,2695,A0078
charles,laduca,3032,A0078
charles,laduca,3108,A0078
w,garrison,1842,A0079
w,garrison,1943,A0079
w,garrison,2023,A0079
w,garrison,2502,A0079
w,garrison,2669,A0079
w,garrison,2677,A0079
w,garrison,2885,A0079
carl,frankovitch,1968,A0080
carl,frankovitch,2187,A0080
carl,frankovitch,2325,A0080
carl,frankovitch,2326,A0080
carl,frankovitch,2327,A0080
carl,frankovitch,2387,A0080
carl,frankovitch,2440,A0080
chris,hellums,1985,A0081
chris,hellums,2087,A0081
chris,hellums,2406,A0081
chris,hellums,2441,A0081
chris,hellums,2595,A0081
chris,hellums,2734,A0081
chris,hellums,2885,A0081
chris,hellums,3140,A0081
megan,jones,2406,A0082
megan,jones,2862,A0082
megan,jones,2867,A0082
megan,jones,2879,A0082
megan,jones,2948,A0082
meghan,jones,2406,A0082
john,climaco,1431,A0083
john,climaco,1708,A0083
john,climaco,1968,A0083
john,climaco,2066,A0083
john,climaco,2199,A0083
john,climaco,2220,A0083
john,climaco,2223,A0083
john,climaco,2244,A0083
john,climaco,2263,A0083
john,climaco,2320,A0083
john,climaco,2382,A0083
john,climaco,2391,A0083
hollis,salzman,1745,A0084
hollis,salzman,1775,A0084
hollis,salzman,1942,A0084
hollis,salzman,1960,A0084
hollis,salzman,2196,A0084
hollis,salzman,2284,A0084
hollis,salzman,2328,A0084
hollis,salzman,2668,A0084
hollis,salzman,2867,A0084
gary,mason,1796,A0085
gary,mason,1817,A0085
gary,mason,1958,A0085
gary,mason,2000,A0085
gary,mason,2025,A0085
gary,mason,2047,A0085
gary,mason,2406,A0085
gary,mason,2495,A0085
gary,mason,2514,A0085
gary,mason,2664,A0085
gary,mason,2887,A0085
gary,mason,3021,A0085
donald,migliori,1570,A0086
donald,migliori,1842,A0086
donald,migliori,2197,A0086
donald,migliori,2472,A0086
donald,migliori,2641,A0086
donald,migliori,2782,A0086
donald,migliori,3148,A0086
don,migliori,2244,A0086
eric,gibbs,1914,A0087
eric,gibbs,2086,A0087
eric,gibbs,2617,A0087
eric,gibbs,2661,A0087
eric,gibbs,2693,A0087
eric,gibbs,2800,A0087
roberta,liebenberg,1957,A0088
roberta,liebenberg,2724,A0088
roberta,liebenberg,2850,A0088
roberta,liebenberg,3014,A0088
roberta,liebenberg,3055,A0088
roberta,liebenberg,3094,A0088
roberta,liebenberg,3107,A0088
timothy,becker,2197,A0089
timothy,becker,2272,A0089
timothy,becker,2331,A0089
timothy,becker,2458,A0089
timothy,becker,2545,A0089
timothy,becker,3026,A0089
timothy,becker,3079,A0089
timothy,becker,3092,A0089
ruth,rizkalla,2885,A0090
ruth,rizkalla,2973,A0090
ruth,rizkalla,2974,A0090
ruth,rizkalla,3043,A0090
ruth,rizkalla,3047,A0090
kristine,kraft,1964,A0091
kristine,kraft,2545,A0091
kristine,kraft,2666,A0091
kristine,kraft,3026,A0091
kristine,kraft,3044,A0091
kristine,kraft,3092,A0091
stephen,herman,2179,A0092
stephen,herman,3108,A0092
navan,ward,2197,A0093
navan,ward,2244,A0093
navan,ward,2391,A0093
navan,ward,2789,A0093
gerald,meunier,1657,A0094
gerald,meunier,1873,A0094
gerald,meunier,2047,A0094
gerald,meunier,2328,A0094
gerald,meunier,2592,A0094
gordon,ball,1682,A0095
gordon,ball,1768,A0095
gordon,ball,1785,A0095
gordon,ball,2343,A0095
gordon,ball,2406,A0095
gordon,ball,2508,A0095
gordan,ball,1730,A0095
w,ball,1899,A0095
joe,whatley,1658,A0096
joe,whatley,1811,A0096
joe,whatley,1928,A0096
joe,whatley,1960,A0096
joe,whatley,1997,A0096
joe,whatley,2020,A0096
joe,whatley,2068,A0096
joe,whatley,2199,A0096
joe,whatley,2406,A0096
joe,whatley,2415,A0096
joseph,whatley,1938,A0096
teresa,toriseva,1708,A0097
teresa,toriseva,1842,A0097
teresa,toriseva,1905,A0097
teresa,toriseva,1968,A0097
teresa,toriseva,2570,A0097
annesley,degaris,1789,A0098
annesley,degaris,2087,A0098
annesley,degaris,2197,A0098
annesley,degaris,2406,A0098
annesley,degaris,2441,A0098
annesley,degaris,2666,A0098
annesley,degaris,2768,A0098
annesley,degaris,2875,A0098
annesley,degaris,3026,A0098
bruce,simon,1822,A0099
bruce,simon,1827,A0099
bruce,simon,1960,A0099
bruce,simon,1972,A0099
bruce,simon,1996,A0099
bruce,simon,2196,A0099
bruce,simon,2420,A0099
bruce,simon,2796,A0099
stuart,davidson,1850,A0100
stuart,davidson,2188,A0100
stuart,davidson,2199,A0100
stuart,davidson,2752,A0100
stuart,davidson,2828,A0100
stuart,davidson,2879,A0100
stuart,davidson,2904,A0100
stuart,davidson,3089,A0100
stuart,davidson,3090,A0100
stuart,davidson,3096,A0100
stuart,davidson,3115,A0100
smart,davidson,2904,A0100
daniel,gustafson,1905,A0101
daniel,gustafson,2406,A0101
daniel,gustafson,2591,A0101
daniel,gustafson,2744,A0101
daniel,gustafson,2993,A0101
daniel,gustafson,3108,A0101
daniel,gustafson,3110,A0101
david,buchanan,1909,A0102
david,buchanan,2323,A0102
david,buchanan,2436,A0102
david,buchanan,2846,A0102
david,buchanan,2885,A0102
david,buchanan,3080,A0102
david,buchanan,3140,A0102
dave,buchanan,2885,A0102
joseph,osborne,1928,A0103
joseph,osborne,2272,A0103
joseph,osborne,2391,A0103
joseph,osborne,2441,A0103
joseph,osborne,2641,A0103
joseph,osborne,2768,A0103
j,osborne,2187,A0103
marvin,miller,1996,A0104
marvin,miller,1997,A0104
marvin,miller,2196,A0104
marvin,miller,2445,A0104
marvin,miller,2460,A0104
marvin,miller,2472,A0104
marvin,miller,2516,A0104
marvin,miller,2687,A0104
marvin,miller,2836,A0104
laurence,king,2086,A0105
laurence,king,2320,A0105
laurence,king,2827,A0105
laurence,king,2904,A0105
michael,buchman,2173,A0106
michael,buchman,2332,A0106
michael,buchman,2409,A0106
michael,buchman,2445,A0106
michael,buchman,2460,A0106
michael,buchman,2472,A0106
michael,buchman,2516,A0106
michael,buchman,2724,A0106
michael,buchman,2836,A0106
michael,buchman,2966,A0106
brian,gudmundson,2522,A0107
brian,gudmundson,2583,A0107
brian,gudmundson,2693,A0107
brian,gudmundson,2779,A0107
brian,gudmundson,2795,A0107
brian,gudmundson,2833,A0107
brian,gudmundson,2879,A0107
brian,gudmundson,3083,A0107
brian,gudmundson,3090,A0107
brian,gudmundson,3108,A0107
brian,gudmondson,2800,A0107
sindhu,daniel,2592,A0108
sindhu,daniel,2738,A0108
sindhu,daniel,2789,A0108
sindhu,daniel,2885,A0108
sindhu,daniel,2973,A0108
sindhu,daniel,3140,A0108
justin,presnal,2244,A0109
justin,presnal,2391,A0109
justin,presnal,3044,A0109
justin,presnal,3140,A0109
warren,burns,2406,A0110
warren,burns,2656,A0110
warren,burns,2738,A0110
warren,burns,2785,A0110
warren,burns,2796,A0110
warren,burns,3107,A0110
warren,burns,3108,A0110
kristian,rasmussen,1699,A0111
kristian,rasmussen,2428,A0111
kristian,rasmussen,2691,A0111
kristian,rasmussen,2734,A0111
kristian,rasmussen,2885,A0111
b,rasmussen,2734,A0111
b,rasmussen,3037,A0111
bruce,gerstein,1730,A0112
bruce,gerstein,2084,A0112
bruce,gerstein,2332,A0112
bruce,gerstein,2409,A0112
bruce,gerstein,2445,A0112
bruce,gerstein,2460,A0112
bruce,gerstein,2516,A0112
bruce,gerstein,2580,A0112
,gerstein,2409,A0112
ernie,cory,1785,A0113
ernie,cory,2885,A0113
ernest,cory,1842,A0113
ernest,cory,1928,A0113
ernest,cory,2502,A0113
ernest,cory,2691,A0113
ernest,cory,2734,A0113
ernest,cory,2885,A0113
marc,seltzer,1891,A0114
marc,seltzer,1957,A0114
marc,seltzer,2151,A0114
marc,seltzer,2543,A0114
marc,seltzer,2668,A0114
martin,crump,2087,A0115
martin,crump,2187,A0115
martin,crump,2226,A0115
martin,crump,2331,A0115
martin,crump,2440,A0115
martin,crump,2502,A0115
martin,crump,2545,A0115
martin,crump,2666,A0115
martin,crump,2691,A0115
martin,crump,2767,A0115
palmer,lambert,2328,A0116
palmer,lambert,2740,A0116
palmer,lambert,2885,A0116
m,lambert,2328,A0116
m,lambert,2454,A0116
m,lambert,2740,A0116
m,lambert,2885,A0116
khaldoun,baghdadi,2197,A0117
khaldoun,baghdadi,2244,A0117
khaldoun,baghdadi,2443,A0117
khaldoun,baghdadi,2532,A0117
khaldoun,baghdadi,3004,A0117
khaldoun,baghdadi,3047,A0117
khaldoun,baghdadi,3084,A0117
tina,wolfson,2583,A0118
tina,wolfson,2588,A0118
tina,wolfson,2633,A0118
tina,wolfson,2664,A0118
tina,wolfson,2827,A0118
tina,wolfson,2904,A0118
tina,wolfson,2905,A0118
tina,wolfson,2951,A0118
tina,wolfson,3096,A0118
tina,wolfson,3107,A0118
tina,wolfson,3148,A0118
russell,budd,2187,A0119
russell,budd,2440,A0119
russell,budd,2570,A0119
russell,budd,2641,A0119
russell,budd,2642,A0119
russell,budd,2657,A0119
russell,budd,2804,A0119
russell,budd,3080,A0119
kimberly,justice,2796,A0120
kimberly,justice,2842,A0120
kimberly,justice,2867,A0120
kimberly,justice,3107,A0120
kimberly,justice,3110,A0120
,justice,2842,A0120
ervin,gonzalez,2047,A0121
ervin,gonzalez,2179,A0121
james,roy,2179,A0122
robin,greenwald,2179,A0123
robin,greenwald,2543,A0123
robin,greenwald,2672,A0123
robin,greenwald,2741,A0123
kenneth,wexler,1730,A0124
kenneth,wexler,1745,A0124
kenneth,wexler,1850,A0124
kenneth,wexler,2242,A0124
kenneth,wexler,2332,A0124
kenneth,wexler,2409,A0124
kenneth,wexler,2445,A0124
kenneth,wexler,2460,A0124
kenneth,wexler,2591,A0124
kenneth,wexler,2966,A0124
don,downing,1811,A0125
don,downing,1907,A0125
don,downing,2562,A0125
don,downing,2591,A0125
don,downing,2820,A0125
don,downing,2936,A0125
michael,mcshane,1817,A0126
michael,mcshane,1958,A0126
michael,mcshane,2000,A0126
michael,mcshane,2098,A0126
michael,mcshane,2238,A0126
michael,mcshane,2247,A0126
michael,mcshane,2270,A0126
michael,mcshane,2359,A0126
michael,mcshane,2705,A0126
michael,kelly,1822,A0127
michael,kelly,2151,A0127
michael,kelly,2197,A0127
michael,kelly,2199,A0127
michael,kelly,2532,A0127
michael,kelly,2641,A0127
,pritzker,1827,A0128
elizabeth,prizker,1827,A0128
elizabeth,pritzker,2420,A0128
elizabeth,pritzker,2624,A0128
elizabeth,pritzker,2785,A0128
elizabeth,pritzker,2796,A0128
elizabeth,pritzker,2873,A0128
elizabeth,pritzker,3148,A0128
thomas,bender,1840,A0129
thomas,bender,1967,A0129
thomas,bender,2591,A0129
thomas,bender,2936,A0129
tom,bender,2936,A0129
howard,nations,1909,A0130
howard,nations,2570,A0130
howard,nations,2641,A0130
howard,nations,2846,A0130
howard,nations,3081,A0130
gregory,asciolla,1957,A0131
gregory,asciolla,2284,A0131
gregory,asciolla,2724,A0131
gregory,asciolla,2993,A0131
gregory,asciolla,3107,A0131
greg,asciolla,3148,A0131
scott,weinstein,1953,A0132
scott,weinstein,1968,A0132
scott,weinstein,1985,A0132
scott,weinstein,2023,A0132
scott,weinstein,2047,A0132
scott,weinstein,2051,A0132
richard,golomb,2107,A0133
richard,golomb,2428,A0133
richard,golomb,2606,A0133
richard,golomb,2738,A0133
richard,golomb,2969,A0133
richard,golomb,3043,A0133
eric,holland,2263,A0134
eric,holland,2320,A0134
eric,holland,2359,A0134
eric,holland,2382,A0134
eric,holland,2434,A0134
eric,holland,2474,A0134
eric,holland,3043,A0134
john,restaino,2187,A0135
john,restaino,2197,A0135
john,restaino,2244,A0135
john,restaino,2385,A0135
john,restaino,2452,A0135
jon,restaino,2187,A0135
jon,restaino,2440,A0135
melissa,weiner,2792,A0136
melissa,weiner,2909,A0136
melissa,weiner,2972,A0136
melissa,weiner,2985,A0136
melissa,weiner,3001,A0136
melissa,weiner,3083,A0136
melissa,weiner,3108,A0136
gabriel,assaad,2775,A0137
gabriel,assaad,2885,A0137
gabriel,assaad,2989,A0137
gabriel,assaad,3081,A0137
gabe,assaad,3081,A0137
virginia,anello,2754,A0138
virginia,anello,2885,A0138
virginia,anello,2973,A0138
virginia,anello,3080,A0138
virginia,anello,3089,A0138
virginia,anello,3140,A0138
r,kennedy,2197,A0139
r,kennedy,3004,A0139
r,kennedy,3140,A0139
robert,kennedy,3044,A0139
eric,kennedy,2441,A0139
richard,paul,2591,A0140
richard,paul,2820,A0140
richard,paul,3023,A0140
richard,paul,3043,A0140
rick,paul,2993,A0140
rick,paul,3025,A0140
rick,paul,3031,A0140
michael,sacchet,2885,A0141
michael,sacchet,3081,A0141
michael,sacchet,3089,A0141
michael,sacchet,3140,A0141
jeff,ostrow,3090,A0142
jeff,ostrow,3108,A0142
jeff,ostrow,3114,A0142
jeff,ostrow,3127,A0142
jeffrey,ostrow,3115,A0142
michelle,kranz,2197,A0143
michelle,kranz,2391,A0143
michelle,kranz,2545,A0143
michelle,kranz,3107,A0143
andy,birchfield,1431,A0144
andy,birchfield,1657,A0144
andy,birchfield,2299,A0144
andy,birchfield,2342,A0144
andy,birchfield,2592,A0144
william,audet,1699,A0145
william,audet,1708,A0145
william,audet,1850,A0145
william,audet,1953,A0145
william,audet,2264,A0145
william,audet,2590,A0145
william,audet,3014,A0145
joseph,cotchett,1699,A0146
joseph,cotchett,1807,A0146
joseph,cotchett,1819,A0146
joseph,cotchett,2693,A0146
joseph,cotchett,2773,A0146
joseph,cotchett,2827,A0146
joseph,cotechett,2773,A0146
timothy,obrien,1708,A0147
timothy,obrien,1789,A0147
timothy,obrien,2750,A0147
timothy,obrien,2846,A0147
timothy,obrien,2973,A0147
timothy,obrien,3029,A0147
tim,obrien,3044,A0147
michelle,parfitt,1742,A0148
michelle,parfitt,1789,A0148
michelle,parfitt,1909,A0148
michelle,parfitt,2187,A0148
michelle,parfitt,2385,A0148
michelle,parfitt,2428,A0148
michelle,parfitt,2738,A0148
michelle,parfitt,2974,A0148
michelle,parfit,2428,A0148
h,montague,1768,A0149
h,montague,1782,A0149
h,montague,1935,A0149
h,montague,2173,A0149
h,montague,2270,A0149
h,montague,2437,A0149
h,montague,2687,A0149
laddie,montague,2567,A0149
jonathan,cuneo,1763,A0150
jonathan,cuneo,2311,A0150
jonathan,cuneo,2555,A0150
jonathan,cuneo,2724,A0150
jonathan,cuneo,2998,A0150
jon,cuneo,1817,A0150
jonathan,shub,1817,A0151
jonathan,shub,1862,A0151
jonathan,shub,2001,A0151
jonathan,shub,2333,A0151
jonathan,shub,2450,A0151
jonathan,shub,2495,A0151
jonathan,shub,2506,A0151
jonathan,shub,2514,A0151
jonathan,shub,2688,A0151
jonathan,shub,3021,A0151
jonathan,shub,3025,A0151
richard,meadow,1953,A0152
richard,meadow,2244,A0152
richard,meadow,2738,A0152
rick,meadow,2187,A0152
vincent,esades,1960,A0153
vincent,esades,1999,A0153
vincent,esades,2221,A0153
vincent,esades,2328,A0153
vincent,esades,2332,A0153
vincent,esades,2514,A0153
vincent,esades,2522,A0153
vincent,esades,2583,A0153
mark,chalos,2001,A0154
mark,chalos,2223,A0154
mark,chalos,2419,A0154
mark,chalos,2938,A0154
mark,chalos,3044,A0154
mark,chalos,3078,A0154
michael,roberts,2046,A0155
michael,roberts,2724,A0155
michael,roberts,2819,A0155
michael,roberts,3080,A0155
michael,roberts,3110,A0155
gayle,blatt,2087,A0156
gayle,blatt,2258,A0156
gayle,blatt,2452,A0156
gayle,blatt,2752,A0156
gayle,blatt,2827,A0156
gayle,blatt,2828,A0156
gayle,blatt,2905,A0156
gayle,blatt,3040,A0156
gayle,blatt,3098,A0156
gayle,blatt,3115,A0156
shanon,carson,2000,A0157
shanon,carson,2359,A0157
shanon,carson,2575,A0157
shanon,carson,2734,A0157
shanon,carson,2792,A0157
shanon,carson,3014,A0157
shanon,carson,3081,A0157
ronald,johnson,2308,A0158
ronald,johnson,2385,A0158
ronald,johnson,2545,A0158
ronald,johnson,3021,A0158
ronald,johnson,3047,A0158
sean,tracey,2342,A0159
sean,tracey,2885,A0159
sean,tracey,3043,A0159
w,miles,2151,A0160
w,miles,2406,A0160
w,miles,2522,A0160
w,miles,2583,A0160
w,miles,2672,A0160
w,miles,2777,A0160
w,miles,2905,A0160
tricia,campbell,2936,A0161
tricia,campbell,3043,A0161
patricia,campbell,2936,A0161
dena,sharp,2724,A0162
dena,sharp,2819,A0162
dena,sharp,2966,A0162
dena,sharp,3014,A0162
dena,sharp,3107,A0162
dena,sharp,3113,A0162
aimee,wagstaff,2187,A0163
aimee,wagstaff,2325,A0163
aimee,wagstaff,2326,A0163
aimee,wagstaff,2327,A0163
aimee,wagstaff,2741,A0163
aimee,wagstaff,2782,A0163
aimee,wagstaff,2973,A0163
aimee,wagstaff,3004,A0163
aimee,wagstaff,3101,A0163
amiee,wagstaff,2187,A0163
c,childers,2782,A0164
c,childers,2974,A0164
c,childers,3026,A0164
c,childers,3079,A0164
c,childers,3092,A0164
maureen,brady,2994,A0165
maureen,brady,3019,A0165
maureen,brady,3073,A0165
maureen,brady,3090,A0165
maureen,brady,3096,A0165
cari,laufenberg,2705,A0166
cari,laufenberg,2737,A0166
cari,laufenberg,3019,A0166
cari,laufenberg,3073,A0166
cari,laufenberg,3089,A0166
cari,laufenberg,3098,A0166
gary,klinger,3025,A0167
gary,klinger,3032,A0167
gary,klinger,3056,A0167
gary,klinger,3083,A0167
gary,klinger,3096,A0167
gary,klinger,3108,A0167
gary,klinger,3127,A0167
ben,martin,2570,A0168
ben,martin,2641,A0168
ben,martin,3044,A0168
andre,mura,2693,A0169
andre,mura,2740,A0169
andre,mura,2885,A0169
andre,mura,3047,A0169
richard,lewis,2047,A0170
richard,lewis,2323,A0170
richard,lewis,2441,A0170
richard,lewis,2492,A0170
richard,lewis,2666,A0170
richard,lewis,2873,A0170
renee,baggett,2187,A0171
renee,baggett,2325,A0171
renee,baggett,2326,A0171
renee,baggett,2327,A0171
renee,baggett,2387,A0171
renee,baggett,2440,A0171
paul,napoli,2873,A0172
thomas,preuss,1657,A0173
thomas,preuss,2244,A0173
thomas,preuss,2452,A0173
thomas,preuss,3037,A0173
leonard,davis,1657,A0174
leonard,davis,2197,A0174
leonard,davis,2243,A0174
leonard,davis,2328,A0174
leonard,davis,2436,A0174
leonard,davis,2592,A0174
steven,kanner,1682,A0175
steven,kanner,1768,A0175
steven,kanner,1942,A0175
steven,kanner,1957,A0175
joseph,meltzer,1658,A0176
joseph,meltzer,2025,A0176
joseph,meltzer,2335,A0176
joseph,meltzer,2472,A0176
joseph,meltzer,2508,A0176
joseph,meltzer,2744,A0176
joseph,meltzer,2905,A0176
joseph,meltzer,3047,A0176
irwin,levin,1708,A0177
irwin,levin,2570,A0177
irwin,levin,2667,A0177
irvin,levin,2667,A0177
blair,hahn,1785,A0178
h,hahn,1785,A0178
h,hahn,1953,A0178
h,hahn,2333,A0178
h,hahn,2502,A0178
roger,orlando,1845,A0179
roger,orlando,2087,A0179
roger,orlando,2331,A0179
roger,orlando,2545,A0179
roger,orlando,2767,A0179
roger,orlando,2875,A0179
robert,orlando,2776,A0179
larry,gornick,1909,A0180
lawrence,gornick,2197,A0180
lawrence,gornick,2244,A0180
lawrence,gornick,2545,A0180
andy,alonzo,1953,A0181
andres,alonso,1968,A0181
andres,alonso,2023,A0181
andres,alonso,2100,A0181
andres,alonso,2197,A0181
andy,alonso,2051,A0181
andy,alonso,2068,A0181
j,rudd,1700,A0182
j,rudd,1958,A0182
j,rudd,2000,A0182
j,rudd,2247,A0182
j,rudd,2474,A0182
j,rudd,2522,A0182
j,rudd,2564,A0182
j,rudd,2691,A0182
j,rudd,2734,A0182
stacy,hauer,1968,A0183
stacy,hauer,2187,A0183
stacy,hauer,2391,A0183
stacy,hauer,2440,A0183
stacy,hauer,2973,A0183
stacy,hauer,3037,A0183
stacy,hauer,3094,A0183
lawrence,jones,1985,A0184
lawrence,jones,2391,A0184
lawrence,jones,2406,A0184
lawrence,jones,2767,A0184
stephen,cor,1995,A0185
stephen,corr,1871,A0185
stephen,corr,2342,A0185
stephen,corr,2458,A0185
daniel,girard,1998,A0186
daniel,girard,2017,A0186
daniel,girard,2409,A0186
daniel,girard,2460,A0186
daniel,girard,2516,A0186
daniel,girard,2522,A0186
daniel,girard,2583,A0186
daniel,girard,2624,A0186
daniel,girard,2664,A0186
jeff,grand,2087,A0187
jeff,grand,3089,A0187
jeff,grand,2187,A0187
jeff,grand,2244,A0187
jeffrey,grand,2592,A0187
matt,sill,2226,A0188
matt,sill,2331,A0188
matthew,sill,2700,A0188
matthew,sill,3026,A0188
matthew,sill,3108,A0188
seth,katz,2197,A0189
seth,katz,2385,A0189
seth,katz,2545,A0189
seth,katz,2754,A0189
seth,katz,2789,A0189
brenda,fulmer,2385,A0190
brenda,fulmer,2391,A0190
brenda,fulmer,2859,A0190
jayne,goldstein,2332,A0191
jayne,goldstein,2409,A0191
jayne,goldstein,2460,A0191
jayne,goldstein,2472,A0191
jayne,goldstein,2724,A0191
jayne,goldstein,2792,A0191
michael,reese,2695,A0192
michael,reese,2887,A0192
michael,reese,2909,A0192
michael,reese,2948,A0192
michael,reese,3009,A0192
michael,reese,3025,A0192
jennifer,hoekstra,2244,A0193
jennifer,hoekstra,2789,A0193
jennifer,hoekstra,2885,A0193
jennifer,hoekstra,3089,A0193
sara,schramm,3092,A0194
sara,schramm,3094,A0194
sara,schramm,2885,A0194
sara,schram,2885,A0194
karen,beyeaschroeder,2187,A0195
karen,beyeaschroeder,2272,A0195
karen,beyeaschroeder,2440,A0195
karen,beyeaschroeder,2782,A0195
karen,beyeaschroeder,2885,A0195
thomas,anapol,2197,A0196
thomas,anapol,2244,A0196
thomas,anapol,2391,A0196
tom,anapol,2187,A0196
shelly,hutson,2391,A0197
shelley,hutson,2885,A0197
john,dalimonte,2570,A0198
john,dalimonte,2641,A0198
joseph,johnson,2570,A0199
joseph,johnson,2641,A0199
turner,branch,1431,A0200
turner,branch,1657,A0200
turner,branch,1871,A0200
turner,branch,2197,A0200
turner,branch,2570,A0200
turner,branch,2641,A0200
michael,burg,1657,A0201
michael,burg,1742,A0201
michael,burg,2100,A0201
michael,burg,2873,A0201
paul,hanly,1570,A0202
paul,hanly,1699,A0202
paul,hanly,2244,A0202
paul,hanly,2804,A0202
frank,pitre,1699,A0203
frank,pitre,1968,A0203
frank,pitre,2151,A0203
frank,pitre,2543,A0203
frank,pitre,2672,A0203
joseph,depalma,1658,A0204
joseph,depalma,1763,A0204
joseph,depalma,2025,A0204
joseph,depalma,2904,A0204
joseph,depalma,3113,A0204
matthew,lundy,1742,A0205
matthew,lundy,2179,A0205
w,bruckner,1775,A0206
w,bruckner,1942,A0206
w,bruckner,1996,A0206
w,bruckner,2796,A0206
w,bruckner,2993,A0206
derek,potts,1842,A0207
derek,potts,2004,A0207
derek,potts,2187,A0207
derek,potts,2325,A0207
derek,potts,2326,A0207
derek,potts,2327,A0207
derek,potts,2511,A0207
derek,potts,2968,A0207
steve,shadowen,1935,A0208
steve,shadowen,2409,A0208
steve,shadowen,2445,A0208
steve,shadowen,2472,A0208
steve,shadowen,2516,A0208
steve,shadowen,2878,A0208
steven,shadowen,2460,A0208
james,ronca,1928,A0209
james,ronca,2272,A0209
james,ronca,2434,A0209
james,ronca,3026,A0209
neal,moskow,1928,A0210
neal,moskow,2452,A0210
neal,moskow,3043,A0210
stephen,neuwirth,1938,A0211
stephen,neuwirth,2196,A0211
stephen,neuwirth,2687,A0211
stephen,neuwirth,2925,A0211
stephen,neuwirth,2931,A0211
c,warriner,2004,A0212
c,warriner,2244,A0212
c,warriner,2768,A0212
calvin,warriner,2949,A0212
calvin,warriner,3044,A0212
jason,hartley,2007,A0213
jason,hartley,2670,A0213
jason,hartley,2862,A0213
jason,hartley,3149,A0213
paul,geller,1431,A0214
paul,geller,2258,A0214
paul,geller,2672,A0214
paul,geller,2687,A0214
paul,geller,2785,A0214
paul,geller,2804,A0214
mark,cheffo,2342,A0215
mark,cheffo,2458,A0215
mark,cheffo,2502,A0215
mark,cheffo,2873,A0215
mark,cheffo,2924,A0215
erin,copeland,2187,A0216
erin,copeland,2385,A0216
erin,copeland,2809,A0216
erin,copeland,2974,A0216
erin,copeland,3092,A0216
frank,petosa,2502,A0217
frank,petosa,2514,A0217
frank,petosa,2545,A0217
frank,petosa,2577,A0217
frank,petosa,2750,A0217
frank,petosa,2809,A0217
marybeth,gibson,2583,A0218
marybeth,gibson,2800,A0218
marybeth,gibson,2879,A0218
marybeth,gibson,2948,A0218
marybeth,gibson,3056,A0218
marybeth,gibson,3074,A0218
mary,gibson,2583,A0218
bryan,bleichner,2522,A0219
bryan,bleichner,2583,A0219
bryan,bleichner,2800,A0219
bryan,bleichner,2833,A0219
bryan,bleichner,3090,A0219
bryan,bleichner,3108,A0219
harper,segui,2688,A0220
harper,segui,2886,A0220
harper,segui,2972,A0220
harper,segui,2988,A0220
harper,segui,3078,A0220
stacey,slaughter,2777,A0221
stacey,slaughter,2800,A0221
stacey,slaughter,2905,A0221
stacey,slaughter,2918,A0221
stacey,slaughter,3071,A0221
stacey,slaughter,3110,A0221
joseph,petrosinelli,2873,A0222
joseph,petrosinelli,2924,A0222
joseph,petrosinelli,3140,A0222
stephen,basser,2936,A0223
stephen,basser,2948,A0223
stephen,basser,3040,A0223
stephen,basser,3078,A0223
kelly,iverson,2850,A0224
kelly,iverson,2969,A0224
kelly,iverson,2972,A0224
kelly,iverson,3014,A0224
kelly,iverson,3055,A0224
diandra,zimmermann,2775,A0225
diandra,zimmermann,3004,A0225
diandra,zimmermann,3026,A0225
diandra,zimmermann,3047,A0225
diandra,zimmermann,3094,A0225
diandra,zimmerman,3047,A0225
diandra,zimmerman,3094,A0225
john,romano,2244,A0226
john,romano,2331,A0226
john,romano,3026,A0226
michelle,looby,2795,A0227
michelle,looby,2817,A0227
michelle,looby,2886,A0227
michelle,looby,2993,A0227
michelle,looby,3031,A0227
matthew,mccarley,3044,A0228
matthew,mccarley,2570,A0228
matthew,mccarley,2641,A0228
matthew,schultz,2570,A0229
matthew,schultz,2641,A0229
matthew,schultz,3051,A0229
matt,schultz,2695,A0229
matt,schultz,2816,A0229
matt,schultz,2886,A0229
adam,zapala,2656,A0230
adam,zapala,2693,A0230
adam,zapala,2724,A0230
adam,zapala,2993,A0230
adam,zapala,3107,A0230
tom,pirtle,2885,A0231
tom,pirtle,3081,A0231
thomas,pirtle,2885,A0231
troy,brenes,2570,A0232
troy,brenes,2641,A0232
troy,brenes,2846,A0232
troy,brenes,3081,A0232
rachel,abrams,1871,A0233
rachel,abrams,2187,A0233
rachel,abrams,2434,A0233
rachel,abrams,2441,A0233
rachel,abrams,2545,A0233
rachel,abrams,2691,A0233
rachel,abrams,3084,A0233
bradley,honnold,2592,A0234
bradley,honnold,2789,A0234
bradley,honnold,2885,A0234
bradley,honnold,3094,A0234
heidi,silton,2724,A0235
heidi,silton,3107,A0235
heidi,silton,3110,A0235
heidi,silton,3113,A0235
heidi,silton,3148,A0235
brian,devine,2244,A0236
brian,devine,2391,A0236
brian,devine,2768,A0236
brian,devine,3140,A0236
peter,kaufman,3140,A0237
pete,kaufman,2197,A0237
pete,kaufman,2244,A0237
robert,cunningham,2179,A0238
calvin,fayard,2179,A0239
larry,boyd,2244,A0240
larry,boyd,2391,A0240
d,mathews,2677,A0241
d,mathews,2753,A0241
d,mathews,2754,A0241
d,mathews,2775,A0241
d,mathews,2885,A0241
todd,mathews,2775,A0241
todd,matthews,2767,A0241
edward,blizzard,1657,A0242
edward,blizzard,2004,A0242
edward,blizzard,2342,A0242
edward,blizzard,2657,A0242
ed,blizzard,1968,A0242
ed,blizzard,2187,A0242
ed,blizzard,2197,A0242
sheila,bossier,1657,A0243
sheila,bossier,2272,A0243
sheila,bossier,3029,A0243
sheila,bossier,2641,A0243
robert,bilott,1733,A0244
robert,bilott,2433,A0244
robert,bilott,2873,A0244
jeffrey,kodroff,1745,A0245
jeffrey,kodroff,2046,A0245
jeffrey,kodroff,2184,A0245
jeffrey,kodroff,2445,A0245
jeffrey,kodroff,2460,A0245
jeffrey,kodroff,2472,A0245
christopher,lovell,1775,A0246
christopher,lovell,1935,A0246
christopher,lovell,1996,A0246
christopher,lovell,1997,A0246
christopher,lovell,2031,A0246
christopher,lovell,2213,A0246
scott,poynter,1811,A0247
scott,poynter,1982,A0247
scott,poynter,2591,A0247
scott,poynter,2820,A0247
scott,poynter,3127,A0247
jeff,westerman,1891,A0248
jeff,westerman,2145,A0248
jeff,westerman,2199,A0248
jeff,westerman,2264,A0248
jeffrey,westerman,2199,A0248
michael,johnson,1905,A0249
michael,johnson,1964,A0249
michael,johnson,2434,A0249
michael,johnson,2452,A0249
michael,johnson,2816,A0249
michael,johnson,3087,A0249
camilo,salas,1905,A0250
camilo,salas,1953,A0250
camilo,salas,1960,A0250
camilo,salas,2328,A0250
jonathan,selbin,1914,A0251
jonathan,selbin,2001,A0251
jonathan,selbin,2284,A0251
jonathan,selbin,2416,A0251
jonathan,selbin,2590,A0251
jonathan,selbin,3089,A0251
william,federman,1961,A0252
william,federman,2583,A0252
william,federman,2792,A0252
william,federman,2994,A0252
william,federman,3090,A0252
a,bartolomeo,1982,A0253
a,bartolomeo,2187,A0253
a,bartolomeo,2299,A0253
a,bartolomeo,2440,A0253
aj,bartolomeo,2385,A0253
james,shah,1995,A0254
james,shah,2001,A0254
james,shah,2263,A0254
james,shah,2316,A0254
james,shah,2320,A0254
james,shah,2540,A0254
james,shah,2688,A0254
anne,andrews,2087,A0255
anne,andrews,2391,A0255
anne,andrews,2666,A0255
anne,andrews,2740,A0255
roopal,luhana,2100,A0256
roopal,luhana,2816,A0256
roopal,luhana,2924,A0256
roopal,luhana,3004,A0256
roopal,luhana,3084,A0256
jay,edelson,2103,A0257
jay,edelson,2167,A0257
jay,edelson,2250,A0257
jay,edelson,2261,A0257
jay,edelson,2985,A0257
jay,edelson,3001,A0257
mark,dearman,2188,A0258
mark,dearman,2779,A0258
mark,dearman,2827,A0258
mark,dearman,2905,A0258
mark,dearman,2924,A0258
mark,dearman,3080,A0258
j,richards,2213,A0259
j,richards,2332,A0259
j,richards,2409,A0259
j,richards,2445,A0259
j,richards,2460,A0259
j,richards,2472,A0259
j,richards,2516,A0259
jordan,chaikin,2000,A0260
jordan,chaikin,2263,A0260
jordan,chaikin,2320,A0260
jordan,chaikin,2333,A0260
jordan,chaikin,2382,A0260
jordan,chaikin,2495,A0260
jordan,chaikin,2514,A0260
jordan,chaikin,2688,A0260
michael,weinkowitz,2385,A0261
michael,weinkowitz,2592,A0261
michael,weinkowitz,3047,A0261
mike,weinkowitz,3047,A0261
arthur,murray,2583,A0262
arthur,murray,2657,A0262
arthur,murray,2668,A0262
arthur,murray,2800,A0262
arthur,murray,2879,A0262
arthur,murray,3108,A0262
marlene,goldenberg,2734,A0263
marlene,goldenberg,2875,A0263
marlene,goldenberg,2924,A0263
marlene,goldenberg,3004,A0263
marlene,goldenberg,3084,A0263
marlene,goldenberg,3089,A0263
joseph,saveri,2724,A0264
joseph,saveri,2819,A0264
joseph,saveri,2966,A0264
joseph,saveri,2989,A0264
joseph,saveri,3071,A0264
amy,eskin,3004,A0265
amy,eskin,2187,A0265
amy,eskin,2325,A0265
amy,eskin,2326,A0265
amy,eskin,2327,A0265
amy,eskin,2657,A0265
sabita,soneji,3019,A0266
sabita,soneji,3055,A0266
sabita,soneji,3090,A0266
sabita,soneji,3108,A0266
sabita,soneji,3115,A0266
kenneth,byrd,3035,A0267
kenny,byrd,2885,A0267
evan,buxner,2885,A0268
evan,buxner,3081,A0268
evan,buxner,3094,A0268
david,frederick,2842,A0269
david,frederick,3113,A0269
david,frederick,3140,A0269
,frederick,2842,A0269
kevin,hannon,2677,A0270
kevin,hannon,2873,A0270
kevin,hannon,3140,A0270
katherine,cornell,2885,A0271
katherine,cornell,3140,A0271
marc,grossman,1871,A0272
marc,grossman,2244,A0272
marc,grossman,2331,A0272
james,reeves,2047,A0273
james,reeves,2495,A0273
jim,reeves,2775,A0273
jeffery,breit,2179,A0274
jeffrey,breit,2179,A0274
philip,cossich,2179,A0275
alphonso,espy,2179,A0276
rhon,jones,2179,A0277
michael,palmintier,2179,A0278
paul,sterbcow,2179,A0279
paul,farrell,2187,A0280
paul,farrell,2325,A0280
paul,farrell,2326,A0280
paul,farrell,2327,A0280
paul,farrell,2804,A0280
kenneth,seeger,2197,A0281
kenneth,seeger,2244,A0281
kenneth,seeger,2391,A0281
ken,seeger,2197,A0281
tim,goss,2187,A0282
tim,goss,2570,A0282
abby,mcclellan,2740,A0283
abby,mcclellan,2885,A0283
phillip,wittmann,1657,A0284
phillip,wittmann,2179,A0284
phil,wittmann,1657,A0284
sol,weiss,1657,A0285
sol,weiss,1708,A0285
sol,weiss,1842,A0285
sol,weiss,2323,A0285
sol,weiss,2816,A0285
seth,lesser,1657,A0286
seth,lesser,1708,A0286
seth,lesser,1739,A0286
seth,lesser,1845,A0286
seth,lesser,2025,A0286
christopher,tisi,1657,A0287
christopher,tisi,2545,A0287
christopher,tisi,2738,A0287
chris,tisi,1909,A0287
francis,scarpulla,1682,A0288
francis,scarpulla,1827,A0288
francis,scarpulla,1917,A0288
francis,scarpulla,2724,A0288
,scarpulla,1819,A0288
michael,galpern,1699,A0289
michael,galpern,2025,A0289
michael,galpern,2974,A0289
michael,galpern,3081,A0289
mark,galpern,2331,A0289
lynn,sarko,1658,A0290
lynn,sarko,1735,A0290
lynn,sarko,2672,A0290
lynn,sarko,2777,A0290
lynn,sarko,2785,A0290
lisa,rodriguez,1658,A0291
lisa,rodriguez,1850,A0291
lisa,rodriguez,1914,A0291
lisa,rodriguez,2332,A0291
lisa,rodriguez,2472,A0291
lisa,rodriguez,2687,A0291
eric,cramer,1730,A0292
eric,cramer,2084,A0292
eric,cramer,2332,A0292
eric,cramer,2406,A0292
eric,cramer,3121,A0292
lawrence,cohan,1763,A0293
larry,cohan,2873,A0293
isaac,diel,1785,A0294
isaac,diel,2328,A0294
isaac,diel,2993,A0294
issac,diel,2328,A0294
vance,andrus,1789,A0295
vance,andrus,1842,A0295
vance,andrus,1871,A0295
vance,andrus,2299,A0295
vance,andrus,2642,A0295
eric,quetglas,1785,A0296
eric,quetglasjordan,1905,A0296
eric,quetglasjordan,1953,A0296
eric,quetglajordan,1960,A0296
jeffrey,goldenberg,1796,A0297
jeffrey,goldenberg,2316,A0297
jeffrey,goldenberg,2887,A0297
jeffrey,goldenberg,3052,A0297
jeffrey,goldenberg,3083,A0297
stephen,weiss,1811,A0298
stephen,weiss,1938,A0298
stephen,weiss,2020,A0298
stephen,weiss,2196,A0298
stephen,weiss,2415,A0298
stephen,weiss,2591,A0298
william,isaacson,1826,A0299
william,isaacson,2196,A0299
william,isaacson,2406,A0299
bill,isaacson,2406,A0299
sherrie,savett,1838,A0300
sherrie,savett,1850,A0300
sherrie,savett,1998,A0300
sherrie,savett,2046,A0300
sherrie,savett,2474,A0300
robert,binstock,1842,A0301
robert,binstock,1943,A0301
robert,binstock,1968,A0301
robert,binstock,2754,A0301
garrett,blanchfield,1845,A0302
garrett,blanchfield,2406,A0302
garrett,blanchfield,2522,A0302
garrett,blanchfield,2993,A0302
garrett,blanchfield,3107,A0302
susan,kupfer,1566,A0303
susan,kupfer,1891,A0303
susan,kupfer,2173,A0303
susan,kupfer,2420,A0303
richard,coffman,1921,A0304
richard,coffman,2046,A0304
richard,coffman,2357,A0304
steve,grygiel,1938,A0305
stephen,grygiel,2314,A0305
stephen,grygiel,2358,A0305
steven,grygiel,2314,A0305
bernard,persky,1957,A0306
bernard,persky,2196,A0306
bernard,persky,2213,A0306
harry,bell,1968,A0307
harry,bell,2187,A0307
harry,bell,2325,A0307
harry,bell,2326,A0307
harry,bell,2327,A0307
michael,goetz,1985,A0308
michael,goetz,2187,A0308
michael,goetz,2385,A0308
michael,goetz,2452,A0308
michael,goetz,2592,A0308
michael,goetz,2606,A0308
bryan,clobes,1997,A0309
bryan,clobes,2406,A0309
bryan,clobes,2818,A0309
bryan,clobes,2968,A0309
bryan,clobes,3115,A0309
brian,clobes,1960,A0309
robert,clifford,2085,A0310
robert,clifford,2555,A0310
robert,clifford,2705,A0310
robert,clifford,2817,A0310
david,straite,2314,A0311
david,straite,2358,A0311
alyson,oliver,2187,A0312
alyson,oliver,2272,A0312
alyson,oliver,2333,A0312
alyson,oliver,2875,A0312
alyson,oliver,3014,A0312
alyson,oliver,3083,A0312
marc,godino,2357,A0313
marc,godino,2904,A0313
mark,godino,2357,A0313
joseph,zonies,1871,A0314
joseph,zonies,2342,A0314
joseph,zonies,2458,A0314
joseph,zonies,2789,A0314
joe,zonies,2187,A0314
richard,mccune,2151,A0315
richard,mccune,2450,A0315
richard,mccune,2613,A0315
bruce,steckler,2047,A0316
bruce,steckler,2428,A0316
bruce,steckler,2450,A0316
mike,heaviside,2502,A0317
michael,heaviside,2570,A0317
lori,restaino,2244,A0318
lori,restaino,2502,A0318
katrina,carroll,2564,A0319
katrina,carroll,2595,A0319
katrina,carroll,2669,A0319
katrina,carroll,2948,A0319
katrina,carroll,3032,A0319
scott,harris,2577,A0320
scott,harris,2886,A0320
scott,harris,3078,A0320
kenneth,canfield,2084,A0321
kenneth,canfield,2495,A0321
kenneth,canfield,2583,A0321
kenneth,canfield,2800,A0321
jean,martin,2775,A0322
jean,martin,2904,A0322
jean,martin,3096,A0322
jean,martin,3114,A0322
rosemary,rivas,2672,A0323
rosemary,rivas,2785,A0323
rosemary,rivas,2827,A0323
rosemary,rivas,2828,A0323
rosemary,rivas,2887,A0323
rosemary,rivas,2905,A0323
rosemary,rivas,2938,A0323
lesley,weaver,2777,A0324
lesley,weaver,2796,A0324
lesley,weaver,2843,A0324
lesley,weaver,2905,A0324
lesley,weaver,2437,A0324
lesley,weaver,2672,A0324
michael,mcglamry,2323,A0325
michael,mcglamry,2391,A0325
michael,mcglamry,2924,A0325
frank,maderal,2924,A0326
francisco,maderal,2924,A0326
francisco,maderal,2973,A0326
athena,dickson,2936,A0327
melissa,emert,2677,A0328
melissa,emert,2796,A0328
melissa,emert,2827,A0328
melissa,emert,2828,A0328
melissa,emert,2887,A0328
melissa,emert,2972,A0328
nicole,berg,2885,A0329
nicole,berg,2974,A0329
jason,rathod,3014,A0330
jason,rathod,3052,A0330
jason,rathod,3108,A0330
jason,rathod,3114,A0330
kelsey,stokes,2846,A0331
kelsey,stokes,3029,A0331
kelsey,stokes,3089,A0331
k,lanier,2885,A0332
k,lanier,3036,A0332
rachel,lanier,2885,A0332
w,smith,3043,A0333
w,smith,3140,A0333
roger,smith,2434,A0333
joseph,saunders,2391,A0334
joseph,saunders,3044,A0334
joe,saunders,2187,A0334
alexandra,walsh,3047,A0335
alexandra,walsh,3084,A0335
alexandra,walsh,3094,A0335
alexandra,walsh,3101,A0335
alex,walsh,3094,A0335
emily,jeffcott,2740,A0336
emily,jeffcott,2875,A0336
emily,jeffcott,3047,A0336
kenneth,mcclain,2709,A0337
kenneth,mcclain,3052,A0337
,mcclain,3052,A0337
daniel,robinson,2391,A0338
daniel,robinson,2737,A0338
daniel,robinson,2879,A0338
daniel,robinson,3094,A0338
david,casey,2323,A0339
david,casey,2672,A0339
david,casey,2777,A0339
david,casey,2797,A0339
david,casey,3149,A0339
bill,robins,1871,A0340
bill,robins,2187,A0340
bill,robins,2545,A0340
bill,robins,2642,A0340
andrea,bierstein,1570,A0341
andrea,bierstein,2244,A0341
richard,serpe,2047,A0342
gretchen,nelson,2151,A0343
gretchen,nelson,2428,A0343
conrad,williams,2179,A0344
willard,moody,2187,A0345
willard,moody,2440,A0345
willard,moody,2570,A0345
willard,moody,2768,A0345
will,moody,2545,A0345
steve,harrison,2244,A0346
peter,samberg,2244,A0347
peter,samberg,2782,A0347
william,kershaw,2244,A0348
william,kershaw,2768,A0348
kevin,madonna,2433,A0349
kevin,madonna,2754,A0349
kevin,madonna,2873,A0349
thomas,arbon,2570,A0350
christopher,kirchmer,2570,A0351
christopher,kirchmer,2641,A0351
shelly,sanford,1657,A0352
shelly,sanford,1699,A0352
shelly,sanford,1789,A0352
shelly,sanford,1968,A0352
shelly,sanford,2782,A0352
r,carlson,1674,A0353
anthony,bolognese,1682,A0354
anthony,bolognese,1768,A0354
anthony,bolognese,2460,A0354
lance,harke,1708,A0355
lance,harke,1745,A0355
lance,harke,1998,A0355
lance,harke,2046,A0355
lance,harke,2173,A0355
tobias,millrood,1708,A0356
tobias,millrood,2272,A0356
tobias,millrood,2657,A0356
tobias,millrood,2974,A0356
tobias,milrood,1909,A0356
janet,abaray,1742,A0357
janet,abaray,1953,A0357
christopher,placitella,1763,A0358
christopher,placitella,1817,A0358
christopher,placitella,2197,A0358
christopher,placitella,2738,A0358
christopher,placittella,1763,A0358
chris,placitella,2187,A0358
michael,lehmann,1775,A0359
michael,lehmann,1826,A0359
michael,lehmann,2007,A0359
michael,lehmann,2335,A0359
,lehmann,1826,A0359
marc,edelson,1566,A0360
marc,edelson,1817,A0360
marc,edelson,2514,A0360
marc,edelson,2993,A0360
scott,kamber,1850,A0361
scott,kamber,2264,A0361
scott,kamber,2562,A0361
scott,kamber,2887,A0361
edith,kallas,1663,A0362
edith,kallas,1907,A0362
edith,kallas,1967,A0362
edith,kallas,2020,A0362
edith,kallas,2406,A0362
brian,turner,1928,A0363
james,stranch,1928,A0364
james,stranch,2343,A0364
james,stranch,2472,A0364
daniel,ring,1905,A0365
daniel,ring,2873,A0365
john,carey,1928,A0366
john,carey,1943,A0366
tracy,steenburgh,1431,A0367
tracy,steenburgh,1836,A0367
tracy,steenburgh,1943,A0367
daniel,gallucci,1953,A0368
daniel,gallucci,1968,A0368
daniel,gallucci,2592,A0368
daniel,gallucci,2789,A0368
daniel,lapinski,1953,A0369
daniel,lapinski,2272,A0369
daniel,lapinski,2738,A0369
daniel,lapinsky,2789,A0369
mike,papantonio,1953,A0370
michael,papantonio,2545,A0370
e,wood,1985,A0371
e,wood,1998,A0371
kirk,wood,2406,A0371
kirk,wood,2595,A0371
buffy,martines,2004,A0372
buffy,martines,2789,A0372
buffy,martines,2974,A0372
buffy,martines,3140,A0372
christopher,burke,2020,A0373
christopher,burke,2086,A0373
christopher,burke,2208,A0373
christopher,burke,2242,A0373
christopher,burke,3107,A0373
mark,zamora,2087,A0374
mark,zamora,2226,A0374
mark,zamora,2419,A0374
mark,zamora,2767,A0374
mark,zamora,2492,A0374
michael,ram,2098,A0375
michael,ram,3014,A0375
michael,ram,3052,A0375
richard,koffman,2109,A0376
richard,koffman,2668,A0376
mark,niemeyer,2100,A0377
mark,niemeyer,2385,A0377
mark,niemeyer,2740,A0377
behram,parekh,2188,A0378
behram,parekh,2199,A0378
behram,parekh,2666,A0378
behram,parekh,2734,A0378
behram,parekh,2875,A0378
mindee,rueben,2196,A0379
mindee,reuben,2724,A0379
robert,jenner,2308,A0380
robert,jenner,2502,A0380
robert,jenner,2657,A0380
robert,jenner,2775,A0380
thomas,brill,2328,A0381
tom,brill,2328,A0381
david,miceli,2342,A0382
david,miceli,2502,A0382
david,miceli,2740,A0382
michael,gallagher,1431,A0383
michael,gallagher,2385,A0383
michael,gallagher,2641,A0383
michael,gallagher,3087,A0383
tom,zimmerman,2439,A0384
tom,zimmerman,3108,A0384
thomas,zimmerman,2669,A0384
thomas,zimmerman,2705,A0384
caroline,bartlett,2415,A0385
caroline,bartlett,2973,A0385
caroline,bartlett,3055,A0385
caroline,bartlett,3108,A0385
david,cialkowski,2474,A0386
david,cialkowski,2522,A0386
david,cialkowski,2993,A0386
david,cialkowski,3107,A0386
karen,menzies,1871,A0387
karen,menzies,2187,A0387
karen,menzies,2458,A0387
karen,menzies,2740,A0387
lisa,gorshe,2187,A0388
lisa,gorshe,2440,A0388
lisa,gorshe,2502,A0388
lisa,gorshe,2691,A0388
lisa,gorshe,3014,A0388
eve,cervantez,2617,A0389
demet,basar,2903,A0390
demet,basar,3051,A0390
david,stellings,2750,A0391
david,stellings,2905,A0391
david,stellings,3014,A0391
david,stellings,3051,A0391
gretchen,cappio,2905,A0392
gretchen,cappio,2972,A0392
gretchen,cappio,3052,A0392
gretchen,cappio,3107,A0392
tracy,finken,2789,A0393
tracy,finken,2924,A0393
tracy,finken,3079,A0393
tracy,finken,3140,A0393
anand,agneshwar,2418,A0394
anand,agneshwar,2734,A0394
anand,agneshwar,2740,A0394
anand,agneshwar,2924,A0394
ashley,keller,2924,A0395
ashley,keller,3043,A0395
frederick,longer,2592,A0396
frederick,longer,2924,A0396
frederick,longer,3089,A0396
fred,longer,2434,A0396
fred,longer,2924,A0396
dirk,hubbard,2936,A0397
bryan,white,2936,A0398
clayton,jones,2936,A0399
john,emerson,2936,A0400
mark,bryant,2936,A0401
christopher,jennings,2936,A0402
paul,lundberg,2936,A0403
travis,griffith,2936,A0404
travis,griffth,2936,A0404
zachary,anderson,2936,A0405
adam,moskowitz,2969,A0406
adam,moskowitz,3076,A0406
adam,moskowitz,2779,A0406
anne,callis,2973,A0407
ann,callis,3043,A0407
rachel,soffin,2886,A0408
rachel,soffin,2988,A0408
rachel,soffin,3009,A0408
patrick,luff,2974,A0409
patrick,luff,3037,A0409
patrick,luff,3043,A0409
douglas,moore,2740,A0410
douglas,moore,3023,A0410
ron,austin,3014,A0411
ron,austin,3047,A0411
ellen,presby,2428,A0412
ellen,presby,3026,A0412
ellen,presby,3094,A0412
ashlie,sletvold,3026,A0413
ashlie,sletvold,3079,A0413
ashlie,sletvold,3092,A0413
russell,abney,2592,A0414
russell,abney,3026,A0414
russ,abney,3092,A0414
jeffrey,bowersox,2666,A0415
jeffrey,bowersox,2775,A0415
jeffrey,bowersox,3026,A0415
jeff,bowersox,2441,A0415
sterling,aldridge,2993,A0416
sterling,aldridge,3031,A0416
sarah,aldridge,3032,A0416
david,dukes,2873,A0417
david,dukes,3036,A0417
ashley,barriere,2809,A0418
ashley,barriere,3043,A0418
jon,conlin,2433,A0419
jon,conlin,2782,A0419
jon,conlin,3081,A0419
gregory,cade,2873,A0420
gregory,cade,3080,A0420
michelle,clerkin,2842,A0421
michelle,clerkin,3107,A0421
,clerkin,2842,A0421
daniel,hedlund,2406,A0422
daniel,hedlund,2795,A0422
daniel,hedlund,2817,A0422
daniel,hedlund,3107,A0422
tara,sutton,1836,A0423
tara,sutton,2197,A0423
tara,sutton,2606,A0423
tara,sutton,2734,A0423
tara,sutton,3140,A0423
franklin,azar,2244,A0424
jane,sams,2244,A0425
matthew,haindfield,2244,A0426
eric,johnson,2244,A0427
sri,gupta,2244,A0428
kevin,parker,2244,A0429
derriel,mccorvey,2323,A0430
derriel,mccorvey,2391,A0430
derriel,mccorvey,2545,A0430
derriel,mccorvey,2789,A0430
daniel,burke,2272,A0431
daniel,burke,2391,A0431
daniel,burke,2809,A0431
jasper,ward,2391,A0432
jasper,ward,2441,A0432
jasper,ward,2677,A0432
jasper,ward,2775,A0432
gale,pearson,2441,A0433
gale,pearson,2873,A0433
ariana,tadler,2522,A0434
ariana,tadler,2752,A0434
ariana,tadler,2800,A0434
ariana,tadler,2827,A0434
ariana,tadler,2879,A0434
joseph,williams,2570,A0435
alexander,robertson,2627,A0436
alexander,robertson,2743,A0436
alexander,robertson,2779,A0436
elizabeth,graham,2657,A0437
elizabeth,graham,2775,A0437
m,graham,2768,A0437
m,graham,2775,A0437
marie,napoli,2775,A0438
marie,napoli,2859,A0438
derek,ho,2817,A0439
samuel,issacharoff,2817,A0440
samuel,isaacharoff,2817,A0440
jonathan,bunge,2842,A0441
,bunge,2842,A0441
mike,burns,2885,A0442
michael,burns,2885,A0442
roberto,martinez,2885,A0443
adam,wolfson,2885,A0444
elizabeth,burke,2885,A0445
katherine,charonko,2885,A0446
nix,daniel,2885,A0447
j,daniel,2885,A0447
taylor,bartlett,2885,A0448
erin,rogiers,2885,A0449
kimberly,white,2885,A0450
troy,bouk,2885,A0451
w,bouk,2885,A0451
w,singleton,1431,A0452
w,singleton,1657,A0452
w,singleton,2299,A0452
justin,witkin,1657,A0453
justin,witkin,1708,A0453
justin,witkin,1998,A0453
justin,witkin,2885,A0453
john,beisner,1657,A0454
john,beisner,1700,A0454
john,beisner,1785,A0454
john,beisner,2068,A0454
r,walters,1674,A0455
r,walters,1785,A0455
peter,pearlman,1658,A0456
peter,pearlman,1730,A0456
peter,pearlman,2332,A0456
peter,pearlman,2471,A0456
david,worley,1677,A0457
david,worley,2583,A0457
david,worley,2800,A0457
tina,nieves,1699,A0458
tina,nieves,1789,A0458
tina,nieves,1905,A0458
c,cutter,1708,A0459
c,cutter,1905,A0459
c,cutter,1968,A0459
c,cutter,2441,A0459
richard,schulte,1742,A0460
richard,schulte,2226,A0460
richard,schulte,2782,A0460
richard,schulte,3035,A0460
krishna,narine,1768,A0461
krishna,narine,1785,A0461
krishna,narine,2002,A0461
howard,sedran,1775,A0462
howard,sedran,2522,A0462
steven,hart,1822,A0463
steven,hart,1996,A0463
steven,hart,2796,A0463
steven,schwartz,1817,A0464
steven,schwartz,2001,A0464
steven,schwartz,3014,A0464
schwartz,steven,2001,A0464
edward,wallace,1842,A0465
edward,wallace,2187,A0465
edward,wallace,2575,A0465
edward,wallace,2688,A0465
edward,wallace,2974,A0465
joseph,alioto,1827,A0466
joseph,alioto,1957,A0466
joseph,alioto,2143,A0466
alex,alvarez,1842,A0467
alex,alvarez,2051,A0467
alejandro,alvarez,1964,A0467
alejandro,alvarez,3140,A0467
dennis,reich,1873,A0468
dennis,reich,2000,A0468
dennis,reich,2406,A0468
dennis,reich,2740,A0468
nicholas,drakulich,1905,A0469
nicholas,drakulich,2299,A0469
nicholas,drakulich,2359,A0469
nicholas,drakulich,2452,A0469
tor,hoermann,1909,A0470
tor,hoerman,2385,A0470
tor,hoerman,2452,A0470
scott,love,1928,A0471
scott,love,2187,A0471
marc,bern,1928,A0472
marc,bern,2452,A0472
john,evans,1942,A0473
john,evans,1953,A0473
lewis,saul,1943,A0474
lewis,saul,1954,A0474
john,walsh,1943,A0475
john,walsh,2051,A0475
brian,mccormick,1871,A0476
brian,mccormick,1943,A0476
gary,friedman,1982,A0477
gary,friedman,2221,A0477
peter,miller,1968,A0478
peter,miller,2391,A0478
pete,miller,2767,A0478
mark,dicello,2004,A0479
mark,dicello,2331,A0479
mark,dicello,2768,A0479
mark,dicello,3101,A0479
jason,lichtman,2001,A0480
jason,lichtman,2792,A0480
jason,lichtman,2879,A0480
jason,lichtman,2904,A0480
john,edgar,1995,A0481
john,edgar,2328,A0481
thomas,mallon,1995,A0482
tom,mellon,1871,A0482
thomas,mellon,1570,A0482
thomas,mellon,1871,A0482
bonny,sweeney,2007,A0483
bonny,sweeney,2724,A0483
bonney,sweeney,2724,A0483
elaine,ryan,2087,A0484
elaine,ryan,2994,A0484
william,blechman,2196,A0485
william,blechman,2670,A0485
william,blechman,2724,A0485
william,blechman,2925,A0485
chul,pak,2173,A0486
chul,pak,2724,A0486
brian,strange,2196,A0487
brian,strange,2238,A0487
brian,strange,2258,A0487
james,latturner,2223,A0488
james,latturner,2286,A0488
james,latturner,2295,A0488
tracy,rezvani,1871,A0489
tracy,rezvani,2226,A0489
tracy,rezvani,2331,A0489
douglas,campion,2261,A0490
douglas,campion,2286,A0490
douglas,campion,2295,A0490
jay,barnes,2314,A0491
jay,barnes,2443,A0491
jason,barnes,2827,A0491
justin,lucey,2333,A0492
justin,lucey,2495,A0492
justin,lucey,2514,A0492
jeremiah,freipearson,2357,A0493
ned,mcwilliams,2385,A0494
ned,mcwilliams,2433,A0494
ned,mcwilliams,2754,A0494
sarah,doles,2385,A0495
sarah,doles,3004,A0495
kit,pierson,2437,A0496
kit,pierson,2508,A0496
kit,pierson,2567,A0496
kit,pearson,2437,A0496
roy,barnes,2583,A0497
roy,barnes,2800,A0497
matthew,lee,2688,A0498
matthew,lee,3035,A0498
e,miller,2744,A0499
e,miller,2818,A0499
e,miller,2901,A0499
e,miller,3040,A0499
jason,dennett,2633,A0500
jason,dennett,2904,A0500
todd,garber,2705,A0501
todd,garber,2827,A0501
todd,garber,2904,A0501
todd,gather,2904,A0501
christopher,micheletti,2918,A0502
christopher,micheletti,3107,A0502
michael,flannery,2677,A0503
michael,flannery,2918,A0503
michael,flannery,2998,A0503
michael,flannery,3031,A0503
michael,flannery,3107,A0503
paige,boldt,2924,A0504
paige,boldt,3047,A0504
james,malters,2936,A0505
jon,robinson,2936,A0506
ashleigh,raso,2768,A0507
ashleigh,raso,2859,A0507
ashleigh,raso,2875,A0507
ashleigh,raso,2949,A0507
michael,blakely,2768,A0508
michael,blakely,2949,A0508
michael,blakely,3014,A0508
mj,blakely,3051,A0508
rosemarie,bogdan,2875,A0509
rosemarie,bogdan,2924,A0509
rosemarie,bogdan,3029,A0509
rosemarie,bogdan,3140,A0509
carmen,scott,1964,A0510
carmen,scott,2738,A0510
carmen,scott,2924,A0510
carmen,scott,3140,A0510
sarah,westcot,2924,A0511
sarah,westcot,2985,A0511
sarah,westcot,3001,A0511
sarah,wescot,3089,A0511
julien,adams,2955,A0512
julien,adams,3043,A0512
jonathan,jagher,2948,A0513
jonathan,jagher,3025,A0513
jonathan,jagher,3083,A0513
lori,cohen,2740,A0514
lori,cohen,2875,A0514
lori,cohen,2974,A0514
jon,mann,2875,A0515
jon,mann,2974,A0515
jon,mann,3140,A0515
m,berry,2994,A0516
m,berry,3056,A0516
m,berry,3149,A0516
blaine,finley,2998,A0517
blaine,finley,3031,A0517
sara,watkins,3021,A0518
sara,watkins,3092,A0518
sara,watkins,3140,A0518
virginia,buchanan,2406,A0519
virginia,buchanan,3014,A0519
virginia,buchanan,3140,A0519
ruth,frenchhodson,2993,A0520
ruth,frenchhodson,3014,A0520
ruth,frenchhodson,3021,A0520
joyce,reichard,3014,A0521
joyce,reichard,3080,A0521
joyce,reichard,3092,A0521
ian,sloss,3014,A0522
ian,sloss,3090,A0522
ian,sloss,3128,A0522
jose,rosas,3026,A0523
jose,rojas,3026,A0523
jose,rojas,3081,A0523
alyson,beridon,3026,A0524
alyson,beridon,3079,A0524
alyson,beridon,3092,A0524
charles,cooper,2406,A0525
charles,cooper,3043,A0525
lindsey,scarcello,3043,A0526
lindsey,scarcello,3089,A0526
lexi,hazam,2606,A0527
lexi,hazam,2734,A0527
lexi,hazam,3047,A0527
patrick,coughlin,3071,A0528
patrick,coughlin,3119,A0528
tom,loeser,3073,A0529
thomas,loeser,3073,A0529
thomas,loeser,3114,A0529
thomas,loeser,3115,A0529
anne,schiavone,2753,A0530
anne,schiavone,3081,A0530
anne,schiavone,3125,A0530
robert,cowan,2885,A0531
robert,cowan,3087,A0531
layne,hilton,2875,A0532
layne,hilton,3092,A0532
layne,hilton,3094,A0532
jonathan,orent,2753,A0533
jonathan,orent,2885,A0533
jonathan,orent,3094,A0533
jonathen,orent,2846,A0533
shawn,rabin,3113,A0534
shawn,rabin,3121,A0534
shawn,rabin,3148,A0534
derek,loeser,2843,A0535
derek,loeser,3144,A0535
kelly,mcnabb,2859,A0536
kelly,mcnabb,3140,A0536
jan,levine,2002,A0537
jan,levine,2724,A0537
hugh,lambert,2047,A0538
joseph,opper,2084,A0539
joseph,opper,2332,A0539
joseph,opper,2445,A0539
joseph,opper,2516,A0539
lewis,eidson,2151,A0540
donald,slavik,2151,A0541
wylie,aitken,2151,A0542
benjamin,bailey,2151,A0543
benjamin,bailey,2672,A0543
marc,williams,2187,A0544
mark,williams,2325,A0544
mark,williams,2326,A0544
mark,williams,2327,A0544
victoria,maniatis,2187,A0545
victoria,maniatis,2243,A0545
victoria,maniatis,2606,A0545
victoria,maniatis,2738,A0545
vicki,maniatis,2738,A0545
renae,steiner,2332,A0546
renae,steiner,2445,A0546
renae,steiner,2460,A0546
renae,steiner,2516,A0546
renae,steiner,2819,A0546
kathleen,chavez,2406,A0547
kathleen,chavez,2545,A0547
robert,dassow,2391,A0548
ahmed,diab,2391,A0549
ahmed,diab,2642,A0549
ahmed,diab,2775,A0549
hadley,matarazzo,2391,A0550
hadley,matarazzo,2641,A0550
scott,powell,2391,A0551
scott,powell,2591,A0551
frederick,hovde,2391,A0552
fredrick,hovde,2570,A0552
j,bachus,2391,A0553
j,bachus,2740,A0553
kyle,bachus,2666,A0553
william,curtis,2570,A0554
john,maclean,2570,A0555
gregory,rueb,2570,A0556
laura,smith,2570,A0557
paul,stoller,2570,A0558
paul,stroller,2570,A0558
alex,davis,2775,A0559
alex,davis,2859,A0559
sharan,nirmul,2842,A0560
,nirmul,2842,A0560
hilary,scherrer,2842,A0561
,scherrer,2842,A0561
nicholas,farnolo,2846,A0562
nicholas,farnolo,2859,A0562
william,pietragallo,2862,A0563
molly,craig,2873,A0564
frank,gallucci,2873,A0565
william,jackson,2873,A0566
wesley,bowden,2873,A0567
nancy,christensen,2873,A0568
t,frazer,2873,A0569
james,ferraro,2873,A0570
christiaan,marcum,2873,A0571
christina,cossich,2873,A0572
carl,solomon,2873,A0573
michael,olsen,2873,A0574
brian,duffy,2873,A0575
amanda,kitts,2873,A0576
liam,montgomery,2873,A0577
lyn,pruitt,2873,A0578
elizabeth,knauer,2873,A0579
mark,chertok,2873,A0580
perry,weitz,1657,A0581
perry,weitz,1938,A0581
perry,weitz,2243,A0581
jason,thompson,1657,A0582
jason,thompson,2406,A0582
jason,thompson,3037,A0582
ellen,meriwether,1657,A0583
ellen,meriwether,2406,A0583
ellen,meriwether,2819,A0583
michael,caddell,1718,A0584
michael,caddell,2046,A0584
michael,caddell,2223,A0584
robert,bonsignore,1735,A0585
robert,bonsignore,2753,A0585
peter,weinberger,1733,A0586
peter,weinberger,1909,A0586
peter,weinberger,2606,A0586
peter,weinberger,2804,A0586
philip,beck,1431,A0587
philip,beck,1733,A0587
philip,beck,1928,A0587
adam,hoeflich,1431,A0588
adam,hoeflich,1733,A0588
adam,hoeflich,2023,A0588
adam,hoeflich,2284,A0588
samuel,lanham,1742,A0589
samuel,lanham,1871,A0589
samuel,lanham,2068,A0589
susan,sharko,1742,A0590
susan,sharko,2197,A0590
susan,sharko,2592,A0590
mitchell,breit,1785,A0591
mitchell,breit,2709,A0591
mitchell,breit,2886,A0591
harvey,kaplan,1785,A0592
harvey,kaplan,2740,A0592
william,chaney,1811,A0593
william,chaney,2591,A0593
john,stoia,1825,A0594
john,stoia,1940,A0594
john,stoia,2238,A0594
richard,heimann,1827,A0595
robert,horn,1840,A0596
robert,smalley,1845,A0597
craig,hoover,1850,A0598
craig,hoover,2406,A0598
craig,hoover,2617,A0598
david,fink,1867,A0599
david,fink,2042,A0599
james,welsh,1845,A0600
james,walsh,2196,A0600
dennis,pantazis,1570,A0601
dennis,pantazis,1845,A0601
dennis,pantazis,2406,A0601
steve,skikos,1909,A0602
steven,skikos,2197,A0602
james,miller,1911,A0603
james,miller,1995,A0603
james,miller,2001,A0603
steven,maher,1935,A0604
steven,maher,2100,A0604
stephen,maher,1938,A0604
theodore,babbitt,1928,A0605
ted,babbitt,1928,A0605
burton,finkelstein,1940,A0606
burton,finkelstein,1998,A0606
burton,finkelstein,2046,A0606
troy,giatras,1943,A0607
james,irwin,1943,A0608
james,irwin,2592,A0608
john,dames,1943,A0609
jay,himes,1942,A0610
jay,himes,2007,A0610
jay,himes,2328,A0610
david,zoll,1953,A0611
ron,goldman,1953,A0612
ronald,goldman,2085,A0612
archie,lamb,1960,A0613
archie,lamb,1985,A0613
archibald,lamb,2187,A0613
archibald,lamb,2440,A0613
mark,gray,1985,A0614
mark,gray,1998,A0614
mark,gray,2406,A0614
mark,gray,2474,A0614
keith,dubanevich,1960,A0615
keith,dubanevich,2633,A0615
james,rosemergy,2001,A0616
james,rosemergy,3078,A0616
robert,harwood,1700,A0617
robert,harwood,1995,A0617
robert,harwood,2335,A0617
frank,piscitelli,1998,A0618
frank,piscitelli,2220,A0618
frank,piscitelli,2243,A0618
frank,piscitelli,2317,A0618
matthew,edling,2017,A0619
matthew,edling,2624,A0619
matt,edling,2873,A0619
natalie,finkelman,2046,A0620
natalie,finkelman,2333,A0620
natalie,finkelman,2445,A0620
natalie,finkelman,2460,A0620
allan,kanner,2107,A0621
allan,kanner,2709,A0621
ruben,honik,2107,A0622
ruben,honik,2875,A0622
ruben,honik,3050,A0622
conlee,whiteley,2107,A0623
conlee,whiteley,2875,A0623
conlee,whiteley,2924,A0623
conlee,whitely,2924,A0623
gillian,wade,2107,A0624
gillian,wade,2199,A0624
gillian,wade,2709,A0624
gillian,wade,2741,A0624
stanley,bernstein,2002,A0625
stanley,bernstein,2196,A0625
stanley,bernstein,2827,A0625
patrick,pendley,2223,A0626
patrick,pendley,2406,A0626
patrick,pendley,3014,A0626
dawn,chmielewski,2299,A0627
dawn,chmielewski,2434,A0627
janine,pollack,2308,A0628
janine,pollack,2705,A0628
ronald,aranoff,2328,A0629
ronald,aranoff,2931,A0629
frank,schirripa,2335,A0630
frank,schirripa,2445,A0630
frank,schirripa,2989,A0630
frank,shirrippa,2472,A0630
lauren,barnes,2343,A0631
lauren,barnes,2428,A0631
lauren,barnes,2460,A0631
steven,davis,2385,A0632
steven,davis,2543,A0632
benedict,morelli,1871,A0633
benedict,morelli,2331,A0633
benedict,morelli,2415,A0633
benedict,morelli,2654,A0633
charles,barrett,2508,A0634
charles,barrett,3032,A0634
frank,woodson,2428,A0635
frank,woodson,2502,A0635
frank,woodson,2924,A0635
andrew,lemmon,2406,A0636
andrew,lemmon,2514,A0636
andrew,lemmon,2740,A0636
benjamin,johns,2577,A0637
benjamin,johns,3090,A0637
ben,johns,3090,A0637
john,bevis,2583,A0638
john,bevis,3115,A0638
gary,graifman,2583,A0639
gary,graifman,2827,A0639
gary,graifman,3078,A0639
gary,graifman,3115,A0639
hart,robinovitch,2639,A0640
hart,robinovitch,2795,A0640
hart,robinovitch,2993,A0640
david,bryant,2700,A0641
david,bryant,2885,A0641
erin,dickinson,2688,A0642
erin,dickerson,2873,A0642
paul,evans,2903,A0643
paul,evans,3149,A0643
sarah,johnston,2875,A0644
sarah,johnston,2924,A0644
sarah,johnston,3043,A0644
daniel,nigh,2875,A0645
daniel,nigh,2924,A0645
daniel,nigh,3044,A0645
robert,gilbert,2036,A0646
robert,gilbert,2626,A0646
robert,gilbert,2924,A0646
john,radice,2819,A0647
john,radice,2931,A0647
john,radice,2084,A0647
eugene,spector,2437,A0648
eugene,spector,2931,A0648
bradford,lear,2827,A0649
bradford,lear,2924,A0649
brad,lear,3009,A0649
marlo,fischer,2924,A0650
marlo,fischer,3092,A0650
marlo,fisher,3092,A0650
martha,geer,2938,A0651
martha,geer,2988,A0651
melanie,muhlstock,2434,A0652
melanie,muhlstock,2924,A0652
melanie,muhlstock,2973,A0652
melanie,muhlstock,3089,A0652
amanda,klevorn,2948,A0653
amanda,klevorn,3052,A0653
albert,chang,2948,A0654
albert,chang,3149,A0654
lee,floyd,2974,A0655
lee,floyd,3092,A0655
jason,johnston,2441,A0656
jason,johnston,2768,A0656
jason,johnston,2974,A0656
robert,kinsman,2846,A0657
robert,kinsman,2974,A0657
justin,parafinczuk,2885,A0658
justin,parafinczuk,2974,A0658
danielle,gold,2776,A0659
danielle,gold,2973,A0659
danielle,gold,3044,A0659
andrea,gold,2985,A0660
andrea,gold,3001,A0660
andrea,gold,3083,A0660
kristen,cardoso,2985,A0661
kristen,cardoso,3001,A0661
kristen,cardoso,3149,A0661
julia,merritt,3004,A0662
julia,merritt,3140,A0662
julia,merrit,3140,A0662
d,rihn,3014,A0663
daniel,rihn,3140,A0663
miriam,agrait,3014,A0664
miriam,agrait,3140,A0664
miriam,agait,3014,A0664
ava,cavaco,3014,A0665
ava,cavaco,3140,A0665
elizabeth,kaveny,3026,A0666
kiley,grombacher,3025,A0667
kiley,grombacher,3037,A0667
kiley,grombacher,3089,A0667
kiley,grombacher,3115,A0667
noah,lauricella,2666,A0668
noah,lauricella,2859,A0668
noah,lauricella,3026,A0668
walter,kelley,2657,A0669
walter,kelley,2768,A0669
walter,kelley,3029,A0669
c,vaughn,3029,A0670
c,vaughn,2846,A0670
brett,vaughn,2875,A0670
jonathan,sedgh,2570,A0671
jonathan,sedgh,3037,A0671
jonathan,sedge,2570,A0671
niall,mccarthy,2627,A0672
niall,mccarthy,2743,A0672
niall,mccarthy,3040,A0672
daniel,sullivan,3043,A0673
zoe,littlepage,3043,A0674
eric,cracken,3043,A0675
kevin,fitzgerald,2859,A0676
kevin,fitzgerald,3044,A0676
courtney,mohammadi,3044,A0677
courtney,mohammadi,3140,A0677
melissa,yeates,3047,A0678
melissa,yeates,3080,A0678
joseph,vanzandt,3047,A0679
james,bilsborrow,2820,A0680
james,bilsborrow,3047,A0680
jennie,anderson,2420,A0681
jennie,anderson,2789,A0681
jennie,anderson,3047,A0681
anne,reagan,2993,A0682
anne,regan,2445,A0682
anne,regan,2795,A0682
ashlea,schwarz,2740,A0683
ashlea,schwarz,2993,A0683
william,caldes,2993,A0684
william,caldes,3107,A0684
william,caldes,3113,A0684
nicholas,colella,3074,A0685
nicholas,colella,3090,A0685
nicolas,colella,3090,A0685
mark,oconnor,3081,A0686
mark,oconnor,3125,A0686
adam,evans,2753,A0687
adam,evans,3081,A0687
roman,balaban,3081,A0688
roman,balaban,3125,A0688
bradley,leger,2846,A0689
bradley,leger,3081,A0689
chelsea,dickerson,3081,A0690
chelsea,dickerson,3125,A0690
brian,tadtman,3081,A0691
brian,tadtman,2776,A0691
ryan,cavanaugh,3081,A0692
ryan,cavanaugh,3125,A0692
mason,barney,3090,A0693
lori,feldman,2705,A0694
lori,feldman,2795,A0694
lori,feldman,3090,A0694
chet,waldman,3111,A0695
david,hodge,2406,A0696
david,hodge,3108,A0696
christopher,dodd,3119,A0697
jennifer,scullion,3108,A0698
jennifer,scullion,3121,A0698
bill,carmody,3113,A0699
bill,carmody,3121,A0699
william,carmody,3113,A0699
michael,critchiey,3113,A0700
michael,critchley,2687,A0700
michael,critchley,2779,A0700
michael,critchley,3113,A0700
lynn,toops,2667,A0701
lynn,toops,3127,A0701
caleb,seeley,2885,A0702
caleb,seeley,3140,A0702
michael,boni,1566,A0703
michael,boni,2724,A0703
victor,diaz,2047,A0704
ralph,hubbard,2047,A0705
robert,josefsberg,2047,A0706
j,rogers,2187,A0707
j,rogers,2440,A0707
jr,rogers,2187,A0707
laura,yeager,2187,A0708
laura,yeager,2440,A0708
laura,yaeger,2187,A0708
laura,yaeger,2441,A0708
wayne,fisher,2244,A0709
wayne,fisher,2391,A0709
robert,salim,2187,A0710
robert,salim,2387,A0710
robert,salim,2418,A0710
vincent,moccio,2244,A0711
randi,kassan,2272,A0712
randi,kassan,2428,A0712
randi,kassan,2434,A0712
anthony,tarricone,2323,A0713
anthony,tarricone,2428,A0713
anthony,tarricone,2657,A0713
david,thomas,2325,A0714
david,thomas,2326,A0714
david,thomas,2327,A0714
david,thomas,2387,A0714
michael,mcgartland,2406,A0715
michael,mcgartland,2441,A0715
michael,mcgartland,2775,A0715
mike,mcgartland,2775,A0715
kristen,parker,2332,A0716
kristen,parker,2419,A0716
kristen,parker,2445,A0716
kristen,parker,2472,A0716
peter,kohn,2445,A0717
peter,kohn,2472,A0717
peter,kohn,2819,A0717
mark,hoffman,2545,A0718
mark,hoffman,2592,A0718
brian,jackson,2570,A0719
patrick,stueve,2591,A0720
ari,scharg,2595,A0721
ari,scharg,2633,A0721
curtis,miner,2599,A0722
steve,larson,2633,A0723
steve,larson,2828,A0723
steven,toll,2627,A0724
steven,toll,2743,A0724
jeffrey,gibson,2657,A0725
jeff,gibson,2738,A0725
jeff,gibson,2875,A0725
kyle,farrar,2666,A0726
kyle,farrar,2775,A0726
john,driscoll,2669,A0727
john,driscoll,2691,A0727
john,driscoll,2705,A0727
sheron,korpus,2724,A0728
sheila,birnbaum,2740,A0729
sheila,birnbaum,2804,A0729
david,selby,2753,A0730
david,selby,2775,A0730
jillian,kirn,2873,A0731
jillian,kim,2873,A0731
j,bell,2873,A0732
david,erickson,2873,A0733
matthew,pawa,2873,A0734
benjamin,richman,2873,A0735
michael,stag,2873,A0736
j,rome,2873,A0737
christina,falk,2873,A0738
barry,hill,1657,A0739
barry,hill,1909,A0739
richard,freese,1657,A0740
richard,freese,2782,A0740
kimberly,west,1657,A0741
kimberly,west,2406,A0741
richard,stanley,1657,A0742
richard,stanley,2047,A0742
james,young,1657,A0743
james,young,3080,A0743
thomas,kline,1657,A0744
thomas,kline,2654,A0744
carlene,lewis,1657,A0745
carlene,lewis,1699,A0745
jamisen,etzel,1674,A0746
jamisen,etzel,2968,A0746
a,rowell,1674,A0747
a,rowell,1865,A0747
peter,burg,1699,A0748
peter,burg,1909,A0748
paul,sizemore,1699,A0749
j,sizemore,1871,A0749
j,sizemore,1968,A0749
amy,schulman,1699,A0750
amy,schulman,1850,A0750
amy,schulman,1909,A0750
joseph,price,1708,A0751
joseph,price,1836,A0751
jerome,marcus,1712,A0752
jonathan,auerbach,1712,A0753
john,hargrove,1712,A0754
richard,lockridge,1431,A0755
richard,lockridge,1708,A0755
richard,lockridge,1960,A0755
jeff,lowe,1718,A0756
jeff,lowe,2100,A0756
charles,houssiere,1718,A0757
charles,houssiere,2974,A0757
carolyn,burton,1735,A0758
mila,bartos,1733,A0759
mila,bartos,2875,A0759
lori,andrus,1742,A0760
lori,andrus,1911,A0760
lori,andrus,2741,A0760
ronald,motley,1570,A0761
ronald,motley,1763,A0761
camp,bailey,1769,A0762
k,bailey,1968,A0762
k,bailey,2789,A0762
craig,corbitt,1566,A0763
craig,corbitt,1775,A0763
craig,corbitt,2029,A0763
henry,cirillo,1775,A0764
henry,cirillo,1826,A0764
anthony,irpino,1789,A0765
anthony,irpino,2606,A0765
anthony,irpino,2750,A0765
michael,cole,1785,A0766
michael,cole,2502,A0766
michael,cole,2514,A0766
john,wylie,1807,A0767
john,wylie,2046,A0767
clayton,halunen,1817,A0768
clayton,halunen,2000,A0768
clayton,halunen,2359,A0768
mark,tanenbaum,1865,A0769
mark,tanenbaum,2502,A0769
robert,foote,1865,A0770
robert,foote,1997,A0770
robert,foote,2406,A0770
jeffrey,klafter,1845,A0771
jeffrey,klafter,2989,A0771
andrew,weinstock,1873,A0772
robert,abrams,1895,A0773
robert,abrams,1899,A0773
deborah,moeller,1909,A0774
deborah,moeller,2187,A0774
matthew,wild,1952,A0775
matthew,wild,2031,A0775
barry,eichen,1938,A0776
barry,eichen,2314,A0776
ronald,goldser,1943,A0777
ronald,goldser,2272,A0777
michael,freed,1957,A0778
adam,pessin,1957,A0779
donald,nolan,1953,A0780
jeffrey,killino,1953,A0781
james,ulwick,1982,A0782
james,ulwick,2879,A0782
greg,davis,1985,A0783
greg,davis,2406,A0783
gregory,davis,2406,A0783
john,davis,1985,A0784
john,davis,2406,A0784
john,davis,2875,A0784
mary,fait,1997,A0785
mary,fait,2031,A0785
stephen,asher,1960,A0786
steven,asher,2002,A0786
steven,asher,2420,A0786
natalie,bennett,2001,A0787
natalie,bennett,2472,A0787
natalie,bennett,2516,A0787
gregory,weiss,2046,A0788
gregory,weiss,2047,A0788
shpetim,ademi,2046,A0789
shpetim,ademi,2709,A0789
stephen,ademi,2286,A0789
joseph,sauder,2046,A0790
joseph,sauder,2332,A0790
joseph,sauder,2818,A0790
joseph,thomas,2100,A0791
joseph,thomas,2372,A0791
joseph,thomas,2545,A0791
james,kreindler,1570,A0792
james,kreindler,2085,A0792
justin,green,1570,A0793
justin,green,2085,A0793
paul,antoine,2081,A0794
paul,antoine,2460,A0794
paul,antione,2460,A0794
michael,mcmorrow,2103,A0795
michael,mcmorrow,2261,A0795
charles,tompkins,2109,A0796
guido,saveri,1917,A0797
guido,saveri,2143,A0797
kendall,millard,2196,A0798
robert,eisler,2196,A0799
robert,eisler,2406,A0799
mark,geragos,2199,A0800
mark,geragos,2220,A0800
mark,geragos,2795,A0800
jennifer,culler,2218,A0801
daniel,edelman,2223,A0802
daniel,edelman,2286,A0802
joey,diaz,2226,A0803
gerald,diaz,3026,A0803
glen,devalerio,2242,A0804
glen,devalerio,2409,A0804
robert,kitchenoff,2284,A0805
robert,kitchenoff,2668,A0805
richard,kitchenoff,2284,A0805
lucy,karl,2263,A0806
lucy,karl,2320,A0806
stephanie,oconnor,2299,A0807
stephanie,oconnor,2342,A0807
stephanie,oconnor,2789,A0807
william,murphy,2314,A0808
william,murphy,2800,A0808
paul,kiesel,1871,A0809
paul,kiesel,2314,A0809
andrew,lyskowski,2314,A0810
andrew,lyskowski,2443,A0810
margery,bronster,2314,A0811
margery,bronster,3036,A0811
douglas,thompson,2328,A0812
douglas,thompson,2437,A0812
michael,brady,2328,A0813
walter,bundy,2333,A0814
wh,bundy,2333,A0814
michael,heygood,2372,A0815
michael,heygood,2672,A0815
michael,lynch,2385,A0816
michael,lynch,2691,A0816
eric,weinberg,2385,A0817
eric,weinberg,2738,A0817
shawn,wanta,2359,A0818
shawn,wanta,2564,A0818
beth,terrell,2416,A0819
beth,terrell,2493,A0819
keith,keogh,2416,A0820
keith,keogh,2478,A0820
stephen,denittis,2439,A0821
stephen,denittis,2588,A0821
stephen,denittis,2903,A0821
sergei,lemberg,2286,A0822
sergei,lemberg,2478,A0822
pete,albanis,2577,A0823
panagiotis,albanis,2688,A0823
panagiotis,albanis,3079,A0823
barrett,vahle,2583,A0824
james,evangelista,2583,A0825
howard,longman,2583,A0826
howard,longman,2972,A0826
jonathan,sorkowitz,2903,A0827
james,eubank,2903,A0828
l,fisher,2705,A0829
l,fisher,2903,A0829
esther,berezofsky,2197,A0830
esther,berezofsky,2709,A0830
esther,berezofsky,2921,A0830
adam,pulaski,2924,A0831
brent,wisner,2924,A0832
r,wisner,2924,A0832
robert,wisner,3101,A0832
gregory,hansel,2875,A0833
gregory,hansel,2931,A0833
steve,rotman,2924,A0834
steven,rotman,2641,A0834
steven,rotman,2657,A0834
leonard,bennett,2933,A0835
leonard,bennett,3128,A0835
kristi,kelly,2933,A0836
kristi,kelly,3128,A0836
gretchen,garrison,2936,A0837
ekwan,rhow,2948,A0838
stuart,goldenberg,2641,A0839
stuart,goldenberg,2949,A0839
lauren,miller,2924,A0840
lauren,miller,3014,A0840
george,mclaughlin,2949,A0841
george,mclaughlin,3044,A0841
n,pope,2949,A0842
kirk,pope,3044,A0842
frank,ulmer,2972,A0843
karin,garvey,2966,A0844
karin,garvey,2993,A0844
allison,ng,2974,A0845
tara,blake,2974,A0846
timothy,clark,2809,A0847
timothy,clark,2974,A0847
hannah,pfeifler,2974,A0848
hannah,pfeifler,3094,A0848
drew,edmonson,2977,A0849
wa,edmondson,2977,A0849
fidelma,fitzpatrick,2187,A0850
fidelma,fitzpatrick,2325,A0850
fidelma,fitzpatrick,2974,A0850
robert,hammers,2570,A0851
robert,hammers,2974,A0851
marcus,susen,2974,A0852
marcus,susen,3094,A0852
roy,willey,2989,A0853
roy,willey,3037,A0853
rachel,furst,2989,A0854
rachel,furst,2599,A0854
d,guntner,2973,A0855
d,guntner,3094,A0855
d,gunter,3094,A0855
rafey,balabanian,2985,A0856
rafey,balabanian,3001,A0856
john,norris,2985,A0857
john,norris,3001,A0857
todd,logan,2985,A0858
todd,logan,3001,A0858
jill,manning,2985,A0859
jill,manning,3001,A0859
cecily,shiel,2985,A0860
cecily,shiel,3001,A0860
theo,benjamin,2985,A0861
theo,benjamin,3001,A0861
glenn,chappell,2985,A0862
glenn,chappell,3001,A0862
christin,cho,2985,A0863
christin,cho,3001,A0863
hassan,zavareei,2985,A0864
hassan,zavareei,3001,A0864
leslie,lamacchia,2767,A0865
leslie,lamacchia,3004,A0865
kimberly,baden,2657,A0866
kimberly,baden,2691,A0866
kimberly,baden,3014,A0866
sandra,duggan,2179,A0867
sandra,duggan,3014,A0867
kevin,omalley,3028,A0868
richard,wayne,2827,A0869
richard,wayne,3025,A0869
steven,bloch,3025,A0870
steve,bloch,3144,A0870
amber,schubert,3025,A0871
amber,schubert,3096,A0871
amber,schubert,3149,A0871
diane,watkins,3026,A0872
diane,watkins,3101,A0872
pearl,robertson,3026,A0873
pearl,robertson,3080,A0873
andrea,giovannone,2846,A0874
andrea,giovannone,3029,A0874
dean,graybill,3035,A0875
elizabeth,hopkins,3035,A0876
e,geisler,3037,A0877
e,geisler,3079,A0877
jason,goldstein,3044,A0878
jason,goldstein,3094,A0878
craig,silverman,3044,A0879
craig,silverman,3094,A0879
sinting,liu,3047,A0880
matthew,bergman,3047,A0881
previn,warren,3047,A0882
elizabeth,castillo,2993,A0883
elizabeth,castillo,3051,A0883
steve,nathan,3055,A0884
steven,nathan,3074,A0884
steven,nathan,3090,A0884
walter,noss,3071,A0885
benjamin,widlanski,3071,A0886
benjamin,widlanski,3080,A0886
samuel,funk,3071,A0887
swathi,bojedla,3071,A0888
kaleigh,boyd,3073,A0889
candace,smith,3073,A0890
michael,maddigan,3071,A0891
michael,maddigan,3108,A0891
ian,barlow,3078,A0892
rebecca,phillips,3081,A0893
steve,german,3081,A0894
stuart,ratzan,3081,A0895
danielle,rogers,3081,A0896
larry,taylor,3081,A0897
alex,barlow,3081,A0898
jenniffer,elwell,3081,A0899
jennifer,elwell,3081,A0899
jenny,elwell,3081,A0899
aaron,dickey,3081,A0900
robert,brown,3081,A0901
jakob,norman,3081,A0902
brandon,henry,3081,A0903
brandon,henry,3140,A0903
ronnie,spiegel,3080,A0904
ronnie,spiegel,3108,A0904
sarah,gelsomino,3092,A0905
rene,rocha,2820,A0906
rene,rocha,3087,A0906
john,allen,3092,A0907
rachel,archambeau,3092,A0908
lindsey,self,3092,A0909
alex,parker,3092,A0910
meghan,connolly,3092,A0911
jessica,wieczorkiewicz,3092,A0912
sara,papantonio,3092,A0913
p,cooper,3092,A0914
r,gipe,3092,A0915
n,bey,3092,A0916
erin,comite,3090,A0917
erin,comite,3108,A0917
allison,ryan,3108,A0918
vassi,iliadis,3108,A0919
alicia,paller,3108,A0920
michael,dellangelo,3113,A0921
michael,dellangelo,3119,A0921
karin,swope,3119,A0922
karin,swope,2827,A0922
natasha,fernandezsilber,3121,A0923
natasha,fernandezsilber,3148,A0923
adam,polk,3108,A0924
adam,polk,3115,A0924
frank,watson,3127,A0925
eric,kafka,3144,A0926
sharon,robertson,2332,A0927
sharon,robertson,2472,A0927
sharon,robertson,3148,A0927
robert,methvin,3148,A0928
bob,methvin,2406,A0928
bob,methvin,2595,A0928
lee,mcgartland,2666,A0929
lee,mcgartland,3140,A0929
stanley,chesley,1431,A0930
stanley,chesley,2151,A0930
michael,miller,1871,A0931
michael,miller,2741,A0931
mike,miller,2187,A0931
diogenes,kekatos,2020,A0932
diogenes,kekatos,2434,A0932
aaron,podhurst,2036,A0933
aaron,podhurst,2406,A0933
wb,markovits,2151,A0934
monica,kelley,2151,A0935
monica,kelly,2151,A0935
jerome,ringler,2151,A0936
david,allen,2187,A0937
david,allen,2440,A0937
erik,walker,2187,A0938
erik,walker,2440,A0938
erik,walker,2642,A0938
andrea,pierson,2272,A0939
andrea,pierson,2570,A0939
michael,bonasso,2325,A0940
michael,bonasso,2326,A0940
michael,bonasso,2327,A0940
michael,farrell,2325,A0941
michael,farrell,2326,A0941
michael,farrell,2327,A0941
john,winter,2391,A0942
john,ladue,2391,A0943
kim,dougherty,2419,A0944
kimberly,dougherty,2657,A0944
matthew,mccauley,2434,A0945
whitney,street,2437,A0946
whitney,street,2687,A0946
james,klick,2428,A0947
james,klick,2657,A0947
r,milling,2428,A0948
r,milling,2436,A0948
anthony,nemo,2441,A0949
richard,schlueter,2441,A0950
richard,schlueter,2666,A0950
richard,schlueter,2768,A0950
karl,cambronne,2522,A0951
allison,fry,2557,A0952
maury,herman,2545,A0953
t,leckman,2545,A0954
matthew,teague,2545,A0955
gregory,spizer,2545,A0956
elwood,stevens,2545,A0957
alex,macdonald,2545,A0958
david,ratner,2545,A0959
brian,perkins,2545,A0960
myron,cherry,2545,A0961
david,degreeff,2570,A0962
douglas,king,2570,A0963
jeff,friedman,2595,A0964
richard,smith,2595,A0965
richard,smith,2875,A0965
douglas,lobel,2587,A0966
douglas,lobel,2795,A0966
david,vogel,2587,A0967
david,vogel,2795,A0967
christopher,brain,2633,A0968
kim,stephens,2633,A0969
chase,alvord,2633,A0970
mark,friel,2633,A0971
diane,flannery,2627,A0972
diane,flannery,2743,A0972
dianne,flannery,2743,A0972
jennifer,liakos,2691,A0973
jennifer,liakos,2734,A0973
jennifer,liakos,2885,A0973
devora,allon,2724,A0974
sarah,kirkpatrick,2724,A0975
kendra,samson,2724,A0976
habib,nasrullah,2740,A0977
brian,rudick,2740,A0978
lawrence,centola,2740,A0979
lawrence,centola,2754,A0979
bruce,nagel,2740,A0980
jon,strongman,2740,A0981
john,strongman,2740,A0981
gregory,coleman,2744,A0982
gregory,coleman,2886,A0982
derek,burch,2775,A0983
charles,weddle,2775,A0984
laura,pittner,2776,A0985
laura,pittner,2859,A0985
brian,fries,2785,A0986
shannon,pennock,2754,A0987
shannon,pennock,2789,A0987
arthur,brown,2792,A0988
rex,sharp,2785,A0989
steven,reed,2804,A0990
steven,reed,2836,A0990
peggy,wedgworth,2817,A0991
leonard,bellavia,2817,A0992
james,barz,2817,A0993
frank,richter,2817,A0994
lauren,godshall,2846,A0995
david,butler,2846,A0996
steven,babin,2846,A0997
steve,babin,2875,A0997
andrew,norden,2859,A0998
ashley,campbell,2873,A0999
kaitlyn,maxwell,2873,A1000
stephanie,biehl,2873,A1001
jessica,pahl,2873,A1002
brent,dwerlkotte,2873,A1003
david,hammack,2873,A1004
haroon,anwar,2873,A1005
renee,finch,2885,A1006
gregory,graf,2885,A1007
edward,rowan,2885,A1008
grant,davis,1657,A1009
michael,stratton,1657,A1010
shawn,foster,1657,A1011
ann,oldfather,1657,A1012
richard,getty,1657,A1013
james,lyle,1657,A1014
art,sadin,1657,A1015
william,riley,1657,A1016
christopher,mcdonald,1657,A1017
eric,young,1657,A1018
andrew,yung,1657,A1019
garve,ivey,1657,A1020
pamela,slate,1657,A1021
douglas,marvin,1657,A1022
theodore,mayer,1657,A1023
anthony,dileo,1657,A1024
matthew,kaplan,1656,A1025
matthew,kaplan,3111,A1025
randall,fox,1657,A1026
james,fosler,1657,A1027
stuart,kritzer,1657,A1028
john,lowbeer,1657,A1029
h,mcknight,1657,A1030
diane,paolicelli,1657,A1031
bill,rossbach,1657,A1032
mark,schultz,1657,A1033
joseph,steele,1657,A1034
drew,ranier,1657,A1035
david,skeens,1674,A1036
j,vaughan,1674,A1037
garrett,hodes,1674,A1038
william,parish,1682,A1039
daniel,myers,1674,A1040
peter,burke,1658,A1041
peter,burke,2406,A1041
thomas,withers,1677,A1042
thomas,withers,2583,A1042
timothy,pratt,1708,A1043
d,campbell,1718,A1044
d,campbell,2359,A1044
paul,paradis,1730,A1045
paul,paradis,1737,A1045
dan,berger,1730,A1046
stuart,desroches,1730,A1047
greg,odom,1730,A1048
david,smith,1730,A1049
robert,blanchard,1742,A1050
robert,blanchard,1968,A1050
robert,tucker,1742,A1051
robert,tucker,2197,A1051
julie,callsen,1742,A1052
russel,beatie,1760,A1053
russel,beatie,1789,A1053
robert,germany,1760,A1054
bob,germany,1789,A1054
joe,hollingsworth,1760,A1055
joe,hollingsworth,3006,A1055
fred,magaziner,1431,A1056
fred,magaziner,1769,A1056
barbara,hart,1775,A1057
louis,battista,1789,A1058
gedney,howe,1785,A1059
kirk,tresemer,1790,A1060
kirk,tresemer,2153,A1060
peter,mcnulty,1790,A1061
peter,mcnulty,2153,A1061
melissa,harnett,1785,A1062
melissa,harnett,1822,A1062
daniel,karon,1785,A1063
daniel,karon,2460,A1063
bruce,afran,1791,A1064
john,murdock,1796,A1065
douglas,rosinski,1796,A1066
donald,cockrill,1796,A1067
marc,mezibov,1796,A1068
mark,smilow,1796,A1069
jeffery,smith,1807,A1070
jeffrey,smith,1807,A1070
edward,wynne,1807,A1071
gerald,wells,1807,A1072
james,clapp,1807,A1073
john,halebian,1807,A1074
john,kelson,1807,A1075
mark,tamblyn,1820,A1076
david,george,1820,A1077
,lee,1827,A1078
jack,lee,1827,A1078
,boro,1827,A1079
albert,boro,1827,A1079
lester,levy,1838,A1080
lester,levy,1968,A1080
martin,loring,1840,A1081
richard,rouco,1865,A1082
richard,rouco,2406,A1082
pete,strom,1865,A1083
pete,strom,2406,A1083
robert,derose,1854,A1084
robert,derose,2025,A1084
james,neale,1845,A1085
angela,spivey,1845,A1086
bethany,lukitsch,1845,A1087
justin,woods,1873,A1088
matt,moreland,1873,A1089
matthew,moreland,2328,A1089
livia,kiser,1907,A1090
jim,doyle,1905,A1091
r,drake,1905,A1092
marcus,stevenson,1905,A1093
leila,watson,1905,A1094
george,soule,1905,A1095
jennifer,huelskoetter,1905,A1096
melissa,stull,1905,A1097
peter,herzog,1911,A1098
peter,herzog,1914,A1098
mark,mester,1907,A1099
mark,mester,2492,A1099
peter,brodhead,1909,A1100
thomas,jessee,1899,A1101
paul,friedman,1899,A1102
carolyn,feeney,1899,A1103
richard,wyatt,1899,A1104
thomas,curtin,1914,A1105
thomas,curtin,3113,A1105
e,easterby,1928,A1106
joey,danis,1928,A1107
steven,derringer,1928,A1108
eugene,schoon,1928,A1109
richard,dandrea,1928,A1110
susan,artinian,1928,A1111
patricia,lowry,1928,A1112
frederic,fox,1431,A1113
frederic,fox,1940,A1113
william,robinson,1943,A1114
michael,quirk,1955,A1115
michael,quirk,2709,A1115
kurt,arnold,1953,A1116
gary,mccallister,1957,A1117
martin,fox,1957,A1118
daniel,shulman,1957,A1119
david,black,1958,A1120
david,black,2247,A1120
joel,rhine,1958,A1121
joel,rhine,2047,A1121
erick,rosemond,1968,A1122
g,rosemond,1968,A1122
robert,carey,1977,A1123
robert,carey,2567,A1123
leonard,aragon,1977,A1124
leonard,aragon,3149,A1124
m,goldsmith,1985,A1125
matthew,moriarty,1968,A1126
matthew,moriarty,2740,A1126
fred,isquith,1997,A1127
fred,isquith,2542,A1127
c,pittman,1985,A1128
wes,pittman,2406,A1128
john,nevares,1960,A1129
john,nevares,2223,A1129
paul,weiss,2001,A1130
paul,weiss,2415,A1130
mark,schlachet,2001,A1131
mark,schlachet,2220,A1131
edward,ciolko,2003,A1132
edward,ciolko,2508,A1132
ralph,phalen,1998,A1133
ralph,phalen,2046,A1133
christine,ford,2023,A1134
jeff,carton,2023,A1135
jeffrey,carton,2491,A1135
ilan,chorowsky,2031,A1136
mitchell,toups,2046,A1137
mitchell,toups,2223,A1137
nicholas,migliaccio,2025,A1138
nicholas,migliaccio,2875,A1138
jennifer,sarnelli,2025,A1139
jennifer,sarnelli,2188,A1139
daniel,mogin,2023,A1140
daniel,mogin,2668,A1140
s,weinner,2042,A1141
thomas,wienner,2042,A1141
david,plunkett,2042,A1142
eric,chaffin,2051,A1143
eric,chaffin,2187,A1143
stephen,foley,2066,A1144
edward,gergosian,2086,A1145
richard,hood,2087,A1146
rich,hood,2767,A1146
thomas,rosenfeld,2096,A1147
thomas,rosenfeld,2443,A1147
kenneth,nolan,2085,A1148
ken,nolan,1570,A1148
terrence,connors,2085,A1149
terrence,connors,2903,A1149
michel,baumeister,1570,A1150
michel,baumeister,2085,A1150
thea,capone,1570,A1151
thea,capone,2085,A1151
jeffrey,cereghino,2098,A1152
sam,lock,2098,A1153
aj,debartolomeo,2100,A1154
david,parisi,2103,A1155
david,parisi,2513,A1155
ronald,gossett,2183,A1156
jr,whaley,2199,A1157
heather,peterson,2199,A1158
francis,greene,2223,A1159
vincent,briganti,2213,A1160
vincent,briganti,3107,A1160
william,butterfield,2213,A1161
bill,butterfield,2406,A1161
donald,stack,2218,A1162
rachel,jensen,2238,A1163
rachel,jensen,2777,A1163
phong,tran,2238,A1164
phong,tran,2827,A1164
david,mckay,2258,A1165
penny,hendy,2308,A1166
ralph,sianni,2314,A1167
james,frickleton,2314,A1168
mark,mandell,2314,A1169
john,peca,2320,A1170
john,peca,2333,A1170
david,rash,2263,A1171
david,rash,2320,A1171
stephen,murray,2299,A1172
stephen,murray,2452,A1172
stephen,gorny,2314,A1173
william,cunningham,2314,A1174
william,gaudet,2328,A1175
scott,bickford,2328,A1176
scott,bickford,2996,A1176
katie,mcelveen,2333,A1177
catherine,mcelveen,2972,A1177
edward,eshoo,2333,A1178
edward,eshoo,2688,A1178
peter,mougey,2357,A1179
david,omara,2357,A1180
john,gibson,2371,A1181
orlando,richmond,2385,A1182
dan,ball,2385,A1183
eric,hudson,2385,A1184
beth,rose,2385,A1185
chris,cueto,2385,A1186
ron,meneo,2385,A1187
judy,scolnick,2332,A1188
judy,scolnick,2415,A1188
brian,penny,2409,A1189
brian,penny,2595,A1189
garth,wojtanowicz,2455,A1190
eric,lechtzin,2474,A1191
lewis,goldfarb,2471,A1192
joseph,nabers,2458,A1193
j,nabers,2875,A1193
jason,richards,2458,A1194
r,richards,2642,A1194
christopher,schnieders,2458,A1195
christopher,schnieders,2657,A1195
brad,seidel,2502,A1196
edwin,kilpela,2491,A1197
edwin,kilpela,2586,A1197
derek,brandt,2519,A1198
derek,brandt,2993,A1198
solomon,cera,2508,A1199
scott,brown,2508,A1200
terence,ziegler,2472,A1201
terence,ziegler,2508,A1201
margaret,branch,2502,A1202
margaret,branch,2641,A1202
catherine,heacox,2434,A1203
catherine,heacox,2502,A1203
casey,lott,2406,A1204
casey,lott,2502,A1204
john,simon,2382,A1205
john,simon,2562,A1205
joseph,marchese,2562,A1206
joseph,marchese,2875,A1206
theodore,leopold,2540,A1207
ted,leopold,2540,A1207
richard,burke,2540,A1208
jack,landskroner,2577,A1209
michael,sobol,2617,A1210
mark,troutman,2661,A1211
gregory,travalio,2661,A1212
ranse,partin,2583,A1213
ranse,partin,2800,A1213
joseph,bates,2583,A1214
joseph,bates,2800,A1214
david,keglovits,2700,A1215
howard,langer,2668,A1216
scott,martin,2668,A1217
melissa,wolchansky,2688,A1218
melissa,wolchansky,2695,A1218
scott,bursor,2904,A1219
todd,werts,2904,A1220
jonathan,levine,2624,A1221
jonathan,levine,2905,A1221
sarah,london,2913,A1222
sarah,london,3084,A1222
david,raiser,2915,A1223
david,balser,3111,A1223
william,reiss,2918,A1224
aaron,sheanin,2918,A1225
dory,antullis,2921,A1226
dorothy,antullis,3080,A1226
andrew,bayman,2924,A1227
thomas,yoo,2924,A1228
richard,barnes,2924,A1229
john,malkinson,2931,A1230
je,jung,2924,A1231
adam,krause,2924,A1232
nicola,larmondharvey,2924,A1233
laura,stemkowski,2924,A1234
laura,stemkowski,3101,A1234
jennifer,moore,2809,A1235
jennifer,moore,2924,A1235
craig,marchiando,2933,A1236
andrew,guzzo,2933,A1237
joseph,hashmall,2933,A1238
james,francis,2933,A1239
john,soumilas,2933,A1240
lauren,brennan,2933,A1241
robert,khayat,2933,A1242
matthew,holian,2545,A1243
matthew,holian,2924,A1243
jessica,rydstrom,2924,A1244
jessica,rydstrom,3140,A1244
gene,graham,2936,A1245
bill,carr,2936,A1246
sam,ward,2936,A1247
ricardo,martinezcid,2323,A1248
ricardo,martinezcid,2924,A1248
shannon,mcnulty,2948,A1249
michael,gervais,2948,A1250
carey,alexander,2948,A1251
carey,alexander,3074,A1251
kate,baxterkauf,2948,A1252
kate,baxterkauf,3074,A1252
israel,david,2948,A1253
israel,david,3096,A1253
tyler,graden,2948,A1254
tyler,graden,3149,A1254
erin,bosman,2740,A1255
erin,bosman,2949,A1255
george,stewart,2969,A1256
john,goodrich,2969,A1257
william,merlin,2969,A1258
marlon,kimpson,2972,A1259
krysta,pachman,2972,A1260
desiree,cummings,2972,A1261
ronald,raether,2972,A1262
ashley,taylor,2972,A1263
david,anthony,2972,A1264
tambry,bradford,2972,A1265
angelo,stio,2972,A1266
amy,williams,2972,A1267
cindy,hanson,2972,A1268
josh,davey,2972,A1269
timothy,george,2972,A1270
celeste,jones,2972,A1271
j,young,2972,A1272
john,macoretta,2445,A1273
john,macoretta,2966,A1273
chirali,patel,2973,A1274
audrey,raphael,2973,A1275
emily,acosta,2973,A1276
robert,drakulich,2973,A1277
catherine,hilliard,2973,A1278
megan,moore,2973,A1279
thomas,valet,2973,A1280
melanie,bailey,2973,A1281
scott,morgan,2973,A1282
scott,morgan,2691,A1283
scott,morgan,2875,A1283
frederick,erny,2974,A1284
gina,saelinger,2974,A1285
christopher,morris,2974,A1286
kasey,adams,2974,A1287
hunter,linville,2974,A1288
alfred,olinde,2974,A1289
theinkim,truongle,2974,A1290
danae,benton,2974,A1291
danae,benton,3094,A1291
rachel,schwartz,2887,A1292
rachel,schwartz,2975,A1292
kristen,fournier,2973,A1293
kristen,fournier,3043,A1293
michael,zogby,2606,A1294
michael,zogby,2973,A1294
tim,porter,2809,A1295
tim,porter,2974,A1295
r,jones,2974,A1296
r,jones,3125,A1296
dennis,ellis,2989,A1297
maurice,pessah,2989,A1298
natalia,salas,2989,A1299
natalia,salas,3080,A1299
parvin,aminolroaya,2973,A1300
parvin,aminolroaya,3094,A1300
danielle,mason,2973,A1301
danielle,mason,2750,A1301
aelish,baig,2996,A1302
aelish,baig,3047,A1302
julie,kane,2841,A1303
julie,kane,2994,A1303
david,cates,3004,A1304
chad,finley,3004,A1305
laruby,may,3004,A1306
alicia,oneill,3004,A1307
amanda,williamson,3004,A1308
michael,williams,3009,A1309
danielle,perry,3021,A1310
danielle,perry,3090,A1310
kevin,laukaitis,3009,A1311
kevin,laukaitis,3025,A1311
john,nelson,3009,A1312
john,nelson,3149,A1312
alexis,wood,3019,A1313
robert,lopez,3019,A1314
margaret,maclean,3019,A1315
kaleigh,powell,3019,A1316
kenya,reddy,3019,A1317
rachel,tack,3019,A1318
karen,shanks,3023,A1319
peter,wolff,3014,A1320
arthur,stroyd,3014,A1321
kristina,anderson,3014,A1322
syreeta,defrancepoindexter,3014,A1323
ashley,diliberto,3014,A1324
kathryn,harrison,3014,A1325
inez,ross,3014,A1326
kevin,tucker,3014,A1327
jubal,hamil,1964,A1328
jubal,hamil,3021,A1328
timothy,semenoro,3028,A1329
timothy,semenero,3028,A1329
sean,fahey,3026,A1330
rebecca,fitzpatrick,3026,A1331
james,hurst,3026,A1332
mark,reich,3025,A1333
terence,coates,3025,A1334
paul,doolittle,3025,A1335
deborah,dixon,3026,A1336
thomas,tisdale,3028,A1337
christopher,chorba,3032,A1338
jason,meltzer,3032,A1339
cristina,sabbagh,3037,A1340
daniel,sciano,3037,A1341
gregorio,francis,3035,A1342
dhamian,blue,3035,A1343
tracy,turner,3036,A1344
tracy,turner,3101,A1344
monique,alarcon,3036,A1345
monique,alarcon,3101,A1345
evan,janush,3043,A1346
amanda,hunt,3043,A1347
greg,dovel,3043,A1348
paul,danziger,3043,A1349
jorge,mestre,3050,A1350
david,landever,3044,A1351
carasuana,wall,3044,A1352
rayna,kessler,3044,A1353
michael,cutler,3044,A1354
maria,fleming,3044,A1355
david,harman,3044,A1356
hadley,lundback,3044,A1357
patrick,wigle,3044,A1358
cameron,falcon,3044,A1359
joannah,oh,3044,A1360
amanda,fernandez,3044,A1361
arati,furness,3044,A1362
ilana,wolk,3044,A1363
sarah,emery,3047,A1364
carrie,goldberg,3047,A1365
ellyn,hurd,3047,A1366
ellyn,hurd,3084,A1366
james,marsh,3047,A1367
hillary,nappi,3047,A1368
emmie,paulos,3047,A1369
elliot,feldman,1570,A1370
elliot,feldman,3052,A1370
kevin,dean,2543,A1371
kevin,dean,3051,A1371
tiffany,yiatras,3052,A1372
matthew,schelkopf,3052,A1373
kate,lv,3071,A1374
daniel,herrera,3071,A1375
christian,levis,3071,A1376
michaela,wallin,3071,A1377
sara,aguiniga,3060,A1378
timothy,mccann,3060,A1379
carl,hittinger,3071,A1380
karen,lent,3071,A1381
tricia,herzfeld,3071,A1382
brendan,glackin,3071,A1383
daniel,walker,3071,A1384
rebecca,peterson,2993,A1385
sati,gibson,2993,A1386
michael,cashman,2993,A1387
roberta,yard,2993,A1388
icee,etheridge,2993,A1389
archana,tamoshunas,2993,A1390
brett,cebulash,2993,A1391
brandon,bogle,3079,A1392
brandon,bogle,3080,A1392
juan,martinez,3080,A1393
joseph,vanek,3080,A1394
joseph,vanek,2819,A1394
megan,odom,3081,A1395
david,ko,3080,A1396
david,ko,3148,A1396
karen,halbert,2800,A1397
karen,halbert,3080,A1397
heaven,jaafar,3092,A1398
kathryn,avila,3092,A1399
sara,couch,3094,A1400
w,stephenson,3094,A1401
emily,hughes,3096,A1402
emily,hughes,3115,A1402
kosta,stojilkovic,3110,A1403
christopher,plumlee,3110,A1404
timothy,cameron,3110,A1405
david,kully,3110,A1406
jonathan,barbee,3113,A1407
james,ward,2816,A1408
james,ward,3107,A1408
shauna,itri,3114,A1409
sean,modjarrad,3114,A1410
lawrence,buterman,3110,A1411
djordje,petkoski,3110,A1412
vanessa,jacobsen,3110,A1413
peter,barile,3110,A1414
stephen,medlock,3121,A1415
matthew,lavin,3121,A1416
melinda,coolidge,3113,A1417
halley,josephs,3121,A1418
tom,boardman,3121,A1419
zachary,caplan,3121,A1420
patrick,madden,3121,A1421
melissa,gardner,3108,A1422
nick,murphy,3108,A1423
david,berger,3108,A1424
deepali,brahmbhatt,3108,A1425
jack,meyerson,3108,A1426
jan,conlin,3108,A1427
ronald,podolny,3108,A1428
jennifer,french,3115,A1429
jennifer,french,3149,A1429
m,smith,2734,A1430
m,smith,3115,A1430
carol,villegas,2879,A1431
carol,villegas,3149,A1431
william,shinoff,3149,A1432
kristin,westphal,3149,A1433
edward,burak,3149,A1434
christopher,paulos,3140,A1435
katharine,krottinger,3140,A1436
adam,gomez,3140,A1437
savannah,green,3140,A1438
janna,maples,3140,A1439
connor,sheehan,3140,A1440
andrew,schwaba,3140,A1441
genevieve,outlaw,3140,A1442
colleen,garvey,3140,A1443
c,paschal,3140,A1444
cynthia,garber,3140,A1445
ashley,liuzza,3140,A1446
sara,castronuova,3140,A1447
brendan,mcdonough,3140,A1448
bonnie,rickert,3140,A1449
starr,culpepper,3140,A1450
shelby,yarbrough,3140,A1451
timothy,mills,1570,A1452
andrew,maloney,1570,A1453
marc,moller,1570,A1454
lynn,faris,1700,A1455
susan,ellingstad,1700,A1456
robert,schwartz,1700,A1457
scott,smith,1431,A1458
scott,smith,1836,A1458
samuel,fisher,1871,A1459
samuel,fisher,2875,A1459
terrence,collingsworth,1916,A1460
michael,brown,1836,A1461
michael,brown,2846,A1461
eric,roberson,1964,A1462
rhett,klok,1964,A1463
mario,alioto,1917,A1464
paul,rheingold,1964,A1465
steven,blau,1964,A1466
bruce,rogow,2036,A1467
stephen,susman,2002,A1468
steve,susman,2567,A1468
d,hufford,2020,A1469
dbrian,hufford,2406,A1469
robert,axelrod,2020,A1470
robert,axelrod,2406,A1470
christopher,ridout,2020,A1471
christopher,ridout,2827,A1471
raymond,boucher,2020,A1472
raymond,boucher,2809,A1472
kevin,roddy,2020,A1473
kevin,roddy,2445,A1473
kerry,miller,2047,A1474
kerry,miller,2179,A1474
richard,duplantier,2047,A1475
judy,barrasso,2047,A1476
h,pipes,2047,A1477
adrianne,baumgartner,2047,A1478
charles,chassaignac,2047,A1479
robert,darroch,2047,A1480
neal,favret,2047,A1481
alan,yacoubian,2047,A1482
seth,schmeeckle,2047,A1483
jennifer,mcnamara,2047,A1484
gary,russo,2047,A1485
jay,sever,2047,A1486
virginia,trainor,2047,A1487
eric,snyder,2151,A1488
s,west,2151,A1489
don,haycraft,2179,A1490
sandra,bresnick,2187,A1491
brian,panish,2151,A1492
john,foley,2187,A1493
john,foley,2440,A1493
norwood,wilner,2187,A1494
lawrence,tweel,2187,A1495
mark,reinhardt,2221,A1496
ben,anderson,2187,A1497
benjamin,anderson,2440,A1497
mark,mueller,2187,A1498
mark,mueller,2387,A1498
leigh,odell,2187,A1499
p,odell,2738,A1499
eric,johnson,2587,A1500
paul,cordella,2244,A1501
christopher,ellis,2263,A1502
christopher,ellis,2591,A1502
leonard,gail,2296,A1503
megan,mckenzie,2244,A1504
ethan,preston,2295,A1505
robert,adams,2326,A1506
scott,perwin,2332,A1507
scott,perwin,2836,A1507
steven,marks,2323,A1508
steven,marks,2626,A1508
jeannine,kenney,2323,A1509
jeannine,kenney,2724,A1509
alan,milstein,2331,A1510
alan,milstein,2677,A1510
christy,jones,2327,A1511
christy,jones,2436,A1511
erin,hanig,2391,A1512
tanya,chutkan,2406,A1513
cyril,smith,2406,A1514
cy,smith,2406,A1514
debra,hayes,2406,A1515
uw,clemon,2406,A1516
john,fiske,2391,A1517
shayna,sacks,2418,A1518
shayna,sacks,2789,A1518
barry,ragsdale,2406,A1519
annika,martin,2419,A1520
annika,martin,2818,A1520
shelley,kaufman,2434,A1521
shelly,kaufman,2434,A1521
r,saveri,2420,A1522
r,saveri,2566,A1522
steven,bizar,2437,A1523
richard,phillips,2428,A1524
j,leblanc,2428,A1525
laurence,berman,2436,A1526
laurence,berman,2738,A1526
maxwell,kennerly,2452,A1527
max,kennerly,2767,A1527
joseph,siprut,2492,A1528
deborah,gross,2460,A1529
deborah,gross,2472,A1529
jonathan,marshall,2493,A1530
felipe,arroyo,2522,A1531
christopher,walsh,2522,A1532
paul,novak,2445,A1533
paul,novak,2687,A1533
ephraim,gerstein,2516,A1534
david,nalven,2516,A1535
gerald,pia,2516,A1536
brian,roche,2516,A1537
david,schaefer,2516,A1538
andrew,solow,2545,A1539
andrew,solow,2592,A1539
robert,hilliard,2543,A1540
lance,cooper,2543,A1541
melanie,cyganowski,2543,A1542
hal,litchford,2557,A1543
simon,paris,2575,A1544
russell,button,2570,A1545
gregory,laker,2570,A1546
charles,siegel,2570,A1547
zona,jones,2555,A1548
zona,jones,2875,A1548
steven,glickstein,2592,A1549
gibson,vance,2592,A1550
gibson,vance,2595,A1550
thomas,schult,2591,A1551
thomas,schult,2887,A1551
christopher,savage,2587,A1552
adam,caldwell,2587,A1553
juliet,cox,2587,A1554
matthew,brill,2587,A1555
christian,binnig,2587,A1556
jeffrey,strauss,2587,A1557
russell,blau,2587,A1558
gerard,duffy,2587,A1559
gregory,merz,2587,A1560
brook,brown,2587,A1561
carl,galant,2587,A1562
todd,holleman,2587,A1563
james,buddenbaum,2587,A1564
travis,montgomery,2587,A1565
david,hogue,2587,A1566
paul,schudel,2587,A1567
adam,slater,2606,A1568
adam,slater,2875,A1568
nancy,fineman,2627,A1569
robert,adhoot,2627,A1570
robert,adhoot,2743,A1570
robert,boatman,2641,A1571
shannon,clark,2641,A1572
eric,terry,2641,A1573
nate,veer,2641,A1574
stephen,hunt,2657,A1575
stephen,hunt,2734,A1575
mark,omara,2666,A1576
mark,omara,2795,A1576
randi,mcginn,2695,A1577
nancy,long,2695,A1578
roxanne,conlin,2672,A1579
roxanne,conlin,2795,A1579
brant,penney,2705,A1580
munir,meghjee,2691,A1581
munir,meghjee,2734,A1581
jay,shapiro,2687,A1582
saul,morgenstern,2724,A1583
laura,shores,2724,A1584
adam,hakki,2704,A1585
eric,fastiff,2687,A1586
eric,fastiff,2819,A1586
elizabeth,tipping,2724,A1587
daniel,mason,2724,A1588
peter,gilmontllor,2724,A1589
alison,tanchyk,2724,A1590
ryan,becker,2724,A1591
rick,root,2738,A1592
richard,root,2738,A1592
matthew,campbell,2734,A1593
lauren,colton,2734,A1594
gary,wilson,2734,A1595
jon,tostrud,2724,A1596
alexander,dwyer,2740,A1597
rand,nolen,2740,A1598
daniel,markoff,2740,A1599
irving,warshauer,2740,A1600
john,gomez,2740,A1601
john,gomez,2750,A1601
jessica,reynolds,2740,A1602
jessica,reynolds,2776,A1602
rex,littrell,2740,A1603
sara,avila,2709,A1604
sara,avila,2741,A1604
marc,castaneda,2709,A1605
marc,castaneda,2741,A1605
kalpana,srinivasan,2773,A1606
russell,hilliard,2753,A1607
james,matthews,2753,A1608
katie,kerner,2775,A1609
kathleen,kerner,2775,A1609
christina,natale,2767,A1610
christina,natale,2873,A1610
kim,loutey,2767,A1611
kim,loutey,2809,A1611
greg,hopper,2775,A1612
gregory,hopper,2775,A1612
rip,andrews,2775,A1613
whitney,butcher,2775,A1614
holly,dolejsi,2750,A1615
holly,dolejsi,2776,A1615
damien,marshall,2785,A1616
philip,sechler,2785,A1617
eric,hochstadt,2785,A1618
stewart,aaron,2792,A1619
george,williamson,2734,A1620
george,williamson,2875,A1620
larry,hill,2734,A1621
larry,hill,2885,A1621
susan,shin,2792,A1622
philip,oliss,2792,A1623
daniel,levin,2792,A1624
daniel,levin,2875,A1624
richard,hagstrom,2795,A1625
richard,hagstrom,2828,A1625
laura,mummert,2833,A1626
erin,durba,2842,A1627
timothy,litzenburg,2848,A1628
dean,harvey,2850,A1629
michael,bradley,2846,A1630
peter,sandberg,2859,A1631
meegan,hollywood,2867,A1632
mark,allison,2865,A1633
kenneth,reilly,2873,A1634
rosalee,thomas,2875,A1635
samuel,anyan,2875,A1636
frederick,hall,2873,A1637
marianne,kies,2873,A1638
richard,head,2873,A1639
lauren,calvert,2885,A1640
gilbert,keteltas,2879,A1641
daniel,warren,2879,A1642
lisa,ghannoum,2879,A1643
phillip,segui,2886,A1644
william,cash,2886,A1645
mike,moreland,2885,A1646
michael,moreland,2885,A1646
pascal,calogero,1657,A1647
robert,arceneaux,1657,A1648
margaret,woodward,1657,A1649
robert,johnston,1657,A1650
robert,johnston,3006,A1651
daniel,sommers,1656,A1652
michael,yarnoff,1656,A1653
jennifer,enck,1656,A1654
salvatore,graziano,1658,A1655
robert,wallner,1658,A1656
david,brower,1658,A1657
mark,levine,1658,A1658
jeffrey,fink,1658,A1659
caroline,schnurer,1658,A1660
steve,wedeking,1658,A1661
william,lerach,1658,A1662
travis,downs,1658,A1663
amber,eck,1658,A1664
donald,brown,1677,A1665
robert,rothman,1704,A1666
james,jorden,1712,A1667
charles,smith,1712,A1668
david,tungate,1712,A1669
joseph,martin,1712,A1670
catherine,straggas,1712,A1671
scott,fegley,1712,A1672
jeffrey,mccarron,1712,A1673
marc,bogutz,1712,A1674
david,senoff,1712,A1675
robert,izard,1658,A1676
marc,machiz,1658,A1677
stacey,mills,1708,A1678
silvija,strikis,1708,A1679
abraham,rappaport,1725,A1680
jerome,skinner,1721,A1681
john,nettels,1721,A1682
heather,woodson,1721,A1683
craig,meadows,1721,A1684
jason,scott,1721,A1685
joseph,phebus,1718,A1686
andrew,mcguinness,1718,A1687
thomas,hanson,1718,A1688
peter,kellett,1718,A1689
barry,goodman,1718,A1690
ed,zebersky,1718,A1691
gary,koederitz,1718,A1692
emily,peacock,1718,A1693
dale,evans,1735,A1694
kent,hirsh,1735,A1695
todd,collins,1735,A1696
ann,miller,1735,A1697
alan,kluger,1733,A1698
steve,silverman,1733,A1699
allan,cooper,1733,A1700
timothy,beyer,1733,A1701
ellen,pilelsky,1733,A1702
bryan,sup,1733,A1703
kimberley,baer,1733,A1704
matthew,tuccillo,1733,A1705
peggy,pitt,1733,A1706
gary,growe,1733,A1707
don,foster,1733,A1708
curtis,trinko,1733,A1709
gary,smith,1733,A1710
gary,smith,1785,A1711
jack,pringle,1733,A1712
gary,polland,1733,A1713
james,peterson,1733,A1714
larry,winter,1733,A1715
robert,fanter,1733,A1716
john,sherk,1733,A1717
eric,anielak,1733,A1718
andrew,carpenter,1733,A1719
sean,gallagher,1733,A1720
mark,levy,1733,A1721
kaspar,stoffelmayr,1733,A1722
herbert,stern,1730,A1723
r,macon,1730,A1724
james,bashian,1730,A1725
monica,gant,1742,A1726
ray,chester,1742,A1727
thomas,rogers,1742,A1728
d,garrett,1742,A1729
harris,pogust,1736,A1730
andy,vickery,1736,A1731
robert,thompson,1751,A1732
francis,gregorek,1751,A1733
stephen,fearon,1751,A1734
daniel,osborn,1760,A1735
f,kelly,1760,A1736
bart,valad,1760,A1737
john,vecchione,1760,A1738
c,flynn,1760,A1739
katharine,latimer,1760,A1740
marjorie,shickman,1769,A1741
jennifer,connolly,1745,A1742
lee,squitieri,1745,A1743
james,malone,1745,A1744
walter,campbell,1789,A1745
kenneth,trujillo,1782,A1746
jerry,taylor,1789,A1747
david,sanford,1794,A1748
jeremy,heisler,1794,A1749
katherine,kimpel,1794,A1750
grant,morris,1794,A1751
merrill,davidoff,1790,A1752
edward,millstein,1790,A1753
randal,kelly,1790,A1754
tim,balducci,1785,A1755
howard,bushman,1785,A1756
john,mudd,1785,A1757
jennifer,sherrill,1785,A1758
john,felder,1785,A1759
chad,mcgowen,1785,A1760
patrick,keegan,1785,A1761
jeffrey,keller,1785,A1762
robert,rikard,1785,A1763
karen,renwick,1785,A1764
marie,woodbury,1785,A1765
matthew,moore,1816,A1766
stephen,harris,1807,A1767
terry,lueckenhoff,1811,A1768
ralph,chapman,1811,A1769
joel,kuehnert,1,A1770
jim,banks,1,A1771
bruce,brown,1,A1772
edward,allen,1,A1773
clint,vince,1,A1774
william,droze,1,A1775
patricia,barmeyer,1,A1776
clyde,morris,1,A1777
ruth,storey,1,A1778
jerome,murphy,1827,A1779
clifford,pearson,1822,A1780
stephen,garcia,1822,A1781
michael,fuller,1822,A1782
jack,patterson,1822,A1783
terrence,dee,1822,A1784
steven,cherry,1827,A1785
michael,plachy,1817,A1786
j,goplerud,1817,A1787
robert,munian,1817,A1788
jeffrey,kuntz,1842,A1789
george,barton,1840,A1790
howard,miller,1840,A1791
stephanie,hatzakos,1842,A1792
amy,carter,1842,A1793
howard,siegel,1865,A1794
mia,maness,1865,A1795
robert,wood,1865,A1796
d,ireland,1850,A1797
mark,goodman,1850,A1798
joseph,sellers,1854,A1799
christine,webber,1854,A1800
preyesh,maniklal,1854,A1801
candis,mcgowan,1854,A1802
robert,wiggins,1854,A1803
robert,camp,1854,A1804
richard,celler,1854,A1805
jairus,gilden,1854,A1806
roger,doolittle,1854,A1807
debra,gardner,1854,A1808
craig,harley,1845,A1809
s,hood,1845,A1810
clay,jerkins,1845,A1811
david,karnas,1845,A1812
a,andrews,1845,A1813
bryan,cigelske,1845,A1814
paul,crouch,1845,A1815
jeff,daniel,1845,A1816
rick,digiorgio,1845,A1817
cory,holzer,1845,A1818
peter,protopapas,1845,A1819
anthony,buzbee,1873,A1820
raul,bencomo,1873,A1821
frank,damico,1873,A1822
linda,nelson,1873,A1823
robert,becnel,1873,A1824
james,percy,1873,A1825
ryan,johnson,1873,A1826
david,kurtz,1873,A1827
michael,philippi,1911,A1828
chip,robertson,1907,A1829
robert,bramson,1907,A1830
tucker,ronzetti,1907,A1831
andrew,goldman,1909,A1832
thomas,sterchi,1909,A1833
marsha,piccone,1909,A1834
charna,sherman,1909,A1835
russ,briggs,1909,A1836
stephen,woodfin,1921,A1837
william,asher,1905,A1838
walter,cohen,1935,A1839
roman,silberfeld,1935,A1840
joseph,metz,1935,A1841
steven,benz,1935,A1842
james,mccarthy,1935,A1843
richard,levitt,1952,A1844
max,wild,1952,A1845
john,perrin,1952,A1846
jay,eisenhofer,1938,A1847
stephen,morrissey,1957,A1848
vineet,bhatia,1957,A1849
stuart,kusin,1957,A1850
gerald,williams,1955,A1851
kevin,costello,1955,A1852
deborah,mains,1955,A1853
leslie,smith,1953,A1854
adam,berthon,1953,A1855
james,silk,1953,A1856
peter,murray,1954,A1857
pamela,borgess,1953,A1858
robert,weiss,1967,A1859
charles,piven,1961,A1860
mark,schirmer,1958,A1861
rhett,mcsweeney,1958,A1862
john,oquinn,1968,A1863
james,pettit,1968,A1864
shamus,mulderig,1968,A1865
james,langendorf,1984,A1866
j,moore,1980,A1867
richard,doherty,1980,A1868
chant,yedalian,1980,A1869
douglas,linde,1980,A1870
gary,klein,1974,A1871
ron,parry,1974,A1872
joel,sanders,1972,A1873
rachel,brass,1972,A1874
ramzi,abadou,1989,A1875
john,billhorn,1981,A1876
ashley,ownby,1968,A1877
david,peterson,1968,A1878
rebecca,betts,1968,A1879
richard,dean,1968,A1880
travis,newman,1985,A1881
jeffrey,rickard,1985,A1882
lee,jacobson,1985,A1883
james,thomas,1985,A1884
richard,tanner,1985,A1885
nestor,mendezgomez,1960,A1886
andres,lopez,1960,A1887
benjamin,brown,1960,A1888
salvador,antonettizequira,1960,A1889
ruthanne,gordon,1960,A1890
david,indianovicic,1960,A1891
lawrence,silverman,1960,A1892
stuart,gross,1960,A1893
eric,perezochoa,1960,A1894
andres,guillermard,1960,A1895
kevin,love,1960,A1896
richard,rappaport,1960,A1897
salvador,antonettistutts,1960,A1898
scott,richburg,1960,A1899
francisco,bruno,1960,A1900
carlos,rodriguezvidal,1960,A1901
samuel,rosenthal,1960,A1902
william,graffamrodriguez,1960,A1903
thomas,frederick,1997,A1904
charles,peters,1997,A1905
richard,kilsheimer,1997,A1906
brian,sund,1999,A1907
k,wagner,1999,A1908
patrick,klingman,1995,A1909
peter,overs,1995,A1910
brian,ruschel,2001,A1911
george,lang,2001,A1912
karen,lesergrenon,2001,A1913
scott,george,2001,A1914
jeffrey,berns,2015,A1915
david,arbogast,2015,A1916
linsey,west,2016,A1917
thomas,fennell,2016,A1918
edwin,mills,2003,A1919
michael,klein,2003,A1920
mark,gyandoh,2003,A1921
larry,drury,1998,A1922
mark,maasch,1998,A1923
christopher,lometti,2017,A1924
max,berger,2017,A1925
mark,molumphy,2017,A1926
imtiaz,siddiqui,2017,A1927
r,gentile,2046,A1928
christopher,hayes,2046,A1929
gene,stonebarger,2046,A1930
fran,rudich,2025,A1931
andrew,bell,2025,A1932
janet,walsh,2025,A1933
peter,muhic,2025,A1934
robert,gray,2025,A1935
mayra,tarantino,2025,A1936
paul,rooney,2025,A1937
eric,tilton,2025,A1938
jeffrey,gottlieb,2025,A1939
lance,raphael,2025,A1940
stacy,bardo,2025,A1941
allison,krumhorn,2025,A1942
michael,sansouci,2025,A1943
timothy,kelly,2025,A1944
james,onder,2023,A1945
david,cohen,2023,A1946
craig,mielke,2023,A1947
scott,zimmerman,2023,A1948
douglas,williams,2050,A1949
harold,gold,2046,A1950
david,shiner,2051,A1951
berry,cooper,2051,A1952
kirk,wolden,2051,A1953
stephanie,smith,2051,A1954
stacey,martinez,2051,A1955
frank,woodside,2051,A1956
edward,gerecke,2051,A1957
lewis,kahn,2058,A1958
michael,swick,2058,A1959
albert,myers,2058,A1960
maya,saxena,2058,A1961
joseph,white,2058,A1962
christopher,jones,2058,A1963
michael,snyder,2066,A1964
earl,gunn,2066,A1965
nina,gussack,2066,A1966
kip,shuman,2063,A1967
susan,burke,2083,A1968
kent,caperton,2068,A1969
marian,rosen,2068,A1970
howard,rubinstein,2068,A1971
walter,umphrey,2068,A1972
john,williams,2068,A1973
philip,curtis,2068,A1974
guy,struve,2068,A1975
h,bianco,2068,A1976
david,king,2068,A1977
frederick,baker,2083,A1978
james,ledlie,2083,A1979
robert,gralewski,2086,A1980
c,clay,2087,A1981
joseph,dunn,2087,A1982
kevin,durkin,2085,A1983
michael,krzak,2085,A1984
anthony,colucci,2085,A1985
daniel,rose,2085,A1986
james,scime,2085,A1987
jeanne,ogrady,2085,A1988
christina,fry,2085,A1989
douglas,latto,2085,A1990
anne,rimmler,2085,A1991
philipp,rimmler,2085,A1992
richard,genter,2085,A1993
howard,hershehorn,2085,A1994
john,greaves,2085,A1995
a,akbari,2085,A1996
john,reiter,2085,A1997
meryl,schwartz,2085,A1998
paul,perlman,2085,A1999
richard,grimm,2085,A2000
christopher,murphy,2085,A2001
christopher,murphy,2359,A2002
hugh,russ,2085,A2003
jeffrey,corrigan,2081,A2004
daniel,kotchen,2089,A2005
david,flint,2089,A2006
seth,safier,2103,A2007
adam,gutride,2103,A2008
mark,freedman,2103,A2009
peter,bezek,2141,A2010
craig,litherland,2124,A2011
david,millstein,2124,A2012
catherine,rodriguez,2183,A2013
steven,woodrow,2167,A2014
karin,fisch,2167,A2015
brian,murray,2167,A2016
andrew,schau,2190,A2017
ira,rothken,2188,A2018
christopher,casper,2173,A2019
michael,lindsay,2173,A2020
julie,mcevoy,2173,A2021
richard,kerger,2196,A2022
barbara,rudolph,2200,A2023
mary,bourke,2200,A2024
michael,loewenfeldt,2208,A2025
daniel,king,2208,A2026
eric,calhoun,2234,A2027
simcha,schonfeld,2220,A2028
solomon,klein,2220,A2029
james,deese,2220,A2030
d,kalish,2220,A2031
harry,rankin,2226,A2032
cynthia,chapman,2223,A2033
peter,cambs,2223,A2034
william,hopkins,2223,A2035
richard,barrett,2223,A2036
roy,katriel,2223,A2037
stephen,randall,2226,A2038
andy,williams,2226,A2039
eric,koch,2226,A2040
jay,urban,2226,A2041
robert,piper,2226,A2042
alan,lazar,2226,A2043
marc,wites,2238,A2044
joe,leniski,2242,A2045
david,franco,2242,A2046
thomas,merrick,2238,A2047
jeremy,wilson,2264,A2048
david,birkawhite,2247,A2049
david,greenberg,2247,A2050
dan,speights,2000,A2051
a,solomons,2000,A2052
thomas,pope,2000,A2053
rhonda,wills,2266,A2054
reagan,simpson,2266,A2055
r,yetter,2266,A2056
diana,marshall,2266,A2057
ronald,lewis,2266,A2058
john,padilla,2266,A2059
mark,stewart,2284,A2060
donald,arbitblit,2299,A2061
tara,tabatabaie,2299,A2062
d,britt,2000,A2063
david,dugas,2299,A2064
sara,gourley,2299,A2065
michele,carino,2314,A2066
lydia,york,2314,A2067
jay,vaughn,2308,A2068
wayne,lee,2328,A2069
matthew,butler,2320,A2070
patrick,morrow,2299,A2071
grant,woods,2314,A2072
mike,moore,2314,A2073
richard,ieyoub,2314,A2074
ben,bingham,2317,A2075
roger,mandel,2317,A2076
antonio,vozzolo,2317,A2077
daniel,krasner,2328,A2078
sean,odowd,2335,A2079
brent,mcdonald,2333,A2080
c,hawes,2355,A2081
michael,schonberg,2355,A2082
steven,singer,2335,A2083
michael,thornton,2335,A2084
brian,murphy,2335,A2085
shane,sanders,2335,A2086
bradley,beckworth,2335,A2087
philip,marsh,2354,A2088
maya,eckstein,2354,A2089
kimberly,baronebaden,2342,A2090
edward,braniff,2342,A2091
james,orr,2372,A2092
charles,miller,2372,A2093
david,pitcher,2372,A2094
jeffrey,peck,2372,A2095
kc,green,2372,A2096
jeffrey,geoppinger,2372,A2097
lisa,kuhnell,2372,A2098
paul,schmidt,2385,A2099
edward,nelson,2371,A2100
timothy,grochocinski,2371,A2101
barry,julian,2385,A2102
mariana,cole,2359,A2103
victoria,romanenko,2359,A2104
brian,fox,2359,A2105
robin,switzenbaum,2359,A2106
frances,baillon,2359,A2107
lawrence,deutsch,2359,A2108
sean,rommel,2430,A2109
f,tapley,2430,A2110
olha,rybakoff,2446,A2111
gregory,strong,2446,A2112
thomas,shapiro,2409,A2113
samuel,rudman,2450,A2114
steven,jaffe,2450,A2115
scott,silbert,2454,A2116
craig,watson,2454,A2117
anthony,losreyes,2454,A2118
gregory,bentley,2454,A2119
michael,ecuyer,2454,A2120
w,hingle,2454,A2121
peter,durney,2454,A2122
daniel,hodes,2454,A2123
r,crompton,2474,A2124
adam,voyles,2443,A2125
douglas,campbell,2443,A2126
rosemary,pinto,2458,A2127
john,steward,2474,A2128
craig,mariam,2478,A2129
thomas,blatchley,2478,A2130
allison,fernandez,2478,A2131
nelson,roach,2502,A2132
stewart,weltman,2491,A2133
ronald,berke,2508,A2134
roger,dickson,2508,A2135
joseph,ostoyich,2508,A2136
j,truitt,2508,A2137
john,konvalinka,2508,A2138
j,meyer,2513,A2139
ernest,koschineg,2511,A2140
john,griffin,2508,A2141
david,butsch,2564,A2142
daniel,brier,2532,A2143
frank,brier,2532,A2144
john,dempsey,2532,A2145
david,steelman,2562,A2146
david,wise,2514,A2147
john,mandler,2514,A2148
jeremy,williams,2577,A2149
lindsey,taylor,2577,A2150
joseph,kenney,2577,A2151
andrew,rossman,2577,A2152
ronald,levine,2577,A2153
steven,gibbins,2588,A2154
william,anderson,2588,A2155
meredith,johnson,2617,A2156
w,carr,2583,A2157
daniel,petrocelli,2639,A2158
paul,derby,2639,A2159
jeffrey,barker,2639,A2160
david,stein,2661,A2161
kenneth,rothweiler,2654,A2162
judith,livingston,2654,A2163
robert,mongeluzzi,2654,A2164
lee,albert,2668,A2165
charles,crueger,2688,A2166
paul,benson,2688,A2167
joseph,olson,2688,A2168
michael,north,2688,A2169
stephen,zack,2905,A2170
daniel,tepper,2903,A2171
kate,mcguire,2903,A2172
daniel,smolen,2903,A2173
joseph,zandt,2913,A2174
robert,angle,2915,A2175
mary,zinsner,2915,A2176
qianwei,fu,2918,A2177
ellen,jalkut,2918,A2178
marc,gather,2904,A2179
christopher,gold,2921,A2180
sarah,hansel,2921,A2181
christian,hudson,2918,A2182
victoria,sims,2918,A2183
joanne,oconnor,2924,A2184
luke,bosso,2924,A2185
tacara,harris,2924,A2186
nur,kara,2924,A2187
rachel,leary,2924,A2188
emma,nino,2924,A2189
oluoma,kasosoka,2924,A2190
sharon,turret,2924,A2191
alden,atkins,2925,A2192
brooke,achua,2924,A2193
harrison,biggs,2924,A2194
lea,bucciero,2924,A2195
alexander,cohen,2924,A2196
kendra,goldhirsch,2924,A2197
noah,heinz,2924,A2198
catelyn,mcdonough,2924,A2199
caroline,mcglamry,2924,A2200
madeline,pendley,2924,A2201
daniel,tropin,2924,A2202
michael,oneil,2933,A2203
robert,remar,2933,A2204
albert,hartmann,2933,A2205
daniel,pariser,2924,A2206
paige,sharpe,2924,A2207
judy,leone,2924,A2208
will,sachse,2924,A2209
ilana,eisenstein,2924,A2210
robert,friedman,2924,A2211
eva,canaan,2924,A2212
michael,shortnacy,2924,A2213
thomas,sheehan,2924,A2214
patrick,oot,2924,A2215
m,horn,2924,A2216
tommy,huynh,2924,A2217
lindsey,cohan,2924,A2218
caroline,power,2924,A2219
jonathan,tam,2924,A2220
katherine,insogna,2924,A2221
leeanne,mancari,2924,A2222
mark,sentenac,2924,A2223
julia,zousmer,2924,A2224
hope,daily,2924,A2225
michelle,hood,2924,A2226
annie,schowalter,2924,A2227
morry,cole,2936,A2228
teris,swanson,2936,A2229
james,towe,2949,A2230
christopher,yuhl,2949,A2231
john,sandy,2936,A2232
edward,haber,2938,A2233
alison,chase,2938,A2234
mark,rosen,2938,A2235
tiasha,palikovic,2951,A2236
mark,connot,2945,A2237
mark,taylor,2945,A2238
michael,brewer,2945,A2239
michael,matula,2945,A2240
brandon,gaskins,2945,A2241
bradley,wilders,2955,A2242
paul,james,2949,A2243
murray,wells,2949,A2244
john,herman,2948,A2245
bryan,thompson,2948,A2246
bronwyn,pollock,2968,A2247
christopher,houpt,2968,A2248
sean,burke,2949,A2249
dana,ash,2949,A2250
julie,park,2949,A2251
anthony,weibell,2948,A2252
scott,drury,2967,A2253
jessica,macauley,2966,A2254
clark,craddock,2966,A2255
mark,fischer,2966,A2256
adam,kaiser,2969,A2257
tiffany,powers,2969,A2258
kristin,shepard,2969,A2259
robert,horst,2969,A2260
robert,runyon,2969,A2261
matthew,malamud,2969,A2262
paul,geer,2969,A2263
richard,dibella,2969,A2264
tara,maczuzak,2969,A2265
mitchell,theodore,2973,A2266
ann,ervin,2973,A2267
james,murdica,2973,A2268
kristen,hermiz,2974,A2269
john,schirger,2975,A2270
bruce,hurley,2973,A2271
richard,bernardo,2973,A2272
pamela,ferrell,2974,A2273
caroline,walker,2974,A2274
christina,feller,2974,A2275
peter,safirstein,2989,A2276
paola,pearson,2973,A2277
rachel,shkolnik,2973,A2278
nina,herring,2973,A2279
lubna,faruqi,2984,A2280
todd,carpenter,2984,A2281
tim,dollar,2984,A2282
bonner,walsh,2984,A2283
cyrus,mehri,2996,A2284
lloyd,miller,2996,A2285
emily,roark,2996,A2286
matthew,browne,2996,A2287
robert,kuntz,2994,A2288
bibianne,fell,2994,A2289
elizabeth,dalzell,2994,A2290
dennis,spurling,3014,A2291
raymond,silverman,3006,A2292
richard,elias,3006,A2293
lawana,wichmann,3006,A2294
chris,oxx,3006,A2295
andrew,reissaus,3006,A2296
yonatan,even,3010,A2297
christian,bagin,3014,A2298
elizabeth,pollockavery,3014,A2299
laura,mcnally,3014,A2300
suniti,mehta,3014,A2301
elizabeth,olsen,3014,A2302
sarah,bradshaw,3021,A2303
richard,lajaunie,3021,A2304
carl,malmstrom,3009,A2305
yeremey,krishoey,3009,A2306
michael,laird,3009,A2307
scott,levensten,3009,A2308
alex,lumaghi,3009,A2309
brian,morrison,3009,A2310
patrick,hotze,3023,A2311
claire,kreider,3014,A2312
john,dealke,3021,A2313
derek,nuce,3021,A2314
gretchen,moore,3021,A2315
claire,berg,3014,A2316
randolph,donatelli,3028,A2317
edward,keane,3028,A2318
joseph,perrone,3028,A2319
erich,wise,3028,A2320
steven,block,3028,A2321
kenderick,jordan,3028,A2322
justin,heilig,3028,A2323
joshua,southwick,3028,A2324
jonathan,thames,3028,A2325
stephanie,parker,3026,A2326
meir,feder,3026,A2327
bridget,oconnor,3026,A2328
rachel,cannon,3026,A2329
darlene,alt,3026,A2330
william,andrichik,3026,A2331
kelly,hyman,3026,A2332
christopher,nace,3026,A2333
stephen,reck,3026,A2334
james,williams,3026,A2335
diandra,debrosse,3026,A2336
noah,schubert,3025,A2337
ashley,crowell,3029,A2338
scott,fraser,3029,A2339
robert,king,3029,A2340
philip,iovieno,3031,A2341
shana,scarlett,3031,A2342
patrick,mcgahan,3031,A2343
julie,nepveu,3035,A2344
susan,meter,3035,A2345
james,streett,3032,A2346
david,silverman,3037,A2347
clement,roberts,3042,A2348
jesenka,mrdjenovic,3032,A2349
allyson,julien,3036,A2350
david,wright,3036,A2351
bijan,esfandiari,3036,A2352
allison,mullins,3036,A2353
marjorie,levine,3037,A2354
nicole,lovett,3036,A2355
aaron,siri,3036,A2356
andrew,downing,3036,A2357
justin,gelfand,3036,A2358
robert,hatch,3036,A2359
brian,marty,3036,A2360
kim,rosenberg,3036,A2361
anthony,liberatore,3036,A2362
mark,sadaka,3036,A2363
claudia,guerrero,3037,A2364
marc,matthews,3037,A2365
gerald,singleton,3043,A2366
kristen,richer,3043,A2367
lori,leskin,3043,A2368
krista,batchelder,3047,A2369
megan,oneill,3047,A2370
eli,fuchsberg,3044,A2371
felicia,craick,3047,A2372
kirk,goza,3047,A2373
matthew,legg,3047,A2374
ashley,simonsen,3047,A2375
rick,ashton,3052,A2376
william,hoffmann,3052,A2377
nathan,dooley,3052,A2378
craig,simon,3052,A2379
daniel,hogan,3052,A2380
adam,romney,3052,A2381
susan,benson,3052,A2382
emery,harlan,3052,A2383
ryan,mcdevitt,3052,A2384
thomas,paolini,3052,A2385
michael,caplan,3051,A2386
peter,brennan,3052,A2387
nada,djordjevic,3055,A2388
ryan,clarkson,3055,A2389
christopher,ayers,3055,A2390
catherine,derenze,3055,A2391
nick,suciu,3059,A2392
marc,dann,3056,A2393
matt,wilson,3056,A2394
leigh,perica,2993,A2395
sharon,rosenberg,2993,A2396
nicholas,horattas,3060,A2397
alfred,sargente,3060,A2398
alyse,stach,3071,A2399
david,cross,3071,A2400
daniel,desouza,3075,A2401
lidia,mowad,3075,A2402
jay,srinivasan,3071,A2403
britt,miller,3071,A2404
gregory,casas,3071,A2405
joseph,kanee,3074,A2406
jennifer,mcloone,3074,A2407
molly,wells,3079,A2408
mark,abramowitz,3079,A2409
nola,cross,3078,A2410
david,omer,3078,A2411
matthew,gately,3080,A2412
cameron,cano,3081,A2413
sara,craig,3081,A2414
mark,pifko,3080,A2415
ben,crump,3080,A2416
melody,dickson,3080,A2417
dara,hegar,3080,A2418
caitlyn,miller,3080,A2419
dan,goetz,3080,A2420
greg,stamatopoulos,3080,A2421
joanne,cicala,3080,A2422
lawrence,deas,3080,A2423
trey,watkins,3080,A2424
hannah,brennan,3080,A2425
donald,ecklund,3080,A2426
janpaul,portal,3080,A2427
chad,roberts,3081,A2428
brian,abramson,3084,A2429
sara,peters,3084,A2430
bret,stanley,3084,A2431
meredith,stratigopoulos,3084,A2432
anya,fuchs,3087,A2433
cameron,bell,3087,A2434
eli,hare,3087,A2435
lowell,mckelvey,3087,A2436
megan,roper,3087,A2437
matthew,felty,3087,A2438
aaron,heckaman,3087,A2439
hayden,wyatt,3087,A2440
thiago,coelho,3083,A2441
jason,sultzer,3089,A2442
shireen,clarkson,3089,A2443
alexander,barnett,3089,A2444
darren,kaplan,3089,A2445
jordan,jacobson,3089,A2446
laura,dunning,3089,A2447
jamie,powers,3092,A2448
marilyn,ukropina,3092,A2449
matthew,marcin,3094,A2450
sarah,ruane,3094,A2451
keith,verrier,3094,A2452
daniel,seltz,3094,A2453
ryan,duplechin,3094,A2454
digger,earles,3094,A2455
sharon,zinns,3090,A2456
anthony,parkhill,3090,A2457
kevin,sharp,3090,A2458
steven,sukert,3090,A2459
bart,cohen,3090,A2460
nina,spizer,3094,A2461
mike,daly,3094,A2462
timothy,jackson,3101,A2463
anthony,russo,3101,A2464
william,sykes,3101,A2465
mary,raybon,3101,A2466
william,smith,3101,A2467
madeleine,clavier,3101,A2468
emily,devuono,3101,A2469
joseph,masterman,3101,A2470
steven,brady,3101,A2471
tiffany,ellis,3101,A2472
pedram,esfandiary,3101,A2473
brooke,kim,3101,A2474
peter,bishop,3096,A2475
connor,hayes,3096,A2476
david,berl,3103,A2477
john,labbe,3103,A2478
robert,cerwinski,3103,A2479
louis,fogel,3103,A2480
william,rakoczy,3103,A2481
raymond,nimrod,3103,A2482
jordan,rice,3113,A2483
bryan,fratkin,3111,A2484
kellie,lerner,3107,A2485
gary,corroto,3107,A2486
ethan,barlieb,3107,A2487
april,lambert,3107,A2488
kevin,landau,3107,A2489
bobby,pouya,3107,A2490
thomas,burt,3107,A2491
brian,dunne,3107,A2492
timothy,battin,3107,A2493
robin,zwerling,3107,A2494
sadik,huseny,3121,A2495
peter,walsh,3108,A2496
larry,golston,3114,A2497
nicholas,lange,3114,A2498
rebecca,solomon,3114,A2499
j,geddes,3114,A2500
raph,graybill,3114,A2501
john,heenan,3114,A2502
yaman,salahi,3121,A2503
kennedy,brian,3108,A2504
p,maiden,3115,A2505
chris,springer,3115,A2506
aaron,panner,3113,A2507
scott,attaway,3113,A2508
ariela,migdal,3113,A2509
alex,parkinson,3113,A2510
george,zelcs,3113,A2511
marc,wallenstein,3113,A2512
david,walchak,3113,A2513
carol,okeefe,3113,A2514
andrew,ellis,3113,A2515
steven,molo,3113,A2516
lauren,dayton,3113,A2517
eric,posner,3113,A2518
kathleen,fennelly,3113,A2519
stanley,king,3113,A2520
candice,enders,3113,A2521
jessica,servais,3113,A2522
joseph,bourne,3113,A2523
matthew,weiler,3113,A2524
todd,schneider,3113,A2525
jason,kim,3113,A2526
mahzad,hite,3113,A2527
raymond,levine,3113,A2528
jeffrey,spector,3113,A2529
jessica,wilkes,3108,A2530
andrew,arsdale,3125,A2531
jennifer,domer,3125,A2532
kim,boldt,3125,A2533
teresa,hatch,3125,A2534
nicholas,rowley,3125,A2535
blair,matyszczyk,3125,A2536
francis,bottini,3149,A2537
justin,nelson,3143,A2538
scott,grzenczyk,3148,A2539
stephen,prignano,3148,A2540
yana,hart,3149,A2541
amy,judkins,3128,A2542
bryant,dunivan,3128,A2543
jarrett,faber,3128,A2544
jeffrey,gentes,3128,A2545
kas,gallucci,3128,A2546
ian,crosby,3143,A2547
davida,brook,3143,A2548
steven,lieberman,3143,A2549
jennifer,maisel,3143,A2550
matthew,topic,3143,A2551
lance,koonce,3143,A2552
james,frantz,3149,A2553
peter,mello,3149,A2554
felicia,vasudevan,3149,A2555
daniel,shinoff,3149,A2556
gil,abed,3149,A2557
jessica,glitz,3140,A2558
jeremy,branning,3140,A2559
marc,powers,1570,A2560
blake,harper,1566,A2561
chris,hollinger,1700,A2562
samuel,heins,1431,A2563
walter,dumas,1431,A2564
don,hildre,1431,A2565
will,kemp,1431,A2566
kenneth,moll,1431,A2567
dale,larson,1431,A2568
peter,sipkins,1431,A2569
susan,weber,1431,A2570
robert,limbacher,1431,A2571
hope,freiwald,1431,A2572
shannon,medley,1871,A2573
james,shaughnessy,1871,A2574
john,hamilton,1700,A2575
jerald,cureton,1700,A2576
jordan,lewis,1700,A2577
thomas,brunner,1700,A2578
sean,carter,1570,A2579
j,tarbutton,1570,A2580
michael,elsner,1570,A2581
jodi,flowers,1570,A2582
bob,haefele,1570,A2583
harry,huge,1570,A2584
allan,gerson,1570,A2585
jack,cordray,1570,A2586
frank,granito,1570,A2587
richard,hailey,1570,A2588
jd,lee,1570,A2589
joshua,ambush,1570,A2590
stephen,cozen,1570,A2591
mark,mullen,1570,A2592
philip,pfaffly,1836,A2593
arthur,sherman,1836,A2594
peter,goss,1836,A2595
james,gray,1836,A2596
steven,routh,1880,A2597
stuart,cohen,1916,A2598
arthur,leahy,1916,A2599
john,kirtley,1964,A2600
gregory,mcewen,1964,A2601
mark,tate,1964,A2602
andrew,darcy,1964,A2603
robin,sumner,2002,A2604
david,scott,2020,A2605
h,hoffman,2020,A2606
robert,fitzsimmons,2047,A2607
joe,cyr,2047,A2608
barry,davidson,2036,A2609
harry,rosenberg,2047,A2610
michael,ryan,2047,A2611
stephen,berry,2047,A2612
randy,evans,2047,A2613
john,culotta,2047,A2614
rodrigo,garcia,2047,A2615
stephen,marcellino,2047,A2616
richard,oelsnar,2047,A2617
jerry,saporito,2047,A2618
amanda,vonderhaar,2047,A2619
jeremy,alters,2047,A2620
jan,atlas,2047,A2621
jeffrey,backman,2047,A2622
donald,hayden,2047,A2623
hilarie,bass,2047,A2624
adam,linkhorst,2047,A2625
john,tanner,2158,A2626
andrew,campbell,2158,A2627
john,schlafer,2158,A2628
edward,fanning,2158,A2629
zane,riester,2158,A2630
scott,devereaux,2153,A2631
jonathan,waller,2153,A2632
matthew,geragos,2153,A2633
james,caldwell,2179,A2634
r,underhill,2179,A2635
luther,strange,2179,A2636
stephen,swedlow,2067,A2637
j,langan,2179,A2638
david,beck,2179,A2639
donald,godwin,2179,A2640
alan,weigel,2179,A2641
michael,lyle,2179,A2642
daniel,goforth,2179,A2643
don,jackson,2179,A2644
ky,kirby,2179,A2645
deborah,kuchler,2179,A2646
glenn,goodier,2179,A2647
mary,alexander,2179,A2648
frances,bivens,2179,A2649
hugh,tanner,2179,A2650
daniel,small,2184,A2651
melissa,bird,2187,A2652
richard,north,2187,A2653
don,sensabaugh,2187,A2654
glenn,kerner,2243,A2655
george,mcdavid,2243,A2656
christopher,hellmich,2221,A2657
wesley,cook,2243,A2658
david,dickens,2243,A2659
vince,galvin,2151,A2660
joel,smith,2151,A2661
cari,dawson,2151,A2662
lisa,gilford,2151,A2663
peter,polos,2197,A2664
amy,solomon,2197,A2665
steven,baron,2197,A2666
philip,bohrer,2197,A2667
hezekiah,sistrunk,2197,A2668
kristen,mayer,2197,A2669
lee,balefsky,2187,A2670
lisa,blue,2187,A2671
todd,harvey,2187,A2672
robert,price,2187,A2673
josh,wages,2187,A2674
kim,wilson,2187,A2675
dana,taschner,2244,A2676
david,schafer,2286,A2677
joseph,palmer,2286,A2678
adam,salvas,2244,A2679
joseph,frank,2296,A2680
reed,heiligman,2296,A2681
robert,heim,2323,A2682
chris,miltenberger,2295,A2683
patric,lester,2295,A2684
bradford,sohn,2323,A2685
robert,gordon,2272,A2686
joseph,yeager,2272,A2687
kurt,stitcher,2272,A2688
michael,tanenbaum,2326,A2689
gerard,mantese,2311,A2690
david,bower,2286,A2691
john,blythin,2286,A2692
larry,coben,2323,A2693
graham,lippsmith,2323,A2694
gene,locks,2323,A2695
david,langfitt,2323,A2696
david,rosen,2323,A2697
dana,klinges,2323,A2698
thomas,wagner,2323,A2699
barbara,binis,2325,A2700
theodore,laszlo,2331,A2701
david,kuttles,2331,A2702
j,mostyn,2387,A2703
thomas,craig,2387,A2704
michael,murphy,2406,A2705
dino,gankendorff,2406,A2706
lewis,gillis,2406,A2707
ben,sweet,2406,A2708
brent,hazzard,2406,A2709
douglas,dellaccio,2406,A2710
john,saxon,2406,A2711
hamish,hume,2406,A2712
david,wilkerson,2406,A2713
arthur,bailey,2406,A2714
patrick,cafferty,2406,A2715
carl,kravitz,2406,A2716
karen,dyer,2406,A2717
david,guin,2406,A2718
kathleen,kiernan,2406,A2719
larry,mcdevitt,2406,A2720
charles,caliendo,2406,A2721
james,terrell,2406,A2722
tammy,stokes,2406,A2723
eric,belin,2406,A2724
chris,cowan,2406,A2725
trish,murphy,2406,A2726
jim,warren,2406,A2727
herman,watson,2406,A2728
augusta,dowd,2406,A2729
joey,james,2406,A2730
robert,rodin,2406,A2731
allen,schreiber,2406,A2732
mark,white,2406,A2733
nick,roth,2406,A2734
brian,clark,2406,A2735
christy,crow,2406,A2736
troy,doles,2406,A2737
linda,flippo,2406,A2738
richard,frankowsi,2406,A2739
michael,gurley,2406,A2740
javier,lopez,2406,A2741
myron,penn,2406,A2742
julia,roth,2406,A2743
david,balto,2406,A2744
mike,dodge,2406,A2745
lynn,jinks,2406,A2746
van,bunch,2406,A2747
steve,hanson,2406,A2748
harley,tropin,2406,A2749
richard,feinstein,2406,A2750
tayjes,shah,2391,A2751
karin,demasi,2406,A2752
scott,nehs,2406,A2753
david,benck,2406,A2754
edgar,gentle,2406,A2755
lana,varney,2387,A2756
ronn,kreps,2387,A2757
dustin,rawlin,2387,A2758
marc,lipton,2419,A2759
patrick,fennell,2419,A2760
lawrence,papale,2332,A2761
dougless,kreis,2391,A2762
jeffrey,gittleman,2420,A2763
douglas,millen,2420,A2764
daniel,owen,2420,A2765
tina,glandian,2434,A2766
william,jordan,2391,A2767
altom,maglio,2391,A2768
amber,parra,2391,A2769
david,abernethy,2436,A2770
alyson,jones,2436,A2771
joseph,tabacco,2420,A2772
judith,zahid,2420,A2773
david,zensky,2296,A2774
mitchell,hurley,2296,A2775
robert,lack,2296,A2776
jay,teitelbaum,2296,A2777
david,bohan,2296,A2778
joel,feuer,2296,A2779
p,willett,2296,A2780
michael,dagostino,2296,A2781
phil,anker,2296,A2782
gregg,mashberg,2296,A2783
stephen,ratner,2296,A2784
daniel,cantor,2296,A2785
elliot,moskowitz,2296,A2786
matthew,fomshell,2296,A2787
d,martin,2296,A2788
andrew,entwistle,2296,A2789
david,dunn,2296,A2790
mark,neubauer,2296,A2791
michael,doluisio,2296,A2792
steven,schoenfeld,2296,A2793
alan,stone,2296,A2794
andrew,leblanc,2296,A2795
matthew,kipp,2296,A2796
john,mccambridge,2296,A2797
michael,docktennan,2296,A2798
richard,saldinger,2296,A2799
steven,florsheim,2296,A2800
sheldon,solow,2296,A2801
blake,hannafan,2296,A2802
david,bradford,2296,A2803
david,neier,2296,A2804
stephen,damore,2296,A2805
jonathan,polkes,2296,A2806
roger,stetson,2296,A2807
andrew,gordon,2296,A2808
seamus,duffy,2296,A2809
david,zott,2406,A2810
daniel,laytin,2406,A2811
emily,yinger,2406,A2812
mark,hogewood,2406,A2813
r,hill,2433,A2814
gregory,collins,2433,A2815
steve,faries,2434,A2816
james,green,2436,A2817
gil,gainer,2436,A2818
jesse,bernheim,2441,A2819
don,mckenna,2441,A2820
timothy,griffin,2441,A2821
ralph,campillo,2441,A2822
karen,woodward,2441,A2823
ryan,thompson,2452,A2824
michael,berg,2452,A2825
paul,stevens,2452,A2826
james,segars,2452,A2827
keith,altman,2452,A2828
jacob,plattenberger,2452,A2829
robert,mosier,2452,A2830
michael,love,2452,A2831
ellen,noteware,2472,A2832
jennifer,murray,2493,A2833
edward,broderick,2493,A2834
anthony,paronich,2493,A2835
matthew,mccue,2493,A2836
carl,beckwith,2472,A2837
william,doyle,2472,A2838
richard,trenk,2472,A2839
kevin,mcdonald,2445,A2840
thomas,demitrack,2445,A2841
joseph,lukens,2445,A2842
jeffrey,holmstrand,2493,A2843
meryl,maneker,2493,A2844
noah,silverman,2516,A2845
daniel,simons,2516,A2846
nick,urban,2516,A2847
edward,notargiacomo,2516,A2848
naumon,amjed,2522,A2849
stan,baudin,2495,A2850
everett,doffermyre,2495,A2851
joel,pieper,2495,A2852
henry,smythe,2495,A2853
david,mitchell,2516,A2854
william,narwold,2516,A2855
patrick,lynch,2472,A2856
jeffrey,pine,2472,A2857
neill,clark,2472,A2858
michael,kane,2472,A2859
andrew,curley,2516,A2860
brian,daniels,2516,A2861
jeffrey,bores,2522,A2862
stephen,ehrenberg,2548,A2863
scott,glauberman,2545,A2864
nicole,wrigley,2545,A2865
james,pagliaro,2545,A2866
thomas,sullivan,2545,A2867
david,stanley,2545,A2868
janet,kwuon,2545,A2869
pamela,yates,2545,A2870
loren,brown,2545,A2871
michael,healy,2545,A2872
arthur,liederman,2545,A2873
johanna,spellman,2492,A2874
mark,shurtleff,2557,A2875
ronald,dardeno,2566,A2876
william,baldiga,2566,A2877
d,noonan,2566,A2878
william,coulthard,2566,A2879
matthew,weinshall,2543,A2880
john,tangren,2543,A2881
rick,lombardo,2567,A2882
john,popilock,2575,A2883
glen,abramson,2575,A2884
patrick,howard,2575,A2885
jason,joy,2570,A2886
christopher,baker,2570,A2887
keith,fleischman,2555,A2888
pierce,gore,2555,A2889
mark,knutson,2555,A2890
reginald,terrell,2555,A2891
timothy,howard,2555,A2892
thomas,thrash,2555,A2893
dewitt,lovelace,2555,A2894
laurel,bellows,2590,A2895
lynn,johnson,2591,A2896
scott,owens,2586,A2897
charles,nauen,2586,A2898
john,seiver,2586,A2899
roberta,walburn,2586,A2900
david,graham,2591,A2901
john,ursu,2591,A2902
john,cooper,2587,A2903
paula,knippa,2595,A2904
philip,gregory,2624,A2905
elizabeth,kramer,2624,A2906
shawn,reed,2627,A2907
kevin,sullivan,2627,A2908
william,stem,2627,A2909
e,webb,2613,A2910
andrea,hirsch,2642,A2911
thomas,sims,2642,A2912
tad,thomas,2642,A2913
lauren,welling,2642,A2914
katie,griffin,2642,A2915
olga,viner,2642,A2916
david,wool,2642,A2917
christopher,nidel,2642,A2918
edward,mulligan,2657,A2919
benjamin,hulse,2666,A2920
mary,young,2666,A2921
james,gotz,2657,A2922
john,devault,2626,A2923
george,sampson,2626,A2924
dennis,stewart,2626,A2925
kate,jaycox,2657,A2926
melissa,hague,2657,A2927
michael,ciresi,2666,A2928
david,hodges,2666,A2929
david,szerlag,2666,A2930
paula,bliss,2666,A2931
stuart,talley,2666,A2932
jerry,blackwell,2666,A2933
david,thompson,2664,A2934
daniel,reilly,2664,A2935
paul,freeborne,2664,A2936
francis,warin,2664,A2937
richard,shevitz,2667,A2938
vess,miller,2667,A2939
richard,cassetta,2669,A2940
robert,atkins,2669,A2941
douglas,dowd,2669,A2942
john,eaves,2669,A2943
julian,hammond,2669,A2944
james,harrod,2672,A2945
kathy,love,2695,A2946
joshua,eaton,2672,A2947
kelly,fitzpatrick,2691,A2948
ashleigh,aitken,2693,A2949
anthony,pierce,2693,A2950
william,mentlik,2687,A2951
scott,schlesinger,2695,A2952
caleb,marker,2695,A2953
d,blankinship,2695,A2954
daniel,warshaw,2695,A2955
james,gustafson,2695,A2956
ronald,marron,2695,A2957
erika,anderson,2695,A2958
john,bienvenu,2695,A2959
mark,donatelli,2695,A2960
nicholas,koluncich,2695,A2961
richard,schwed,2704,A2962
kenneth,gallo,2704,A2963
julia,wood,2704,A2964
joseph,nielson,2724,A2965
daniel,brockett,2704,A2966
bruce,greenberg,2687,A2967
manuel,dominguez,2687,A2968
christopher,weld,2677,A2969
jennifer,duffy,2677,A2970
richard,cornfeld,2677,A2971
barry,thompson,2734,A2972
john,rosenthal,2734,A2973
william,hoffman,2740,A2974
darin,schanker,2740,A2975
zachary,wool,2740,A2976
john,wolff,2740,A2977
bradford,carver,2740,A2978
john,olinde,2740,A2979
russell,gaudreau,2740,A2980
daniel,mcgrath,2740,A2981
cynthia,amant,2709,A2982
david,futscher,2709,A2983
gerald,clark,2709,A2984
mark,morris,2709,A2985
a,eiland,2709,A2986
kevin,stanley,2709,A2987
stephen,nolan,2709,A2988
mark,eldridge,2709,A2989
walter,daniels,2709,A2990
m,casey,2709,A2991
john,zuccarini,2709,A2992
jed,chronic,2709,A2993
brian,ku,2709,A2994
louis,mussman,2709,A2995
kristie,hightower,2738,A2996
c,whitehead,2738,A2997
joel,oster,2741,A2998
david,honigman,2744,A2999
michael,baum,2741,A3000
hunter,lundy,2741,A3001
mark,burton,2741,A3002
basil,adham,2775,A3003
matthew,yezierski,2775,A3004
kathryn,snapka,2767,A3005
elise,sanguinetti,2767,A3006
beth,chambers,2767,A3007
dave,langevin,2767,A3008
jennifer,orendi,2767,A3009
jessica,williams,2775,A3010
lisa,lee,2775,A3011
joseph,warren,2777,A3012
matthew,tripolitsiotis,2785,A3013
william,gage,2782,A3014
g,jackson,2782,A3015
jaime,theriot,2782,A3016
s,rumanek,2782,A3017
lisa,causeystreete,2754,A3018
alexandra,boone,2754,A3019
melissa,debarbiers,2754,A3020
rachel,harris,2754,A3021
ashley,brittainlanders,2750,A3022
jason,webster,2750,A3023
brian,kinsley,2768,A3024
stephen,echsner,2734,A3025
matthew,eisenstein,2734,A3026
luke,connelly,2734,A3027
ryan,hudson,2785,A3028
sharon,almonrode,2785,A3029
leigh,rende,2777,A3030
lawrence,bathgate,2779,A3031
lance,kalik,2779,A3032
robert,green,2792,A3033
stephen,kupperman,2792,A3034
theile,mcvey,2792,A3035
john,zelbst,2792,A3036
james,martin,2796,A3037
allan,steyer,2796,A3038
carolyn,anderson,2795,A3039
benjamin,meiselas,2795,A3040
francois,blaudeau,2795,A3041
james,mcdonough,2795,A3042
jeffrey,gutkin,2795,A3043
william,mcnab,2795,A3044
david,aafedt,2795,A3045
joseph,windler,2795,A3046
james,goslee,2816,A3047
regan,safier,2816,A3048
jaime,jackson,2816,A3049
louise,renne,2804,A3050
zachary,carter,2804,A3051
mark,flessner,2804,A3052
jason,doss,2800,A3053
rodney,strong,2800,A3054
craig,gillen,2800,A3055
charles,horn,2800,A3056
mark,filip,2804,A3057
brien,oconnor,2804,A3058
charles,lifland,2804,A3059
j,donohue,2804,A3060
jonathan,stern,2804,A3061
enu,mainigi,2804,A3062
geoffrey,hobart,2804,A3063
jack,smith,2804,A3064
robert,nicholas,2804,A3065
jennifer,peacock,2804,A3066
tad,oneill,2804,A3067
karen,lorenzen,2816,A3068
steven,sanford,2816,A3069
barry,taus,2819,A3070
laraclay,parker,2809,A3071
fred,olinde,2809,A3072
jerome,prather,2809,A3073
steven,teppler,2809,A3074
jennifer,lenze,2809,A3075
matthew,white,2809,A3076
troy,doucet,2833,A3077
roland,louis,2833,A3078
brandon,wise,2833,A3079
dan,drachler,2819,A3080
philip,lefkowitz,2836,A3081
jennifer,wagner,2828,A3082
jennifer,joost,2828,A3083
janet,varnell,2841,A3084
jessica,sleater,2841,A3085
leslie,maclean,2848,A3086
dino,sangiamo,2848,A3087
paul,byrd,2820,A3088
paul,lesko,2820,A3089
beverly,randles,2820,A3090
bert,greenwell,2846,A3091
samuel,liversidge,2836,A3092
stephen,noona,2836,A3093
james,fee,2836,A3094
craig,reilly,2836,A3095
william,monroe,2836,A3096
alan,rashkind,2836,A3097
james,cales,2836,A3098
marwan,porter,2846,A3099
eric,alexander,2846,A3100
william,kloss,2846,A3101
eli,greenstein,2827,A3102
derek,howard,2827,A3103
kyle,mcgee,2827,A3104
kenneth,johnston,2827,A3105
kathleen,herkenhoff,2827,A3106
geoffrey,rushing,2827,A3107
stephen,rosenthal,2827,A3108
anthony,fata,2827,A3109
joshua,eggnatz,2827,A3110
scott,cole,2827,A3111
anthony,simon,2827,A3112
james,vlahakis,2827,A3113
gordon,fauth,2827,A3114
jeffrey,squire,2827,A3115
daniel,mulligan,2827,A3116
alexandra,steele,2827,A3117
archie,grubb,2827,A3118
david,hersh,2873,A3119
paul,rothstein,2875,A3120
james,valentine,2874,A3121
jon,savin,2875,A3122
james,carter,2875,A3123
ken,sansone,2873,A3124
keith,bensten,2873,A3125
brian,stekloff,2873,A3126
amy,crouch,2873,A3127
ruth,levy,2873,A3128
david,mcdivitt,2873,A3129
sarah,williams,2873,A3130
shannon,lukei,2885,A3131
barry,fields,2885,A3132
gregory,arnold,2878,A3133
kristie,lasalle,2878,A3134
sean,nation,2878,A3135
matthew,weiner,2878,A3136
david,stanoch,2875,A3137
andres,rivero,2875,A3138
john,sawin,2875,A3139
paul,geske,2875,A3140
stacy,burrows,2875,A3141
stefanie,colellawalsh,2875,A3142
rachel,geman,2875,A3143
peter,philip,2875,A3144
harold,mccall,2875,A3145
john,boundas,2875,A3146
jessica,perez,2875,A3147
david,hobbs,2875,A3148
seth,goldberg,2875,A3149
clem,trischler,2875,A3150
jessica,priselac,2875,A3151
mark,nomellini,2885,A3152
chad,morriss,2885,A3153
nick,wasdin,2885,A3154
michelle,six,2885,A3155
sierra,elizabeth,2885,A3156
kimberly,branscome,2885,A3157
mike,brock,2885,A3158
rob,ellis,2885,A3159
ashley,neglia,2885,A3160
steven,silverman,2879,A3161
timothy,brown,2879,A3162
gregory,egleston,2879,A3163
eric,belfi,2879,A3164
mark,goldman,2879,A3165
christopher,keller,2879,A3166
francis,mcconville,2879,A3167
veronica,nannis,2879,A3168
andrew,oconnell,2879,A3169
timothy,maloney,2879,A3170
evelynn,rapp,2879,A3171
charles,vanhorn,2879,A3172
jason,mendro,2879,A3173
laura,oboyle,2879,A3174
adam,offenhartz,2879,A3175
edward,buckley,2886,A3176
robert,hickok,2886,A3177
richard,goetz,2887,A3178
