Corpus,Order_No,MDL_No,Docket_No,Date,Judge,Judge_Type,Contested,OU_Create,OU_Terminate,OU_Functions,OU_Duties_to_Nonclients,OU_Plaintiff,OU_Defendant,Order_Types,Appointments_Count,Applications_Solicited,Resolve_Rule_23,IRPA_Duties_to_Clients,Limit_Nonleader_Practice,Rule_23,MCL,MDL Type,Notes,Needs_Motion_Reading,Needs_Signature_Check,Possible_Duplicate,Source_File,Provenance
new,1657-31448,1657,31448,2010-01-08,EF,DJ,False,0,0,False,False,True,False,Management,2,False,False,False,False,False,False,,Pretrial Order No. 45A; unopposed motion appointing additional members to existing Plaintiffs’ Steering Committee for the Ineligible or Not Enrolled Claims.,False,False,,"1657-Vioxx/1657, Doc. 31448, P.T. ORDER 45A Appointing Addtl_ Members to PSC .pdf",extracted
new,1656-6,1656,6,2005-04-05,JDW,DJ,False,0,0,False,False,True,False,LeadCounsel; Communications,3,False,False,False,False,False,False,,,False,False,,1656 IN RE CP Ships Ltd. Securities Litigation/US_DIS_FLMD_8_05md1656_6_ORDER granting re 4 Stipulation regarding lead cou_6_0.pdf,extracted
new,1657-36,1657,36,2005-03-08,EEF,DJ,False,0,0,True,True,False,True,Communications,1,False,False,False,False,False,False,,,False,False,,"1657-Vioxx/1657, Doc. 36, P.T. ORDER 4 Appointing D_s Liaison Csl .pdf",extracted
new,1657-25829,1657,25829,2009-10-22,EEF,DJ,False,0,0,False,False,True,False,Management,1,False,False,False,False,False,False,,,False,False,,"1657-Vioxx/1657, Doc. 25829, P.T. ORDER 44A Pl_s Appointing Adtnl_ Member of Exec. Com.  .pdf",extracted
new,1657-351,1657,351,2005-05-16,EEF,DJ,False,0,0,True,False,,,Coordination,9,False,False,False,False,False,False,,,False,False,,"1657-Vioxx/1657, Doc. 351, P.T. ORDER 10 Appointing State Liaison Committee .pdf",extracted
new,1657-13007,1657,13007,2007-11-20,EEF,DJ,False,1,0,True,False,True,False,Fees,9,False,False,False,False,False,False,,,False,False,,"1657-Vioxx/1657, Doc. 13007, P.T. ORDER 32 Appointment of Allocation Committee .pdf",extracted
new,1657-24522,1657,24522,2009-09-30,EEF,DJ,False,0,0,True,False,,,Communications,1,False,False,False,False,False,False,,"Motion was unopposed. Header also lists Magistrate Judge Knowles, but the order is signed only by District Judge Eldon E. Fallon.",False,False,,"1657-Vioxx/1657, Doc. 24522, P.T. ORDER 52 Appointing Com.Ben.Fee Object. Committee .pdf",extracted
new,1657-17,1657,17,2005-02-28,EEF,DJ,True,1,0,True,True,True,False,Communications,1,,False,False,False,False,,,,False,False,,"1657-Vioxx/1657, Doc. 17, P.T. ORDER 2 Appointing Pl Liaison Csl .pdf",extracted
new,1657-423,1657,423,2005-06-07,EEF,DJ,False,1,0,False,False,True,False,ClassCounsel,0,False,True,False,False,True,False,,"Order appoints the members of the Plaintiffs Steering Committee as interim class counsel, but the PSC members are not named in this text.",True,False,,"1657-Vioxx/1657, Doc. 423 and 427, ORDER Appointing Interim Class Csl .pdf",extracted
new,1657-20888,1657,20888,2009-07-13,EEF,DJ,True,0,0,True,,True,False,Management; LeadCounsel,2,False,False,,,False,,,,False,True,,"1657-Vioxx/1657, Doc. 20888, P.T. ORDER 45 Appointment of Plaintiffs_ Steering Committee for the remaining Personal Injury Cases.pdf",extracted
new,1657-65267,1657,65267,2015-09-23,EEF,DJ,False,1,0,True,True,True,False,Fees,6,False,False,False,False,False,False,,,False,True,,"1657-Vioxx/1657, Doc. 65267, P.T. ORDER 59 Appointing CB Fee Committee .pdf",extracted
new,1657-61974,1657,61974,2011-02-16,EEF,DJ,False,0,0,False,False,True,False,LeadCounsel; Communications,6,False,False,False,False,False,False,,The order states the Court received no opposition to the appointments.,False,False,,1657-Vioxx/021611.or.pdf,extracted
new,1657-18856,1657,18856,2009-05-19,EEF,DJ,False,1,0,True,False,True,False,Bellwether; Trial,16,False,False,True,False,False,False,,,False,True,,"1657-Vioxx/1657, Doc. 18856, P.T. ORDER 41 Appointing Bellweather Trial Committee .pdf",extracted
new,1657-13365,1657,13365,2008-02-12,EEF,DJ,False,0,0,True,True,True,False,ProSe,1,False,False,False,False,False,False,,,False,True,,1657-Vioxx/OrderAppointing (1).pdf,extracted
new,,1657,,2009-10-21,EF,DJ,False,0,0,False,False,True,False,Management,1,False,False,False,False,False,False,,Appointment of an additional member to the existing Government Actions Plaintiffs’ Case Management Executive Committee; order states the recommendation was unopposed and the proposal was agreed.,False,False,,1657-Vioxx/PTO44A.pdf,extracted
new,1657-246,1657,246,2005-04-08,EEF,DJ,False,0,0,True,True,False,True,LeadCounsel; Management; Communications,6,False,False,False,True,False,False,,,False,False,,"1657-Vioxx/1657, Doc. 246, P.T. ORDER 7 Appointing D_s Steering .pdf",extracted
new,1657-21427,1657,21427,2010-01-08,EF,DJ,False,0,0,False,False,True,False,Management,2,False,False,False,False,False,False,,,False,False,,1657-Vioxx/PTO45A.pdf,extracted
new,,1657,,2009-07-13,EEF,DJ,False,0,0,True,,True,False,Management; LeadCounsel,2,False,False,,,False,False,,,False,True,,1657-Vioxx/PTO45.pdf,extracted
new,1656-107,1656,107,2008-03-10,JDW,DJ,False,0,0,True,True,True,False,LeadCounsel; ClassCounsel; Settlement,4,False,True,False,False,True,False,,Order preliminarily approves settlement and certifies a settlement class; it identifies named attorneys as Lead Counsel for Lead Plaintiffs and the Class.,False,False,,1656 IN RE CP Ships Ltd. Securities Litigation/US_DIS_FLMD_8_05md1656_107_ORDER granting 105 Motion to Preliminarily Approve_107_0.pdf,extracted
new,,1657,,2009-05-19,EEF,DJ,False,1,0,True,False,True,False,Bellwether; Trial,16,False,False,True,False,False,False,,"Magistrate Judge Knowles is listed in the caption/header, but the order is signed by District Judge Fallon.",False,True,,1657-Vioxx/PTO41.pdf,extracted
new,,1657,,2011-08-17,EEF,DJ,False,1,0,True,True,True,False,Fees,6,True,False,False,False,False,False,,"Pretrial Order No. 57. Header mentions Magistrate Judge Knowles, but the order is signed only by District Judge Eldon E. Fallon.",False,True,,1657-Vioxx/PTO57 (1).pdf,extracted
new,1657-64411,1657,64411,2013-05-20,EEF,DJ,False,1,0,True,True,True,False,ClassCounsel,1,False,True,False,False,True,True,,,False,True,,1657-Vioxx/Poole order.pdf,extracted
new,1657-20770,1657,20770,2009-07-09,EF,DJ,False,1,0,True,True,True,False,LeadCounsel; Management; Communications,15,False,False,False,False,False,False,,,False,False,,"1657-Vioxx/1657, Doc. 20770, P.T. ORDER 44 Appointing Gov. Action Committee .pdf",extracted
new,1657-24216,1657,24216,2009-09-30,EEF,DJ,False,1,0,True,False,,,Communications,1,False,False,False,False,False,False,,Motion described as unopposed.,False,True,,1657-Vioxx/pto52.pdf,extracted
new,,1657,,2008-12-19,,DJ,False,1,0,True,,True,False,Fees,1,False,False,True,False,False,False,,Order signed by a United States District Judge; header identifies Judge Fallon.,False,True,,1657-Vioxx/TulaneClinic.pdf,extracted
new,1657-65267,1657,65267,2015-09-23,EEF,DJ,False,1,0,True,False,True,False,Fees,6,False,False,False,False,False,False,,,False,True,,1657-Vioxx/PTO59.pdf,extracted
new,1657-13007,1657,13007,2007-11-20,EEF,DJ,False,1,0,True,False,True,False,Fees,9,False,False,False,False,False,False,,,False,True,,1657-Vioxx/vioxx.pto32 (1).pdf,extracted
new,1657-245,1657,245,2005-04-08,EEF,DJ,True,1,0,True,True,True,False,LeadCounsel; Management; Communications,13,False,False,True,True,False,False,,,False,True,,"1657-Vioxx/1657, Doc. 245, P.T. ORDER 6 Appointing PSC .pdf",extracted
new,,1657,,2005-06-07,EEF,DJ,False,1,0,False,False,True,False,ClassCounsel,0,False,True,False,False,True,False,,"Order appoints the members of the existing Plaintiffs Steering Committee as interim class counsel, but does not name the individual PSC members. Defendants did not oppose the motion.",True,False,,1657-Vioxx/vioxx_order14.pdf,extracted
new,,1657,,2005-03-08,EEF,DJ,False,0,0,True,True,False,True,Communications,1,False,False,False,False,False,False,,,False,False,,1657-Vioxx/vioxxpto4.pdf,extracted
new,,1657,,2005-05-16,EEF,DJ,False,1,0,True,False,,,Coordination,9,False,False,False,False,False,False,,Pretrial Order #10 appoints a State Liaison Committee to facilitate coordination of MDL 1657 with state Vioxx cases.,False,False,,1657-Vioxx/vioxxpto10.pdf,extracted
new,,1657,,2005-02-28,EEF,DJ,True,1,0,True,True,True,False,Communications,1,False,False,False,False,False,False,,Pretrial Order #2 appoints Plaintiffs' Liaison Counsel; the order states counsel presented recommendations and the Court considered multiple candidates.,False,False,,1657-Vioxx/vioxxpto2.pdf,extracted
new,,1657,,2005-03-14,EEF,DJ,False,0,0,True,True,True,True,Communications,2,False,False,False,False,False,False,,,False,False,,1657-Vioxx/vioxxpto5A.pdf,extracted
new,,1657,,2005-03-08,EEF,DJ,False,0,0,True,True,True,True,Communications,2,False,False,False,False,False,False,,"Pretrial Order #5 appoints liaison counsel for plaintiffs and defendants and amends service and docketing procedures. Magistrate Judge Knowles appears in the caption, but the order is signed only by District Judge Fallon.",False,False,,1657-Vioxx/vioxxpto5.pdf,extracted
new,,1657,,2009-07-09,EF,DJ,False,3,0,True,False,True,False,LeadCounsel; Management; Communications,15,False,False,False,False,False,False,,,False,False,,1657-Vioxx/PTO44.pdf,extracted
new,1658-229,1658,229,2009-02-11,SRC,DJ,False,1,0,False,False,True,False,ClassCounsel; Management; Communications,5,False,True,False,False,True,False,,,False,False,,"1658 IN RE Merck Co., Inc., Securities, Derivative & ERISA Litigation/US_DIS_NJD_2_05cv1151_229_ORDER Re_ class certification_ etc. Signed by Judg_229_0.pdf",extracted
new,1658-187,1658,187,2007-01-26,SRC,DJ,True,0,0,True,False,True,False,LeadCounsel,4,False,False,False,False,True,False,,,False,False,,"1658 IN RE Merck Co., Inc., Securities, Derivative & ERISA Litigation/US_DIS_NJD_2_05cv1151_187_STIPULATION_ORDER resolving the Motion of the Publ_187_0.pdf",extracted
new,,1657,,2005-04-08,EEF,DJ,False,0,0,True,True,False,True,LeadCounsel; Management; Communications,6,False,False,False,False,False,False,,,False,False,,1657-Vioxx/vioxxpto7.pdf,extracted
new,1671-100,1671,100,2007-03-27,CAS,DJ,False,0,0,False,False,True,False,ClassCounsel; Communications,5,False,False,False,False,False,False,,"Order modifies paragraph 12 of the August 11, 2005 Pre-Trial Order; defendants stated they had no objection to the proposed arrangement.",False,False,,1671 IN RE Reformulated Gasoline (RFG) Antitrust & Patent Litigation/US_DIS_CACD_2_05ml1671_100_STIPULATION AND ORDER APPOINTING CLASS CO-LEAD AND_100_0.pdf,extracted
new,1658-33,1658,33,2005-04-08,SRC,DJ,True,0,0,True,True,True,False,LeadCounsel,2,False,False,,True,False,False,Securities; Derivative; ERISA,Order confirms prior appointment of plaintiffs' co-lead counsel after competing lead-plaintiff/lead-counsel motions and objections/motions were presented and denied or denied as moot.,False,False,,"1658 IN RE Merck Co., Inc., Securities, Derivative & ERISA Litigation/US_DIS_NJD_2_05cv1151_33_ORDER confirming appointmnet of RICHARD REYNOLDS, _33_0.pdf",extracted
new,1682-310,1682,310,2007-03-12,SD,DJ,False,0,0,False,False,True,False,ClassCounsel,2,False,False,False,False,False,False,,,False,False,,1682 IN RE Hydrogen Peroxide Antitrust Litigation/1682_doc310.pdf,extracted
new,1682-539,1682,539,2008-12-22,SD,DJ,False,0,0,False,False,True,False,LeadCounsel; ClassCounsel,1,False,False,False,False,False,False,,Order amends prior appointment orders only to update Michael D. Hausfeld's law-firm affiliation; response indicated no opposition.,False,False,,1682 IN RE Hydrogen Peroxide Antitrust Litigation/1682_doc539.pdf,extracted
new,1674-435,1674,435,2008-08-15,GLL,DJ,False,0,0,False,False,True,False,ClassCounsel,2,False,True,False,False,True,False,,,False,False,shares date+title with 1 other order(s),1674 IN RE Community Bank of Northern Virginia Mortgage Lending Practices Litigation/US_DIS_PAWD_2_03cv425_435_ORDER approving Class Action Certification and Set_435_0.pdf,extracted
new,1674-776,1674,776,2016-12-13,AJS,DJ,False,0,0,True,True,True,False,ClassCounsel; Settlement; Fees,7,False,True,False,False,True,False,,,False,True,shares date+title with 1 other order(s),1674 IN RE Community Bank of Northern Virginia Mortgage Lending Practices Litigation/US_DIS_PAWD_2_03cv425_776_FINAL ORDER PURSUANT TO FED. R. CIV. P. 23 GRANTIN_776_0.pdf,extracted
new,1675-38,1675,38,2009-03-05,TJS,DJ,False,1,0,True,True,True,False,ClassCounsel,1,False,True,False,False,True,False,,,False,False,,1675 IN RE ACE Limited Securities Litigation/US_DIS_PAED_2_05md1675_38_ORDER THAT PLAINTIFFS_ MOTION FOR PRELIMINARY APPR_38_0.pdf,extracted
new,1682-97,1682,97,2005-10-13,SD,DJ,False,2,0,True,True,True,False,LeadCounsel,3,False,False,True,True,False,False,,,False,False,,1682 IN RE Hydrogen Peroxide Antitrust Litigation/1682_doc97.pdf,extracted
new,1674-285,1674,285,2008-01-25,GLL,DJ,True,1,0,True,True,True,False,ClassCounsel,4,False,True,False,False,True,True,,Objectors challenged adequacy of Class Plaintiffs and class counsel; the court denied the renewed motion to intervene and appointed/designated class counsel.,False,False,shares date+title with 1 other order(s),1674 IN RE Community Bank of Northern Virginia Mortgage Lending Practices Litigation/US_DIS_PAWD_2_03cv425_285_MEMORANDUM and ORDER granting in part and denying _285_0.pdf,extracted
new,1658-781,1658,781,2016-02-11,SRC,DJ,False,1,0,True,True,True,False,LeadCounsel; ClassCounsel; Settlement; SettlementAdministration,4,False,True,False,False,True,False,,Preliminary settlement approval order certifies a Settlement Class and appoints Co-Lead Counsel as Class Counsel for settlement purposes. Claims Administrator and Special Master references are excluded as non-attorney/non-leadership roles.,False,False,,"1658 IN RE Merck Co., Inc., Securities, Derivative & ERISA Litigation/US_DIS_NJD_2_05cv1151_781_ORDER granting 779 Motion preliminarily approving _781_0.pdf",extracted
new,1671-98,1671,98,2007-03-27,CAS,DJ,False,2,0,False,True,True,False,ClassCounsel; Communications,5,False,True,False,False,True,True,,,False,False,,1671 IN RE Reformulated Gasoline (RFG) Antitrust & Patent Litigation/US_DIS_CACD_2_05ml1671_98_ORDER GRANTING PLAINTIFFS_ MOTION FOR CLASS CERTIF_98_0.pdf,extracted
new,1695-11,1695,11,2005-10-13,CM,DJ,True,1,0,False,False,True,False,LeadCounsel,1,False,False,False,False,False,False,,"Order selects Steelworkers Pension Trust as lead plaintiff, appoints Berger & Montague as lead counsel, and declines to appoint liaison counsel.",False,False,,1695 IN RE Veeco Instruments Inc. SEC/US_DIS_NYSD_1_05md1695_11_DECISION AND ORDER SELECTING LEAD PLAINTIFF AND LE_11_0.pdf,extracted
new,1682-272,1682,272,2007-01-19,SD,DJ,False,1,0,True,True,True,False,ClassCounsel,4,False,True,False,False,True,False,,"The order certifies a direct purchaser class and appoints the four proposed attorneys as class counsel. The class-certification motion was contested, but the order states there was only a single group of attorneys seeking appointment as class counsel.",False,True,,1682 IN RE Hydrogen Peroxide Antitrust Litigation/US_DIS_PAED_2_05cv666_272_MEMORANDUM AND ORDER THAT PLAINTIFFS_ MOTION FOR C_272_0.pdf,extracted
?,,,25,2005-03-28,SD,DJ,False,1,0,True,True,True,False,LeadCounsel,4,False,True,True,True,True,False,,,False,False,,1682 IN RE Hydrogen Peroxide Antitrust Litigation/US_DIS_PAED_2_05cv666_25_ORDER THAT THE COURT APPOINTS MICHAEL HAUSFELD OF _25_0.pdf,extracted
new,1688-38,1688,38,2012-03-29,LTS,DJ,False,0,0,False,False,True,False,ClassCounsel,1,False,True,False,False,True,False,,,False,False,,"1688 IN RE Pfizer Inc. SEC, DER and ERISA/US_DIS_NYSD_1_05md1688_38_ORDER GRANTING MOTION FOR CLASS CERTIFICATION gran_38_0.pdf",extracted
new,1674-618,1674,618,2013-07-31,AJS,DJ,False,2,0,False,False,True,False,LeadCounsel; ClassCounsel,6,False,True,False,False,False,False,,,False,False,shares date+title with 1 other order(s),1674 IN RE Community Bank of Northern Virginia Mortgage Lending Practices Litigation/US_DIS_PAWD_2_03cv425_618_ORDER OF COURT granting 607 Motion to Certify Clas_618_0.pdf,extracted
new,1688-40,1688,40,2012-04-06,LTS,DJ,False,0,0,False,False,True,False,ClassCounsel,1,False,True,False,False,True,False,,,False,False,,"1688 IN RE Pfizer Inc. SEC, DER and ERISA/US_DIS_NYSD_1_05md1688_40_AMENDED ORDER GRANTING MOTION FOR CLASS CERTIFICAT_40_0.pdf",extracted
new,1658-62,1658,62,2005-05-06,SRC,DJ,True,0,0,True,True,True,False,LeadCounsel; Management; Communications,11,False,False,True,False,False,False,,Order states competing motions sought appointment of different lead derivative counsel and that some plaintiffs opposed changes to the existing leadership structure.,False,True,,"1658 IN RE Merck Co., Inc., Securities, Derivative & ERISA Litigation/US_DIS_NJD_2_05cv1151_62_ORDER finding as moot 17 Motion to Consolidate Cas_62_0.pdf",extracted
new,1699-358,1699,358,2006-06-13,CRB,DJ,False,0,0,False,False,True,False,Management,1,False,False,False,False,False,False,,Order appoints Shelly Sanford to serve as a member of the Plaintiffs' Steering Committee in place of deceased PSC member Carlene Rhodes Lewis.,False,False,,"1699 IN RE_ Bextra and Celebrex Marketing, SP & PL/US_DIS_CAND_3_05md1699_358_PRETRIAL ORDER NO. 14_ Regarding the death of PSC _358_0.pdf",extracted
new,1682-87,1682,87,2005-09-13,SD,DJ,False,3,0,True,True,True,False,LeadCounsel,3,False,True,True,True,True,False,,Order notes unanimous consent of all plaintiffs' counsel with residual-purchaser and indirect-purchaser cases pending in the district.,False,False,,1682 IN RE Hydrogen Peroxide Antitrust Litigation/US_DIS_PAED_2_05cv666_87_ORDER THAT THE RESIDUAL-PURCHASER PLFFS_ AND INDIR_87_0.pdf,extracted
new,1684-73,1684,73,2007-06-29,LDD,DJ,False,1,0,True,True,True,False,ClassCounsel,4,False,True,False,False,True,False,,,False,False,,1684 IN RE Plastics Additives Antitrust Litigation (No. II)/US_DIS_PAED_2_05md1684_73_ORDER THAT THE MOTION FOR PRELIMINARY APPROVAL OF _73_0.pdf,extracted
new,1677-24,1677,24,2005-07-01,WTM,DJ,False,3,0,True,False,True,True,Communications; LeadCounsel,3,False,False,False,False,False,True,,Order designates liaison counsel and denies pending motions for appointment of interim co-lead counsel as premature.,False,False,,1677 IN RE NovaStar Home Mortgage Inc. Mortgage Lending Practices Litigation/MDL1677 v. Novastar - Entry 24.pdf,extracted
new,1684-62,1684,62,2007-01-12,LDD,DJ,False,1,0,True,True,True,False,ClassCounsel; Settlement; SettlementAdministration,4,False,True,False,False,True,False,,Motion granted as unopposed.,False,False,,1684 IN RE Plastics Additives Antitrust Litigation (No. II)/US_DIS_PAED_2_05md1684_62_ORDER THAT THE MOTION FOR PRELIMINARY APPROVAL OF _62_0.pdf,extracted
new,1699-415,1699,415,2006-07-05,CRB,DJ,False,0,0,False,True,True,False,Management,3,False,False,False,False,False,False,,"Order appoints three additional members to the existing Plaintiffs' Steering Committee; the operative appointment sentence appears to spell Paul J. Hanly, Jr. as 'Hanley.'",False,False,,"1699 IN RE_ Bextra and Celebrex Marketing, SP & PL/US_DIS_CAND_3_05md1699_415_PRETRIAL ORDER No. 16_ Appointment of Paul J. Hanl_415_0.pdf",extracted
new,,1657,,2005-04-08,EEF,DJ,False,0,0,True,True,True,False,LeadCounsel; Management; Communications,13,False,False,True,True,False,False,,"Pretrial Order #6 appoints plaintiffs' PSC members, co-lead counsel, and a PSC Executive Committee, and sets common-benefit time and expense submission procedures.",False,True,,1657-Vioxx/vioxxpto6withA.pdf,extracted
new,1671-99,1671,99,2007-03-27,CAS,DJ,False,0,0,False,False,True,False,LeadCounsel; ClassCounsel; Communications,5,False,False,False,False,False,False,,"Order modifies paragraph 12 of the August 11, 2005 Pre-Trial Order; defendants stated they had no objection to the proposed arrangement.",False,False,,1671 IN RE Reformulated Gasoline (RFG) Antitrust & Patent Litigation/US_DIS_CACD_2_05ml1671_99_STIPULATION AND ORDER APPOINTING CLASS CO-LEAD AND_99_0.pdf,extracted
new,1699-110,1699,110,2005-12-13,CRB,DJ,False,4,0,True,True,True,True,Management; Communications; Trial,16,False,False,True,True,False,True,,,False,False,,"1699 IN RE_ Bextra and Celebrex Marketing, SP & PL/US_DIS_CAND_3_05md1699_110_PRETRIAL ORDER #2_ Initial Case Management and Org_110_0.pdf",extracted
new,1706-13,1706,13,2006-02-08,RO,DJ,True,1,0,True,True,True,False,LeadCounsel,1,False,False,False,False,True,False,,,False,False,,1706 IN RE Doral Financial Corp. SEC/US_DIS_NYSD_1_05md1706_13_MEMORANDUM AND OPINION # 92714 West Virginia Inves_13_0.pdf,extracted
new,1704-149,1704,149,2010-07-30,DPW,DJ,False,1,0,True,True,True,False,ClassCounsel,2,False,True,False,False,True,False,,"PACER header filed date used; signature block states March 30, 2011.",False,False,,"1704 IN RE_ M3Power Razor System Marketing & SP/1704, doc. 149, Order (2010-07-30).pdf",extracted
new,1712-33,1712,33,2006-02-06,MAM,DJ,False,0,0,False,False,False,True,Communications,8,False,False,False,False,False,False,,,False,False,,1712 IN RE American Investors Life Insurance Co. Annuity Marketing & SP/US_DIS_PAED_2_05md1712_33_ORDER THAT THE PARTIES SHALL INFORM THE COURT ON F_33_0.pdf,extracted
new,1708-3,1708,3,2005-12-20,DWF,DJ,False,4,0,True,True,True,True,LeadCounsel; Communications,6,False,False,,True,False,False,,,False,False,,1708 IN RE Guidant Corp. Implantable Defibrillators PL/US_DIS_MND_0_05md1708_3_PRETRIAL ORDER NO. 1 Designating lead and liaison _3_0.pdf,extracted
new,1712-54,1712,54,2006-06-12,MAM,DJ,True,2,0,True,True,True,False,LeadCounsel; Communications,4,False,False,True,True,False,False,,,False,False,,1712 IN RE American Investors Life Insurance Co. Annuity Marketing & SP/US_DIS_PAED_2_05md1712_54_ORDER THAT THE MOTION FOR ENTRY OF CASE MANAGEMENT_54_0.pdf,extracted
new,1717-51,1717,51,2006-04-18,JJF,DJ,True,2,0,True,True,True,False,ClassCounsel; Communications,5,False,True,,True,True,True,,,False,False,,1717 IN RE Intel Corp. Microprocessor Antitrust Litigation/US_DIS_DED_1_05md1717_51_MEMORANDUM ORDER that All such actions now pending_51_0.pdf,extracted
new,1712-461,1712,461,2009-12-18,MAM,DJ,False,0,0,True,True,True,False,LeadCounsel; ClassCounsel,3,False,True,False,False,True,False,,"Final settlement approval order confirms named attorneys shall continue as Co-Lead Counsel and identifies them as Co-Lead or Class Counsel. Rust Consulting, Inc. excluded as non-attorney settlement administrator.",False,False,,1712 IN RE American Investors Life Insurance Co. Annuity Marketing & SP/US_DIS_PAED_2_05md1712_461_ORDER RE_ FINAL ORDER AND JUDGMENT THAT THE SETTLE_461_0.pdf,extracted
new,1714-29,1714,29,2008-01-29,DAB,DJ,False,0,0,True,True,True,,ClassCounsel; Settlement,2,False,True,,,True,,,,False,False,,1714 IN RE Rhodia S.A. SEC/US_DIS_NYSD_1_05md1714_29_ORDER Preliminarily Approving Settlement_ Certifyi_29_0.pdf,extracted
new,1658-63,1658,63,2005-05-06,SRC,DJ,False,4,0,True,True,True,False,LeadCounsel; Discovery; Communications,15,False,False,False,True,False,False,,"The order is an initial case management order. It names/restates Securities and Derivative plaintiffs' co-lead counsel as appointed or confirmed by separate order, and directly designates ERISA plaintiffs' Lead Counsel Committee, Discovery Committee, Liaison Counsel, and interim Notification Counsel.",False,True,,"1658 IN RE Merck Co., Inc., Securities, Derivative & ERISA Litigation/US_DIS_NJD_2_05cv1151_63_PRE-TRIAL ORDER #1 mooting 22 MOTION to Consolidat_63_0.pdf",extracted
new,1715-3255,1715,3255,2009-12-08,MEA,DJ,False,0,0,True,,True,False,ClassCounsel,3,False,True,False,False,True,False,,"Order preliminarily appoints three named law firms as Lead Class Counsel. It also refers to firms listed in Exhibit 7 to the Settlement Agreement as Class Counsel, but those firms are not listed in the order text and are not extracted.",False,False,,1715 IN RE Ameriquest Mortgage Co. Mortgage Lending Practices Litigation/US_DIS_ILND_1_05cv7097_3255_ORDER OF PRELIMINARY APPROVAL OF CLASS ACTION SETT_3255_0.pdf,extracted
new,1715-284,1715,284,2006-11-07,MEA,DJ,True,4,0,True,True,True,False,LeadCounsel; Management; Communications,7,False,False,False,True,False,False,,The order describes competing plaintiffs' leadership proposals by the LRJ firms and by ECLG/Harris.,False,False,,1715 IN RE Ameriquest Mortgage Co. Mortgage Lending Practices Litigation/US_DIS_ILND_1_05cv7097_284_Enter MEMORANDUM Opinion and Order Signed by Judge_284_0.pdf,extracted
new,1725-232,1725,232,2007-09-05,GER,DJ,False,1,0,True,True,True,False,ClassCounsel,4,False,True,False,False,True,,,,False,False,,"1725 IN RE Delphi Corp. SEC, DER & ERISA/US_DIS_MIED_2_05md1725_232_ORDER of Preliminary Approval and for Notice and H_232_0.pdf",extracted
new,1712-429,1712,429,2009-07-28,MAM,DJ,False,0,0,True,False,True,False,LeadCounsel,3,False,True,False,False,False,False,,Order preliminarily approves class settlement and continues the prior appointment of three Interim Co-Lead Counsel.,False,False,,1712 IN RE American Investors Life Insurance Co. Annuity Marketing & SP/US_DIS_PAED_2_05md1712_429_FINDINGS AND ORDER PRELIMINARILY APPROVING SETTLEM_429_0.pdf,extracted
new,1725-231,1725,231,2007-09-05,GER,DJ,False,2,0,True,True,True,False,LeadCounsel; Communications; ClassCounsel; Settlement,2,False,True,False,False,True,False,Securities; Derivative; ERISA,,False,False,,"1725 IN RE Delphi Corp. SEC, DER & ERISA/US_DIS_MIED_2_05md1725_231_ORDER Preliminarily Approving Settlement, Prelimin_231_0.pdf",extracted
new,1708-11,1708,11,2006-01-06,DWF,DJ,True,0,0,True,True,True,True,LeadCounsel; Management; Communications,25,False,False,False,True,False,True,,,False,False,,1708 IN RE Guidant Corp. Implantable Defibrillators PL/US_DIS_MND_0_05md1708_11_PRETRIAL ORDER NO. 2. Signed by Judge Donovan W Fr_11_0.pdf,extracted
new,1725-176,1725,176,2006-10-17,GER,DJ,True,0,2,False,False,True,False,LeadCounsel; Communications,7,False,False,False,False,True,True,,"Order vacates the Southern District of Florida order appointing plaintiff-side co-lead counsel and liaison counsel, and ratifies the Southern District of New York order appointing plaintiff-side co-lead counsel.",False,False,,"1725 IN RE Delphi Corp. SEC, DER & ERISA/US_DIS_MIED_2_05md1725_176_OPINION and ORDER Vacating the Southern District o_176_0.pdf",extracted
new,1721-15,1721,15,2006-03-10,DJW,MJ,False,3,0,True,False,True,True,Communications,5,False,False,False,True,False,False,,"Date line states March 10, 2005, but the scheduling conference and deadlines indicate 2006.",False,False,,1721 IN RE Cessna 208 Series Aircraft PL/US_DIS_KSD_2_05md1721_15_SCHEDULING ORDER_ Fact Liability Discovery deadlin_15_0.pdf,extracted
new,1718-18,1718,18,2006-06-15,BAF,DJ,False,6,0,True,True,True,True,LeadCounsel; Management; Communications; ClassCounsel,12,False,False,True,True,False,False,,,False,False,,1718 IN RE Ford Motor Co. Speed Control Deactiviation Switch PL/US_DIS_MIED_2_05md1718_18_CASE MANAGEMENT ORDER No 1 signed by Judge Bernard_18_0.pdf,extracted
new,1741-13,1741,13,2006-04-04,RB,DJ,True,1,0,False,False,True,False,LeadCounsel,2,False,False,False,False,True,False,,,False,True,,"1741 IN RE Isolagen, Inc., SEC & DER/US_DIS_PAED_2_06md1741_13_MEMORANDUM AND ORDER THAT THE INVESTMENT FUND GROU_13_0.pdf",extracted
new,1737-14,1737,14,2006-06-30,R,DJ,False,0,0,False,False,True,False,ClassCounsel,1,False,True,False,False,True,False,,,False,False,,"1737 IN RE American Honda Motor Co., Inc., Oil Filter PL/US_DIS_CACD_2_06ml1737_14_ORDER by Judge Manuel L. Real Plainiffs Motion for_14_0.pdf",extracted
new,1735-120,1735,120,2007-01-29,PMP,DJ,True,0,0,False,False,True,False,LeadCounsel,2,False,False,False,False,False,False,,"Order strikes Furth, Lehmann and Grant LLP's Notice Regarding Co-Lead Counsel and confirms Carolyn Beasley Burton as Co-Lead Counsel with Robert J. Bonsignore. The dispute over whether Burton or the firm should be designated Co-Lead Counsel is apparent from the order.",False,True,,1735 IN RE Wal-Mart Wage and Hour EP/US_DIS_NVD_2_06cv225_120_ORDER STRIKING FILED DOCUMENT(S). Docket No. 97 No_120_0.pdf,extracted
new,1735-322,1735,322,2009-05-28,PMP,DJ,False,0,0,False,False,True,False,ClassCounsel,2,False,True,False,False,True,False,,,False,False,,"1735 IN RE Wal-Mart Wage and Hour EP/US_DIS_NVD_2_06cv225_322_PRELIMINARY ORDER APPROVING 302 Settlement, Approv_322_0.pdf",extracted
new,1735-491,1735,491,2009-11-02,PMP,DJ,False,2,0,True,,True,False,LeadCounsel; ClassCounsel; Settlement,4,False,True,False,False,True,True,,,False,False,,1735 IN RE Wal-Mart Wage and Hour EP/US_DIS_NVD_2_06cv225_491_ORDER re Plaintiffs_ Motion for Final Approval of _491_0.pdf,extracted
new,1749-53,1749,53,2007-01-23,GER,DJ,False,0,0,False,False,True,False,LeadCounsel,2,False,False,False,False,False,False,,,False,False,,"1749 IN RE General Motors Corp. SEC & DER/US_DIS_MIED_2_06md1749_53_ORDER granting 18 Motion adding Labaton, Sucharow _53_0.pdf",extracted
?,,,59,2005-10-12,RJH,MJ,False,3,0,True,True,True,False,LeadCounsel; Communications; Management,8,False,False,True,True,False,False,,Using Document 59 filed date as the order entry date; embedded header also references Document 25-3 filed 09/15/2005.,False,False,,"1730 IN RE Hypodermic Products Antitrust Litigation/US_DIS_NJD_2_05cv1602_59_CASE MANAGEMENT ORDER NO. 5, Includes missing page_59_0.pdf",extracted
new,1741-117,1741,117,2009-03-24,RB,DJ,False,0,0,True,True,True,,ClassCounsel; SettlementAdministration,0,False,True,,,True,,,Final judgment finally certifies Plaintiffs' Lead Counsel as Class Counsel but does not identify counsel by name in the order text.,True,False,,"1741 IN RE Isolagen, Inc., SEC & DER/US_DIS_PAED_2_06md1741_117_ORDER RE_ FINAL JUDGEMENT_ THE COURT HEREBY AFFIRM_117_0.pdf",extracted
new,1735-326,1735,326,2009-06-09,PMP,DJ,False,0,0,True,False,True,False,ClassCounsel,3,False,True,False,False,True,False,,Order preliminarily approves settlement and conditionally certifies a settlement class; named ERISA Class Counsel are listed for objection/service purposes.,False,False,,"1735 IN RE Wal-Mart Wage and Hour EP/US_DIS_NVD_2_06cv225_326_ORDER Preliminarily Approving Settlement, Conditio_326_0.pdf",extracted
new,1730-444,1730,444,2012-11-16,JLL,DJ,False,0,0,True,True,True,False,LeadCounsel; Communications; Management; ClassCounsel,7,False,True,False,False,True,True,,,False,False,,1730 IN RE Hypodermic Products Antitrust Litigation/US_DIS_NJD_2_05cv1602_444_FINDINGS AND ORDER CERTIFYING THE DIRECT PURCHASER_444_0.pdf,extracted
new,1733-85,1733,85,2006-06-06,CFB,MJ,False,6,0,True,True,True,True,LeadCounsel; Management; Communications,29,True,False,True,False,False,False,,,False,False,,1733 IN RE Teflon PL/US_DIS_IASD_4_06md1733_85_PRETRIAL ORDER Number One. Entered by Magistrate J_85_0.pdf,extracted
?,,,75,2006-04-28,RJH,MJ,False,3,0,True,True,True,False,LeadCounsel; Management; Communications; Discovery; Motions,14,False,False,False,False,False,False,,Order amends CMO No. 5 and designates plaintiff leadership for direct and indirect purchaser class actions.,False,False,,1730 IN RE Hypodermic Products Antitrust Litigation/US_DIS_NJD_2_05cv1602_75_CASE MANAGEMENT ORDER NO. 7_ Status Conference set_75_0.pdf,extracted
?,,,9,2006-05-05,DAK,DJ,False,0,0,True,False,True,True,LeadCounsel; Management; Communications,5,False,False,False,False,False,False,,Order expands plaintiffs' leadership and amends Case Management Order No. 1.,False,False,,1742 IN RE Ortho Evra PL/US_DIS_OHND_1_06cv40000_9_CASE MANAGEMENT ORDER No. 3. Status conference hel_9_0.pdf,extracted
new,1742-3,1742,3,2006-03-16,DAK,DJ,False,0,0,True,False,True,True,LeadCounsel; Management; Communications; Discovery,21,False,False,False,False,False,False,,,False,False,,1742 IN RE Ortho Evra PL/US_DIS_OHND_1_06cv40000_3_CASE MANAGEMENT ORDER No. 1 re designation of Lead_3_0.pdf,extracted
new,1736-663,1736,663,2013-07-26,RWS,DJ,False,0,0,True,False,True,True,LeadCounsel; Communications; Trial,3,False,False,False,False,False,False,Products Liability,This remand pretrial order does not create new leadership; it recounts prior lead/liaison counsel appointments and notes Harris Pogust was replaced as plaintiffs' lead counsel by Christopher Coffin and Andy Vickery.,False,True,,1736 IN RE Celexa and Lexapro PL/US_DIS_MOED_4_06md1736_663_MDL PRETRIAL ORDER FOR REMANDED CASES AND SUGGESTI_663_0.pdf,extracted
new,1742-30,1742,30,2006-07-27,DAK,DJ,False,1,0,True,True,True,False,LeadCounsel; Communications; Coordination,4,False,False,False,True,False,False,,,False,False,,1742 IN RE Ortho Evra PL/US_DIS_OHND_1_06cv40000_30_CASE MANAGEMENT ORDER No. 5 appointing Michael Lon_30_0.pdf,extracted
new,1768-167,1768,167,2008-12-04,TJS,DJ,False,0,0,False,False,True,False,LeadCounsel,4,False,False,False,False,False,False,,Order grants unopposed motion to amend prior order appointing Interim Lead Counsel for plaintiffs in the Direct Purchaser Actions.,False,False,,1768 IN RE_ Methyl Methacrylate (MMA) Antitrust Litigation/1768_doc167.pdf,extracted
new,1742-43,1742,43,2006-08-25,DAK,DJ,False,0,0,True,True,True,True,Management; Communications; Discovery; Coordination,3,False,False,,True,False,False,,Order coordinates discovery between MDL proceedings and related state-court actions and references liaison counsel appointments.,False,False,,1742 IN RE Ortho Evra PL/US_DIS_OHND_1_06cv40000_43_CASE MANAGEMENT ORDER No. 8 (State Federal Coordin_43_0.pdf,extracted
new,1751-390,1751,390,2009-11-17,JM,DJ,False,0,0,True,True,True,False,ClassCounsel; Management,4,False,True,False,False,True,False,,Signature block omits judge name; judge initials taken from case caption/number.,False,True,,1751 IN RE Jamster Marketing/US_DIS_CASD_3_05cv819_390_ORDER granting 388 Motion for Preliminary approval_390_0.pdf,extracted
new,1739-109,1739,109,2007-12-04,SWK,DJ,False,2,0,True,True,True,False,ClassCounsel,8,False,True,False,False,True,False,,,False,False,,1739 IN RE Grand Theft Auto Video Game Consumer (No. II)/US_DIS_NYSD_1_06md1739_109_HEARING ORDER... that the Court hereby preliminari_109_0.pdf,extracted
new,1768-2,1768,2,2006-08-21,TJS,DJ,False,2,0,True,True,True,False,LeadCounsel; Communications,2,False,True,True,True,True,False,,,False,False,,1768 IN RE_ Methyl Methacrylate (MMA) Antitrust Litigation/1768_doc2.pdf,extracted
new,1768-32,1768,32,2006-08-21,TJS,DJ,False,2,0,True,True,True,False,LeadCounsel; Communications,4,False,True,True,True,True,False,,,False,False,,1768 IN RE_ Methyl Methacrylate (MMA) Antitrust Litigation/1768_doc32.pdf,extracted
new,1767-21,1767,21,2006-10-25,PRC,MJ,True,1,0,True,True,True,False,ClassCounsel,1,False,True,False,False,True,True,,Defendant objected to the requested co-lead class counsel structure; court appointed only ECL&G as interim counsel and denied appointment of the MZC Group as co-lead class counsel.,False,False,,1767 IN RE_ H&R Block Mortgage Corp. Prescreening/US_DIS_INND_2_06md230_21_ORDER granting in part and denying in part 11 Moti_21_0.pdf,extracted
new,1763-625,1763,625,2008-08-11,MF,MJ,False,0,0,True,True,True,False,LeadCounsel; Discovery; Settlement; Communications; Coordination,6,False,False,False,True,False,False,,PACER filed date used over signature date. Order supersedes and replaces Pretrial Order No. 1; organizational units are not clearly created for the first time.,False,False,,1763 IN RE_ Human Tissue PL/US_DIS_NJD_2_06cv135_625_General Case Management ORDER_ this Order superced_625_0.pdf,extracted
new,1749-92,1749,92,2008-09-23,GER,DJ,False,1,0,True,True,True,False,ClassCounsel,2,False,True,False,False,True,False,Securities; Derivative,Order preliminarily certifies a settlement class and appoints two law firms as Class counsel/Co-Lead Counsel. Epiq Systems is appointed as Claims Administrator but excluded as a non-attorney administrator.,False,False,,1749 IN RE General Motors Corp. SEC & DER/US_DIS_MIED_2_06md1749_92_ORDER for Preliminary Approval and Notice of Heari_92_0.pdf,extracted
new,1760-87,1760,87,2006-07-21,JBB,MJ,False,4,0,True,True,True,False,LeadCounsel; Management; Communications,7,False,False,True,True,False,False,,,False,False,,1760 IN RE Aredia and Zometa PL/US_DIS_TNMD_3_06md1760_87_PRETRIAL ORDER #1_ Plaintiff_s Counsel Structure. _87_0.pdf,extracted
new,1760-89,1760,89,2006-07-28,JBB,MJ,False,1,0,True,False,True,True,LeadCounsel,2,False,False,True,False,True,False,,"Order states that, by separate Docket Entry No. 87, Charles Patrick Flynn had been designated Plaintiffs' Liaison Counsel and a Plaintiffs' Steering Committee and Executive Committee had been appointed; those plaintiff leadership appointments are not made in this order.",False,False,,1760 IN RE Aredia and Zometa PL/US_DIS_TNMD_3_06md1760_89____Modified - See Order #1066___CASE MANAGEMENT OR_89_0.pdf,extracted
new,1769-122,1769,122,2007-01-16,ACC,DJ,False,1,0,False,False,True,True,LeadCounsel; Communications,4,False,False,True,False,False,False,,,False,False,,1769 IN RE_ Seroquel Products Liability Litigation/US_DIS_FLMD_6_06md1769_122_ORDER denying 73 Motion to withdraw as attorney _ _122_0.pdf,extracted
new,1775-1255,1775,1255,2010-09-08,JG,DJ,False,1,0,True,True,True,False,ClassCounsel,4,False,True,False,False,True,,Antitrust,"Preliminary approval order appoints four law firms as Settlement Class Counsel. The Garden City Group as Claims Administrator and Citibank, N.A. as Escrow Agent are excluded as non-legal/non-leadership roles.",False,False,,1775 IN RE_ Air Cargo Shipping Services Antitrust Litigation/US_DIS_NYED_1_06md1775_1255_Preliminary Approval of Settlement Agreement as to_1255_0.pdf,extracted
new,1745-39,1745,39,2006-11-15,SVW,DJ,False,2,0,True,True,True,False,LeadCounsel; Management,8,False,False,True,True,True,False,,,False,True,,1745 IN RE Live Concert Antitrust Litigation/US_DIS_CACD_2_06ml1745_39_CASE MANAGEMENT ORDER Number 1 (See document for s_39_0.pdf,extracted
new,1768-175,1768,175,2009-06-24,TSS,DJ,False,1,0,True,True,True,False,ClassCounsel; Settlement,4,False,True,False,False,True,False,,"Order preliminarily approves settlement, certifies settlement classes and class counsel, and approves notice procedures. Non-attorney Settlement/Claims Administrator excluded from Appointments.",False,False,,1768 IN RE_ Methyl Methacrylate (MMA) Antitrust Litigation/US_DIS_PAED_2_06md1768_175_ORDER THAT DIRECT PURCHASER CLASS PLAINTIFF_S MOTI_175_0.pdf,extracted
new,1775-1254,1775,1254,2010-09-08,JG,DJ,False,1,0,True,True,True,False,ClassCounsel; SettlementAdministration,4,False,True,False,False,True,False,,,False,False,,1775 IN RE_ Air Cargo Shipping Services Antitrust Litigation/US_DIS_NYED_1_06md1775_1254_Preliminary Approval of Settlement Agreement as to_1254_0.pdf,extracted
new,1775-1256,1775,1256,2010-09-08,JG,DJ,False,1,0,True,True,True,False,ClassCounsel,4,False,True,False,False,True,False,,"Order preliminarily approves settlement, certifies a settlement class, and appoints Settlement Class Counsel. Claims Administrator and Escrow Agent were excluded as non-attorney/non-law-firm roles.",False,False,,1775 IN RE_ Air Cargo Shipping Services Antitrust Litigation/US_DIS_NYED_1_06md1775_1256_Preliminary Approval of Settlement Agreement as to_1256_0.pdf,extracted
new,1768-31,1768,31,2006-08-21,TJS,DJ,False,0,0,True,True,True,False,LeadCounsel; Communications,6,False,False,False,False,False,False,,Order establishes separate direct-purchaser and indirect-purchaser tracks/dockets and service/filing procedures; defendant counsel listed on service list were not extracted as leadership appointees.,False,False,,1768 IN RE_ Methyl Methacrylate (MMA) Antitrust Litigation/US_DIS_PAED_2_06md1768_31_PROCEDURAL ORDER THAT THIS MULTIDISTRICT MATTER SH_31_0.pdf,extracted
new,1775-1363,1775,1363,2011-01-06,JG,DJ,False,1,0,True,True,True,False,ClassCounsel,4,False,True,False,False,True,False,,,False,False,,"1775 IN RE_ Air Cargo Shipping Services Antitrust Litigation/US_DIS_NYED_1_06md1775_1363_ORDER, as to dft Nippon Airways Co., Ltd., the ter_1363_0.pdf",extracted
new,,1775,,2009-06-02,VVP,MJ,False,1,0,True,True,True,False,LeadCounsel,4,False,False,,True,False,False,,,False,False,,1775 IN RE_ Air Cargo Shipping Services Antitrust Litigation/1775_2009_06_02.pdf,extracted
new,1775-1291,1775,1291,2010-10-14,JG,DJ,False,1,0,True,True,True,False,ClassCounsel; Settlement,4,False,True,False,False,True,False,,"Preliminary approval order appoints firm Settlement Class Counsel. The Garden City Group as Claims Administrator and Citibank, N.A. as Escrow Agent are excluded as non-attorney/non-leadership roles.",False,False,,1775 IN RE_ Air Cargo Shipping Services Antitrust Litigation/US_DIS_NYED_1_06md1775_1291_Preliminary Approval of Settlement as to dfts Scan_1291_0.pdf,extracted
new,1763-30,1763,30,2006-07-07,WJM/RJH,DJ; MJ,False,6,0,True,True,True,False,LeadCounsel; Discovery; Settlement; Communications; Coordination; Management,6,False,False,,True,False,False,,"Multiple judges; signature block OCR appears to include Hon. William J. Martini, U.S.D.J. and Hon. Ronald J. Hedges, U.S.M.J.",False,False,,1763 IN RE_ Human Tissue PL/US_DIS_NJD_2_06cv135_30_PRETRIAL ORDER No.1 re_ practice and procedure in _30_0.pdf,extracted
new,1775-1570,1775,1570,2011-09-06,JG,DJ,False,1,0,True,True,True,False,ClassCounsel,4,False,True,False,False,True,False,,Claims Administrator and Escrow Agent excluded from Appointments.,False,False,,1775 IN RE_ Air Cargo Shipping Services Antitrust Litigation/US_DIS_NYED_1_06md1775_1570_Preliminary Approval of Settlement Agreement as to_1570_0.pdf,extracted
new,1775-1569,1775,1569,2011-09-06,JG,DJ,False,1,0,True,True,True,False,ClassCounsel,4,False,True,False,False,True,False,,,False,False,,1775 IN RE_ Air Cargo Shipping Services Antitrust Litigation/US_DIS_NYED_1_06md1775_1569_Preliminary Approval of Settlement Agreement as to_1569_0.pdf,extracted
new,1775-1807,1775,1807,2013-02-19,VVP,MJ,False,0,0,False,False,True,False,LeadCounsel,1,False,False,False,False,False,False,,"Order grants motion to substitute Robins, Kaplan, Miller & Ciresi L.L.P. for Labaton Sucharow LLP as firm affiliation for Hollis L. Salzman, one of Plaintiffs' Interim Co-Lead Counsel.",False,False,,1775 IN RE_ Air Cargo Shipping Services Antitrust Litigation/US_DIS_NYED_1_06md1775_1807_ORDER granting 1804 Motion to Amend_Correct_Supple_1807_0.pdf,extracted
new,1775-1381,1775,1381,2011-01-26,JG,DJ,False,1,0,True,True,True,False,ClassCounsel,4,False,True,False,False,True,False,,,False,False,,"1775 IN RE_ Air Cargo Shipping Services Antitrust Litigation/US_DIS_NYED_1_06md1775_1381_ORDER, The terms of the settlement agreement are p_1381_0.pdf",extracted
new,1775-1418,1775,1418,2011-03-14,JG,DJ,False,1,0,True,True,True,False,ClassCounsel,4,False,True,False,False,True,False,,,False,False,,1775 IN RE_ Air Cargo Shipping Services Antitrust Litigation/US_DIS_NYED_1_06md1775_1418_ORDER regarding Settlement Agreement with Defendan_1418_0.pdf,extracted
new,1775-1362,1775,1362,2011-01-06,JG,DJ,False,1,0,True,True,True,False,ClassCounsel; Settlement; SettlementAdministration,4,False,True,False,False,True,False,,Preliminary approval of settlement with Cargolux; appoints Settlement Class Counsel. Non-attorney Claims Administrator and Escrow Agent excluded from Appointments.,False,False,,"1775 IN RE_ Air Cargo Shipping Services Antitrust Litigation/US_DIS_NYED_1_06md1775_1362_ORDER, as to dft Cargolux Airlines International S_1362_0.pdf",extracted
new,1775-1568,1775,1568,2011-09-06,JG,DJ,False,1,0,True,True,True,False,ClassCounsel; Settlement,4,False,True,False,False,True,False,,,False,False,,1775 IN RE_ Air Cargo Shipping Services Antitrust Litigation/US_DIS_NYED_1_06md1775_1568_Preliminary Approval of Settlement Agreement as to_1568_0.pdf,extracted
new,1775-1571,1775,1571,2011-09-06,JG,DJ,False,1,0,True,True,True,False,ClassCounsel,4,False,True,False,False,True,False,,"Order preliminarily approves settlement with South African Airways, certifies a settlement class, and appoints four law firms as Settlement Class Counsel. Non-attorney/non-law-firm roles approved in the order, including The Garden City Group as Claims Administrator and Citibank, N.A. as Escrow Agent, were excluded from Appointments.",False,False,,1775 IN RE_ Air Cargo Shipping Services Antitrust Litigation/US_DIS_NYED_1_06md1775_1571_Preliminary Approval of Settlement Agreement as to_1571_0.pdf,extracted
new,1775-1572,1775,1572,2011-09-06,JG,DJ,False,1,0,True,True,True,False,ClassCounsel,4,False,True,False,False,True,False,,,False,False,,1775 IN RE_ Air Cargo Shipping Services Antitrust Litigation/US_DIS_NYED_1_06md1775_1572_Preliminary Approval of Settlement Agreement as to_1572_0.pdf,extracted
new,1775-1630,1775,1630,2012-01-05,JG,DJ,False,1,0,True,True,True,False,ClassCounsel,4,False,True,False,False,True,False,,Non-attorney Claims Administrator and Escrow Agent excluded from appointments.,False,False,,1775 IN RE_ Air Cargo Shipping Services Antitrust Litigation/US_DIS_NYED_1_06md1775_1630_Preliminary Approval of Settlement with Dft El Al _1630_0.pdf,extracted
new,1775-1652,1775,1652,2012-02-13,JG,DJ,False,1,0,True,True,True,False,ClassCounsel,4,False,True,False,False,True,False,,,False,False,,1775 IN RE_ Air Cargo Shipping Services Antitrust Litigation/US_DIS_NYED_1_06md1775_1652_Order of Preliminary Approval of Settlement Agreem_1652_0.pdf,extracted
new,1775-1622,1775,1622,2011-12-15,JG,DJ,False,1,0,True,True,True,False,ClassCounsel,4,False,True,False,False,True,False,,,False,False,,1775 IN RE_ Air Cargo Shipping Services Antitrust Litigation/US_DIS_NYED_1_06md1775_1622_Preliminary Approval of Settlement Agreement as to_1622_0.pdf,extracted
new,1775-1979,1775,1979,2014-01-29,JG,DJ,False,0,0,True,True,True,False,ClassCounsel,4,False,True,False,False,True,False,,"Order preliminarily approves settlement with Korean Air, certifies settlement class, and appoints Settlement Class Counsel. Claims Administrator and Escrow Agent are excluded from appointments as non-leadership/non-attorney administrative roles.",False,False,,1775 IN RE_ Air Cargo Shipping Services Antitrust Litigation/US_DIS_NYED_1_06md1775_1979_ORDER granting 1962 Motion for Settlement with Def_1979_0.pdf,extracted
new,1775-1980,1775,1980,2014-01-29,JG,DJ,False,0,0,True,True,True,False,ClassCounsel,4,False,True,False,False,True,False,,,False,False,,1775 IN RE_ Air Cargo Shipping Services Antitrust Litigation/US_DIS_NYED_1_06md1775_1980_ORDER granting 1964 Motion for Settlement with Def_1980_0.pdf,extracted
new,1775-238,1775,238,2006-12-18,VVP,MJ,False,0,0,True,True,True,False,Communications,1,False,False,False,False,False,,,,False,False,,"1775 IN RE_ Air Cargo Shipping Services Antitrust Litigation/US_DIS_NYED_1_06md1775_238_PRACTICE AND PROCEDURE ORDER NUMBER 3, endorsing d_238_0.pdf",extracted
new,1775-2098,1775,2098,2014-12-24,JG,DJ,False,1,0,True,True,True,False,ClassCounsel,4,False,True,False,False,True,False,,,False,False,,1775 IN RE_ Air Cargo Shipping Services Antitrust Litigation/US_DIS_NYED_1_06md1775_2098_ORDER granting 2095 Motion for Preliminary Approva_2098_0.pdf,extracted
new,1775-2282,1775,2282,2015-07-10,JG,DJ,False,1,0,False,False,True,False,ClassCounsel,4,False,True,False,False,False,False,,"Order adopts Report and Recommendations; objections are noted generally, but the order does not show competing class-counsel applications or objections specifically to the appointment.",False,False,,1775 IN RE_ Air Cargo Shipping Services Antitrust Litigation/US_DIS_NYED_1_06md1775_2282_ORDER ADOPTING REPORT AND RECOMMENDATIONS. Finding_2282_0.pdf,extracted
new,1775-2017,1775,2017,2014-05-16,JG,DJ,False,1,0,True,True,True,False,ClassCounsel,4,False,True,False,False,True,False,,,False,False,,1775 IN RE_ Air Cargo Shipping Services Antitrust Litigation/US_DIS_NYED_1_06md1775_2017_ORDER granting 2012 Motion for Settlement with Def_2017_0.pdf,extracted
new,1775-2326,1775,2326,2015-08-03,JG,DJ,False,1,0,False,False,True,False,ClassCounsel,4,False,True,False,False,False,False,,Amended order adopts Judge Pohorelsky's Report and Recommendations; objections are noted but not specifically objections to the Class Counsel appointment.,False,False,,1775 IN RE_ Air Cargo Shipping Services Antitrust Litigation/US_DIS_NYED_1_06md1775_2326_ORDER in case 1_06-cv-00706-JG-VVP_ granting (2303_2326_0.pdf,extracted
new,1775-1657,1775,1657,2012-03-01,JG,DJ,False,0,0,True,False,True,False,ClassCounsel,4,False,True,False,False,True,False,,,False,False,,1775 IN RE_ Air Cargo Shipping Services Antitrust Litigation/US_DIS_NYED_1_06md1775_1657_ORDER granting 1654 Motion for Preliminary Approva_1657_0.pdf,extracted
new,1775-2183,1775,2183,2015-05-05,JG,DJ,False,1,0,True,True,True,False,ClassCounsel; Settlement,4,False,True,False,False,True,False,,,False,False,,1775 IN RE_ Air Cargo Shipping Services Antitrust Litigation/US_DIS_NYED_1_06md1775_2183_ORDER granting 2180 Motion for Approval of Settlem_2183_0.pdf,extracted
new,1775-2056,1775,2056,2014-10-17,JG,DJ,False,1,0,True,True,True,False,ClassCounsel,4,False,True,False,False,True,False,,"Order preliminarily approves settlement, certifies a settlement class, and appoints Settlement Class Counsel. Non-attorney Claims Administrator and Escrow Agent excluded from Appointments.",False,False,,"1775 IN RE_ Air Cargo Shipping Services Antitrust Litigation/US_DIS_NYED_1_06md1775_2056_ORDER, granting 2052 Motion for Settlement. Ordere_2056_0.pdf",extracted
new,1785-15,1785,15,2006-11-14,DCN,DJ,True,0,0,True,False,True,False,LeadCounsel,1,False,False,False,False,False,False,,"Daniel E. Becnel, Jr. submitted an objection to Mr. Hahn’s election; court appointed Mr. Hahn notwithstanding the objection.",False,True,,1785 IN RE_ Bausch & Lomb Inc. Contact Lens Solution PL/US_DIS_SCD_2_06mn77777_15_ORDER Case Management Order No. 2_ personal injury_15_0.pdf,extracted
new,1775-299,1775,299,2007-03-06,VVP,MJ,False,2,0,True,,True,False,LeadCounsel; Communications,5,False,,,,,,,,False,False,,1775 IN RE_ Air Cargo Shipping Services Antitrust Litigation/US_DIS_NYED_1_06md1775_299_PRACTICE AND PROCEDURE ORDER NUMBER 4 granting 272_299_0.pdf,extracted
new,1775-232,1775,232,2006-12-04,VVP,MJ,False,2,0,True,True,True,False,LeadCounsel; Communications,4,False,False,,True,False,,,,False,False,,"1775 IN RE_ Air Cargo Shipping Services Antitrust Litigation/US_DIS_NYED_1_06md1775_232_PRACTICE AND PROCEDURE ORDER NUMBER 2, appointing _232_0.pdf",extracted
new,1775-732,1775,732,2008-04-04,JG,DJ,False,1,0,True,True,True,False,ClassCounsel; Settlement,8,False,True,False,False,True,False,,,False,False,,"1775 IN RE_ Air Cargo Shipping Services Antitrust Litigation/US_DIS_NYED_1_06md1775_732_ORDER_ Judge Pohorelsky_s R&R dated March 14, 2008_732_0.pdf",extracted
new,1775-780,1775,780,2008-07-18,VVP,MJ,False,0,0,False,False,True,False,LeadCounsel,3,False,False,False,False,False,False,,Order substitutes Craig C. Corbitt in place of Henry Cirillo and The Furth Firm LLP as U.S. Indirect Purchaser Counsel; the role is not expressly labeled lead counsel.,False,False,,1775 IN RE_ Air Cargo Shipping Services Antitrust Litigation/US_DIS_NYED_1_06md1775_780_PRACTICE AND PROCEDURE ORDER 7 granting 767 Motion_780_0.pdf,extracted
new,1775-757,1775,757,2008-05-16,VVP,MJ,False,0,0,False,False,,,,0,False,False,False,False,False,False,,"OCR text is largely illegible. The order appears to grant a motion and may reference 'Barbara J. H...', but the appointee's full name and role are not discernible from the provided text.",True,False,,1775 IN RE_ Air Cargo Shipping Services Antitrust Litigation/US_DIS_NYED_1_06md1775_757_PRACTICE & PROCEDURE ORDER NUMBER 6 granting 739 M_757_0.pdf,extracted
new,1775-872,1775,872,2008-11-26,VVP,MJ,True,0,0,False,False,True,False,LeadCounsel; Communications,3,False,False,False,False,False,False,,"Hausfeld LLP moved to amend prior practice and procedure orders; Cohen Milstein opposed. Order substitutes Hausfeld LLP for Cohen, Milstein, Hausfeld & Toll P.L.L.C. as Liaison Counsel and Foreign Purchaser Co-Lead Counsel, and confirms Michael D. Hausfeld remains Co-Lead Counsel.",False,False,,1775 IN RE_ Air Cargo Shipping Services Antitrust Litigation/US_DIS_NYED_1_06md1775_872_MEMORANDUM AND ORDER granting 808 Motion to Amend__872_0.pdf,extracted
new,1789-156,1789,156,2007-09-12,JFK,DJ,False,0,0,False,,True,False,Management,3,,,,,,,,,False,False,,1789 IN RE_ Fosamax PL/US_DIS_NYSD_1_06md1789_156_CASE MANAGEMENT ORDER NO. 2A (Amending Case Manage_156_0.pdf,extracted
new,1786-22,1786,22,2006-12-18,RED,DJ,False,2,0,False,False,True,False,LeadCounsel; Communications,2,False,False,False,False,False,False,,,False,False,,"1786 IN RE_ H&R Block, Inc., Express IRA Marketing/US_DIS_MOWD_4_06md1786_22_ORDER_ Stueve Siegel Hanson Woody LLP shall serve _22_0(1).pdf",extracted
new,1786-22,1786,22,2006-12-18,RED,DJ,False,2,0,False,False,True,False,LeadCounsel; Communications,2,False,False,False,False,False,False,,,False,False,,"1786 IN RE_ H&R Block, Inc., Express IRA Marketing/US_DIS_MOWD_4_06md1786_22_ORDER_ Stueve Siegel Hanson Woody LLP shall serve _22_0.pdf",extracted
new,1777-45,1777,45,2006-09-28,SRC,DJ,False,4,0,True,True,True,False,LeadCounsel; Communications,5,False,False,False,True,False,False,,PACER header for Document 45 shows filed 09/28/2006; signed/proposed order text dated 09/22/2006.,False,False,,"1777 IN RE_ SFBC International, Inc., SEC & DER/US_DIS_NJD_2_06cv165_45_PRETRIAL ORDER NO 1 (Initial Management Order) CON_45_0.pdf",extracted
new,1782-35,1782,35,2007-01-24,JF,DJ,False,1,0,True,True,True,False,Management; Communications,2,False,False,False,False,False,False,,,False,False,,1782 IN RE_ Pharmacy Benefit Managers Antitrust Litigation/US_DIS_PAED_2_06md1782_35_CASE MANAGEMENT ORDER NO. 1 RE_ MASTER DOCKET AND _35_0.pdf,extracted
new,1775-225,1775,225,2006-11-15,VVP,MJ,True,1,0,True,True,True,False,LeadCounsel; ClassCounsel,4,False,True,False,False,True,True,,"The order identifies competing applications for interim class counsel and proposes a four-attorney co-lead structure, with objections due within five days and a further order to follow concerning appointment and duties.",False,False,,1775 IN RE_ Air Cargo Shipping Services Antitrust Litigation/US_DIS_NYED_1_06md1775_225_DECISION AND ORDER re motions for appointment of i_225_0.pdf,extracted
new,1786-220,1786,220,2010-01-25,RED,DJ,False,0,0,True,True,True,False,LeadCounsel; ClassCounsel,2,False,True,False,False,True,False,,"Preliminary approval settlement order appoints Girard Gibbs LLP and Stueve Siegel Hanson LLP as Lead Counsel to represent the settlement class. Analytics, Inc. was approved as Administrator but excluded from Appointments as a non-attorney settlement/claims administrator.",False,False,,"1786 IN RE_ H&R Block, Inc., Express IRA Marketing/US_DIS_MOWD_4_06md1786_220_ORDER granting preliminary approval of proposed se_220_0.pdf",extracted
new,1767-21,1767,21,2006-10-25,PRC,MJ,True,1,0,True,True,True,False,ClassCounsel,1,False,True,False,False,True,True,,,False,False,,"1792 IN RE_ InPhonic, Inc., Wireless Phone Rebate/ORDER granting in part and denying in part 11 Motion to Appoint Counsel. Signed by Judge Paul R Cher.pdf",extracted
new,1793-42,1793,42,2006-12-18,CRB,DJ,True,1,0,True,True,True,False,ClassCounsel,2,False,True,False,False,True,False,Antitrust,,False,False,,1793 IN RE_ International Air Transportation Surcharge Antitrust Litigation/US_DIS_CAND_3_06md1793_42_ORDER by Judge Charles R. Breyer appointing interi_42_0.pdf,extracted
new,1785-269,1785,269,2012-10-02,DCN,DJ,False,0,0,False,False,True,True,LeadCounsel; Communications; Management,26,False,False,False,False,False,False,,"Order closes the MDL master docket and relieves previously appointed lead counsel, liaison counsel, executive committee members, and steering committee members from further responsibilities.",False,False,,1785 IN RE_ Bausch & Lomb Inc. Contact Lens Solution PL/US_DIS_SCD_2_06mn77777_269_ORDER CLOSING THE MASTER DOCKET AND RELEASING LEAD_269_0.pdf,extracted
new,1789-5,1789,5,2006-09-25,JFK,DJ,False,5,0,True,True,True,False,LeadCounsel; Management; Communications,13,False,False,False,False,False,False,,,False,False,,1789 IN RE_ Fosamax PL/US_DIS_NYSD_1_06md1789_5_CASE MANAGEMENT ORDER NO. 2 Regarding the Procedur_5_0.pdf,extracted
new,1794-142,1794,142,2011-03-14,PAC,DJ,False,0,0,False,False,False,True,LeadCounsel,1,False,False,False,False,False,False,,"Unopposed motion for withdrawal and substitution of defendant counsel; Cravath, Swaine & Moore LLP is substituted as lead counsel for NPC.",False,False,,1794 IN RE_ Novartis Wage and Hour/US_DIS_NYSD_1_06md1794_142_ORDER GRANTING UNOPPOSED MOTION FOR WITHDRAWAL AND_142_0.pdf,extracted
new,1780-64,1780,64,,LAP,DJ,False,3,0,True,True,True,False,LeadCounsel; Communications; Management,7,False,False,True,False,True,False,,"Order appoints plaintiffs' interim co-lead counsel, foreign plaintiffs' interim liaison counsel, and plaintiffs' steering committee members. Filing/signature date is not legible in the provided OCR.",False,False,,1780 IN RE_ Digital Music Antitrust Litigation/US_DIS_NYSD_1_06md1780_64_PRETRIAL ORDER regarding the procedures to be foll_64_0.pdf,extracted
new,1794-146,1794,146,2012-01-25,PAC,DJ,False,1,0,True,True,True,False,ClassCounsel,4,False,True,False,False,True,False,,"Order preliminarily approves class and collective action settlement, certifies settlement class for settlement purposes, and appoints named attorneys as Class Counsel. Rust Consulting, Inc. appointed Claims Administrator is excluded as a non-attorney/non-law-firm role.",False,False,,1794 IN RE_ Novartis Wage and Hour/US_DIS_NYSD_1_06md1794_146_ORDER PRELIMINARY APPROVING SETTLEMENT_ The Court _146_0.pdf,extracted
?,,,56,2007-09-07,FLW,DJ,True,2,0,False,False,True,False,LeadCounsel; Communications,2,False,False,False,False,False,False,,,False,False,,1799 IN RE_ Vonage Initial Public Offering (IPO) SEC/US_DIS_NJD_3_07cv177_56_ORDER granting 30 Motion to Appoint Zyssman Group _56_0.pdf,extracted
new,1790-4,1790,4,2007-02-07,JLT,DJ,False,4,0,True,True,True,False,LeadCounsel; Management; Communications; ClassCounsel,6,False,False,True,True,False,False,,,False,False,,1790 IN RE_ Volkswagen and Audi Warranty Extension/US_DIS_MAD_1_07md1790_4_Judge Joseph L. Tauro _ ORDER entered. PROCEDURAL _4_0.pdf,extracted
new,1793-243,1793,243,2008-04-25,CRB,DJ,False,0,0,False,False,True,False,ClassCounsel,2,False,True,False,False,True,False,,,False,False,,1793 IN RE_ International Air Transportation Surcharge Antitrust Litigation/US_DIS_CAND_3_06md1793_243_ORDER by Judge Charles R. Breyer granting 218 Moti_243_0.pdf,extracted
new,1785-12,1785,12,2006-11-06,DCN,DJ,False,8,0,True,True,True,True,Communications; Management; LeadCounsel,28,False,False,True,True,False,False,,"Order notes that objections to Mitchell M. Breit's committee service may be filed within 15 days, but does not state that any objection had been made.",False,False,,1785 IN RE_ Bausch & Lomb Inc. Contact Lens Solution PL/US_DIS_SCD_2_06mn77777_12_ORDER Case Management Order No. 1_ liaison counsel_12_0.pdf,extracted
new,1791-79,1791,79,2006-11-22,VRW,DJ,False,3,0,True,False,True,False,Communications; LeadCounsel; ClassCounsel,11,False,False,False,False,False,False,,,False,False,,1791 IN RE  National Security Agency Telecommunications Records Litigation/US_DIS_CAND_4_06md1791_79_ORDER on case management conference. Signed by Chi_79_0.pdf,extracted
new,1793-76,1793,76,2007-03-08,CRB,DJ,False,1,0,True,True,True,False,ClassCounsel; Management,2,False,False,False,True,True,False,Antitrust,"Order restates prior appointment of Interim Class Counsel and specifies duties; it also provides for a Plaintiffs' Executive Committee to be selected by Interim Class Counsel, with Interim Class Counsel deemed members of that committee.",False,False,,1793 IN RE_ International Air Transportation Surcharge Antitrust Litigation/US_DIS_CAND_3_06md1793_76_CASE MANAGEMENT CONFERENCE ORDER_. Signed by Judge_76_0.pdf,extracted
new,1796-54,1796,54,2009-02-11,JR,DJ,False,0,0,True,True,True,False,ClassCounsel,7,False,True,False,False,True,False,,"Order preliminarily approves a class action settlement, preliminarily certifies a settlement class, and preliminarily approves named Class Counsel subject to a prior counsel-appointment order.",False,False,,1796 IN RE_ Department of Veterans Affairs (VA) Data Theft/US_DIS_DCD_1_06mc506_54_ORDER granting 53 Motion for Preliminary Approval _54_0.pdf,extracted
new,1796-79,1796,79,2009-09-23,JR,DJ,False,0,0,False,True,True,False,ClassCounsel; Fees; Settlement,7,False,True,False,False,True,False,,,False,False,,1796 IN RE_ Department of Veterans Affairs (VA) Data Theft/US_DIS_DCD_1_06mc506_79_ORDER AND FINAL JUDGMENT GRANTING FINAL APPROVAL O_79_0.pdf,extracted
new,1816-27,1816,27,2007-06-12,RGK,DJ,False,0,0,False,False,False,True,Communications,1,False,False,False,False,False,False,,,False,False,,1816 IN RE Katz Interactive Call Processing PAT/US_DIS_CACD_2_07ml1816_27_MINUTES OF Initial Conference held before Judge R._27_0.pdf,extracted
new,1807-20,1807,20,2008-12-16,DOC,DJ,False,0,0,True,False,True,False,ClassCounsel,3,False,True,False,False,True,False,,,False,False,,"1807 IN RE Wachovia Securities, LLC, Wage and Hour/US_DIS_CACD_8_07ml1807_20_ORDER by Judge David O. Carter Granting Joint MOTI_20_0.pdf",extracted
new,1791-79,1791,79,,VRW,DJ,False,0,0,True,,True,False,Communications; LeadCounsel; ClassCounsel,11,False,False,False,False,False,False,,Pretrial Order No. 1; no issue or entry date appears in the provided text.,False,False,,1791 IN RE  National Security Agency Telecommunications Records Litigation/US_DIS_CAND_M_06cv1791_79_ORDER on case management conference. Signed by Chi_79_0.pdf,extracted
new,1807-8,1807,8,2008-09-17,DOC,DJ,False,2,0,True,True,True,False,LeadCounsel; Management,10,False,False,False,True,False,False,,,False,False,,"1807 IN RE Wachovia Securities, LLC, Wage and Hour/US_DIS_CACD_8_07ml1807_8_CASE MANAGEMENT ORDER NO. 1 by Judge David O. Cart_8_0.pdf",extracted
new,1819-1340,1819,1340,2011-03-14,CW,DJ,False,1,0,True,True,True,False,ClassCounsel,1,False,False,False,False,False,False,,"Granite Communications, Inc. was appointed as Reseller representative but excluded from Appointments because it is not an attorney or law firm.",False,False,,1819 IN RE Static Random Access Memory (SRAM) Antitrust Litigation/US_DIS_CAND_4_07md1819_1340_ORDER Granting 1326 Motion for Appointment of Sett_1340_0.pdf,extracted
new,1807-3,1807,3,2007-11-07,DOC,DJ,True,0,0,True,True,True,False,LeadCounsel; Management,9,False,False,True,True,False,False,,"Pretrial Order No. 1 references and attaches the September 6, 2007 order appointing Plaintiffs' Lead Counsel and an Executive Committee. The attached order states multiple plaintiffs' motions to appoint lead counsel were considered, with papers submitted in support and opposition.",False,False,,"1807 IN RE Wachovia Securities, LLC, Wage and Hour/US_DIS_CACD_8_07ml1807_3_PRETRIAL ORDER NO. 1 by Judge David O. Carter_ 2) _3_0.pdf",extracted
new,1819-903,1819,903,2009-11-25,CW,DJ,False,1,0,True,,True,False,ClassCounsel,1,,True,,,True,,Antitrust,,False,False,,1819 IN RE Static Random Access Memory (SRAM) Antitrust Litigation/US_DIS_CAND_4_07md1819_903_ORDER by Judge Claudia Wilken granting 645 Motion _903_0.pdf,extracted
new,1817-214,1817,214,2010-08-31,LHP,DJ,False,0,0,,,True,False,ClassCounsel; Settlement,0,False,True,False,False,True,False,,Final class certification and approval of class action settlement. Order appoints class counsel under Rule 23(g) but does not name the counsel in the provided order text.,True,False,,1817 IN RE CertainTeed Corp. Roofing Shingle PL/US_DIS_PAED_2_07md1817_214_ORDER WITH EXHIBITS 1-5 (EXHIBITS 2A-5 FILED UNDER_214_0.pdf,extracted
new,1811-182,1811,182,2007-04-18,CDP,DJ,True,5,0,True,True,True,True,LeadCounsel; Communications; ClassCounsel; Management,9,False,False,True,True,False,False,,Plaintiffs were not in agreement on leadership; the court heard arguments on various proposals and granted some motions to appoint counsel while denying others.,False,True,,1811 IN RE Genetically Modified Rice Litigation/US_DIS_MOED_4_06md1811_182_ORDER APPOINTING LEADERSHIP COUNSEL IT IS HEREBY O_182_0.pdf,extracted
new,1819-566,1819,566,2008-09-29,CW,DJ,False,1,0,True,,True,False,LeadCounsel,1,False,True,False,False,True,False,Antitrust,,False,False,,1819 IN RE Static Random Access Memory (SRAM) Antitrust Litigation/US_DIS_CAND_4_07md1819_566_ORDER by Judge Claudia Wilken granting 437 Motion _566_0.pdf,extracted
?,00001-22,00001,22,2007-06-20,PAM,DJ,False,1,0,True,,,,Communications,9,False,False,,False,False,False,,,False,False,,1824 IN RE Tri-State Water Rights/US_DIS_FLMD_3_07md1_22_ORDER DESIGNATING COUNSEL. Signed by Judge Paul A._22_0.pdf,extracted
new,1817-123,1817,123,2009-12-29,LHP,DJ,False,0,0,True,True,True,False,LeadCounsel; Communications; ClassCounsel,4,False,True,True,False,True,False,,Order grants preliminary settlement approval and settlement class certification; it reaffirms liaison counsel and co-lead/class counsel appointments previously made in Pretrial Orders Nos. 1 and 2.,False,False,,1817 IN RE CertainTeed Corp. Roofing Shingle PL/US_DIS_PAED_2_07md1817_123_ORDER GRANTING PRELIMINARY APPROVAL OF SETTLEMENT _123_0.pdf,extracted
new,1827-1644,1827,1644,2010-03-29,SI,DJ,False,0,0,False,,True,False,Communications,1,False,False,,,False,False,,,False,False,,1827 IN RE TFT-LCD (Flat Panel) Antitrust Litigation/US_DIS_CAND_3_07md1827_1644_ORDER for appointment of Liaison Counsel for Direc_1644_0.pdf,extracted
new,1820-82,1820,82,2007-11-21,JLT,DJ,False,1,0,True,True,True,False,LeadCounsel,2,False,False,False,False,False,False,,Order entered by Special Master Gael Mahony.,False,False,,"1820 IN RE Webloyalty.com, Inc., Marketing & SP/US_DIS_MAD_1_07md1820_82_NOTICE by Gael Mahony AMENDED SCHEDULING ORDER (Ma_82_0.pdf",extracted
new,1826-108,1826,108,2007-06-04,WHA,DJ,True,2,0,True,True,True,False,ClassCounsel,2,False,True,True,True,True,True,,,False,False,,1826 IN RE Graphics Processing Units Antitrust Litigation/US_DIS_CAND_3_07md1826_108_PRETRIAL ORDER NO. 3C by Judge Alsup in case 3_06-_108_0.pdf,extracted
new,1820-124,1820,124,2009-02-24,JLT,DJ,False,1,0,False,False,True,False,ClassCounsel,2,False,True,False,False,True,False,,"The Garden City Group, Inc. was appointed Settlement Administrator but is excluded from Appointments as a non-attorney/non-law-firm administrator.",False,False,,"1820 IN RE Webloyalty.com, Inc., Marketing & SP/US_DIS_MAD_1_07md1820_124_Judge Joseph L. Tauro_ ORDER Granting Preliminary _124_0.pdf",extracted
new,1826-446,1826,446,2008-06-10,WHA,DJ,False,0,0,True,True,True,False,LeadCounsel,2,False,False,False,False,False,False,,,False,False,,1826 IN RE Graphics Processing Units Antitrust Litigation/US_DIS_CAND_3_07md1826_446_ORDER GRANTING JOINT MOTIONS OF (1) THE FURTH FIRM_446_0.pdf,extracted
new,1826-196,1826,196,2007-08-14,WHA,DJ,False,0,0,True,,True,False,LeadCounsel,2,False,False,,,False,False,,,False,False,,1826 IN RE Graphics Processing Units Antitrust Litigation/1826_doc196.pdf,extracted
new,1827-1641,1827,1641,2010-03-28,SI,DJ,False,1,0,False,False,True,False,ClassCounsel,2,False,True,False,False,True,False,,Order grants in part and denies in part direct purchaser plaintiffs' motion for class certification and appoints two law firms as Class Counsel for the direct purchaser plaintiffs. Defendants did not challenge the qualifications of plaintiffs' counsel.,False,False,,1827 IN RE TFT-LCD (Flat Panel) Antitrust Litigation/US_DIS_CAND_3_07md1827_1641_ORDER GRANTING IN PART AND DENYING IN PART DIRECT _1641_0.pdf,extracted
new,1825-5,1825,5,2007-06-01,CAS,DJ,False,0,0,True,True,True,False,LeadCounsel; ClassCounsel; Management,5,False,False,True,True,True,False,,,False,False,,1825 IN RE Midland National Life Insurance Co. Annuity SP/US_DIS_CACD_2_07ml1825_5_PRETRIAL ORDER NO. 2 by Judge Christina A. Snyder__5_0.pdf,extracted
new,1822-64,1822,64,2009-02-19,DSF,DJ,False,3,0,True,True,True,True,ClassCounsel; Communications,9,False,True,False,False,True,False,,,False,False,,"1822 IN RE Bluetooth Headset PL/US_DIS_CACD_2_07ml1822_64_ORDER by Judge Dale S. Fischer, re MOTION for Sett_64_0.pdf",extracted
new,1827-1642,1827,1642,2010-03-28,SI,DJ,False,1,0,False,False,True,False,ClassCounsel,2,False,True,False,False,True,False,Antitrust,,False,False,,1827 IN RE TFT-LCD (Flat Panel) Antitrust Litigation/US_DIS_CAND_3_07md1827_1642_ORDER GRANTING INDIRECT PURCHASER PLAINTIFFS_ MOTI_1642_0.pdf,extracted
new,1825-403,1825,403,2010-10-25,CAS,DJ,False,1,0,True,False,True,False,ClassCounsel; Settlement; SettlementAdministration,7,False,True,True,False,True,False,,"Garden City Group, Inc. appointed as Administrator is excluded because it is not an attorney or law firm leadership appointee.",False,True,,1825 IN RE Midland National Life Insurance Co. Annuity SP/US_DIS_CACD_2_07ml1825_403_ORDER by Judge Christina A. Snyder_ granting 398 M_403_0.pdf,extracted
new,1826-196,1826,196,2007-08-14,WHA,DJ,False,0,0,True,,True,,LeadCounsel,2,False,False,,,False,False,,"Order continues Mr. Lehmann's interim counsel appointment with limitation that he be the sole person from Cohen Milstein Hausfeld and Toll P.L.L.C. working on the case in that role, and appoints Mr. Henry A. Cirillo as co-interim counsel from the Furth Firm.",False,False,,1826 IN RE Graphics Processing Units Antitrust Litigation/US_DIS_CAND_3_07md1826_196_ORDER RE INTERIM COUNSEL_S NEW FIRM AFFILIATION. S_196_0.pdf,extracted
new,1819-122,1819,122,2007-05-17,CW,DJ,False,4,0,True,True,True,False,LeadCounsel; ClassCounsel; Communications; Management,2,False,True,True,True,True,False,Antitrust,"Exhibits A and B are referenced as listing Direct and Indirect Purchaser Steering Committee counsel, but the supplied text does not include those exhibit rosters.",False,False,,1819 IN RE Static Random Access Memory (SRAM) Antitrust Litigation/1819_doc122.pdf,extracted
new,1827-2650,1827,2650,2011-04-13,SI,DJ,False,0,0,False,False,False,True,Communications,1,False,False,False,False,False,False,,,False,False,,1827 IN RE TFT-LCD (Flat Panel) Antitrust Litigation/US_DIS_CAND_3_07md1827_2650_ORDER re_ NOTICE of Change In Counsel by Steven F._2650_0.pdf,extracted
new,1827-2078,1827,2078,2010-10-06,SI,DJ,False,0,0,True,True,True,False,ClassCounsel,2,False,True,False,False,True,False,,,False,False,,"1827 IN RE TFT-LCD (Flat Panel) Antitrust Litigation/US_DIS_CAND_3_07md1827_2078_ORDER (WITH JUDGE_S SIGNATURE) (tf, COURT STAFF) (_2078_0.pdf",extracted
new,1827-2077,1827,2077,2010-10-06,SI,DJ,False,1,0,True,True,True,False,ClassCounsel,2,False,True,False,False,True,False,,,False,False,,1827 IN RE TFT-LCD (Flat Panel) Antitrust Litigation/US_DIS_CAND_3_07md1827_2077_ORDER granting 1850 Motion for Settlement (setting_2077_0.pdf,extracted
new,1827-1686,1827,1686,2010-04-14,SI,DJ,False,1,0,True,True,True,False,ClassCounsel,2,False,True,False,False,True,False,,"Order also appoints Rust Consulting as Claims Administrator, excluded as non-attorney/non-leadership appointment.",False,False,,1827 IN RE TFT-LCD (Flat Panel) Antitrust Litigation/US_DIS_CAND_3_07md1827_1686_ORDER granting 1440 MOTION for Settlement _Prelimi_1686_0.pdf,extracted
new,1819-72,1819,72,2007-05-03,CW,DJ,True,4,0,False,False,True,False,LeadCounsel; Communications; Management,2,False,False,False,False,False,False,,"Minute order grants competing/cross-motions in part. Joseph Cotchett's firm is also referenced as appointed, but the firm name is not stated. The order states the Court will appoint a direct-purchaser steering committee and that it will be made up of firms representing direct purchasers, but no roster is provided.",False,False,,1819 IN RE Static Random Access Memory (SRAM) Antitrust Litigation/US_DIS_CAND_4_07md1819_72_Minute Entry_ Motion Hearing held on 5_3_2007 befo_72_0.pdf,extracted
new,1827-219,1827,219,2007-07-11,SI,DJ,False,0,0,False,False,True,True,Communications,3,False,False,False,False,False,False,,Minute entry appoints liaison counsel by last name only. Court deferred ruling on co-lead counsel issue pending supplemental letters.,False,False,,1827 IN RE TFT-LCD (Flat Panel) Antitrust Litigation/US_DIS_CAND_3_07md1827_219_Minute Entry_ Status Conference HELD Case continue_219_0.pdf,extracted
new,1827-2476,1827,2476,2011-02-18,SI,DJ,False,0,0,True,True,True,False,ClassCounsel,2,False,True,,,True,,,,False,False,,1827 IN RE TFT-LCD (Flat Panel) Antitrust Litigation/US_DIS_CAND_3_07md1827_2476_ORDER MOTION RE_ Final Approval of Settlement with_2476_0.pdf,extracted
new,1827-2475,1827,2475,2011-02-18,SI,DJ,False,0,0,True,True,True,False,ClassCounsel; Settlement,2,False,True,False,False,True,False,Antitrust,,False,False,,1827 IN RE TFT-LCD (Flat Panel) Antitrust Litigation/US_DIS_CAND_3_07md1827_2475_ORDER granting 2394 MOTION for Final Approval of S_2475_0.pdf,extracted
new,1827-3198,1827,3198,2011-07-28,SI,DJ,False,1,0,True,True,True,False,ClassCounsel,2,False,True,False,False,True,False,,,False,False,,1827 IN RE TFT-LCD (Flat Panel) Antitrust Litigation/US_DIS_CAND_3_07md1827_3198_ORDER GRANTING IN PART AND DENYING IN PART INDIREC_3198_0.pdf,extracted
new,1817-13,1817,13,2007-04-06,LHP,DJ,False,4,0,True,True,True,False,LeadCounsel; Management; Communications; ClassCounsel,13,False,False,True,True,True,False,,,False,False,,1817 IN RE CertainTeed Corp. Roofing Shingle PL/US_DIS_PAED_2_07md1817_13_PRETRIAL ORDER NO. 2 RE_ APPOINTING PLAINTIFFS_ MA_13_0.pdf,extracted
new,1842-1396,1842,1396,2008-10-08,ML,DJ,False,0,0,,,True,False,Management,3,False,False,,,False,True,,,False,False,,1842 Kugel Mesh Hernia Patch PL/US_DIS_RID_1_07md1842_1396_PRACTICE AND PROCEDURE ORDER NUMBER 15 - So Ordere_1396_0.pdf,extracted
new,1840-179,1840,179,2007-09-18,KHV,DJ,True,0,0,False,False,True,False,LeadCounsel,1,True,False,False,False,False,False,,,False,False,,1840 Motor Fuel Temperature SP/US_DIS_KSD_2_07md1840_179_ORDER Regarding Appointment of Third Co-Lead Couns_179_0.pdf,extracted
new,1840-1675,1840,1675,2010-05-28,KHV,DJ,False,1,0,False,False,True,False,ClassCounsel,3,False,True,False,False,True,False,,,False,False,,1840 Motor Fuel Temperature SP/US_DIS_KSD_2_07md1840_1675_MEMORANDUM AND ORDER sustaining in part 1106 Plain_1675_0.pdf,extracted
?,,,88,2007-06-04,WGY,DJ,True,2,0,False,False,True,False,LeadCounsel,3,False,False,False,False,False,False,,"The order states that multiple firms filed motions to be appointed lead counsel for the Financial Institutions Track claims against TJX, but then consensually resolved the issue; WDK and Lamb also filed a consensual motion for co-lead counsel as to Fifth Third Bank.",False,False,,"1838 The TJX Companies, Inc., Customer Data/US_DIS_MAD_1_07cv10162_88_Judge William G. Young _ ORDER entered. CASE MANAG_88_0.pdf",extracted
new,1840-1273,1840,1273,2009-08-13,KHV,DJ,False,0,0,True,False,True,False,LeadCounsel; Communications; ClassCounsel,3,False,True,False,False,True,False,,"Order preliminarily certifies a Costco settlement class, preliminarily approves the settlement, directs submission of revised notice, preliminarily schedules a final approval hearing, and appoints settlement class counsel. Non-settling defendants sought coordination of class-certification proceedings, but the order does not show objections or competing applications for the counsel appointments.",False,False,,1840 Motor Fuel Temperature SP/US_DIS_KSD_2_07md1840_1273_ORDER sustaining in part 1015 Plaintiffs_ Motion t_1273_0.pdf,extracted
new,1838-305,1838,305,2008-01-09,WGY,DJ,False,1,0,True,True,True,False,ClassCounsel,3,False,True,False,False,True,False,,,False,False,,"1838 The TJX Companies, Inc., Customer Data/US_DIS_MAD_1_07cv10162_305_Judge William G. Young_ ORDER entered. ORDER of Pr_305_0.pdf",extracted
new,1840-388,1840,388,2008-04-04,JPO,MJ,False,0,0,True,False,True,True,LeadCounsel; Communications,5,False,False,False,True,True,True,,"Scheduling Order No. 2 identifies existing plaintiffs' Lead Counsel, plaintiffs' Liaison Counsel, and defendants' Liaison Counsel; it does not create new leadership units.",False,False,,1840 Motor Fuel Temperature SP/US_DIS_KSD_2_07md1840_388_SCHEDULING ORDER NO. 2  _ Status Conference set fo_388_0.pdf,extracted
new,1827-224,1827,224,2007-07-13,SI,DJ,True,2,0,True,True,True,True,LeadCounsel; ClassCounsel; Communications,7,False,True,True,True,True,False,,"The order states that multiple Rule 23(g) applications for Interim Lead Class Counsel were pending and appoints interim lead class counsel. Liaison counsel appointments are also named in the order, though described as having been made previously at a status conference/Pretrial Order No. 1.",False,False,,1827 IN RE TFT-LCD (Flat Panel) Antitrust Litigation/US_DIS_CAND_3_07md1827_224_Pretrial Order No. 3_ Order Appointing Interim Lea_224_0.pdf,extracted
new,1842-435,1842,435,2008-02-29,MML,DJ,False,0,0,True,False,True,True,Management; Communications,2,False,False,False,False,False,False,,,False,False,,1842 Kugel Mesh Hernia Patch PL/US_DIS_RID_1_07md1842_435_PRACTICE AND PROCEDURE ORDER NUMBER 7. So Ordered _435_0.pdf,extracted
?,,,87,2007-04-09,WGY,DJ,False,2,0,True,True,True,False,LeadCounsel; Communications,3,False,False,True,True,False,False,,"Not an MDL number in the text; this is a consolidated case management order under master C.A. No. 07-10162-WGY. Paragraph 13 appoints Plaintiffs' Co-Lead Counsel, but the appointee names are illegible/OCR-garbled in the supplied text, so they are not extracted.",False,False,,"1838 The TJX Companies, Inc., Customer Data/US_DIS_MAD_1_07cv10162_87_Judge William G. Young _ ORDER entered. AMENDED CA_87_0.pdf",extracted
new,1842-24,1842,24,2007-09-28,ML,DJ,False,3,0,True,True,True,False,LeadCounsel; Management; Communications,12,False,False,True,True,False,False,,Order states no objection was filed.,False,False,,1842 Kugel Mesh Hernia Patch PL/US_DIS_RID_1_07md1842_24_PRACTICE AND PROCEDURE ORDER NUMBER 2 - So Ordered_24_0.pdf,extracted
new,1840-134,1840,134,2007-08-30,JPO,MJ,False,0,0,True,True,True,True,LeadCounsel; Communications,1,True,False,True,True,False,True,,"Order directs plaintiffs to file motions for appointment of Liaison Counsel and Lead Counsel by September 4, 2007. It states Martin M. Loring is appointed defendants' Liaison Counsel by separate order. Kathryn H. Vratil and James P. O'Hara conducted the scheduling conference, but this order is signed only by Magistrate Judge O'Hara.",False,False,,1840 Motor Fuel Temperature SP/US_DIS_KSD_2_07md1840_134_SCHEDULING ORDER NO. 1 -  Plaintiffs to file a con_134_0.pdf,extracted
?,,,15,2008-11-07,FLW,DJ,False,1,0,True,True,True,False,LeadCounsel; ClassCounsel,2,False,False,,True,False,False,,Filed date used as order date; signature date is 2008-11-06.,False,False,,1862 Vonage Marketing & SP/US_DIS_NJD_3_07cv3906_15_ORDER granting Motion for Consolidation and Appoin_15_0.pdf,extracted
new,1845-36,1845,36,2007-09-05,TWT,DJ,True,0,0,True,True,True,False,LeadCounsel; Communications; Management,2,,False,,,False,False,,"Minute entry grants Motion to Appoint Counsel [27] as modified and denies Motion to Appoint Counsel [28]. It references individuals listed in a separate order as appointed to Plaintiffs' Executive Committee and Steering Committee, but this minute entry does not list those individuals.",False,False,,1845 ConAgra Peanut Butter PL/US_DIS_GAND_1_07md1845_36_Minute Entry for proceedings held before Judge Tho_36_0.pdf,extracted
new,1862-89,1862,89,2011-01-03,FLW,DJ,False,0,0,True,True,True,False,ClassCounsel,2,False,True,False,False,True,False,,,False,False,,1862 Vonage Marketing & SP/US_DIS_NJD_3_07cv3906_89_ORDER granting preliminary approval of class settl_89_0.pdf,extracted
new,1865-137,1865,137,2008-05-12,CWH,DJ,False,2,0,True,True,True,False,LeadCounsel; Management,8,False,False,True,True,False,False,,Plaintiffs' counsel consented to the organizational and leadership structure.,False,False,,1865 Household Goods Movers Antitrust Litigation/US_DIS_SCD_2_07cv764_137_ORDER granting (119) Motion to Appoint Counsel App_137_0.pdf,extracted
?,,,71,2007-09-26,NLH/AMD,DJ; MJ,True,0,0,True,,True,True,Communications; LeadCounsel,5,False,,,,,,,Multiple judges. Minute entry grants appointment of liaison counsel for both sides and denies competing plaintiffs' motions for interim lead counsel.,False,False,,1850 Pet Food PL/US_DIS_NJD_1_07cv2867_71_Minute Entry for proceedings held before Judge Noe_71_0.pdf,extracted
new,1850-107,1850,107,2007-12-18,NLH,DJ,True,1,0,True,True,True,False,LeadCounsel,6,True,True,False,False,True,True,,Consent order resolved competing lead counsel motions. Prior appointment of plaintiffs' liaison counsel referenced but not made in this order.,False,False,,1850 Pet Food PL/US_DIS_NJD_1_07cv2867_107_CONSENT ORDER regarding organization of plaintiffs_107_0.pdf,extracted
new,1854-19,1854,19,2007-12-06,CDL,DJ,False,3,0,True,True,True,False,LeadCounsel; Communications; Management,11,False,False,True,False,False,False,,,False,False,,"1854 Tyson Foods, Inc., Fair Labor Standards Act (FLSA)/US_DIS_GAMD_4_07md1854_19_ORDER REGARDING APPOINTMENT OF LEAD AND LIAISON CO_19_0.pdf",extracted
new,1850-72,1850,72,2007-09-26,NLH,DJ,False,2,0,True,True,True,True,LeadCounsel; Communications,1,False,False,False,False,False,False,,"Defendants' joint motion to appoint lead/liaison counsel was granted, but the order does not name the defendant appointees. Plaintiffs' motions to appoint interim lead counsel were denied without prejudice.",True,False,,1850 Pet Food PL/US_DIS_NJD_1_07cv2867_72_ORDER granting in part and denying in part 32 Moti_72_0.pdf,extracted
new,1850-272,1850,272,2008-11-17,NLH,DJ,False,0,0,True,False,True,False,LeadCounsel; ClassCounsel,6,False,True,False,False,True,False,,,False,False,,"1850 Pet Food PL/US_DIS_NJD_1_07cv2867_272_ORDER APPROVING CLASS ACTION SETTLEMENT, CERTIFYIN_272_0.pdf",extracted
new,1867-39,1867,39,2008-01-07,SFC,DJ,True,2,0,True,True,True,False,LeadCounsel; Communications; Management,1,False,True,False,False,True,False,,,False,False,,1867 OnStar CONT/US_DIS_MIED_2_07md1867_39_ORDER Appointing Interim Lead Counsel for Plaintif_39_0.pdf,extracted
new,1845-510,1845,510,2008-11-14,TWT,DJ,False,0,0,True,True,True,True,LeadCounsel; Management; Communications; ClassCounsel,6,False,False,False,True,False,True,,"The order states that plaintiff leadership, including Lead Counsel, Liaison Counsel, an Executive Committee, and a Plaintiffs' Steering Committee, had been appointed by a previous September 5, 2007 order; unnamed members referenced in that prior order are not extracted here.",False,True,,"1845 ConAgra Peanut Butter PL/US_DIS_GAND_1_07md1845_510_INITIAL CASE MANAGEMENT ORDER, Discovery ends on 4_510_0.pdf",extracted
new,1845-60,1845,60,2007-10-23,TWT,DJ,False,2,0,True,True,True,True,LeadCounsel; Communications; ClassCounsel,6,False,False,False,True,False,True,,"PACER filing date used; signature date is partially illegible. Plaintiff leadership appointments are described as having been made by a previous order, with only lead and liaison counsel named in this order.",False,False,,"1845 ConAgra Peanut Butter PL/US_DIS_GAND_1_07md1845_60_INITIAL CASE MANAGEMENT ORDER, Master Complaint du_60_0.pdf",extracted
new,1861-36,1861,36,2008-05-28,RGS,DJ,False,0,0,True,True,True,True,LeadCounsel; Communications,0,False,False,True,True,True,False,,"Order states the Court granted Plaintiffs' motion for appointment of Lead and Liaison Counsel, having heard no objection, but the order does not name the appointees. Defendants reserved their right to contest Plaintiffs' counsel's adequacy under Rule 23(a)(4).",True,False,,1861 Wellnx Marketing & SP/US_DIS_MAD_1_07md1861_36_Judge Richard G. Stearns_ First Case Management OR_36_0.pdf,extracted
new,1845-37,1845,37,2007-09-05,TWT,DJ,False,5,0,True,True,True,False,LeadCounsel; Communications; Management; ClassCounsel,19,False,False,False,True,True,True,,,False,False,,"1845 ConAgra Peanut Butter PL/US_DIS_GAND_1_07md1845_37_ORDER Appointing Plaintiffs_ Lead, Liaison, and Ot_37_0.pdf",extracted
new,1873-14021,1873,14021,2010-05-06,KDE,DJ,False,0,0,False,False,True,True,Management; Communications,11,False,False,False,False,False,False,,"Pre-trial order lists existing plaintiffs' co-liaison counsel, defendant manufacturers' liaison counsel, and court-appointed Plaintiffs' Steering Committee; it does not create new leadership units.",False,False,,1873 FEMA Trailer Formaldehyde PL/US_DIS_LAED_2_07md1873_14021_PRETRIAL ORDER. Signed by Judge Kurt D. Engelhardt_14021_0.pdf,extracted
new,1875-82,1875,82,2010-10-12,TRM,DJ,False,1,0,False,False,True,False,ClassCounsel,3,False,True,False,False,True,False,ERISA,,False,False,,1875 RadioShack Corp. ERISA/US_DIS_TXND_4_08md1875_82_ORDER GRANTING MOTION FOR PRELIMINARY APPROVAL OF _82_0.pdf,extracted
?,,,12,2007-11-13,SJO,DJ,False,1,0,False,False,True,False,LeadCounsel,2,False,False,False,False,False,False,,,False,False,,"1891 Korean Air Lines Co., Ltd., Antitrust Litigation/US_DIS_CACD_2_07cv5107_12_MINUTES OF Status Conference held before Judge S. _12_0.pdf",extracted
new,1888-4,1888,4,2008-03-05,DLG,DJ,False,1,0,True,,True,False,LeadCounsel,3,False,False,True,True,True,True,,PACER entry date used; signature date states only March 2008.,False,True,,1888 Marine Hose Antitrust Litigation (No. II)/US_DIS_FLSD_1_08md1888_4_PRETRIAL ORDER NO. 1 directing parties to file a n_4_0.pdf,extracted
new,1873-24856,1873,24856,2012-03-15,KDE,DJ,False,1,0,True,True,True,True,Communications; Settlement,3,False,False,True,False,False,False,,,False,True,,1873 FEMA Trailer Formaldehyde PL/US_DIS_LAED_2_07md1873_24856_PRETRIAL ORDER NO. 96_ Appointment of Defendants_ _24856_0.pdf,extracted
new,1895-223,1895,223,2008-04-17,WSD,DJ,False,0,0,True,False,False,True,Communications,1,False,False,False,False,False,False,,,False,True,,1895 LTL Shipping Services Antitrust Litigation/US_DIS_GAND_1_08md1895_223_ORDER re 220 Joint MOTION to Appoint Counsel Rober_223_0.pdf,extracted
new,1873-20770,1873,20770,2011-04-08,KDE,DJ,False,0,0,True,False,True,True,Discovery,4,False,False,False,False,False,False,,Pretrial Order No. 86. The order references a committee appointed by prior PTO 84 rather than creating it in this order.,False,False,,1873 FEMA Trailer Formaldehyde PL/US_DIS_LAED_2_07md1873_20770_PRETRIAL ORDER NO. 86. Signed by Judge Kurt D. Eng_20770_0.pdf,extracted
new,1888-547,1888,547,2009-10-16,DLG,DJ,False,1,0,True,True,True,False,ClassCounsel,3,False,True,False,False,True,False,,"Order grants class certification, appoints Class Counsel, preliminarily approves amended settlements, and authorizes notice.",False,False,,1888 Marine Hose Antitrust Litigation (No. II)/US_DIS_FLSD_1_08md1888_547_SECOND AMENDED ORDER GRANTING Class Certification _547_0.pdf,extracted
new,1897-35,1897,35,2008-03-10,DSF,DJ,False,0,0,False,False,True,False,LeadCounsel,2,False,False,False,False,False,,,,False,False,,"1897 Mattel, Inc., Toy Lead Paint PL/US_DIS_CACD_2_07ml1897_35_MINUTES OF AND HEARING ON PLAINTIF_S JOINT NOTICE _35_0.pdf",extracted
new,1895-222,1895,222,2008-04-17,WSD,DJ,False,2,0,True,True,True,False,LeadCounsel; Communications,5,False,True,True,True,True,True,,,False,True,,"1895 LTL Shipping Services Antitrust Litigation/US_DIS_GAND_1_08md1895_222_ORDER re_ 161 Motion to Appoint Counsel, IT IS HER_222_0.pdf",extracted
new,1888-542,1888,542,2009-10-05,DLG,DJ,False,1,0,True,True,True,False,ClassCounsel,3,False,True,False,False,True,False,,"Amended order granting class certification, appointing Class Counsel, and preliminarily approving proposed amended settlements.",False,False,,1888 Marine Hose Antitrust Litigation (No. II)/US_DIS_FLSD_1_08md1888_542_AMENDED ORDER GRANTING CLASS CERTIFICATION and APP_542_0.pdf,extracted
new,1888-513,1888,513,2009-08-11,DLG,DJ,True,1,0,False,False,True,False,ClassCounsel; Settlement,0,False,True,False,False,True,False,,"The order grants Plaintiff's Motion for Class Certification and Appointment of Class Counsel but does not name the class counsel in the order text. It references a prior order appointing three law firms as co-lead counsel, but does not identify them here. The appointment/class-certification request was opposed, including objections to counsel adequacy.",True,False,,1888 Marine Hose Antitrust Litigation (No. II)/US_DIS_FLSD_1_08md1888_513_AMENDED ORDER ON CLASS CERTIFICATION and PRELIMINA_513_0.pdf,extracted
new,1891-75,1891,75,2008-03-14,SJO,DJ,False,1,0,True,True,True,False,LeadCounsel,3,False,False,,True,True,False,,,False,False,,"1891 Korean Air Lines Co., Ltd., Antitrust Litigation/US_DIS_CACD_2_07cv5107_75_AMENDED [PROPOSED] CASE MANAGEMENT ORDER NO.1 by J_75_0.pdf",extracted
new,1891-462,1891,462,2011-02-18,SJO,DJ,False,1,0,True,True,True,False,ClassCounsel,3,False,True,False,False,True,False,Antitrust,,False,False,,"1891 Korean Air Lines Co., Ltd., Antitrust Litigation/US_DIS_CACD_2_07cv5107_462_ORDER by Judge S. James Otero GRANTING Motion for _462_0.pdf",extracted
new,1894-508,1894,508,2014-07-14,AWT,DJ,False,0,0,True,False,True,False,ClassCounsel,4,False,True,False,False,True,False,,"Order appoints Gilardi & Co., LLC as notice and claims administrator, excluded from Appointments as a non-legal settlement/claims administration role.",False,False,,"1894 U.S. Foodservice, Inc., Pricing/US_DIS_CTD_3_07md1894_508_FINDINGS AND ORDER granting 499 Motion for Prelimi_508_0.pdf",extracted
new,1898-5,1898,5,2008-03-19,TCP,DJ,False,1,0,True,False,True,False,LeadCounsel,2,False,False,False,False,False,False,,"Order appoints lead plaintiffs, but those non-attorney entities are excluded from Appointments.",False,False,,1898 American Home Mortgage SEC/US_DIS_NYED_2_07md1898_5_ORDER_ The captioned actions in the order are here_5_0.pdf,extracted
new,1888-511,1888,511,2009-08-04,DLG,DJ,True,1,0,False,False,True,False,ClassCounsel,0,False,True,False,False,True,False,Antitrust,"Order grants class certification and preliminary approval of settlements. It grants a motion styled as including appointment of class counsel, but the order does not name the class counsel/appointees; underlying motion/prior appointment order would need review.",True,False,,1888 Marine Hose Antitrust Litigation (No. II)/US_DIS_FLSD_1_08md1888_511_ORDER ON CLASS CERTIFICATION AND PRELIMINARY SETTL_511_0.pdf,extracted
?,,,833,2009-07-13,BEN,DJ,False,0,0,True,True,True,False,LeadCounsel; ClassCounsel,3,False,True,False,False,True,False,,Preliminary approval order for class settlements; no MDL number appears in the order text.,False,False,,"1889 Peregrine Systems, Inc., SEC/US_DIS_CASD_3_02cv870_833_ORDER Preliminarily Approving Settlements, Providi_833_0.pdf",extracted
?,422-738,422,738,2006-07-31,BEN,DJ,False,0,0,True,True,True,False,LeadCounsel; ClassCounsel,3,False,True,False,False,True,False,,"The order also appoints Gilardi & Co. LLC as Claims Administrator, but that non-legal settlement administration role is excluded.",False,False,,"1889 Peregrine Systems, Inc., SEC/US_DIS_CASD_3_02cv870_738_Order preliminarily approving settlements, providi_738_0.pdf",extracted
new,1898-96,1898,96,2010-01-14,TCP,DJ,False,0,0,True,True,True,False,ClassCounsel,2,False,True,False,False,True,False,,,False,False,,1898 American Home Mortgage SEC/US_DIS_NYED_2_07md1898_96_JUDGMENT and ORDER approving settlement between le_96_0.pdf,extracted
new,1891-608,1891,608,2013-07-31,SJO,DJ,False,1,0,True,True,True,False,ClassCounsel,3,False,True,False,False,True,False,Antitrust,,False,False,,"1891 Korean Air Lines Co., Ltd., Antitrust Litigation/US_DIS_CACD_2_07cv5107_608_ORDER GRANTING PLAINTIFFS MOTION FOR PRELIMINARY A_608_0.pdf",extracted
?,,,145,2002-10-11,J,DJ,True,2,0,True,True,True,False,LeadCounsel,2,False,False,False,False,True,False,,,False,False,,"1889 Peregrine Systems, Inc., SEC/US_DIS_CASD_3_02cv870_145_Order by Judge Napoleon A. Jones Jr. granting moti_145_0.pdf",extracted
new,1898-95,1898,95,2010-01-14,TCP,DJ,False,0,0,True,True,True,False,ClassCounsel,2,False,True,False,False,True,False,,Judgment and order approving class settlement and finally certifying Offerings Subclass Counsel for settlement purposes.,False,False,,1898 American Home Mortgage SEC/US_DIS_NYED_2_07md1898_95_JUDGMENT and ORDER approving settlement between le_95_0.pdf,extracted
new,1907-173,1907,173,2010-12-07,ERW,DJ,False,1,0,True,False,,,LeadCounsel,1,False,False,False,False,False,False,,Order refers case to mediation/ADR and designates Livia M. Kiser as lead counsel only for coordinating ADR conference logistics.,False,False,,1907 Aurora Dairy Corp. Organic Milk Marketing & SP/US_DIS_MOED_4_08md1907_173_ORDER REFERRING CASE to Alternative Dispute Resolu_173_0.pdf,extracted
new,1909-1126,1909,1126,2013-01-08,DAP,DJ,False,1,0,True,True,True,False,Fees,6,False,False,False,False,False,False,,,False,False,,1909 Gadolinium Contrast Dyes PL/US_DIS_OHND_1_08gd50000_1126_Case Management Order No. 27 Establishing Fee Comm_1126_0.pdf,extracted
new,1907-321,1907,321,2012-09-14,ERW,DJ,False,0,0,True,True,True,False,ClassCounsel,2,False,,False,False,False,False,,,False,False,,1907 Aurora Dairy Corp. Organic Milk Marketing & SP/US_DIS_MOED_4_08md1907_321_PRELIMINARY APPROVAL ORDER re 315 MOTION for Settl_321_0.pdf,extracted
new,1898-97,1898,97,2010-01-14,TCP,DJ,False,0,0,True,True,True,False,ClassCounsel,2,False,True,False,False,True,False,Securities,"Final judgment approving class settlement; order finally certifies two law firms as Offerings Subclass Counsel. Caption also includes magistrate judge initials ETB, but order is signed by District Judge TCP.",False,False,,1898 American Home Mortgage SEC/US_DIS_NYED_2_07md1898_97_JUDGMENT and ORDER approving settlement between le_97_0.pdf,extracted
new,1905-113,1905,113,2008-05-30,RHK/JSM,DJ; MJ,False,4,0,True,True,True,True,LeadCounsel; Management; Communications,24,False,False,,False,False,False,,Multiple judges,False,False,,"1905 Medtronic, Inc., Sprint Fidelis Leads PL/US_DIS_MND_0_08md1905_113_ORDER NO. 3 - Designating Plaintiffs_ Lead and Lia_113_0.pdf",extracted
new,1911-200,1911,200,2010-07-27,RWT,DJ,False,0,0,True,True,True,False,ClassCounsel,3,False,True,False,False,True,False,,Order grants preliminary approval of class action settlement and preliminarily certifies settlement class; named Class Counsel appear in notice/objection service provision.,False,False,,"1911 Michelin North America, Inc., PAX Systems/US_DIS_MDD_8_08md1911_200_ORDER granting 198 Motion for Preliminary Approval_200_0.pdf",extracted
new,1919-24,1919,24,2008-05-07,MJP,DJ,False,2,0,False,False,True,False,LeadCounsel; Communications,2,False,False,False,False,False,False,,,False,False,,1914 Mercedes-Benz Tele Aid CONT/US_DIS_WAWD_2_08md1919_24_ORDER CONSOLIDATING SECURITIES ACTIONS AND APPOINT_24_0.pdf,extracted
new,1897-167,1897,167,2009-10-23,DSF,DJ,False,1,0,True,True,True,False,ClassCounsel,2,False,True,False,False,True,False,,,False,False,,"1897 Mattel, Inc., Toy Lead Paint PL/US_DIS_CACD_2_07ml1897_167_ORDER PRELIMINARILY APPROVING CLASS ACTION SETTLEM_167_0.pdf",extracted
new,1919-41,1919,41,2008-05-20,MJP,DJ,True,1,0,True,True,True,False,LeadCounsel,2,False,True,,True,True,False,,Order reflects competing motions for interim lead counsel in the consolidated ERISA actions.,False,False,,1914 Mercedes-Benz Tele Aid CONT/US_DIS_WAWD_2_08md1919_41_Order on Interim Lead Counsel_ the Court appoints _41_0.pdf,extracted
new,1912-54,1912,54,2009-08-21,RBS,DJ,False,2,0,True,True,True,False,LeadCounsel; ClassCounsel,6,False,False,False,True,False,False,,,False,False,,1912 Fasteners Antitrust Litigation/1912_doc54.pdf,extracted
new,1919-45,1919,45,2008-05-21,MJP,DJ,True,4,0,True,True,True,False,LeadCounsel; Communications,5,False,False,False,False,False,False,,Three competing motions sought appointment of interim lead and liaison counsel for the derivative actions; Procida's motion was denied.,False,False,,1914 Mercedes-Benz Tele Aid CONT/US_DIS_WAWD_2_08md1919_45_ORDER ON MOTIONS TO CONSOLIDATE AND APPOINT INTERI_45_0.pdf,extracted
new,1920-56,1920,56,2008-03-28,FG3,MJ,False,2,0,False,False,True,False,LeadCounsel; Communications,3,False,False,False,False,False,False,,,False,False,,1920 Saturn L-Series Timing Chain PL/US_DIS_NED_8_07cv298_56_SCHEDULING ORDER. Liaison Counsel and Co-Lead Coun_56_0.pdf,extracted
new,1912-126,1912,126,2013-08-26,RBS,DJ,False,1,0,True,True,True,False,LeadCounsel; ClassCounsel,4,False,True,False,False,True,False,,"Heffler, Radetich & Saitta LLP was appointed as Settlement Administrator and is excluded as a non-leadership settlement/claims administration role.",False,True,,1912 Fasteners Antitrust Litigation/US_DIS_PAED_2_08md1912_126_ORDER THAT PLAINTIFFS_ 124 MOTION FOR PRELIMINARY _126_0.pdf,extracted
new,1919-759,1919,759,2010-10-12,MJP,DJ,False,1,0,False,False,True,False,ClassCounsel,1,False,True,False,False,True,False,,,False,False,,1914 Mercedes-Benz Tele Aid CONT/US_DIS_WAWD_2_08md1919_759_ORDER granting in part and denying in part (588) P_759_0.pdf,extracted
new,1907-65,1907,65,2008-04-18,ERW,DJ,True,6,0,True,True,True,True,LeadCounsel; Management; Communications; ClassCounsel,9,False,True,True,True,True,True,,Competing plaintiffs' leadership motions/proposals were presented; the court denied both motions and selected leadership from the proposed candidates.,False,False,,1907 Aurora Dairy Corp. Organic Milk Marketing & SP/US_DIS_MOED_4_08md1907_65_MEMORANDUM AND ORDER - IT IS HEREBY ORDERED the Mo_65_0.pdf,extracted
new,1909-24,1909,24,2008-03-25,DAP,DJ,False,4,0,True,True,True,True,LeadCounsel; Management; Communications,7,False,False,False,False,False,False,,,False,False,,1909 Gadolinium Contrast Dyes PL/US_DIS_OHND_1_08gd50000_24_Case Management Order No. 3re_ General Procedures _24_0.pdf,extracted
new,1928-899,1928,899,2009-03-31,DMM,DJ,False,0,0,False,False,True,False,Management,2,False,False,False,False,False,False,,,False,False,shares date+title with 1 other order(s),1927 Texas Roadhouse Fair and Accurate Credit/US_DIS_FLSD_1_08md1928_899_ORDER Granting 875 Motion_Petition to Substitute M_899_0.pdf,extracted
new,1914-208,1914,208,2011-09-09,DRD,DJ,False,0,0,True,False,True,False,ClassCounsel,0,False,True,False,False,True,False,,Final approval order confirms prior appointment of Class Counsel but does not name the appointed counsel.,True,False,,"1919 Washington Mutual, Inc., SEC, DER & ERISA/US_DIS_NJD_2_07cv2720_208_FINAL ORDER and JUDGMENT granting final approval o_208_0.pdf",extracted
new,1909-26,1909,26,2008-03-24,DAP,DJ,False,3,0,True,True,True,False,Management; Communications; Coordination,18,False,False,True,True,False,False,,,False,False,,1909 Gadolinium Contrast Dyes PL/US_DIS_OHND_1_08gd50000_26_Case Management Order No. 2 establishing Plaintiff_26_0.pdf,extracted
new,1899-36,1899,36,2008-04-01,JRG,DJ,True,2,0,True,True,True,True,LeadCounsel; Communications,6,False,False,False,True,False,False,Antitrust,Defendants orally stated at the hearing that they believed they could coordinate without appointment of lead defense counsel; the Court nevertheless appointed interim lead counsel. Gordon Ball is named as Gordon Ball for liaison counsel and W. Gordon Ball for interim co-lead counsel.,False,False,shares date+title with 1 other order(s),1899 Southeastern Milk Antitrust Litigation/US_DIS_TNED_2_08md1000_36_CASE MANAGEMENT and SCHEDULING ORDER_ In regard to_36_0.pdf,extracted
new,1914-34,1914,34,2008-04-11,DRD,DJ,False,4,0,True,True,True,True,LeadCounsel; ClassCounsel; Communications,6,False,False,True,True,False,False,,,False,False,,"1919 Washington Mutual, Inc., SEC, DER & ERISA/US_DIS_NJD_2_07cv2720_34_CASE MANAGEMENT ORDER establishing a Master Docket_34_0.pdf",extracted
new,1921-25,1921,25,2008-06-20,AAT,DJ,False,0,0,True,True,True,False,LeadCounsel; ClassCounsel,2,False,False,True,True,False,False,,,False,False,,"1921 Nissan North America, Inc., Odometer (No. II)/US_DIS_TNMD_3_08md1921_25_CASE MANAGEMENT ORDER NO. 2 outlining responsibili_25_0.pdf",extracted
new,1928-491,1928,491,2008-12-08,DMM,DJ,False,1,0,True,False,True,False,ClassCounsel; Management,3,False,False,False,False,True,False,,"Signature line states November 2008 but PACER entry date is 2008-12-08. Order number appears as Pretrial Order No. 10 in the filename, with OCR showing 'O' in the text.",False,True,shares date+title with 1 other order(s),1927 Texas Roadhouse Fair and Accurate Credit/US_DIS_FLSD_1_08md1928_491_PRETRIAL ORDER No. 10 Relating to Putative Class A_491_0.pdf,extracted
new,1911-77,1911,77,2009-01-16,RWT,DJ,False,0,0,True,True,True,False,ClassCounsel,2,False,True,False,False,True,False,,"Order preliminarily approves class action settlement and certifies settlement class. Service-list text after 'Class Counsel' also includes additional counsel names that appear likely to be non-class/defense counsel, so they are not treated as court-appointed Class Counsel.",False,False,,"1911 Michelin North America, Inc., PAX Systems/US_DIS_MDD_8_08md1911_77_ORDER granting 70 Preliminary Approval of Class Ac_77_0.pdf",extracted
?,,,24,2008-03-17,MCA,MJ,True,1,0,False,True,True,False,LeadCounsel,2,False,False,False,False,True,False,,"Order appoints the Volpe Group as lead plaintiff, but that non-attorney appointment is excluded. No MDL number appears in the order text.",False,False,,1931 Virgin Mobile Initial Public Offering (IPO) SEC/US_DIS_NJD_2_07cv5619_24_ORDER granting 15 Motion to Appoint the Volpe Grou_24_0.pdf,extracted
new,1934-13,1934,13,2008-06-02,PSG,DJ,False,0,0,False,False,True,False,LeadCounsel,2,False,False,False,False,False,False,,,False,False,,1934 Epogen and Aranesp Off-Label Marketing & SP/US_DIS_CACD_2_08ml1934_13_MINUTES OF Status Conference held before Judge Phi_13_0.pdf,extracted
new,1935-1024,1935,1024,2011-08-12,CCC,DJ,False,1,0,True,True,True,False,ClassCounsel,2,False,True,False,False,True,False,Antitrust,,False,False,,1935 Chocolate Confectionary Antitrust Litigation/US_DIS_PAMD_1_08mdl1935_1024_ORDER granting motion 989 for preliminary approval_1024_0.pdf,extracted
?,,,169,2008-12-04,JSR,DJ,False,0,0,True,True,True,False,LeadCounsel,4,False,False,False,True,False,False,,Order extends the authority of previously approved Co-Lead Counsel to the Bond Action and gives Bond Counsel primary responsibility for bond/preferred-share claims subject to Lead Plaintiff and Co-Lead Counsel.,False,False,,"1933 Merrill Lynch & Co., Inc., SEC, DER & ERISA/US_DIS_NYSD_1_07cv9633_169_ORDER REGARDING COORDINATION OF ACTIONS Bond Plain_169_0.pdf",extracted
new,1905-134,1905,134,2008-07-07,JSM,MJ,False,0,0,True,True,True,True,LeadCounsel; Management; Communications,26,False,False,True,True,False,True,,First Amended Omnibus Management Order entered pursuant to stipulation; it restates leadership designated in prior Order No. 3 and lists defendant national counsel in the service provision.,False,False,,"1905 Medtronic, Inc., Sprint Fidelis Leads PL/US_DIS_MND_0_08md1905_134_ORDER NO. 7 - FIRST AMENDED OMNIBUS MANAGEMENT ORD_134_0.pdf",extracted
new,1935-1023,1935,1023,2011-08-12,CCC,DJ,False,0,0,True,True,True,False,ClassCounsel,2,False,True,False,False,True,,,Order grants preliminary approval of proposed settlement and approves two law firms as Settlement Class Counsel under Rule 23(g). Settlement Administrator excluded as non-leadership/administrator role.,False,False,,1935 Chocolate Confectionary Antitrust Litigation/US_DIS_PAMD_1_08mdl1935_1023_ORDER granting motion of plaintiffs 983 for prelim_1023_0.pdf,extracted
new,1935-1105,1935,1105,2011-12-12,CCC,DJ,False,0,0,True,True,True,False,ClassCounsel,2,False,True,False,False,True,False,,,False,False,,1935 Chocolate Confectionary Antitrust Litigation/US_DIS_PAMD_1_08mdl1935_1105_FINAL JUDGMENT & ORDER OF DISMISSAL Granting Final_1105_0.pdf,extracted
new,1935-1106,1935,1106,2011-12-12,CCC,DJ,False,0,0,True,,True,False,ClassCounsel,2,False,True,False,False,True,False,,,False,False,,1935 Chocolate Confectionary Antitrust Litigation/US_DIS_PAMD_1_08mdl1935_1106_FINAL JUDGMENT & ORDER OF DISMISSAL Granting Final_1106_0.pdf,extracted
new,1935-1107,1935,1107,2011-12-12,CCC,DJ,False,0,0,True,True,True,False,ClassCounsel,2,False,True,False,False,True,False,,Final judgment granting final approval of indirect end user class action settlement; approves two law firms as Settlement Class Counsel under Rule 23(g).,False,False,,1935 Chocolate Confectionary Antitrust Litigation/US_DIS_PAMD_1_08mdl1935_1107_FINAL JUDGMENT & ORDER OF DISMISSAL GRANTING FINAL_1107_0.pdf,extracted
new,1935-1286,1935,1286,2012-12-07,CCC,DJ,False,1,0,True,True,True,False,ClassCounsel,2,False,True,False,False,True,False,,,False,False,,1935 Chocolate Confectionary Antitrust Litigation/US_DIS_PAMD_1_08mdl1935_1286_MEMORANDUM AND ORDER - It is hereby ORDERED that_ _1286_0.pdf,extracted
?,,,271,2009-08-24,JSR,DJ,False,1,0,True,True,True,False,ClassCounsel; Settlement,1,False,True,,False,True,False,,Order preliminarily certifies settlement class and appoints Bond Counsel as Class Counsel; attached notice identifies Bond Counsel as Bernstein Litowitz Berger & Grossmann LLP.,False,False,,"1933 Merrill Lynch & Co., Inc., SEC, DER & ERISA/US_DIS_NYSD_1_07cv9633_271_ORDER PRELIMINARILY APPROVING SETTLEMENT AND PROVI_271_0.pdf",extracted
new,1935-387,1935,387,2008-07-14,CCC,DJ,True,8,0,True,True,True,False,LeadCounsel; Management; Communications,14,False,False,False,True,False,False,,Order grants some appointment motions and denies competing appointment motions for indirect business purchasers.,False,False,,1935 Chocolate Confectionary Antitrust Litigation/1935_doc387.pdf,extracted
new,1935-554,1935,554,2008-12-19,CCC,DJ,False,0,0,False,False,True,False,LeadCounsel; Management,3,False,False,False,False,False,False,,"Amends Case Management Order No. 5 to reflect Michael D. Hausfeld's firm affiliation change; substitutes Hausfeld LLP for Cohen, Milstein, Hausfeld & Toll, P.L.L.C. as co-lead counsel for direct purchaser plaintiffs and appoints Cohen Milstein Sellers & Toll PLLC to the direct purchaser plaintiffs' executive committee.",False,False,,1935 Chocolate Confectionary Antitrust Litigation/1935_doc554.pdf,extracted
new,1935-1025,1935,1025,2011-08-12,CCC,DJ,False,1,0,True,True,True,False,ClassCounsel,2,False,True,False,False,True,False,,"Heffler, Radetich & Saitta LLP is approved as Settlement Administrator, but settlement administrators are excluded from Appointments under the extraction rules.",False,False,,1935 Chocolate Confectionary Antitrust Litigation/US_DIS_PAMD_1_08mdl1935_1025_ORDER granting motion 990 for preliminary approval_1025_0.pdf,extracted
?,,,37,2008-03-12,LBS,DJ,False,4,0,True,True,True,False,LeadCounsel; Management; Communications,8,False,True,False,True,True,False,,,False,False,,"1933 Merrill Lynch & Co., Inc., SEC, DER & ERISA/US_DIS_NYSD_1_07cv9633_37_ORDER REGARDING_ (1) CONSOLIDATION OF SECURITIES A_37_0.pdf",extracted
?,623-217,623,217,2009-03-17,JSR,DJ,False,0,0,True,True,True,False,LeadCounsel; ClassCounsel,2,False,True,False,False,True,False,,,False,False,,"1933 Merrill Lynch & Co., Inc., SEC, DER & ERISA/US_DIS_NYSD_1_07cv9633_217_ORDER PRELIMINARY APPROVING SETTLEMENT, PRELIMINAR_217_0.pdf",extracted
new,1938-21,1938,21,2008-04-29,DMC,DJ,False,1,0,True,True,True,False,Communications,2,False,False,False,False,True,False,,,False,False,,"1938 VytorinZetia Marketing, SP and PL/US_DIS_NJD_2_08cv285_21_Case Management ORDER No. 1_ re_future conduct of _21_0.pdf",extracted
new,1928-60,1928,60,2008-05-22,DMM,DJ,False,5,0,True,True,True,True,LeadCounsel; Management; Communications; Coordination,19,False,False,True,True,False,False,,Order grants motion to enter case management order and includes leadership rosters for plaintiffs and defendants.,False,True,shares date+title with 1 other order(s),1927 Texas Roadhouse Fair and Accurate Credit/US_DIS_FLSD_1_08md1928_60_ORDER granting 40 Motion ENTER CASE MANAGEMENT ORD_60_0.pdf,extracted
new,1942-114,1942,114,2008-11-21,DWA,DJ,False,0,0,,,True,,LeadCounsel; ClassCounsel,1,False,False,,,False,,,"Order amends prior appointment order only to substitute Hausfeld LLP as the firm of Interim Co-Lead Class Counsel Michael D. Hausfeld for Cohen, Milstein, Hausfeld & Toll, P.L.L.C.",False,False,,1942 Flat Glass Antitrust Litigation (No. II)/US_DIS_PAWD_2_08mc180_114_ORDER granting 107 MOTION to Amend_Correct 46 Orde_114_0.pdf,extracted
new,1928-59,1928,59,2008-05-22,DMM,DJ,False,0,0,True,True,True,False,LeadCounsel; Management; Communications,13,False,False,False,False,False,False,,"Order appoints a Plaintiffs' Steering Committee roster, co-lead counsel, plaintiffs' liaison counsel, and a PSC Executive Committee. One roster member is labeled Federal-State Liaison, but not as liaison counsel.",False,False,shares date+title with 1 other order(s),1927 Texas Roadhouse Fair and Accurate Credit/US_DIS_FLSD_1_08md1928_59_ORDER granting 31 Motion to Appoint Counsel Signed_59_0.pdf,extracted
new,1940-5,1940,5,2008-05-05,DHC,DJ,False,1,0,True,True,True,False,LeadCounsel; ClassCounsel,4,False,True,True,True,True,False,,,False,False,,1940 Aqua Dots PL/US_DIS_ILND_1_08cv2364_5_ORDER - APPOINTMENT OF INTERIM CO-LEAD CLASS COUNS_5_0.pdf,extracted
new,1950-327,1950,327,2008-12-09,VM,DJ,True,0,0,False,,True,False,LeadCounsel,2,False,False,,,False,,,,False,False,,1950 Municipal Derivatives Antitrust Litigation/1950_doc327.pdf,extracted
new,1919-707,1919,707,2010-08-06,MJP,DJ,False,1,0,True,True,True,False,LeadCounsel; ClassCounsel,2,False,True,False,False,True,False,,Preliminary settlement approval order preliminarily certifies a Settlement Class and appoints two law firms as Co-Lead Counsel for the Settlement Class.,False,False,,1914 Mercedes-Benz Tele Aid CONT/US_DIS_WAWD_2_08md1919_707_FINDINGS AND ORDER Preliminarily approving propose_707_0.pdf,extracted
new,1950-174,1950,174,2008-07-25,VM,DJ,True,1,0,True,False,True,False,LeadCounsel,3,False,True,False,False,True,False,,Five firms filed motions seeking appointment as lead interim counsel; the Court appointed three firms as co-lead interim counsel.,False,False,,1950 Municipal Derivatives Antitrust Litigation/1950_doc174.pdf,extracted
new,1952-241,1952,241,2010-03-11,PDB,DJ,False,0,0,False,False,True,False,LeadCounsel; Communications,4,False,False,False,False,False,False,,,False,False,,1952 Packaged Ice Antitrust Litigation/US_DIS_MIED_2_08md1952_241_ORDER granting 239 Motion to Appoint Counsel. Sign_241_0.pdf,extracted
?,,,142,2009-01-26,JBZ,DJ,False,1,0,True,False,True,False,ClassCounsel; Settlement; SettlementAdministration,3,False,True,False,False,True,False,,,False,True,,"1946 BP Products North America, Inc., Antitrust/US_DIS_ILND_1_06cv3621_142_Order certifying a settlement class, appointing co_142_0.pdf",extracted
new,1942-46,1942,46,2008-07-22,DWA,DJ,False,2,0,True,True,True,False,LeadCounsel; Communications; ClassCounsel,5,False,True,True,True,True,True,Antitrust,,False,False,,1942 Flat Glass Antitrust Litigation (No. II)/US_DIS_PAWD_2_08mc180_46_ORDER granting 7 MOTION to Appoint Counsel Interim_46_0.pdf,extracted
?,,,214,2009-03-03,JSR,DJ,False,0,0,True,True,True,False,LeadCounsel; ClassCounsel; SettlementAdministration,3,False,True,False,False,True,False,,"Order preliminarily certifies a settlement class and appoints previously selected Co-Lead Counsel as Co-Lead Counsel for the Settlement Class. Rust Consulting, Inc. is retained as Claims Administrator but excluded from Appointments as a non-legal administrator.",False,False,,"1933 Merrill Lynch & Co., Inc., SEC, DER & ERISA/US_DIS_NYSD_1_07cv9633_214_ORDER PRELIMINARILY APPROVING SETTLEMENT AND PROVI_214_0.pdf",extracted
new,1950-183,1950,183,2008-08-01,VM,DJ,True,0,0,True,True,True,False,LeadCounsel,3,False,True,False,False,True,True,Antitrust,"Order grants competing motion by Cohen, Milstein, Hausfeld & Toll P.L.L.C., Boies, Schiller & Flexner LLP, and Susman Godfrey for interim lead/co-lead counsel and denies other competing motions by Pomerantz and Lieff Cabraser.",False,False,,1950 Municipal Derivatives Antitrust Litigation/1950_doc183.pdf,extracted
new,1952-285,1952,285,2010-09-02,PDB,DJ,False,1,0,True,True,True,False,ClassCounsel,2,False,True,False,False,True,False,Antitrust,,False,False,,1952 Packaged Ice Antitrust Litigation/US_DIS_MIED_2_08md1952_285_ORDER GRANTING 206 MOTION DIRECT PURCHASER PLAINTI_285_0.pdf,extracted
new,1938-217,1938,217,2010-02-09,DMC,DJ,False,0,0,False,False,True,False,ClassCounsel,2,False,True,False,False,True,False,,"Final approval order appoints Seeger Weiss LLP and James E. Cecchi as Co-Lead Class Counsel pursuant to Rule 23(g). The order also acknowledges that the settlement agreement identifies Hagens Berman Sobol Shapiro LLP, Wolf Haldenstein Adler Freeman & Herz LLC, and Quinn Emanuel Urquhart Oliver & Hedges LLP as subclass counsel, but does not expressly appoint them in the order text.",False,False,,"1938 VytorinZetia Marketing, SP and PL/US_DIS_NJD_2_08cv285_217_FINAL APPROVAL ORDER AND JUDGMENT. Signed by Judge_217_0.pdf",extracted
new,1938-192,1938,192,2009-09-21,DMC,DJ,False,1,0,True,True,True,False,ClassCounsel,2,False,True,False,False,True,False,,Order appoints Co-Lead Class Counsel under Rule 23(g). Notice consultant and claims administrators are excluded as non-attorney/non-leadership appointments; subclass counsel firms are acknowledged as identified in the settlement agreement but not expressly appointed by the order.,False,False,,"1938 VytorinZetia Marketing, SP and PL/US_DIS_NJD_2_08cv285_192_ORDER approving preliminary approval of settlement_192_0.pdf",extracted
new,1952-383,1952,383,2011-07-20,PDB,DJ,False,1,0,True,True,True,False,ClassCounsel,2,False,True,False,False,True,False,,,False,False,,1952 Packaged Ice Antitrust Litigation/US_DIS_MIED_2_08md1952_383_ORDER granting 351 Motion for preliminary approval_383_0.pdf,extracted
new,1952-463,1952,463,2012-07-25,PDB,DJ,False,1,0,True,True,True,False,ClassCounsel; Settlement,2,False,True,False,False,True,False,,,False,False,,1952 Packaged Ice Antitrust Litigation/US_DIS_MIED_2_08md1952_463_ORDER granting preliminary approval of proposed se_463_0.pdf,extracted
new,1943-6656,1943,6656,2014-09-10,JRT,DJ,False,0,0,True,True,True,True,LeadCounsel; Management; Communications,12,False,False,False,False,False,True,,Fourth amended pretrial order restates/amends an existing organizational structure; Special Master was excluded as a non-leadership legal appointment.,False,False,,1943 Levaquin PL/US_DIS_MND_0_08md1943_6656_FOURTH AMENDED PRETRIAL ORDER #1 PROCEDURAL ISSUES_6656_0.pdf,extracted
new,1938-52,1938,52,2008-06-04,DMC,DJ,True,2,0,True,True,True,False,Management; Communications,15,False,False,False,True,False,False,,Order states the Court received two objections to the proposed plaintiffs' organizational structure before making appointments.,False,False,,"1938 VytorinZetia Marketing, SP and PL/US_DIS_NJD_2_08cv285_52_Case Management ORDER No. 3_ the Court adopts the _52_0.pdf",extracted
new,1943-977,1943,977,2010-01-22,JRT,DJ,False,0,0,True,True,True,True,LeadCounsel; Management; Communications,12,False,False,False,False,False,True,,,False,False,,1943 Levaquin PL/US_DIS_MND_0_08md1943_977_AMENDED PER 2632 SECOND AMENDED ORDER_ AMENDED PRE_977_0.pdf,extracted
new,1952-185,1952,185,2009-07-17,PDB,DJ,False,0,0,False,False,True,False,LeadCounsel; Communications; ClassCounsel,5,False,False,False,False,False,False,Antitrust,,False,True,,1952 Packaged Ice Antitrust Litigation/US_DIS_MIED_2_08md1952_185_CASE MANAGEMENT ORDER NO 1. Signed by District Jud_185_0.pdf,extracted
new,1957-839,1957,839,2011-10-12,RWG,DJ,False,0,0,False,False,True,False,LeadCounsel,4,False,False,False,False,False,,,,False,False,,1957 Aftermarket Automotive Filters Antitrust/1957_doc839.pdf,extracted
new,1946-165,1946,165,2009-11-06,JBZ,DJ,False,0,0,True,True,True,False,LeadCounsel; ClassCounsel,5,False,True,False,False,True,False,Antitrust,"Lovell Stewart Halebian LLP is designated Chairman. Rust Consulting, Inc. is appointed Administrator/Escrow Agent, but is excluded from Appointments as a non-attorney/non-law-firm settlement administrator role.",False,False,,"1946 BP Products North America, Inc., Antitrust/US_DIS_ILND_1_06cv3541_165_ORDER CERTIFYING SETTLEMENT CLASS,PRELIMINARILY AP_165_0.pdf",extracted
?,,,104,2008-10-07,RWG,DJ,,0,0,,,True,False,LeadCounsel,4,,,,,,,,,False,False,,1957 Aftermarket Automotive Filters Antitrust/US_DIS_ILND_1_08cv4883_104_MINUTE entry before the Honorable Robert W. Gettle_104_0.pdf,extracted
new,1943-6713,1943,6713,2015-10-29,JRT,DJ,False,0,0,True,False,True,True,LeadCounsel; Management; Communications,14,False,False,False,False,False,False,Products Liability,Order summarizes prior leadership appointments and suggests remand; no new organizational units are created by this order.,False,False,,1943 Levaquin PL/US_DIS_MND_0_08md1943_6713_PRETRIAL ORDER AND SUGGESTION OF REMAND. Signed by_6713_0.pdf,extracted
new,1952-535,1952,535,2016-12-07,PDB,DJ,False,1,0,True,True,True,False,ClassCounsel; Settlement,1,False,True,False,False,True,True,,"Preliminary approval order preliminarily certifies settlement classes and appoints Wild Law Group PLLC as Class Counsel. Rust Consulting is approved as settlement administrator, but is excluded from Appointments as a non-attorney/non-law-firm settlement administrator.",False,False,,1952 Packaged Ice Antitrust Litigation/US_DIS_MIED_2_08md1952_535_ORDER granting 529 Motion for Order of Preliminary_535_0.pdf,extracted
new,1957-406,1957,406,2010-02-18,RWG,DJ,False,1,0,True,False,True,False,LeadCounsel; ClassCounsel,4,False,True,False,False,True,False,,,False,False,,1957 Aftermarket Automotive Filters Antitrust/1957_doc406.pdf,extracted
new,1955-31,1955,31,2009-03-20,JD,DJ,False,1,0,True,True,True,False,ClassCounsel; Settlement,4,False,True,False,False,True,False,,,False,False,,"1955 Orleans Homebuilders, Inc., Fair Labor/US_DIS_PAED_2_08md1955_31_ORDER THAT THE PLAINTIFFS_ MOTION TO AMEND COMPLAI_31_0.pdf",extracted
new,1957-1042,1957,1042,2012-11-28,RWG,DJ,False,0,0,True,True,True,False,ClassCounsel,4,False,True,False,False,True,False,,,False,False,,1957 Aftermarket Automotive Filters Antitrust/US_DIS_ILND_1_08cv4883_1042_ORDER and Judgment Granting Final Approval of Clas_1042_0.pdf,extracted
new,1942-271,1942,271,2011-01-25,DWA,DJ,False,1,0,True,True,True,False,LeadCounsel; Communications; ClassCounsel,5,False,True,False,False,True,False,,"Order preliminarily approves settlements, conditionally certifies settlement classes, and identifies co-lead and liaison counsel for the settlement classes pursuant to prior orders.",False,False,,1942 Flat Glass Antitrust Litigation (No. II)/US_DIS_PAWD_2_08mc180_271_ORDER granting 268 MOTION for Preliminary Approval_271_0.pdf,extracted
new,,1952,,2009-06-01,PDB,DJ,True,4,0,True,True,True,False,ClassCounsel; Communications,5,False,True,False,False,True,True,Antitrust,The order states that eleven law firms applied for interim lead counsel for the proposed direct purchaser class and two applicants sought interim lead counsel for the proposed indirect purchaser class.,False,False,,1952 Packaged Ice Antitrust Litigation/1952_2009_06_01.pdf,extracted
new,1953-7,1953,7,2008-06-25,JGC,DJ,False,3,0,True,True,True,True,LeadCounsel; Management; Communications,4,True,False,,False,False,True,,,False,False,,1953 Heparin PL/US_DIS_OHND_1_08hc60000_7_Pretrial Order No. 2. James G. Carr (MDL1953) on 6_7_0.pdf,extracted
new,1957-938,1957,938,2012-04-20,RWG,DJ,,0,,,,True,,ClassCounsel,0,,,,,,,,"Minute entry states a separate amended order appoints class counsel for the settlement class, but no appointees are named in the provided text.",True,False,,1957 Aftermarket Automotive Filters Antitrust/US_DIS_ILND_1_08cv4883_938_MINUTE entry before Honorable Robert W. Gettleman__938_0.pdf,extracted
new,1957-30,1957,30,2008-09-04,RWG,DJ,False,1,0,False,False,True,False,ClassCounsel,4,False,True,False,False,True,False,,,False,False,,1957 Aftermarket Automotive Filters Antitrust/US_DIS_ILND_1_08cv4883_30_ORDER Re Direct Purchaser Plaintiffs_ Motion to Ap_30_0.pdf,extracted
new,1956-52,1956,52,2008-12-05,DRD,DJ,False,2,0,True,True,True,False,LeadCounsel; Communications,2,False,True,True,True,True,False,,,False,False,,1956 Toshiba America HD DVD Marketing & SP/US_DIS_NJD_2_08cv939_52_ORDER Appointing Milberg LLP as Interim Lead Couns_52_0.pdf,extracted
new,1957-1036,1957,1036,2012-11-08,RWG,DJ,False,1,0,True,True,True,False,ClassCounsel,6,False,True,False,False,True,False,,"Caption also lists Magistrate Geraldine Soat Brown, but the order is signed only by District Judge Robert W. Gettleman.",False,False,,"1957 Aftermarket Automotive Filters Antitrust/US_DIS_ILND_1_08cv4883_1036_Order preliminarily approving settlement, conditio_1036_0.pdf",extracted
new,1954-22,1954,22,2008-07-25,DBH,DJ,True,1,0,True,True,True,False,LeadCounsel; Communications,2,False,False,True,True,True,True,,Two groups of lawyers competed for the role of interim lead counsel. The order appoints interim co-lead counsel pending class certification; no class counsel is appointed.,False,False,,"1954 Hannaford Bros. Co. Customer Data Security Breach/US_DIS_MED_2_08md1954_22_FURTHER PROCEDURAL ORDER, INCLUDING APPOINTMENT OF_22_0.pdf",extracted
new,1957-405,1957,405,2010-02-18,RWG,DJ,False,1,0,False,False,True,False,LeadCounsel,4,False,False,False,False,False,False,,,False,False,,1957 Aftermarket Automotive Filters Antitrust/US_DIS_ILND_1_08cv4883_405_MINUTE entry before Honorable Robert W. Gettleman__405_0.pdf,extracted
new,1953-75,1953,75,2009-03-24,JGC,DJ,False,0,0,True,True,True,False,Management; Communications; Coordination,18,False,False,True,True,False,False,,Second amended pretrial order amends/restates existing Plaintiffs' Executive Committee and Plaintiffs' Steering Committee leadership; no first-time organizational-unit creation counted.,False,True,,1953 Heparin PL/US_DIS_OHND_1_08hc60000_75_Second Amended Pretrial Order #3_ Appointment of P_75_0.pdf,extracted
new,1957-840,1957,840,2011-10-12,RWG,DJ,False,0,0,False,False,True,False,LeadCounsel,1,False,False,False,False,False,False,,"Motion to withdraw as co-lead counsel for the Direct Purchasers filed by attorneys from Sussman, Godfrey LLP was granted; individual attorneys are not named in the order.",False,False,,1957 Aftermarket Automotive Filters Antitrust/US_DIS_ILND_1_08cv4883_840_ORDER Signed by the Honorable Robert W. Gettleman _840_0.pdf,extracted
new,1957-130,1957,130,2008-10-22,RWG,DJ,False,0,0,True,True,True,False,ClassCounsel,8,False,False,True,True,False,False,Antitrust,Case Management Order No. 1 restates prior orders designating direct and indirect purchaser Plaintiffs' Interim Class Counsel and specifies their responsibilities.,False,True,,1957 Aftermarket Automotive Filters Antitrust/US_DIS_ILND_1_08cv4883_130_CASE MANAGEMENT ORDER No. 1 Signed by the Honorabl_130_0.pdf,extracted
new,1943-6658,1943,6658,2014-09-11,JRT,DJ,False,0,0,True,False,True,True,LeadCounsel; Management; Communications,12,False,False,False,False,False,False,Products Liability,Final pretrial order summarizes previously approved leadership and PSC roster; it does not create new leadership units.,False,False,,1943 Levaquin PL/US_DIS_MND_0_08md1943_6658_FINAL PRETRIAL ORDER AND SUGGESTION OF REMAND. Sig_6658_0.pdf,extracted
new,1953-89,1953,89,2009-04-29,JGC,DJ,False,0,0,True,True,True,False,Management; Communications; Coordination,20,False,False,True,True,False,False,,Order amends existing plaintiffs' PEC and PSC leadership roster; State Court Lead Counsel treated as Coordination.,False,False,,1953 Heparin PL/US_DIS_OHND_1_08hc60000_89_Third Amended Pretrial Order No. 3_  Appointment o_89_0.pdf,extracted
new,1953-607,1953,607,2011-12-21,JGC,DJ,False,0,0,True,True,True,False,Management; Communications; Coordination,21,False,False,True,True,False,False,,Fourth amended order amends existing plaintiffs' PEC and PSC roster and includes state-court coordination provisions; no new organizational unit counted because the order amends Pretrial Order No. 3.,False,False,,1953 Heparin PL/US_DIS_OHND_1_08hc60000_607_Fourth Amended Pretrial Order (see order for full _607_0.pdf,extracted
new,1957-941,1957,941,2012-04-20,RWG,DJ,False,0,0,True,True,True,False,ClassCounsel,4,False,True,False,False,True,False,,,False,False,,"1957 Aftermarket Automotive Filters Antitrust/US_DIS_ILND_1_08cv4883_941_ORDER Preliminarily Approving Settlements, Conditi_941_0.pdf",extracted
new,1961-18,1961,18,2008-09-03,MJG,DJ,True,2,0,True,,True,False,LeadCounsel; Communications,2,False,False,False,False,False,False,,"Plaintiff Darold Harris filed a cross-motion for appointment of lead plaintiff and lead and liaison counsel, which was denied; the order granted in part the competing leadership motion. The Court declined to appoint separate local counsel.",False,False,,"1961 Municipal Mortgage & Equity, LLC, SEC & DER/US_DIS_MDD_1_08md1961_18_MEMORANDUM AND ORDER RE_ CONSOLIDATION AND LEAD CO_18_0.pdf",extracted
new,1957-881,1957,881,2012-02-16,RWG,DJ,False,1,0,True,True,True,False,ClassCounsel,6,False,True,False,False,True,,,,False,False,,"1957 Aftermarket Automotive Filters Antitrust/US_DIS_ILND_1_08cv4883_881_ORDER Preliminary Approving Settlements, Condition_881_0.pdf",extracted
new,1967-65,1967,65,2008-11-25,ODS,DJ,False,0,0,False,False,True,False,Management,2,False,False,False,False,False,False,,,False,False,,1967 Bisphenol-A (BPA) Polycarbonate Plastic PL/US_DIS_MOWD_4_08md1967_65_CASE MANAGEMENT ORDER. Signed by District Judge Or_65_0.pdf,extracted
new,1963-338,1963,338,2012-11-19,RWS,DJ,False,0,0,False,False,True,False,ClassCounsel,2,False,True,False,False,True,False,,"Final order and judgment approving class settlement; the order overrules objections to the settlement, but does not indicate objections to the Class Counsel appointment.",False,False,,"1963 The Bear Stearns Companies, Inc., SEC, DER & ERISA/US_DIS_NYSD_1_08md1963_338_FINAL ORDER AND JUDGMENT JUDGMENT settling the act_338_0.pdf",extracted
new,1961-9,1961,9,2008-08-27,MJG,DJ,True,2,0,True,True,True,False,LeadCounsel; Communications,3,False,False,False,False,True,True,,Five competing plaintiff groups sought appointment as lead plaintiff and approval of their selected counsel; the order selected co-lead counsel and liaison counsel.,False,False,,"1961 Municipal Mortgage & Equity, LLC, SEC & DER/US_DIS_MDD_1_08md1961_9_MEMORANDUM AND ORDER RE_ LEAD PLAINTIFF. Signed by_9_0.pdf",extracted
?,,,939,2012-04-20,RWG,DJ,False,1,0,True,True,True,False,ClassCounsel,6,False,True,False,False,True,False,,"The magistrate judge is listed in the caption, but only District Judge Robert W. Gettleman signed the order.",False,False,,"1957 Aftermarket Automotive Filters Antitrust/US_DIS_ILND_1_08cv4883_939_AMENDED ORDER Preliminarily Approving Settlement, _939_0.pdf",extracted
new,1957-885,1957,885,2012-02-16,RWG,DJ,False,1,0,True,False,True,False,LeadCounsel; Management; ClassCounsel,4,False,True,False,False,True,False,,"Order preliminarily approves indirect purchaser settlements, conditionally certifies settlement classes, and appoints settlement class counsel. Existing co-lead counsel and executive committee status are referenced.",False,False,,1957 Aftermarket Automotive Filters Antitrust/US_DIS_ILND_1_08cv4883_885_ORDER Preliminary Approving Indirect Purchaser Set_885_0.pdf,extracted
new,1958-219,1958,219,2012-10-18,ADM,DJ,False,2,0,True,True,True,False,ClassCounsel; Settlement; SettlementAdministration,12,False,True,False,False,True,True,,Preliminary approval order conditionally certifies a settlement class and appoints Lead Class Counsel and Class Counsel. Non-attorney claims-administration roles are excluded from Appointments.,False,False,,1958 Zurn Pex Plumbing PL/US_DIS_MND_0_08md1958_219_ORDER granting (209) Motion to Certify Class_ gran_219_0.pdf,extracted
new,1968-129,1968,129,2009-05-29,JRG,DJ,False,0,0,False,False,True,False,Management,6,False,False,False,False,False,False,,"Revisions to existing Plaintiffs’ Steering Committee; adds PSC members, substitutes Shamus Mulderig for Erick Rosemond, and excuses Teresa Toriseva.",False,False,,1968 Digitek PL/US_DIS_WVSD_2_08md1968_129_PRETRIAL ORDER #23 (Revisions to Plaintiff_s Steer_129_0.pdf,extracted
new,1957-883,1957,883,2012-02-16,RWG,DJ,False,0,0,True,True,True,False,ClassCounsel,4,False,True,False,False,True,False,,,False,False,,"1957 Aftermarket Automotive Filters Antitrust/US_DIS_ILND_1_08cv4883_883_ORDER Preliminary Approving Settlements, Condition_883_0.pdf",extracted
new,1963-289,1963,289,2012-06-12,RWS,DJ,False,1,0,True,True,True,False,ClassCounsel,2,False,True,False,False,True,False,,"Order grants preliminary approval of partial class action settlement and appoints Labaton Sucharow LLP and Berman DeValerio as Class Counsel for the Settlement Class. GCG, Inc. is approved as Claims Administrator but excluded from Appointments as a non-attorney settlement/claims administrator.",False,False,,"1963 The Bear Stearns Companies, Inc., SEC, DER & ERISA/US_DIS_NYSD_1_08md1963_289_ORDER GRANTING PRELIMINARY APPROVAL OF PARTIAL CLA_289_0.pdf",extracted
new,1963-325,1963,325,2012-09-24,RWS,DJ,False,0,0,False,,True,False,ClassCounsel; Communications,3,False,True,False,False,True,False,,"Order certifies settlement class, grants final approval, appoints plaintiffs' counsel for the settlement class under Rule 23(g), and awards attorneys' fees.",False,False,,"1963 The Bear Stearns Companies, Inc., SEC, DER & ERISA/US_DIS_NYSD_1_08md1963_325_ORDER AND FINAL JUDGMENT settling action. (Signed _325_0.pdf",extracted
new,1961-188,1961,188,2015-09-24,MJG,DJ,False,0,0,True,True,True,False,ClassCounsel; SettlementAdministration,2,False,True,False,False,True,False,,"Final judgment approves settlement and approves Brower Piven and Berger & Montague as Co-Lead Counsel for the Class; Claims Administrator Garden City Group, Inc. excluded as non-attorney/non-law-firm.",False,False,,"1961 Municipal Mortgage & Equity, LLC, SEC & DER/US_DIS_MDD_1_08md1961_188_FINAL JUDGMENT and ORDER OF DISMISSAL WITH PREJUDI_188_0.pdf",extracted
new,1957-943,1957,943,2012-04-20,RWG,DJ,False,1,0,True,True,True,False,LeadCounsel; Management; ClassCounsel,4,False,True,False,False,True,False,Antitrust,,False,False,,"1957 Aftermarket Automotive Filters Antitrust/US_DIS_ILND_1_08cv4883_943_AMENDED ORDER Preliminarily Approving Settlements,_943_0.pdf",extracted
new,1963-288,1963,288,2012-06-12,RWS,DJ,False,1,0,True,True,True,False,ClassCounsel,2,False,True,False,False,True,False,,"Preliminary approval order appoints law firms as Class Counsel for the Settlement Class. GCG, Inc. is approved as Claims Administrator but excluded from Appointments as a non-attorney/non-law-firm administrative role.",False,False,,"1963 The Bear Stearns Companies, Inc., SEC, DER & ERISA/US_DIS_NYSD_1_08md1963_288_ORDER GRANTING PRELIMINARY APPROVAL OF PARTIAL CLA_288_0.pdf",extracted
new,1963-31,1963,31,2009-01-06,RWS,DJ,False,4,0,True,True,True,False,LeadCounsel; Communications,7,False,True,False,False,True,False,,,False,False,,"1963 The Bear Stearns Companies, Inc., SEC, DER & ERISA/US_DIS_NYSD_1_08md1963_31_ORDER REGARDING_ (1) CONSOLIDATION OF SECURITIES A_31_0.pdf",extracted
new,1967-577,1967,577,2011-01-07,ODS,DJ,False,1,0,True,True,True,False,ClassCounsel,2,False,True,False,True,True,False,,Preliminary approval of class action settlement; conditionally certifies settlement class and appoints named attorneys as Class Counsel.,False,False,,1967 Bisphenol-A (BPA) Polycarbonate Plastic PL/US_DIS_MOWD_4_08md1967_577_ORDER granting 571 Motion for Preliminary Approval_577_0.pdf,extracted
new,1984-260,1984,260,2011-01-24,MLCF,DJ,False,1,0,False,False,True,False,ClassCounsel,2,False,True,False,False,True,False,,,False,False,,"1984 DirecTech Southwest, Inc., Fair Labor/US_DIS_LAED_2_08md1984_260_ORDER granting 255 Motion for Conditionally Certif_260_0.pdf",extracted
new,1987-29,1987,29,2009-03-09,JSW,DJ,False,1,0,False,,True,False,LeadCounsel; ClassCounsel,1,False,True,False,False,True,False,,Stipulation; defendants do not oppose the appointment.,False,True,,1987 Webkinz Antitrust Litigation/US_DIS_CAND_3_08md1987_29_ORDER GRANTING 25 Stipulation APPOINTING INTERIM L_29_0.pdf,extracted
new,1977-159,1977,159,2010-04-16,MHM,DJ,False,1,0,True,True,True,False,ClassCounsel,2,,True,,,True,,,PACER filed date used over signature date.,False,False,,"1977 LifeLock, Inc., Marketing & SP/US_DIS_AZD_2_08md1977_159_PRELIMINARY APPROVAL ORDER granting 141 Joint Moti_159_0.pdf",extracted
new,1980-144,1980,144,2013-06-06,MMM,DJ,False,1,0,True,,True,False,ClassCounsel,4,False,True,False,False,True,False,,,False,False,,"1980 ToysRUs - Delaware, Inc., Fair and Accurate/US_DIS_CACD_2_08ml1980_144_ORDER OF PRELIMINARY APPROVAL 142 by Judge Margare_144_0.pdf",extracted
new,1996-48,1996,48,2008-12-04,RC,DJ,False,1,0,False,False,True,False,LeadCounsel,2,False,False,False,False,False,False,,,False,False,,1996 Potash Antitrust Litigation (No. II)/1996_doc48.pdf,extracted
new,1985-20,1985,20,2009-01-30,RDP,DJ,False,2,0,True,False,True,True,Communications,2,False,False,False,False,False,False,,"Judge Davis is identified as a magistrate judge resource for discovery coordination and mediation of non-dispositive disputes, not as a leadership appointee.",False,False,,1985 Total Body Formula PL/US_DIS_ALND_2_08cv1946_20_CASE MANAGEMENT ORDER NO. 1 an initial case manage_20_0.pdf,extracted
new,1974-11,1974,11,2008-10-09,JGH,DJ,False,2,0,True,True,True,False,LeadCounsel; Communications; ClassCounsel,3,False,False,True,True,True,False,,,False,True,,"1974 Countrywide Financial Corp. Mortgage Lending/PRACTICE & PROCEDURE ORDER signed by Chief Judge John G. Heyburn, II on 10_8_2008. Attorneys Andrew.pdf",extracted
new,1982-123,1982,123,2010-06-02,RDB,DJ,False,0,0,True,False,True,False,ClassCounsel,5,False,True,False,False,True,False,,,False,False,,"1982 Tyson Foods, Inc., Chicken Raised Without/US_DIS_MDD_1_08md1982_123_FINAL JUDGMENT AND ORDER in all actions. Signed by_123_0.pdf",extracted
new,1972-37,1972,37,2008-11-17,TSZ,DJ,False,3,0,True,True,True,True,LeadCounsel; Communications,6,False,True,False,True,True,False,,Order states the court received no objections. The court declined at this time to appoint class counsel pursuant to Fed. R. Civ. P. 23(g).,False,False,,1972 Hawaiian and Guamanian Cabotage Antitrust/US_DIS_WAWD_2_08md1972_37_ORDER NO 2_ APPOINTMENT OF INTERIM LEAD AND LIAISO_37_0.pdf,extracted
new,1989-334,1989,334,2011-06-09,GKF,DJ,False,0,0,True,True,True,False,LeadCounsel; Settlement,1,False,True,False,False,True,False,,,False,False,,"1989 SemGroup Energy Partners, L.P., SEC/US_DIS_OKND_4_08md1989_334_ORDER by Judge Gregory K Frizzell _ setting_resett_334_0.pdf",extracted
new,1996-34,1996,34,2009-02-24,RC,DJ,False,2,0,False,False,True,False,LeadCounsel; Communications; ClassCounsel,3,False,False,False,False,False,False,,,False,False,,1996 Potash Antitrust Litigation (No. II)/1996_doc34.pdf,extracted
new,1982-96,1982,96,2010-01-15,RDB,DJ,False,1,0,True,False,True,False,ClassCounsel,5,False,True,False,False,True,False,,,False,False,,"1982 Tyson Foods, Inc., Chicken Raised Without/US_DIS_MDD_1_08md1982_96_PRELIMINARY APPROVAL ORDER. Signed by Judge Richar_96_0.pdf",extracted
new,1963-270,1963,270,2012-04-05,RWS,DJ,False,1,0,True,True,True,False,LeadCounsel; Communications; ClassCounsel,3,False,True,False,False,True,False,,,False,False,,"1963 The Bear Stearns Companies, Inc., SEC, DER & ERISA/US_DIS_NYSD_1_08md1963_270_ORDER PRELIMINARILY APPROVING SETTLEMENT, PRELIMIN_270_0.pdf",extracted
new,1990-44,1990,44,2009-12-21,DWF,DJ,False,1,0,True,True,True,False,ClassCounsel,3,False,True,False,False,True,False,,,False,False,,"1990 NorthStar Education Finance, Inc., CONT/US_DIS_MND_0_08md1990_44_ORDER GRANTING PLAINTIFFS_ MOTION FOR PRELMINARY A_44_0.pdf",extracted
?,,,177,2011-08-16,CPK,DJ,False,0,0,False,False,True,False,ClassCounsel,2,False,True,False,False,True,False,,,False,False,,1981 Aon Corp. Wage and Hour EP/US_DIS_ILND_1_08cv5802_177_FINAL APPROVAL AND JUDGMENT ORDER Signed by the Ho_177_0.pdf,extracted
new,1992-61,1992,61,2009-12-14,LDD,DJ,True,2,0,True,False,True,False,ClassCounsel; Communications,3,False,True,False,False,True,True,,Order reflects competing motions/oppositions regarding appointment of lead/class counsel; Claims Administrator appointment excluded as non-attorney settlement administration role.,False,False,,1992 Comcast Corp. Peer-to-Peer (P2P) Transmission CONT/US_DIS_PAED_2_08md1992_61_ORDER THAT PLAINTIFF JON HART_S MOTION FOR ENTRY O_61_0.pdf,extracted
new,1990-75,1990,75,2010-04-08,DWF,DJ,False,0,0,True,,True,False,ClassCounsel,3,False,True,,,True,False,,,False,False,,"1990 NorthStar Education Finance, Inc., CONT/US_DIS_MND_0_08md1990_75_ORDER FOR FINAL APPROVAL OF SETTLEMENT, CERTIFICAT_75_0.pdf",extracted
new,1968-51,1968,51,2008-11-05,JRG,DJ,True,3,0,True,True,True,True,LeadCounsel; Management; Communications,25,False,False,True,True,False,False,,,False,False,,1968 Digitek PL/US_DIS_WVSD_2_08md1968_51_PRETRIAL ORDER #4_ Directing the Clerk to file a c_51_0.pdf,extracted
?,,,46,2009-01-30,MFK,DJ,False,0,0,False,False,True,True,Communications; Management,0,False,False,False,False,False,False,,"Minute entry appoints plaintiffs' and defendants' liaison counsel and plaintiffs' steering committee as proposed in the parties' joint status report, but does not name the appointees.",True,False,,1997 Text Messaging Antitrust Litigation/US_DIS_ILND_1_08cv7082_46_MINUTE entry before the Honorable Matthew F. Kenne_46_0.pdf,extracted
?,,,729,2013-08-27,MFK,DJ,False,0,0,False,False,True,False,Management,1,False,False,False,False,False,False,,,False,False,,1997 Text Messaging Antitrust Litigation/US_DIS_ILND_1_08cv7082_729_MINUTE entry before the Honorable Matthew F. Kenne_729_0.pdf,extracted
new,1996-533,1996,533,2013-01-30,RC,DJ,False,1,0,True,True,True,False,ClassCounsel,2,False,True,False,False,True,False,,,False,False,,1996 Potash Antitrust Litigation (No. II)/US_DIS_ILND_1_08cv6910_533_ORDER Granting Preliminary Approval of Proposed Se_533_0.pdf,extracted
new,1996-531,1996,531,2013-01-30,RC,DJ,False,2,0,True,True,True,False,LeadCounsel; ClassCounsel; Communications,3,False,True,False,False,True,False,,,False,False,,1996 Potash Antitrust Litigation (No. II)/US_DIS_ILND_1_08cv6910_531_ORDER Granting Preliminary Approval of Proposed Se_531_0.pdf,extracted
new,1996-474,1996,474,2012-12-11,RC,DJ,False,2,0,True,True,True,False,ClassCounsel; Communications,3,False,True,False,False,True,False,,,False,False,,1996 Potash Antitrust Litigation (No. II)/US_DIS_ILND_1_08cv6910_474_ORDER Preliminarily Approving Proposed Settlement _474_0.pdf,extracted
?,,,54,2009-04-02,RDP,DJ,False,10,0,True,True,True,True,Communications; Management; Discovery; Settlement; Expert; Motions; Coordination,16,False,False,False,False,False,False,,,False,False,,1985 Total Body Formula PL/US_DIS_ALND_2_08cv1946_54_CASE MANAGEMENT ORDER NO. 1_ Liaison Counsel and C_54_0.pdf,extracted
?,,,48,2009-02-10,MFK,DJ,False,0,0,False,False,True,True,Communications; Management,0,False,False,False,False,False,False,,"Minute entry enters an attached Order Appointing Liaison Counsel and Plaintiffs’ Steering Committee members, but the text provided does not name the appointees.",True,False,,1997 Text Messaging Antitrust Litigation/US_DIS_ILND_1_08cv7082_48_MINUTE entry before the Honorable Matthew F. Kenne_48_0.pdf,extracted
new,1996-472,1996,472,2012-12-11,RC,DJ,False,1,0,True,True,True,False,ClassCounsel,2,False,True,False,False,True,False,Antitrust,Settlement-class certification order appoints Lead Counsel for the settlement class pursuant to Rule 23(g).,False,False,,1996 Potash Antitrust Litigation (No. II)/US_DIS_ILND_1_08cv6910_472_ORDER Granting Class Certification and Preliminary_472_0.pdf,extracted
new,1997-598,1997,598,2012-12-14,MFK,DJ,False,1,0,False,False,True,False,ClassCounsel,7,False,True,False,False,True,False,,,False,False,,1997 Text Messaging Antitrust Litigation/US_DIS_ILND_1_08cv7082_598_ORDER CERTIFYING CLASS signed by the Honorable Mat_598_0.pdf,extracted
new,1960-191,1960,191,2008-12-12,DRD,DJ,False,13,0,True,False,True,True,LeadCounsel; Management; Communications; ClassCounsel; Discovery; Motions; Expert; Settlement,32,False,False,False,False,False,True,,"Order grants plaintiffs' proposed appointment motion, names plaintiffs' and defendants' counsel/committee rosters, and sets a later confirmation hearing on adoption of the appointments.",False,False,,1960 Puerto Rican Cabotage Antitrust Litigation/US_DIS_PRD_3_08md1960_191_PRETRIAL ORDER NO. 1. Signed by Judge Daniel R. Do_191_0.pdf,extracted
new,1997-49,1997,49,2009-02-10,MFK,DJ,False,0,0,False,False,True,True,Communications; Management,11,False,False,False,False,False,False,,,False,False,,1997 Text Messaging Antitrust Litigation/US_DIS_ILND_1_08cv7082_49_ORDER No. 5 - Appointing Liaison Counsel and Plain_49_0.pdf,extracted
new,1999-385,1999,385,2010-08-16,LA,DJ,False,0,0,,,True,False,ClassCounsel,0,False,True,False,False,True,False,,Order appoints/ confirms Settlement Class Counsel by reference but does not name the counsel in the text.,True,False,,1999 Lawnmower Engine Horsepower Marketing & SP/US_DIS_WIED_2_08md1999_385_ORDER AND JUDGMENT APPROVING THE KOHLER CO. SETTLE_385_0.pdf,extracted
new,1999-197,1999,197,2010-03-02,LA,DJ,False,1,0,True,True,True,False,ClassCounsel,2,False,True,False,False,True,False,,,False,False,,1999 Lawnmower Engine Horsepower Marketing & SP/US_DIS_WIED_2_08md1999_197_ORDER signed by Judge Lynn Adelman on 3_2_2010 PRE_197_0.pdf,extracted
new,1999-189,1999,189,2010-02-26,LA,DJ,False,1,0,True,True,True,False,ClassCounsel,2,False,True,False,False,True,False,,,False,False,,1999 Lawnmower Engine Horsepower Marketing & SP/US_DIS_WIED_2_08md1999_189_ORDER PRELIMINARILY APPROVING GROUP OF SIX SETTLEM_189_0.pdf,extracted
new,1999-56,1999,56,2009-01-27,LA,DJ,False,2,0,True,True,True,False,LeadCounsel; ClassCounsel; Communications,3,False,False,True,True,False,False,,,False,False,,1999 Lawnmower Engine Horsepower Marketing & SP/US_DIS_WIED_2_08md1999_56_ORDER APPOINTING INTERIM CLASS LEAD & LIAISON COUN_56_0.pdf,extracted
new,2004-1072,2004,1072,2016-12-09,CDL,DJ,False,0,0,False,False,True,False,LeadCounsel,2,False,False,False,False,False,False,,,False,False,,2004 Mentor Corp. ObTape Transobturator Sling/US_DIS_GAMD_4_08md2004_1072_ORDER granting Motion to be relieved of duties as _1072_0.pdf,extracted
?,,,114,2009-10-08,SO,DJ,False,2,0,False,False,True,False,LeadCounsel; Communications,2,False,False,False,False,False,False,,,False,False,,"2003 National City Corp. SEC, DER & ERISA/US_DIS_OHND_1_08nc70000_114_Order granting Plaintiff_s Motion to be Appointed _114_0.pdf",extracted
new,2004-422,2004,422,2011-09-21,CDL,DJ,False,2,0,False,False,True,False,Communications; LeadCounsel,3,False,False,False,False,False,False,,,False,False,,2004 Mentor Corp. ObTape Transobturator Sling/US_DIS_GAMD_4_08md2004_422_ORDER granting (421) Motion to Appoint Counsel (sp_422_0.pdf,extracted
new,2004-889,2004,889,2015-01-09,CDL,DJ,False,0,0,False,False,True,False,LeadCounsel; Management,4,False,False,False,False,False,False,,Order adds attorneys to an existing plaintiffs' leadership structure and states prior orders concerning roles and responsibilities are not modified.,False,False,,2004 Mentor Corp. ObTape Transobturator Sling/US_DIS_GAMD_4_08md2004_889_ORDER AMENDING PLAINTIFFS_ LEADERSHIP STRUCTURE - _889_0.pdf,extracted
new,1999-198,1999,198,2010-03-02,LA,DJ,False,1,0,True,True,True,False,ClassCounsel,2,False,True,False,False,True,False,,,False,False,,1999 Lawnmower Engine Horsepower Marketing & SP/US_DIS_WIED_2_08md1999_198_ORDER signed by Judge Lynn Adelman on 3_2_2010 PRE_198_0.pdf,extracted
?,65000-141,65000,141,2010-07-12,JSG,DJ,False,1,0,True,True,True,False,ClassCounsel,1,False,True,False,False,True,False,Products Liability,,False,False,,2001 Whirlpool Corp. Front-Loading Washer PL/US_DIS_OHND_1_08wp65000_141_Opinion and Order signed by Judge James S. Gwin (M_141_0.pdf,extracted
new,2001-551,2001,551,2016-05-11,CAB,DJ,False,2,0,True,False,True,False,ClassCounsel,5,False,True,False,False,True,False,,"Order also appoints Angeion Group as Settlement Administrator, excluded because it is not an attorney or law firm leadership appointment.",False,False,,2001 Whirlpool Corp. Front-Loading Washer PL/US_DIS_OHND_1_08wp65000_551_Order Granting Preliminary Approval of Class Actio_551_0.pdf,extracted
new,2013-201,2013,201,2015-08-13,PAC,DJ,False,0,0,False,False,True,False,ClassCounsel; Settlement,2,False,True,False,False,True,False,,,False,False,,2013 Fannie Mae SEC & ERISA/US_DIS_NYSD_1_09md2013_201_FINAL APPROVAL ORDER AND JUDGMENT in the amount of_201_0.pdf,extracted
new,1995-14,1995,14,2009-03-27,PKC,DJ,False,3,0,True,True,True,False,LeadCounsel; Communications; ClassCounsel,9,False,False,True,True,False,False,,Order approves plaintiffs' agreed interim class counsel leadership structure.,False,False,,"1995 Time Warner Inc. Set-Top Cable Television Box/US_DIS_NYSD_1_08md1995_14_ORDER. WHEREAS, the seven actions consolidated for_14_0.pdf",extracted
new,1999-199,1999,199,2010-03-02,LA,DJ,False,1,0,True,True,True,False,ClassCounsel,2,False,True,True,True,True,False,,,False,False,,1999 Lawnmower Engine Horsepower Marketing & SP/US_DIS_WIED_2_08md1999_199_ORDER signed by Judge Lynn Adelman on 3_2_2010 PRE_199_0.pdf,extracted
new,,2007,,2009-03-09,GW,DJ,False,1,0,False,False,True,False,LeadCounsel,0,False,False,False,False,False,False,,"Plaintiff's Motion for Appointment of Interim Lead Counsel was granted, but the minutes do not name the interim lead counsel; counsel was directed to submit an amended proposed order.",True,False,,2007 Aftermarket Automotive Lighting Products/2007_2009_03_09.pdf,extracted
new,2011-78,2011,78,2009-08-26,PGG,DJ,True,1,0,True,True,True,False,LeadCounsel,1,False,False,,True,False,False,,,False,False,,"2011 The Reserve Fund SEC & DER/US_DIS_NYSD_1_09md2011_78_ORDER. For the foregoing reasons, Third Avenue Ins_78_0.pdf",extracted
new,,2007,,2009-03-16,GW,DJ,False,1,0,True,True,True,False,LeadCounsel,4,False,False,True,True,False,False,,,False,False,,2007 Aftermarket Automotive Lighting Products/2007_2009_03_16.pdf,extracted
new,2011-82,2011,82,2009-09-28,PGG,DJ,True,2,0,True,True,True,False,LeadCounsel; Communications,2,False,False,False,False,True,False,,Order notes competing motions by James Passilla and the Reserve Yield Plus Fund Investor Group for lead plaintiff and lead counsel; Passilla's competing lead-counsel motion was denied.,False,False,,"2011 The Reserve Fund SEC & DER/US_DIS_NYSD_1_09md2011_82_ORDER. For the foregoing reasons, the Reserve Yiel_82_0.pdf",extracted
new,2001-12,2001,12,2009-02-26,JG,DJ,False,3,0,True,True,True,False,LeadCounsel; Communications; Management,13,False,False,True,False,False,True,,The order provisionally appoints plaintiff leadership and provides a future objection procedure; it does not state that objections had been filed or that competing applicants sought the same position. The name 'Schwartz A Steven' is extracted as written in the order text.,False,False,,2001 Whirlpool Corp. Front-Loading Washer PL/US_DIS_OHND_1_08wp65000_12_Order  Case Management Conference scheduled for 3__12_0.pdf,extracted
new,2014-74,2014,74,2009-08-26,JSW,DJ,True,0,0,,,True,False,LeadCounsel,1,False,False,,,True,False,,Defendants opposed the Hamm Group's appointment as Lead Plaintiff; the order states Defendants did not object to maintaining Girard Gibbs as Lead Counsel.,False,False,,2014 Bank of America Corp. Auction Rate Securities/US_DIS_CAND_3_09md2014_74_ORDER by Judge Jeffrey S. White GRANTING (84) Rene_74_0.pdf,extracted
new,2017-138,2017,138,2009-06-03,LAK,DJ,False,0,0,False,False,,,LeadCounsel,0,False,False,False,False,False,False,,Order grants a motion to substitute lead counsel but does not name the substitute counsel in the order text.,True,False,,"2017 Lehman Brothers Holdings, Inc., SEC & ERISA/US_DIS_NYSD_1_09md2017_138_PRETRIAL ORDER NO. 10 (Motion to Substitute Lead C_138_0.pdf",extracted
new,2015-113,2015,113,2010-12-16,JF,DJ,False,1,0,True,True,True,False,ClassCounsel,2,False,True,False,False,True,False,,,False,False,,2015 Wachovia Corp. Pick-A-Payment Mortgage/US_DIS_CAND_3_09md2015_113_ORDER_ (1) PROVISIONALLY CERTIFYING A SETTLEMENT C_113_0.pdf,extracted
new,1999-57,1999,57,2009-01-27,LA,DJ,False,0,0,False,False,True,False,LeadCounsel; ClassCounsel,2,False,False,False,False,False,False,,OCR is poor. Minute entry appears to grant a motion by Heins Mills and Morrison Foerster to serve as lead counsel and interim class counsel; a possible liaison-counsel designation is unreadable and was not extracted.,False,False,,1999 Lawnmower Engine Horsepower Marketing & SP/US_DIS_WIED_2_08md1999_57_Minute Entry for proceedings held before Judge Lyn_57_0.pdf,extracted
new,2016-42,2016,42,2009-04-01,JBC,DJ,False,2,0,False,False,False,True,LeadCounsel; Communications,2,False,False,False,False,False,False,,,False,False,,2016 IN RE Yamaha Motor Corp. Rhino ATV PL/US_DIS_KYWD_3_09md2016_42_ORDER APPOINTING LIAISON AND LEAD COUNSEL FOR YAMA_42_0.pdf,extracted
?,,,125,2010-08-27,SO,DJ,False,1,0,True,True,True,False,LeadCounsel; ClassCounsel,4,False,True,False,False,True,False,,Preliminary approval order certifies a settlement class and appoints Co-Lead Counsel as counsel for the Named Plaintiffs and Settlement Class under Rule 23(g)(1). Appointee names are taken from the order's Co-Lead Counsel service block.,False,False,,"2003 National City Corp. SEC, DER & ERISA/US_DIS_OHND_1_08nc70000_125_Order granting Motion for Preliminary Approval of _125_0.pdf",extracted
new,1998-111,1998,111,2009-12-22,TBR,DJ,False,1,0,True,True,True,False,ClassCounsel; Management; Communications,12,False,True,False,False,True,True,,"Preliminarily certifies settlement class and approves settlement/notice plan. Appoints co-lead settlement class counsel, Plaintiffs' Executive Committee members, and Plaintiffs' Liaison Counsel. Excluded non-attorney notice specialist and claims administrator. OU_Create counts the newly appointed settlement class counsel role; PEC and liaison counsel appointments are not counted as first-time creations because the order does not clearly state they are newly created.",False,False,,1998 Countrywide Financial Corp. Customer Data/US_DIS_KYWD_3_08md1998_111_MEMORANDUM OPINION & ORDER by Chief Judge Thomas B_111_0.pdf,extracted
?,,,136,2010-11-30,SO,DJ,False,0,0,True,True,True,False,LeadCounsel; ClassCounsel,2,False,True,False,False,True,False,,"Order and final judgment approving class action settlement and appointing Stull, Stull & Brody and Barroway Topaz Kessler Meltzer & Check, LLP as counsel for the Named Plaintiffs and Settlement Class pursuant to Rule 23(g).",False,False,,"2003 National City Corp. SEC, DER & ERISA/US_DIS_OHND_1_08nc70000_136_Order and Final Judgment  granting Motion for Plai_136_0.pdf",extracted
new,2017-1350,2017,1350,2013-12-03,LAK,DJ,False,1,0,True,True,True,False,ClassCounsel,0,False,True,False,False,True,False,,,True,False,,"2017 Lehman Brothers Holdings, Inc., SEC & ERISA/US_DIS_NYSD_1_09md2017_1350_ORDER CONCERNING PROPOSED SETTLEMENT WITH DEFENDAN_1350_0.pdf",extracted
new,2017-1355,2017,1355,2013-12-13,LAK,DJ,False,0,0,True,True,True,False,ClassCounsel,1,False,True,False,False,True,False,,Judgment and order approving class settlement; appoints Girard Gibbs LLP as Structured Products Class Counsel.,False,False,,"2017 Lehman Brothers Holdings, Inc., SEC & ERISA/US_DIS_NYSD_1_09md2017_1355_JUDGMENT AND ORDER APPROVING SETTLEMENT BETWEEN ST_1355_0.pdf",extracted
new,2017-1129,2017,1129,2013-01-23,LAK,DJ,False,2,0,False,False,True,False,ClassCounsel,3,False,True,False,False,True,False,,Pretrial Order No. 59; class certification ruling.,False,False,,"2017 Lehman Brothers Holdings, Inc., SEC & ERISA/US_DIS_NYSD_1_09md2017_1129_ORDER in case 1_08-cv-05523-LAK-GWG_ granting in p_1129_0.pdf",extracted
new,2017-1291,2017,1291,2013-09-16,LAK,DJ,False,1,0,True,True,True,False,ClassCounsel,0,False,True,False,False,True,False,,Order preliminarily appoints Structured Products Class Counsel by defined term only; individual/firm names are not stated in the order text.,True,False,,"2017 Lehman Brothers Holdings, Inc., SEC & ERISA/US_DIS_NYSD_1_09md2017_1291_ORDER CONCERNING PROPOSED SETTLEMENT WITH UBS FINA_1291_0.pdf",extracted
new,2023-64,2023,64,2010-04-08,BMC,DJ,False,0,0,False,False,True,False,Management,2,False,False,False,False,False,False,,,False,False,,2023 Bayer Corp. Combination Aspirin Products/US_DIS_NYED_1_09md2023_64_PRETRIAL ORDER #9. ( Ordered by Judge Brian M. Cog_64_0.pdf,extracted
new,2017-1400,2017,1400,2014-04-16,LAK,DJ,False,0,0,True,True,True,False,ClassCounsel; Settlement,2,False,True,False,False,True,False,,,False,False,,"2017 Lehman Brothers Holdings, Inc., SEC & ERISA/US_DIS_NYSD_1_09md2017_1400_JUDGMENT AND ORDER APPROVING SETTLEMENT BETWEEN PL_1400_0.pdf",extracted
new,2017-1,2017,1,2009-01-09,LAK,DJ,False,2,0,True,True,True,False,LeadCounsel; Management,2,False,False,True,True,False,True,,"Order references lead counsel previously designated in 08 Civ. 5523 and lead counsel in other component litigation as members of the Plaintiffs' Executive Committee, but does not name all such counsel in the text.",True,False,,"2017 Lehman Brothers Holdings, Inc., SEC & ERISA/US_DIS_NYSD_1_09md2017_1_PRETRIAL ORDER NO. 1 (Initial Case Management Orde_1_0.pdf",extracted
new,2017-549,2017,549,2011-12-15,LAK,DJ,False,0,0,True,True,True,False,ClassCounsel,0,False,True,False,False,True,False,,"Order preliminarily certifies a settlement class and certifies unnamed Lead Counsel as Class Counsel pursuant to Rule 23(g). The Garden City Group, Inc. is appointed as Claims Administrator but is excluded because it is a non-attorney settlement/claims administrator.",True,False,,"2017 Lehman Brothers Holdings, Inc., SEC & ERISA/US_DIS_NYSD_1_09md2017_549_PRETRIAL ORDER NO. 28 CONCERNING PROPOSED SETTLEME_549_0.pdf",extracted
new,2030-2,2030,2,2009-06-19,LAP,DJ,False,0,0,False,False,True,False,LeadCounsel,1,False,False,False,False,False,False,,,False,False,,"2030 Merrill Lynch & Co., Inc., Auction Rate/US_DIS_NYSD_1_09md2030_2_ORDER GRANTING WITHDRAWAL AND SUBSTITUTION OF LEAD_2_0.pdf",extracted
new,2017-1130,2017,1130,2013-01-23,LAK,DJ,False,1,0,True,True,True,False,Management; Communications,6,False,False,True,True,False,False,,Pretrial Order No. 1 previously established the plaintiffs' Executive Committee and Executive Committee Chair; this order restates that composition and identifies Liaison Counsel for the Individual Actions.,False,False,,"2017 Lehman Brothers Holdings, Inc., SEC & ERISA/US_DIS_NYSD_1_09md2017_1130_PRETRIAL ORDER No. 61 filed. Initial disclosures c_1130_0.pdf",extracted
?,,,67,2010-02-18,WJH,DJ,,0,0,,,True,,ClassCounsel,0,,,,,,,,"Minute entry states an order appointing interim class co-lead counsel was entered, but no appointees are named in this text; it refers to separate order(s) for further detail.",True,False,,"2031 IN RE_ Dairy Farmers of America, Inc., Cheese Antitrust Litigation/US_DIS_ILND_1_09cv3690_67_MINUTE entry before Honorable William J. Hibbler_ _67_0.pdf",extracted
?,,,378,2010-08-31,JW,DJ,False,0,0,False,False,True,False,ClassCounsel; Settlement; SettlementAdministration,3,False,True,False,False,True,False,,Final approval order certifies a settlement class and re-appoints three law firms as Class Counsel. QSF Trustee is excluded because it is not a counsel appointment.,False,False,,2028 Edward H. Okun Internal Revenue Service Sec/US_DIS_CAND_3_09cv2079_d891360e16300_FINAL_APPROVAL_ORDER_RE_WAVE_II_SETTLEMENT_WITH_BA.pdf,extracted
new,2029-492,2029,492,2011-09-02,PJH,DJ,False,0,0,True,True,True,False,Settlement,1,False,True,False,False,True,False,,,False,False,,2029 Online DVD Rental Antitrust Litigation/US_DIS_CAND_4_09md2029_492_REVISED ORDER GRANTING CONDITIONAL CLASS CERTIFICA_492_0.pdf,extracted
new,2017-827,2017,827,2012-03-22,LAK,DJ,False,1,0,True,True,True,False,ClassCounsel,1,False,True,False,False,True,False,,"Order certifies a settlement class and appoints Cohen Milstein Sellers & Toll PLLC as Class Counsel. Rust Consulting, Inc. is approved as Claims Administrator but is excluded from Appointments as a non-legal settlement/claims administrator.",False,False,,"2017 Lehman Brothers Holdings, Inc., SEC & ERISA/US_DIS_NYSD_1_09md2017_827_ORDER CERTIFYING SETTLEMENT CLASS, APPROVING NOTIC_827_0.pdf",extracted
new,2027-11,2027,11,2009-05-19,BSJ,DJ,False,1,0,True,True,True,False,LeadCounsel,4,False,False,False,False,True,False,Securities,"Amended order correcting spelling of law firm name Barroway Topaz Kessler & Check LLP. Competing applications concerned lead plaintiff status, not a visible competing attorney/law-firm leadership appointment.",False,False,,"2027 Satyam Computer Services, Ltd., SEC/US_DIS_NYSD_1_09md2027_11_AMENDED ORDER. The Court finds that the law firms _11_0.pdf",extracted
?,,,158,2009-10-08,JW,DJ,False,0,0,False,False,True,False,ClassCounsel; Settlement,3,False,True,False,False,True,False,,Order appoints three law firms as Class Counsel. QSF Trustee appointment excluded because it is not an attorney/law-firm leadership appointment.,False,False,,2028 Edward H. Okun Internal Revenue Service Sec/US_DIS_CAND_3_09cv2079_d891360e11119_FINAL_APPROVAL_ORDER_OF_WAVE_I_SETTLEMENTS_grantin.pdf,extracted
new,2027-8,2027,8,2009-05-12,BSJ,DJ,False,0,0,True,,True,False,LeadCounsel,4,False,False,False,False,True,False,Securities,Order appoints co-lead plaintiffs and approves their selected law firms as co-lead counsel; non-attorney lead plaintiffs are not included as appointees.,False,False,,"2027 Satyam Computer Services, Ltd., SEC/US_DIS_NYSD_1_09md2027_8_ORDER. The Court finds that the law firms selected_8_0.pdf",extracted
?,,,62,2010-02-05,WJH,DJ,False,2,0,True,True,True,False,LeadCounsel; Communications; ClassCounsel,2,False,True,True,True,True,False,,,False,False,,"2031 IN RE_ Dairy Farmers of America, Inc., Cheese Antitrust Litigation/US_DIS_ILND_1_09cv3690_62_ORDER Granting Motion to Appoint Interim Lead Coun_62_0.pdf",extracted
new,2027-319,2027,319,2011-05-12,BSJ,DJ,False,1,0,True,True,True,False,ClassCounsel,4,False,True,False,False,True,False,,"Preliminary approval order for class settlement with PwC entities; appoints law firms as Class Counsel. Rust Consulting, Inc. excluded because it is appointed Claims Administrator, not legal leadership.",False,False,,"2027 Satyam Computer Services, Ltd., SEC/US_DIS_NYSD_1_09md2027_319_PRELIMINARY APPROVAL ORDER PROVIDING FOR NOTICE AN_319_0.pdf",extracted
new,2023-18,2023,18,2009-06-08,BMC,DJ,True,0,0,False,False,True,False,LeadCounsel; Management,2,False,False,False,False,False,False,,"OCR is substantially garbled. Order reflects competing CMO/counter-proposal and discusses co-lead counsel and a Plaintiffs Steering Committee; the adopted CMO was to be docketed separately, so additional roster details may appear in that separate document.",False,False,,2023 Bayer Corp. Combination Aspirin Products/US_DIS_NYED_1_09md2023_18_PRETRIAL ORDER. The court adopts the CMO with some_18_0.pdf,extracted
new,2032-172,2032,172,2011-05-13,MMC,DJ,False,0,0,False,False,True,False,ClassCounsel,0,False,True,False,False,True,False,,"Order certifies a class and appoints as Class Counsel the Interim Class Counsel appointed in the Court's July 24, 2009 order, but does not name the counsel in this order.",True,False,,"2032 IN RE_ Chase Bank USA, N.A.., Check Loan/US_DIS_CAND_3_09md2032_172_ORDER GRANTING PLAINTIFFS_ MOTION TO CERTIFY CLASS_172_0.pdf",extracted
new,2031-495,2031,495,2014-03-17,RMD,DJ,False,1,0,True,True,True,False,ClassCounsel,1,False,True,False,False,True,False,,,False,False,,"2031 IN RE_ Dairy Farmers of America, Inc., Cheese Antitrust Litigation/US_DIS_ILND_1_09cv3690_495_ENTER ORDER PRELIMINARILY APPROVING PROPOSED SETTL_495_0.pdf",extracted
new,2031-413,2031,413,2013-11-15,RMD,DJ,True,0,0,True,True,True,False,LeadCounsel,2,False,True,False,False,True,True,,"Order modifies prior interim co-lead counsel appointment for Direct Purchaser Plaintiffs. Wolf Haldenstein and Mary Jane Fait both sought to remain as co-lead counsel; court appoints Lovell Stewart & Halebian LLP as sole lead interim counsel and Wolf Haldenstein as local counsel, effectively ending Wolf Haldenstein's co-lead role.",False,False,,"2031 IN RE_ Dairy Farmers of America, Inc., Cheese Antitrust Litigation/US_DIS_ILND_1_09cv3690_413_MEMORANDUM Opinion and Order Signed by the Honorab_413_0.pdf",extracted
new,2046-22,2046,22,2009-09-01,LHR,DJ,False,0,0,False,False,True,False,Management,13,False,False,False,False,False,False,,,False,False,,"2046 IN RE Heartland Payment Systems, Inc., Customer Data Security Breach/US_DIS_TXSD_4_09md2046_22_ORDER appointing attorneys to the Steering Committ_22_0.pdf",extracted
new,2046-230,2046,230,2014-03-05,LHR,DJ,False,0,0,False,False,True,False,Management,2,False,False,False,False,False,False,,,False,False,,"2046 IN RE Heartland Payment Systems, Inc., Customer Data Security Breach/US_DIS_TXSD_4_09md2046_230_ORDER granting 228 MOTION to Substitute Andrew N. _230_0.pdf",extracted
?,,,416,2013-11-18,RMD,DJ,True,0,0,False,False,True,False,LeadCounsel,2,False,True,False,False,True,False,,"Minute entry references Memorandum Opinion and Order [413] dated November 15, 2013; docket entry date used. The order modified prior co-lead counsel appointments for Direct Purchaser Plaintiffs and denied related sur-reply briefing.",False,False,,"2031 IN RE_ Dairy Farmers of America, Inc., Cheese Antitrust Litigation/US_DIS_ILND_1_09cv3690_416_MINUTE entry before Honorable Robert M. Dow, Jr_ P_416_0.pdf",extracted
new,2025-116,2025,116,2010-03-11,KSH,DJ,False,1,0,True,True,True,False,ClassCounsel; Settlement,22,False,True,False,False,True,False,,,False,False,,"2025 Staples, Inc., Wage and Hour EP/US_DIS_NJD_2_08cv5746_116_ORDER granting 111 Motion for Settlement. Hrg. on _116_0.pdf",extracted
new,2023-17,2023,17,2009-06-08,BMC,DJ,False,6,0,True,True,True,True,LeadCounsel; Management; Communications,14,False,False,True,True,False,False,,,False,False,,2023 Bayer Corp. Combination Aspirin Products/US_DIS_NYED_1_09md2023_17_CASE MANAGEMENT ORDER NO. 1 (see order for details_17_0.pdf,extracted
new,2042-114,2042,114,2009-11-02,SFC,DJ,True,2,0,True,True,True,False,LeadCounsel; Management,2,False,True,False,False,True,False,,Order identifies multiple competing motions seeking appointment as Interim Lead Counsel for Direct Purchaser Plaintiffs and denies other requests for Interim Lead Counsel or Interim Co-Lead Counsel.,False,False,,2042 IN RE Refrigerant Compressors Antitrust Litigation/US_DIS_MIED_2_09md2042_114_ORDER Appointing David H. Fink and The Miller Law _114_0.pdf,extracted
?,,,61,2010-02-05,WJH,DJ,True,0,0,False,False,True,False,LeadCounsel; Communications,4,False,False,False,False,False,False,,Minute entry states that all motions regarding the appointment were considered and mooted by the ruling.,False,False,,"2031 IN RE_ Dairy Farmers of America, Inc., Cheese Antitrust Litigation/US_DIS_ILND_1_09cv3690_61_MINUTE entry before Honorable William J. Hibbler_ _61_0.pdf",extracted
new,2046-85,2046,85,2010-04-30,LHR,DJ,False,0,0,True,True,True,False,ClassCounsel,3,False,True,False,False,True,False,,,False,False,,"2046 IN RE Heartland Payment Systems, Inc., Customer Data Security Breach/US_DIS_TXSD_4_09md2046_85_ORDER.(Signed by Judge Lee H Rosenthal) Parties no_85_0.pdf",extracted
new,2031-68,2031,68,2010-02-18,WJH,DJ,False,2,0,True,True,True,False,LeadCounsel; ClassCounsel; Communications,2,False,False,True,True,True,True,,,False,False,,"2031 IN RE_ Dairy Farmers of America, Inc., Cheese Antitrust Litigation/US_DIS_ILND_1_09cv3690_68_ORDER Appointing Interim Class Co-Lead Counsel for_68_0.pdf",extracted
new,2042-460,2042,460,2014-01-09,SFC,DJ,False,1,0,True,True,True,False,ClassCounsel,2,False,True,False,False,True,False,,,False,False,,2042 IN RE Refrigerant Compressors Antitrust Litigation/US_DIS_MIED_2_09md2042_460_ORDER GRANTING 456 MOTION for Preliminary Approval_460_0.pdf,extracted
new,2050-61,2050,61,2009-11-10,SSB,DJ,False,0,0,True,True,False,True,LeadCounsel; Communications,1,False,False,False,False,False,False,,,False,False,,2050 IN RE Bill of Lading Transmission and Processing System Patent/US_DIS_OHSD_1_09md2050_61_ORDER following conference held 11_10_09. All answ_61_0.pdf,extracted
new,2042-113,2042,113,2009-11-02,SFC,DJ,True,0,0,False,False,True,False,LeadCounsel; Management,1,False,True,False,False,True,False,,The order identifies competing requests for positions on the Interim Executive Committee and declines to rule on remaining requests at this time.,False,False,,"2042 IN RE Refrigerant Compressors Antitrust Litigation/US_DIS_MIED_2_09md2042_113_ORDER Appointing David E. Plunkett and Williams, W_113_0.pdf",extracted
new,2042-152,2042,152,2010-05-26,SFC,DJ,False,0,0,True,True,True,False,LeadCounsel; Management,3,False,False,True,True,True,False,Antitrust,"Case Management Order No. 1 restates prior November 2, 2009 interim leadership appointments and specifies duties.",False,False,,2042 IN RE Refrigerant Compressors Antitrust Litigation/US_DIS_MIED_2_09md2042_152_CASE MANAGEMENT ORDER NO. 1 Signed by District Jud_152_0.pdf,extracted
?,,,44,2009-03-26,TPG,DJ,False,3,0,True,True,True,False,LeadCounsel,5,False,False,False,False,True,False,,,False,False,,"2052 IN RE Tremont Group Holdings, Inc., SEC/US_DIS_NYSD_1_08cv11117_44_ORDER THAT_ Pursuant to Fed. R. Civ. P. 42(a) and _44_0.pdf",extracted
?,,,335,2010-01-04,TPG,DJ,False,0,0,False,False,True,False,LeadCounsel; ClassCounsel,2,False,True,False,False,True,False,,,False,False,,"2052 IN RE Tremont Group Holdings, Inc., SEC/US_DIS_NYSD_1_08cv11117_335_FINAL APPROVAL ORDER AND JUDGMENT IN CONNECTION WI_335_0.pdf",extracted
new,2004-898,2004,898,2013-04-29,JFC,DJ,False,0,0,False,False,True,False,ClassCounsel,3,False,True,False,False,True,False,,Dated line is blank; PACER/header filing date used. Claims Administrator excluded as non-attorney settlement administration role.,False,True,,2056 IN RE Enterprise Rent-A-Car Wage and Hour EP/US_DIS_PAWD_2_09mc210_898_ORDER granting 896 Preliminary Approval of Settlem_898_0.pdf,extracted
new,2054-247,2054,247,2012-11-07,JFA,DJ,False,0,0,True,True,True,False,ClassCounsel,4,False,True,False,False,True,False,,,False,False,,"2054 IN RE LandAmerica 1031 Exchange Services, Inc., Internal Revenue Service s 1031 Tax Deferred Exchange/US_DIS_SCD_8_09mn2054_247_ORDER APPROVING CLASS ACTION SETTLEMENT AND FINAL _247_0.pdf",extracted
new,2058-527,2058,527,2012-02-06,PKC,DJ,False,1,0,True,False,True,False,ClassCounsel,3,False,True,False,False,True,False,,Defendants did not oppose the appointment of the three firms as class counsel; class certification itself was opposed.,False,False,,"2058 IN RE Bank of America Corp. SEC, DER & ERISA/US_DIS_NYSD_1_09md2058_527_MEMORANDUM AND ORDER in case 1_09-cv-00580-PKC_ gr_527_0(2).pdf",extracted
?,,,911,2013-08-28,JFC,DJ,False,0,0,False,False,True,False,ClassCounsel,3,False,True,False,False,True,False,,,False,False,,2056 IN RE Enterprise Rent-A-Car Wage and Hour EP/US_DIS_PAWD_2_09mc210_911_ORDER granting 904 Joint Motion for Final Approval_911_0.pdf,extracted
new,2048-135,2048,135,2014-03-06,RJC,DJ,False,2,0,True,True,True,False,ClassCounsel; Communications,5,False,False,False,False,True,False,,,False,False,,"2048 IN RE Cox Enterprises, Inc., Set-Top Cable Television Box Antitrust Litigation/US_DIS_OKWD_5_12ml2048_135_ORDER Regarding Appoinment of Class Counsel for Ka_135_0.pdf",extracted
new,2046-21,2046,21,2009-08-28,LHR,DJ,False,6,0,True,True,True,False,LeadCounsel; Management; Communications; ClassCounsel,7,False,False,True,True,False,False,,,False,False,,"2046 IN RE Heartland Payment Systems, Inc., Customer Data Security Breach/US_DIS_TXSD_4_09md2046_21_CASE MANAGEMENT ORDER NO. 1. The court creates sep_21_0.pdf",extracted
new,2063-585,2063,585,2015-10-16,JLK,DJ,False,2,0,False,False,True,False,ClassCounsel; LeadCounsel,2,False,True,False,False,True,False,,,False,False,,2063 IN RE Oppenheimer Rochester Funds Group SEC/US_DIS_COD_1_09md2063_585_ORDER Granting Lead Plaintiff_s Motion for Class C_585_0.pdf,extracted
new,2051-45,2051,45,2009-07-14,CMA,DJ,False,7,0,True,True,True,True,LeadCounsel; Management; Communications; Coordination,14,False,False,True,True,False,False,,,False,False,,2051 IN RE Denture Cream PL/US_DIS_FLSD_1_09md2051_45_CASE MANAGEMENT and SCHEDULING ORDER NO. 1 - (The _45_0.pdf,extracted
new,2066-35,2066,35,2009-09-03,AA,DJ,False,2,0,True,True,True,False,LeadCounsel; Communications,3,False,False,,True,False,False,,,False,False,,2066 IN RE Oral Sodium Phosphate Solution-Based PL/US_DIS_OHND_1_09sp80000_35_Order Appointment of Plaintiff_s Co-Lead Counsel. _35_0.pdf,extracted
new,2058-690,2058,690,2012-07-13,PKC,DJ,False,0,0,True,True,True,False,LeadCounsel; Settlement,6,False,False,False,False,False,False,,,False,False,,"2058 IN RE Bank of America Corp. SEC, DER & ERISA/US_DIS_NYSD_1_09md2058_690_ORDER SETTING SCHEDULE AND PRELIMINARY APPROVING P_690_0.pdf",extracted
new,2058-290,2058,290,2010-06-25,PKC,DJ,False,1,0,True,True,True,False,LeadCounsel; Communications,10,False,False,True,True,False,False,Securities; Derivative; ERISA,"Order consolidates individual actions, designates Grant & Eisenhofer P.A. and Susman Godfrey LLP as Liaison Counsel for the Individual Actions, and restates prior plaintiff lead-counsel appointments.",False,False,,"2058 IN RE Bank of America Corp. SEC, DER & ERISA/US_DIS_NYSD_1_09md2058_290_CONSOLIDATION ORDER. The Individual Actions are co_290_0.pdf",extracted
new,2075-105,2075,105,2014-10-02,TPG,DJ,False,0,0,,,True,False,LeadCounsel; ClassCounsel,2,False,True,,,True,,,,False,False,,"2075 IN RE Austin Capital Management, Ltd., SEC & ERISA/US_DIS_NYSD_1_09md2075_105_FINAL JUDGMENT AND ORDER OF DISMISSAL WITH PREJUDI_105_0.pdf",extracted
new,2075-25,2075,25,2009-10-23,TPG,DJ,False,1,0,False,False,True,False,LeadCounsel,2,False,False,False,False,False,False,,,False,False,,"2075 IN RE Austin Capital Management, Ltd., SEC & ERISA/US_DIS_NYSD_1_09md2075_25_ORDER OF CONSOLIDATION. NOW THEREFORE IT IS HEREBY_25_0.pdf",extracted
new,2081-263,2081,263,2015-10-19,JD,DJ,False,1,0,False,False,True,False,ClassCounsel,1,False,True,False,False,True,False,,,False,False,,2081 IN RE_ Blood Reagents Antitrust Litigation/US_DIS_PAED_2_09md2081_263_MEMORANDUM AND_OR OPINION ORDER THAT PLAINTIFFS_ M_263_0.pdf,extracted
new,2063-499,2063,499,2014-03-12,JLK,DJ,False,2,0,True,True,True,False,ClassCounsel; Communications,4,False,True,False,False,True,False,,,False,False,,2063 IN RE Oppenheimer Rochester Funds Group SEC/US_DIS_COD_1_09md2063_499_ORDER preliminarily approving settlements and prov_499_0.pdf,extracted
new,2081-200,2081,200,2012-08-22,JD,DJ,False,1,0,False,False,True,False,ClassCounsel,1,False,True,False,False,True,False,,,False,False,,2081 IN RE_ Blood Reagents Antitrust Litigation/US_DIS_PAED_2_09md2081_200_ORDER THAT PLAINTIFFS_ MOTION FOR CLASS CERTIFICAT_200_0.pdf,extracted
?,,,316,2009-10-15,TPG,DJ,False,0,0,True,True,True,False,LeadCounsel; ClassCounsel,2,False,True,False,False,True,False,,Preliminary approval order conditionally certifying a settlement class and identifying Plaintiffs' Interim Co-Lead Counsel firms; parties consented to entry of the order.,False,False,,"2052 IN RE Tremont Group Holdings, Inc., SEC/US_DIS_NYSD_1_08cv11117_316_PRELIMINARY APPROVAL ORDER IN CONNECTION WITH PART_316_0.pdf",extracted
new,2075-104,2075,104,2014-10-02,TPG,DJ,False,0,0,False,False,True,False,LeadCounsel; ClassCounsel,2,False,True,False,False,True,False,,,False,False,,"2075 IN RE Austin Capital Management, Ltd., SEC & ERISA/US_DIS_NYSD_1_09md2075_104_ORDER APPROVING PLAN OF ALLOCATION OF SETTLEMENT P_104_0.pdf",extracted
new,2081-168,2081,168,2012-03-05,JED,DJ,False,1,0,True,True,True,False,ClassCounsel,1,False,True,False,False,True,False,,"Kurtzman Carson Consultants, LLC was appointed as Claims Administrator and is excluded as a non-attorney settlement/claims administrator.",False,False,,2081 IN RE_ Blood Reagents Antitrust Litigation/US_DIS_PAED_2_09md2081_168_ORDER THAT THE MOTION FOR PRELIMINARY APPROVAL OF _168_0.pdf,extracted
new,2075-89,2075,89,2014-05-19,TPG,DJ,False,1,0,True,True,True,False,LeadCounsel; ClassCounsel,2,,True,False,False,True,False,,,False,False,,"2075 IN RE Austin Capital Management, Ltd., SEC & ERISA/US_DIS_NYSD_1_09md2075_89_ORDER PRELIMINARILY APPROVING SETTLEMENT AND PROVI_89_0.pdf",extracted
new,2066-48,2066,48,2009-11-24,AA,DJ,False,0,0,True,True,True,True,LeadCounsel; Management; Communications; Discovery; Expert; Coordination; Settlement; Trial,6,False,False,True,True,True,False,,"Case Management Order No. 1 incorporates prior leadership orders (Docket Nos. 35 and 38) and names lead and liaison counsel, but does not list the PEC or PSC membership.",False,False,,2066 IN RE Oral Sodium Phosphate Solution-Based PL/US_DIS_OHND_1_09sp80000_48_Case Management Order No. 1 Signed by Judge Ann Al_48_0.pdf,extracted
new,2070-45,2070,45,2014-01-10,SHS,DJ,False,1,0,True,True,True,False,ClassCounsel,1,False,True,False,False,True,False,,"Order preliminarily approves class settlement, certifies settlement class, and appoints existing Lead Counsel as class counsel. Non-attorney claims administrator excluded.",False,False,,"2070 IN RE Citigroup, Inc., SEC/US_DIS_NYSD_1_09md2070_45_ORDER PRELIMINARILY APPROVING PROPOSED SETTLEMENT _45_0.pdf",extracted
new,2082-16,2082,16,2009-10-22,TPG,DJ,False,1,0,False,,True,False,LeadCounsel,1,False,False,,,False,False,,,False,False,,2082 IN RE Meridian Funds Group SEC & ERISA/US_DIS_NYSD_1_09md2082_16_ORDER. NOW THEREFORE IT IS HEREBY ORDERED THAT_ 1._16_0.pdf,extracted
new,2063-223,2063,223,2009-11-18,JLK,DJ,True,2,0,True,True,True,False,LeadCounsel; Communications,5,False,False,False,False,True,True,,Order appoints or approves plaintiffs' Lead Counsel by fund and appoints Kip Shuman as Liaison Counsel. Several competing lead plaintiff/lead counsel motions were denied.,False,False,,2063 IN RE Oppenheimer Rochester Funds Group SEC/US_DIS_COD_1_09md2063_223_ORDER APPOINTING LEAD PLAINTIFFS AND LEAD COUNSEL _223_0.pdf,extracted
new,2083-40,2083,40,2010-02-25,RWT,DJ,False,0,0,False,False,True,False,LeadCounsel; Communications,0,False,False,False,False,False,False,,,True,False,,"2083 IN RE KBR, Inc., Burn Pit/US_DIS_MDD_8_09md2083_40_ORDER granting in part and denying in part (22) Mo_40_0.pdf",extracted
new,2081-23,2081,23,2009-12-23,JD,DJ,True,1,0,True,True,True,False,ClassCounsel,1,False,True,False,False,True,False,,"Order grants Spector Roseman Kodroff & Willis, P.C.'s motion for appointment as Interim Lead Class Counsel and denies competing plaintiffs' leadership motion seeking Carey & Danis, LLC and Holland, Groves, Schneller & Stolze, LLC as Interim Co-Lead Counsel and Boni & Zack LLC as Interim Liaison Counsel.",False,False,,2081 IN RE_ Blood Reagents Antitrust Litigation/US_DIS_PAED_2_09md2081_23_ORDER THAT THE MOTION OF SPECTOR ROSEMAN KODROFF &_23_0.pdf,extracted
new,2081-24,2081,24,2009-12-23,JD,DJ,False,2,0,True,True,True,True,LeadCounsel; ClassCounsel; Communications,1,False,False,False,False,False,True,,,False,False,,2081 IN RE_ Blood Reagents Antitrust Litigation/US_DIS_PAED_2_09md2081_24_PRACTICE AND PROCEDURE ORDER UPON TRANSFER PURSUAN_24_0.pdf,extracted
new,2074-11,2074,11,2009-10-30,PSG,DJ,False,4,0,True,True,True,False,LeadCounsel,8,False,False,False,True,True,True,,Designated Counsel appointments do not map cleanly to an allowed appointment type.,False,False,,"2074 IN RE WellPoint, Inc., Out-of-Network _UCR_ Rates/US_DIS_CACD_2_09ml2074_11_CASE MANAGEMENT ORDER GOVERNING MDL PROCEEDINGS by_11_0.pdf",extracted
new,2081-204,2081,204,2012-09-06,JD,DJ,False,0,0,True,False,True,False,ClassCounsel,1,False,True,False,False,True,False,Antitrust,,False,False,,2081 IN RE_ Blood Reagents Antitrust Litigation/US_DIS_PAED_2_09md2081_204_ORDER THAT PLAINTIFFS_ MOTION 179 FOR FINAL APPROV_204_0.pdf,extracted
new,2082-178,2082,178,2016-09-07,TPG,DJ,False,0,0,False,False,True,False,ClassCounsel,1,False,True,False,False,True,False,,,False,False,,2082 IN RE Meridian Funds Group SEC & ERISA/US_DIS_NYSD_1_09md2082_178_FINAL JUDGMENT AND ORDER OF DISMISSAL WITH PREJUDI_178_0.pdf,extracted
new,2083-104,2083,104,2010-10-14,RWT,DJ,False,0,0,True,True,True,False,LeadCounsel; Communications,1,False,False,True,True,False,False,,,False,False,,"2083 IN RE KBR, Inc., Burn Pit/US_DIS_MDD_8_09md2083_104_Case Management Order No. 1 Re_ 103 Consent MOTION_104_0.pdf",extracted
new,2068-30,2068,30,2009-10-26,JAW,DJ,False,5,0,True,True,True,True,LeadCounsel; Management; Communications,19,False,True,,True,True,False,,,False,False,,"2068 IN RE Light Cigarettes Marketing & SP/US_DIS_MED_1_09md2068_30_PROCEDURAL ORDER, APPOINTMENT OF INTERIM LEAD COUN_30_0.pdf",extracted
new,2074-8,2074,8,2009-10-30,PSG,DJ,False,4,0,True,True,True,False,LeadCounsel; Management,8,False,False,False,True,True,True,,,False,False,,"2074 IN RE WellPoint, Inc., Out-of-Network _UCR_ Rates/US_DIS_CACD_2_09ml2074_8_CASE MANAGEMENT ORDER Governing MDL Proceedings by_8_0.pdf",extracted
new,2083-450,2083,450,2016-12-02,RWT,DJ,False,0,0,False,False,,,LeadCounsel; Communications,2,False,False,False,False,False,False,,Order amends Case Management Order No. 1 to appoint Frederick Baker and James Ledlie as additional co-lead and liaison counsel; side not expressly stated in the order text.,False,False,,"2083 IN RE KBR, Inc., Burn Pit/US_DIS_MDD_8_09md2083_450_ORDER Amending Case Management Order. Signed by Ju_450_0.pdf",extracted
new,2082-166,2082,166,2016-04-12,TPG,DJ,False,0,0,True,True,True,False,LeadCounsel; ClassCounsel,1,False,True,False,False,True,False,,Preliminarily certifies a settlement class and appoints Robbins Geller Rudman & Dowd LLP as Lead Counsel for the Class. Non-attorney Claims Administrator excluded.,False,False,,2082 IN RE Meridian Funds Group SEC & ERISA/US_DIS_NYSD_1_09md2082_166_ORDER PRELIMINARILY APPROVING SETTLEMENT AND PROVI_166_0.pdf,extracted
new,2086-42,2086,42,2009-12-11,GAF,DJ,True,1,0,False,False,True,False,LeadCounsel,7,False,False,False,False,False,False,,"Minute entry grants Motion to Appoint Leadership Structure (Doc. 23) as set forth on the record, but does not name the appointees. Remaining motions to appoint lead counsel were denied, indicating competing applications on the face of the order.",False,False,,2086 IN RE Pre-Filled Propane Tank Marketing & SP/US_DIS_MOWD_4_09md2086_42_Minute Entry. Proceedings held before District Jud_42_0.pdf,motion-read
new,2086-120,2086,120,2010-05-19,GAF,DJ,False,1,0,True,True,True,False,ClassCounsel,4,False,True,False,False,True,False,,,False,False,,2086 IN RE Pre-Filled Propane Tank Marketing & SP/US_DIS_MOWD_4_09md2086_120_ORDER in case 4_09-cv-00465-GAF_ granting (113) mo_120_0.pdf,extracted
new,2086-253,2086,253,2011-10-11,GAF,DJ,False,1,0,True,True,True,False,ClassCounsel,4,False,True,False,False,True,False,,,False,False,,2086 IN RE Pre-Filled Propane Tank Marketing & SP/US_DIS_MOWD_4_09md2086_253_ORDER granting (249 in 4_09-md-02086-GAF) MOTION f_253_0.pdf,extracted
new,2086-121,2086,121,2010-05-20,GAF,DJ,False,1,0,True,True,True,False,ClassCounsel,4,False,True,False,False,True,False,,,False,False,,2086 IN RE Pre-Filled Propane Tank Marketing & SP/US_DIS_MOWD_4_09md2086_121_AMENDED ORDER granting (113 in 4_09-md-02086-GAF) _121_0.pdf,extracted
new,2086-88,2086,88,2010-03-11,GAF,DJ,False,1,0,True,True,True,False,ClassCounsel,4,False,True,False,False,True,False,,"Objectors opposed the settlement, but the order does not indicate objections to the Settlement Class Counsel appointments.",False,False,,2086 IN RE Pre-Filled Propane Tank Marketing & SP/US_DIS_MOWD_4_09md2086_88_ORDER in case 4_09-cv-00465-GAF_ granting (37) mot_88_0.pdf,extracted
new,2086-89,2086,89,2010-03-11,GAF,DJ,False,1,0,True,True,True,False,ClassCounsel,4,False,True,False,False,True,False,,,False,False,,2086 IN RE Pre-Filled Propane Tank Marketing & SP/US_DIS_MOWD_4_09md2086_89_AMENDED ORDER granting(37 in 4_09-md-02086-GAF) MO_89_0.pdf,extracted
new,2087-1624,2087,1624,2012-12-19,KSC,MJ,False,1,0,True,True,True,False,ClassCounsel,2,False,True,False,False,True,False,,Order preliminarily approves class action settlement and designates named attorneys as Class Counsel. Non-attorney Settlement Administrator excluded from Appointments.,False,False,,2087 IN RE Hydroxycut Marketing & SP/US_DIS_CASD_3_09md2087_1624_ORDER on (09cv1088) 1609 Joint Motion for Settleme_1624_0.pdf,extracted
new,2087-1861,2087,1861,2014-05-23,BTM,DJ,False,1,0,True,True,True,False,ClassCounsel; Settlement,2,False,True,False,False,True,False,,,False,False,,2087 IN RE Hydroxycut Marketing & SP/US_DIS_CASD_3_09md2087_1861_ORDER (09cv1088) Preliminarily Approving Class Act_1861_0.pdf,extracted
new,2086-254,2086,254,2011-10-13,GAF,DJ,False,1,0,True,True,True,False,ClassCounsel,4,False,True,False,False,True,False,,"The Garden City Group, Inc. was appointed as Claims Administrator but is excluded from Appointments as a non-legal settlement/claims administrator.",False,False,,2086 IN RE Pre-Filled Propane Tank Marketing & SP/US_DIS_MOWD_4_09md2086_254_AMENDED ORDER granting (249 in 4_09-md-02086-GAF) _254_0.pdf,extracted
new,2089-550,2089,550,2015-08-17,TCB,DJ,,0,1,,,True,,ClassCounsel,0,,True,,,,,,Order vacates prior order granting class certification and appointment of class counsel; appointees are not named in this order.,True,False,,2089 IN RE_ Delta-AirTran Baggage Fee Antitrust Litigation/US_DIS_GAND_1_09md2089_550_ORDER VACATING the Court_s 549 Order on Motion to _550_0.pdf,extracted
new,2087-112,2087,112,2010-03-08,BTM,DJ,False,1,0,True,True,True,False,LeadCounsel; ClassCounsel,2,False,True,True,True,True,False,,,False,False,,2087 IN RE Hydroxycut Marketing & SP/US_DIS_CASD_3_09md2087_112_ORDER re_ appointment of Co-Lead Counsel for Conso_112_0.pdf,extracted
new,2086-43,2086,43,2009-12-11,GAF,DJ,False,3,0,True,True,True,False,ClassCounsel; Communications; LeadCounsel; Management,6,True,False,False,False,True,False,,,False,False,,2086 IN RE Pre-Filled Propane Tank Marketing & SP/US_DIS_MOWD_4_09md2086_43_ORDER Appointing Interim Class Counsel. Signed by _43_0.pdf,extracted
new,2087-185,2087,185,2010-03-08,BTM,DJ,False,1,0,True,True,True,False,LeadCounsel; ClassCounsel,2,False,True,True,True,True,False,,,False,False,,2087 IN RE Hydroxycut Marketing & SP/US_DIS_CASD_3_09md2087_185_ORDER re Appointment of Co-Lead Counsel for Consol_185_0.pdf,extracted
new,2087-1882,2087,1882,2014-11-18,BTM,DJ,False,1,0,True,True,True,False,ClassCounsel,2,False,True,False,False,True,False,,,False,False,,2087 IN RE Hydroxycut Marketing & SP/US_DIS_CASD_3_09md2087_1882_FINAL ORDER AND JUDGMENT (09cv1088). Signed by Jud_1882_0.pdf,extracted
new,2087-1863,2087,1863,2014-05-28,BTM,DJ,False,0,0,True,True,True,False,ClassCounsel,2,False,True,False,False,True,False,,Preliminary approval of class action settlement; non-attorney settlement administrators excluded from appointments.,False,False,,2087 IN RE Hydroxycut Marketing & SP/US_DIS_CASD_3_09md2087_1863_AMENDED ORDER (09cv1088) Preliminarily Approving C_1863_0.pdf,extracted
new,2089-549,2089,549,2015-08-05,TCB,DJ,False,1,0,False,False,True,False,ClassCounsel,0,False,True,False,False,True,False,Antitrust,"Order grants class certification and appoints interim class counsel as class counsel, but does not name the counsel in the order text. Source filename indicates the order was vacated by Doc. 550.",True,False,,2089 IN RE_ Delta-AirTran Baggage Fee Antitrust Litigation/US_DIS_GAND_1_09md2089_549_VACATED (See 550 Order  ORDER GRANTING 123 Motion _549_0.pdf,extracted
new,2087-117,2087,117,2010-03-11,BTM,DJ,False,2,0,True,True,True,False,LeadCounsel; Management; Communications,14,False,False,False,True,False,False,,,False,False,,2087 IN RE Hydroxycut Marketing & SP/US_DIS_CASD_3_09md2087_117_ORDER Re Appointment of the Personal Injury Plaint_117_0.pdf,extracted
new,2096-1372,2096,1372,2011-03-04,FJM,DJ,False,0,0,True,True,True,False,LeadCounsel; ClassCounsel,2,False,True,False,False,True,False,,,False,False,,"2096 IN RE Zicam Cold Remedy Marketing, SP & PL/US_DIS_AZD_2_09md2096_1372_ORDER CERTIFYING SETTLEMENT CLASS AND PRELIMINARIL_1372_0.pdf",extracted
new,2096-183,2096,183,2010-03-11,FJM,DJ,False,2,0,False,False,,,LeadCounsel; Communications,0,False,False,False,False,False,False,,Order grants unopposed requests for appointment of lead and liaison counsel but does not name the appointees.,True,False,,"2096 IN RE Zicam Cold Remedy Marketing, SP & PL/US_DIS_AZD_2_09md2096_183_RULE 16 SCHEDULING ORDER_ Discovery due by 2_1_201_183_0.pdf",extracted
new,2093-42,2093,42,2010-02-02,AG,DJ,False,0,0,False,False,True,False,ClassCounsel,1,False,False,False,False,False,False,,,False,False,,"2093 IN RE DirectTV, Inc., Early Cancellation Fee Marketing & SP/US_DIS_CACD_8_09ml2093_42_MINUTES (IN CHAMBERS)_ OMNIBUS ORDER by Judge Andr_42_0.pdf",extracted
new,2100-1348,2100,1348,2010-10-29,DRH,DJ,False,0,0,True,False,False,True,LeadCounsel,1,False,False,False,False,False,False,,Appoints Joseph P. Thomas as additional Defendants' Co-Lead Counsel for the Barr and Teva Defendants.,False,False,,"2100 IN RE Yasmin and Yaz (Drospirenone) Marketing, Sales Practices and Products Liability Litigation/US_DIS_ILSD_3_09md2100_1348_CASE MANAGEMENT ORDER # 27 ORDER APPOINTING ADDITI_1348_0.pdf",extracted
new,2089-48,2089,48,2010-01-05,TCB,DJ,True,2,0,True,True,True,False,LeadCounsel; ClassCounsel; Communications,5,False,True,False,False,True,False,,Order grants Plaintiffs Avery and Watson's motion and denies competing motions for appointment of counsel.,False,False,,2089 IN RE_ Delta-AirTran Baggage Fee Antitrust Litigation/US_DIS_GAND_1_09md2089_48_ORDER GRANTING Plaintiffs Avery and Watson_s 40 Mo_48_0.pdf,extracted
new,2096-1465,2096,1465,2011-05-31,FJM,DJ,False,0,0,True,True,True,False,ClassCounsel,0,False,True,False,False,True,False,,"Order appoints Class Counsel, but the order text does not name the attorneys or firms serving as Class Counsel.",True,False,,"2096 IN RE Zicam Cold Remedy Marketing, SP & PL/US_DIS_AZD_2_09md2096_1465_RULE 54(b) JUDGMENT, FINAL ORDER AND DECREE as to _1465_0.pdf",extracted
new,2085-2,2085,2,2009-11-06,WMS,DJ,False,5,0,True,True,True,False,LeadCounsel; Management; Communications,28,False,False,True,True,False,True,,,False,False,,"2085 IN RE Air Crash Near Clarence Center, NY - 2_12_09/US_DIS_NYWD_1_09md2085_2_MULTIDISTRICT LITIGATION INITIAL CASE MANAGEMENT O_2_0.pdf",extracted
new,2098-19,2098,19,2009-12-09,F,DJ,False,2,0,True,True,True,False,LeadCounsel; Communications,6,False,False,True,True,False,False,,,False,False,,2098 IN RE Kitec Plumbing System Products Liability Litigation/US_DIS_TXND_3_09md2098_19_PRETRIAL ORDER NO.1 PRETRIAL ORGANIZATION OF COUNS_19_0.pdf,extracted
new,2081-31,2081,31,2010-01-20,JED,DJ,False,2,0,True,False,True,True,LeadCounsel; ClassCounsel; Communications,3,False,False,True,False,False,False,,"The order states that Spector Roseman Kodroff & Willis, P.C. was appointed Interim Lead Class Counsel by a prior December 23, 2009 order, and appoints plaintiff and defendant liaison counsel in this order.",False,False,,2081 IN RE_ Blood Reagents Antitrust Litigation/US_DIS_PAED_2_09md2081_31_CASE MANAGEMENT ORDER NO. 1 THAT JEFFREY J. CORRIG_31_0.pdf,extracted
new,2089-665,2089,665,2016-07-12,TCB,DJ,False,0,0,False,False,True,False,ClassCounsel,0,False,True,False,False,True,False,,Order grants class certification and appoints unnamed interim class counsel as class counsel pursuant to Rule 23(g); appointees are not named in the order text.,True,False,,2089 IN RE_ Delta-AirTran Baggage Fee Antitrust Litigation/US_DIS_GAND_1_09md2089_665_ORDER GRANTING IN PART and DENYING IN PART Defenda_665_0.pdf,extracted
new,2089-51,2089,51,2010-01-21,TCB,DJ,False,0,0,True,True,True,True,LeadCounsel; Communications; Discovery,5,False,False,,True,False,True,,"Initial case management order restates plaintiffs' interim co-lead counsel and liaison counsel appointments made by prior January 5, 2010 order; no new organizational units counted.",False,False,,2089 IN RE_ Delta-AirTran Baggage Fee Antitrust Litigation/US_DIS_GAND_1_09md2089_51_INITIAL CASE MANAGEMENT ORDER. Discovery shall be _51_0.pdf,extracted
new,2100-2735,2100,2735,2013-03-15,DRH,DJ,False,1,0,True,True,True,False,Settlement,2,False,False,False,False,False,False,,,False,False,,"2100 IN RE Yasmin and Yaz (Drospirenone) Marketing, Sales Practices and Products Liability Litigation/US_DIS_ILSD_3_09md2100_2735_CASE MANAGEMENT ORDER NUMBER 59, Negotiating Plain_2735_0.pdf",extracted
new,2109-692,2109,692,2014-01-22,JBG,DJ,False,0,0,,,True,False,ClassCounsel; Settlement,1,,True,,,True,,,,False,False,,2109 IN RE Plasma-Derivative Protein Therapies Antitrust Litigation/US_DIS_ILND_1_09cv7666_692_ORDER and Judgment Approving Settlement and Dismis_692_0.pdf,extracted
new,2098-97,2098,97,2011-04-29,RF,DJ,False,0,0,True,True,True,False,ClassCounsel; Communications,6,False,True,True,False,True,False,,"Order preliminarily approves class action settlement, conditionally certifies a settlement class, and reaffirms co-lead class counsel and liaison counsel. Objections described in the order concern settlement/preliminary approval and related injunction issues, not competing or objected-to leadership appointments.",False,False,,2098 IN RE Kitec Plumbing System Products Liability Litigation/US_DIS_TXND_3_09md2098_97_ORDER granting 74 Motion Preliminary Approval of C_97_0.pdf,extracted
new,2100-4234,2100,4234,2018-11-20,DRH,DJ,False,0,2,True,True,True,False,LeadCounsel; Management; Communications,14,False,False,True,False,False,False,,,False,False,shares date+title with 1 other order(s),"2096 IN RE Zicam Cold Remedy Marketing, SP & PL/US_DIS_ILSD_3_09md2100_4234_CASE MANAGEMENT ORDER NO. 85 - Order Disbanding th_4234_0.pdf",extracted
new,2102-79,2102,79,2010-05-19,RPP,DJ,True,1,0,True,True,True,False,ClassCounsel,1,False,True,False,False,True,True,,,False,False,,2102 IN RE Sony Corp. SXRD/US_DIS_NYSD_1_09md2102_79_ORDER AND OPINION. #98973 The Court preliminarily _79_0.pdf,extracted
?,,,506,2012-09-26,JBG,DJ,False,0,0,False,False,True,False,Management,2,False,False,False,False,False,False,,Minute order grants agreed motion to replace one Direct Purchaser Plaintiffs' Steering Committee member firm with another; pro hac vice admissions are not leadership appointments.,False,False,,2109 IN RE Plasma-Derivative Protein Therapies Antitrust Litigation/US_DIS_ILND_1_09cv7666_506_MINUTE entry before Honorable Joan B. Gottschall_ _506_0.pdf,extracted
new,2121-196,2121,196,2012-08-10,LAB,DJ,False,1,,,,,,Management,0,,,,,,,,,True,False,,2121 IN RE Musical Instruments and Equipment Antitrust Litigation/US_DIS_CASD_3_09md2121_196_ORDER Granting Motions to Withdraw and to File Doc_196_0.pdf,extracted
new,2103-102,2103,102,2011-08-16,JFH,DJ,False,0,0,False,False,True,False,ClassCounsel; Management,6,False,True,False,False,True,False,,"Preliminary approval order appoints Settlement Class Counsel and Plaintiffs' Steering Committee for settlement purposes only. Rust Consulting, Inc. appointed as Settlement Administrator but excluded from Appointments because it is a non-legal settlement administrator.",False,False,,2103 IN RE Kentucky Grilled Chicken Coupon Marketing & Sales Practices Litigation/US_DIS_ILND_1_09cv7670_102_Preliminary Approval ORDER Signed by the Honorable_102_0.pdf,extracted
?,,,332,2011-03-24,JBG,DJ,False,0,0,False,False,True,False,LeadCounsel,1,False,False,False,False,False,False,,,False,False,,2109 IN RE Plasma-Derivative Protein Therapies Antitrust Litigation/US_DIS_ILND_1_09cv7666_332_MINUTE entry before Honorable Joan B. Gottschall_ _332_0.pdf,extracted
?,,,143,2010-02-17,JBG,DJ,True,0,0,,,True,False,,1,False,False,,False,False,False,,"Minute entry appoints Cohen, Milstein, Sellers & Toll PLLC to lead plaintiffs' efforts to agree with defendants on a document preservation order; order also sets briefing on an asserted conflict of Cohen Milstein.",False,False,,2109 IN RE Plasma-Derivative Protein Therapies Antitrust Litigation/US_DIS_ILND_1_09cv7666_143_MINUTE entry before Honorable Joan B. Gottschall_ _143_0.pdf,extracted
new,2107-198,2107,198,2012-07-02,BMS,DJ,False,0,0,False,False,True,False,LeadCounsel; Communications; ClassCounsel,5,False,True,False,False,True,False,,,False,False,,2107 IN RE Budeprion XL Marketing & Sales Practices Litigation/US_DIS_PAED_2_09md2107_198_ORDER THAT THE PUBLISHED NOTICE DIRECTED TO THE PL_198_0.pdf,extracted
new,2109-694,2109,694,2014-01-29,JBG,DJ,False,0,0,False,False,True,False,ClassCounsel,2,,True,False,False,True,False,,,False,False,,2109 IN RE Plasma-Derivative Protein Therapies Antitrust Litigation/US_DIS_ILND_1_09cv7666_694_ORDER and Judgment Approving Settlement and Dismis_694_0.pdf,extracted
new,2143-96,2143,96,2010-06-04,VRW,DJ,True,1,0,True,True,True,False,ClassCounsel,1,True,True,False,False,True,False,,,False,False,,2143 IN RE Optical Disk Drive Products Antitrust Litigation/2143_doc96.pdf,extracted
new,2109-703,2109,703,2014-04-16,JBG,DJ,False,1,0,False,False,True,False,LeadCounsel; ClassCounsel,2,False,True,False,False,True,False,,,False,False,,2109 IN RE Plasma-Derivative Protein Therapies Antitrust Litigation/US_DIS_ILND_1_09cv7666_703_CORRECTED ORDER and JUDGMENT Approving Settlement _703_0.pdf,extracted
new,2121-37,2121,37,2010-06-28,LAB,DJ,True,1,0,True,True,True,False,LeadCounsel; Communications,1,True,False,False,False,True,True,,,False,False,,2121 IN RE Musical Instruments and Equipment Antitrust Litigation/US_DIS_CASD_3_09md2121_37_ORDER Appointing Lead-Liaison Counsel_ after consi_37_0.pdf,extracted
new,2107-183,2107,183,2012-02-01,BMS,DJ,False,1,0,True,True,True,False,ClassCounsel; LeadCounsel; Communications,3,False,True,False,False,True,False,,,False,False,,2107 IN RE Budeprion XL Marketing & Sales Practices Litigation/US_DIS_PAED_2_09md2107_183_ORDER THAT THE TERMS OF THE CLASS ACTION SETTLEMEN_183_0.pdf,extracted
new,2124-526,2124,526,2013-11-08,SI,DJ,False,0,0,False,False,True,False,ClassCounsel,2,False,True,False,False,True,False,,,False,False,,2124 IN RE Conseco Life Insurance Co. Lifetrend Insurance Marketing & Sales Practices Litigation/US_DIS_CAND_3_10md2124_526_ORDER by Judge Susan Illston granting 505 Motion f_526_0.pdf,extracted
new,2109-702,2109,702,2014-04-16,JBG,DJ,False,0,0,False,False,True,False,LeadCounsel; ClassCounsel,2,False,True,False,False,True,False,,"Date from filed/entry header. Order finally approves settlement, certifies settlement class, and appoints co-lead counsel for the Settlement Class.",False,True,,2109 IN RE Plasma-Derivative Protein Therapies Antitrust Litigation/US_DIS_ILND_1_09cv7666_702_ORDER and JUDGMENT Approving Settlement and Dismis_702_0.pdf,extracted
new,2138-32,2138,32,2010-05-14,JWL,DJ,False,5,0,True,True,True,False,LeadCounsel; Management; Communications,5,False,False,True,True,False,False,,,False,True,,2138 IN RE Bank of America Wage and Hour Employment Practices Litigation/US_DIS_KSD_2_10md2138_32_PRACTICE AND PROCEDURE ORDER NO. 2_ (SEE 290 ORDER_32_0.pdf,extracted
new,2122-88,2122,88,2011-04-28,PAM,DJ,False,1,0,True,True,True,False,ClassCounsel; Settlement,0,False,True,False,False,True,False,,"Order appoints the Plaintiffs' Counsel Group as Class Counsel by reference to the Settlement Agreement, but does not name the individual attorneys or firms in the order text.",True,False,,2122 IN RE National Arbitration Forum Trade Practices Litigation/US_DIS_MND_0_10md2122_88_ORDER GRANTING PRELIMINARY APPROVAL OF STIPULATION_88_0.pdf,extracted
?,,,56,2011-06-29,FLW,DJ,False,0,0,True,True,True,False,ClassCounsel; Settlement,1,False,True,,,True,False,,"Order preliminarily approves class settlement, certifies settlement class for settlement purposes, and appoints Lead Class Counsel. No MDL number appears in the order text.",False,True,,"2141 IN RE Verizon Wireless Data Charges/US_DIS_NJD_3_10cv1749_56_ORDER PRELIMINARILY APPROVING SETTLEMENT, CERTIFYI_56_0.pdf",extracted
?,,,47,2010-06-23,AJSE,DJ,False,1,0,True,True,True,False,ClassCounsel,2,False,True,False,False,True,False,,,False,False,,2147 IN RE ATT Mobility Wireless Data Services Sales Tax/US_DIS_ILND_1_10cv2278_47_MINUTE entry before Honorable Amy J. St. Eve_ Coop_47_0.pdf,extracted
new,2145-240,2145,240,2011-07-26,DOC,DJ,False,0,0,False,False,True,False,ClassCounsel,2,False,True,False,False,True,False,,,False,False,,2145 IN RE Medical Capital Securities Litigation/US_DIS_CACD_8_10ml2145_240_ORDER by Judge David O. Carter_ GRANTING PLAINTIFF_240_0.pdf,extracted
new,2124-499,2124,499,2013-07-12,SI,DJ,False,0,0,True,True,True,False,ClassCounsel,2,False,True,False,True,True,False,,Preliminary approval order for class settlement; non-attorney settlement administrator excluded from appointments.,False,False,,2124 IN RE Conseco Life Insurance Co. Lifetrend Insurance Marketing & Sales Practices Litigation/US_DIS_CAND_3_10md2124_499_ORDER by Judge Susan Illston granting 494 Motion f_499_0.pdf,extracted
new,2145-583,2145,583,2013-04-04,DOC,DJ,False,0,0,True,False,True,False,LeadCounsel; ClassCounsel; Management,2,False,False,False,False,True,False,,"Milberg LLP is appointed to the Executive Committee and described as previously serving as Co-Lead Counsel, now instead appointed to that committee.",False,True,,"2145 IN RE Medical Capital Securities Litigation/US_DIS_CACD_8_10ml2145_583_ORDER APPOINTING by Judge David O. Carter, 1. JEFF_583_0.pdf",extracted
new,2183-192,2183,192,2011-05-23,PAS,DJ,False,0,0,True,True,True,False,LeadCounsel; Communications,1,False,False,True,False,False,False,,PACER entry date used. Signature date is unclear in OCR. Order directs plaintiffs' counsel to coordinate positions so information can be communicated by attorney Gossett to opposing counsel.,False,False,,"2183 IN RE Brican America LLC Equipment Lease/US_DIS_FLSD_1_10md2183_192_ORDER FOLLOWING May 19, 2011, STATUS CONFERENCE - _192_0.pdf",extracted
new,2145-32,2145,32,2010-06-30,DOC,DJ,True,0,0,True,,True,False,LeadCounsel; Discovery,4,False,False,,True,True,False,,Order restates prior Co-Lead Counsel appointments and rejects Zinner counsel's request for an additional participatory/provisional interim class-counsel role.,False,False,,2145 IN RE Medical Capital Securities Litigation/US_DIS_CACD_8_10ml2145_32_INITIAL MULTIDISTRICT COORDINATION ORDER by Judge _32_0.pdf,extracted
new,2183-285,2183,285,2012-03-29,PAS,DJ,False,0,0,False,False,True,True,LeadCounsel; Communications,2,False,True,False,False,True,False,,"Order denies Plaintiffs' motion for class certification and continues existing lead and liaison counsel appointments through December 31, 2012.",False,False,,2183 IN RE Brican America LLC Equipment Lease/US_DIS_FLSD_1_10md2183_285_ORDER Denying 226 Motion to Certify Class _ Granti_285_0.pdf,extracted
new,2109-193,2109,193,2010-04-07,JBG,DJ,True,1,0,True,True,True,False,Management; Communications,3,False,True,False,False,True,True,,"Appointment was contested on the face of the order: Detroit Medical Center moved to disqualify Cohen Milstein Sellers & Toll PLLC, Solaris raised additional objections, and multiple firms sought appointment to the PSC.",False,False,,2109 IN RE Plasma-Derivative Protein Therapies Antitrust Litigation/US_DIS_ILND_1_09cv7666_193_MEMORANDUM Opinion and Order Signed by the Honorab_193_0.pdf,extracted
new,2143-33,2143,33,2010-05-07,VRW,DJ,False,1,0,True,True,True,True,Management; Trial,8,False,False,,True,False,True,Antitrust,,False,False,,"2143 IN RE Optical Disk Drive Products Antitrust Litigation/US_DIS_CAND_3_10md2143_33_CASE MANAGEMENT ORDER No 1 (vrwlc2, COURT STAFF) (_33_0.pdf",extracted
new,2147-108,2147,108,2010-08-19,AJSE,DJ,False,0,0,True,True,True,False,ClassCounsel,1,False,False,False,False,False,False,,Order modifies preliminary approval and refers to previously appointed Settlement Class Counsel; no individual Settlement Class Counsel names are listed.,False,True,,2147 IN RE ATT Mobility Wireless Data Services Sales Tax/US_DIS_ILND_1_10cv2278_108_ORDER Modifying Preliminary Approval Order Signed _108_0.pdf,extracted
new,2167-127,2167,127,2012-12-12,RRP,DJ,False,1,0,True,,True,False,ClassCounsel,4,,True,,,True,,,,False,True,,2167 IN RE JP Morgan Chase Bank Home Equity Line of Credit/US_DIS_ILND_1_10cv3647_127_ORDER Signed by the Honorable Rebecca R. Pallmeyer_127_0.pdf,extracted
new,2186-842,2186,842,2015-06-17,BLW,DJ,False,1,0,True,True,True,False,ClassCounsel,2,False,True,False,False,True,False,,,False,False,,2186 IN RE Fresh and Process Potatoes Antitrust Litigation/US_DIS_IDD_4_10md2186_842_ORDER GRANTING PRELIMINARY APPROVAL OF CLASS SETTL_842_0.pdf,extracted
new,2190-8,2190,8,2010-12-14,MAM,DJ,False,0,0,False,False,False,True,Communications,1,False,False,False,False,False,False,,,False,False,,"2190 IN RE_ McNeil Consumer Healthcare, et al., Marketing & Sales Practices Litigation/US_DIS_PAED_2_10md2190_8_CASE MANAGEMENT ORDER NO. 5 THAT THE COURT HEREBY _8_0.pdf",extracted
new,2186-44,2186,44,2010-12-16,BLW,DJ,False,1,0,True,True,True,False,LeadCounsel; ClassCounsel,2,False,True,,False,True,True,,Motion was unopposed.,False,False,,2186 IN RE Fresh and Process Potatoes Antitrust Litigation/US_DIS_IDD_4_10md2186_44_ORDER GRANTING MOTION FOR APPOINTMENT OF INTERIM C_44_0.pdf,extracted
new,2196-192,2196,192,2011-07-19,JZ,DJ,False,0,0,False,False,True,False,Communications,1,False,False,False,False,False,False,,,False,False,,2196 IN RE_ Polyurethane Foam Antitrust Litigation/US_DIS_OHND_1_10md2196_192_Order granting Motion to appoint Wiliam Blechman a_192_0.pdf,extracted
new,2143-146,2143,146,2010-05-07,VRW,DJ,False,2,0,True,True,True,False,Management; Trial,8,False,False,True,True,False,True,Antitrust,"Leadership information extracted from enclosed Case Management Order No. 1, Document 33, filed 2010-05-07; the transmittal clerk notice is Document 146 filed 2010-08-16.",False,False,,2143 IN RE Optical Disk Drive Products Antitrust Litigation/US_DIS_CAND_3_10md2143_146_CLERKS NOTICE Advising Counsel of Receipt of the A_146_0.pdf,extracted
new,2196-1898,2196,1898,2015-09-10,JZ,DJ,False,0,0,False,False,True,True,Communications,2,False,False,False,False,False,False,,Order grants William Blechman's motion to withdraw as Liaison Counsel for Direct Action (non-Class) Plaintiffs and Kendall Millard's oral motion to withdraw as Defendant co-Liaison Counsel. James Walsh is mentioned as counsel for settled Carpenter Defendants but not clearly as liaison counsel.,False,False,,2196 IN RE_ Polyurethane Foam Antitrust Litigation/US_DIS_OHND_1_10md2196_1898_Order. This Court held a record Phone Status on Se_1898_0.pdf,extracted
new,2196-473,2196,473,2013-02-14,JZ,DJ,False,0,0,False,False,True,False,Management,2,False,False,False,False,False,False,,Order grants motion to modify prior orders appointing the Direct Purchaser Plaintiffs' Executive Committee by substituting Hollis L. Salzman for Bernard Persky.,False,True,,2196 IN RE_ Polyurethane Foam Antitrust Litigation/US_DIS_OHND_1_10md2196_473_Order  granting Motion to Modify Orders Appointing_473_0.pdf,extracted
new,2186-841,2186,841,2015-06-17,BLW,DJ,False,0,0,False,False,True,False,ClassCounsel; Management; SettlementAdministration,10,False,True,False,False,True,False,,Kurtzman Carson Consultants was appointed as Settlement Claims Administrator but is excluded from Appointments as a non-attorney/non-law-firm administrator. Class representatives are also excluded.,False,False,,2186 IN RE Fresh and Process Potatoes Antitrust Litigation/US_DIS_IDD_4_10md2186_841_ORDER (1) GRANTING PRELIMINARY APPROVAL OF PROPOSE_841_0.pdf,extracted
new,2196-1861,2196,1861,2015-07-31,JZ,DJ,False,0,0,False,False,True,False,ClassCounsel,1,False,True,False,False,True,False,,,False,False,,2196 IN RE_ Polyurethane Foam Antitrust Litigation/US_DIS_OHND_1_10md2196_1861_Order The Motions of the Indirect Purchaser Class _1861_0.pdf,extracted
new,2188-47,2188,47,2012-02-17,RMW,DJ,False,1,0,,True,True,False,ClassCounsel,5,False,True,False,False,True,False,,,False,True,,"2188 IN RE_ Apple Inc. iPhone 4 Marketing, Sales Practices and Products Liability Litigation/US_DIS_CAND_5_10md2188_47_ORDER GRANTING PRELIMINARY SETTLEMENT APPROVAL re _47_0.pdf",extracted
new,2147-97,2147,97,2010-08-11,AJSE,DJ,True,1,0,True,False,True,False,ClassCounsel,2,False,True,False,False,True,False,,"The order notes objections/opposition by potential class members, including an argument concerning a conflict involving counsel adequacy. Analysis Research Planning Corporation was appointed as notice administrator but excluded from Appointments as a non-legal administrator role.",False,True,,2147 IN RE ATT Mobility Wireless Data Services Sales Tax/US_DIS_ILND_1_10cv2278_97_MEMORANDUM Opinion and Order Signed by the Honorab_97_0.pdf,extracted
new,2193-10,2193,10,2010-12-10,RWZ,DJ,False,1,0,True,True,True,False,LeadCounsel; ClassCounsel,2,False,False,,True,False,False,,,False,False,,"2193 IN RE_ Bank of America Home Affordable Modification Program (HAMP) Contract Litigation/US_DIS_MAD_1_10md2193_10_Judge Rya W. Zobel_ ORDER entered. (Urso, Lisa) (E_10_0.pdf",extracted
new,2173-76,2173,76,2010-10-26,JDW,DJ,False,3,0,True,False,True,True,LeadCounsel; ClassCounsel; Communications,9,False,False,False,False,False,False,,,False,False,,2173 IN RE_ Photochromic Lens Antitrust Litigation/US_DIS_FLMD_8_10md2173_76_ORDER granting 57 Motion to appoint counsel. Signe_76_0.pdf,extracted
new,2196-28,2196,28,2011-01-28,JZ,DJ,False,0,0,True,False,True,True,LeadCounsel; Management; Communications,14,False,False,False,False,False,False,,,False,False,,2196 IN RE_ Polyurethane Foam Antitrust Litigation/US_DIS_OHND_1_10md2196_28_Amended Order re 18 The Court has reviewed the pen_28_0.pdf,extracted
new,2199-111,2199,111,2012-09-28,DDP,DJ,False,1,0,True,False,True,False,ClassCounsel,1,False,True,False,False,True,False,,"Order grants Plaintiffs' Motion for Class Certification and appoints Kirtland & Packard, LLP as class counsel. Named class representatives are excluded from Appointments because they are party representatives, not attorney/law-firm leadership appointees.",False,False,,2199 IN RE_ POM Wonderful LLC Marketing and Sales Practices Litigation/US_DIS_CACD_2_10ml2199_111_ORDER by Judge Dean D. Pregerson_ granting 75 Plai_111_0.pdf,extracted
new,2196-18,2196,18,2011-01-20,JZ,DJ,False,0,0,False,False,True,True,LeadCounsel; Management; Communications,12,False,False,False,False,False,False,,,False,False,,2196 IN RE_ Polyurethane Foam Antitrust Litigation/US_DIS_OHND_1_10md2196_18_Order Lead counsel shall promptly forward for the _18_0.pdf,extracted
new,2186-904,2186,904,2015-12-14,BLW,DJ,False,0,0,True,True,True,False,ClassCounsel,2,False,True,False,False,True,False,,Order grants final approval of IPP class action settlement and appoints two law firms as IPP Class Counsel under Rule 23(g). Kurtzman Carson Consultants was appointed as Claims Administrator/court-appointed expert and is excluded as a non-attorney settlement/claims administrator.,False,False,,2186 IN RE Fresh and Process Potatoes Antitrust Litigation/US_DIS_IDD_4_10md2186_904_ORDER GRANTING FINAL APPROVAL OF CLASS ACTION SETT_904_0.pdf,extracted
new,2196-597,2196,597,2013-06-20,JZ,DJ,False,0,0,True,True,True,False,LeadCounsel; ClassCounsel,2,False,True,False,False,True,False,Antitrust,Final approval order appoints Lead Counsel for the Settlement Class.,False,False,,2196 IN RE_ Polyurethane Foam Antitrust Litigation/US_DIS_OHND_1_10md2196_597_Order  granting 538 Final Approval of Voluntary Di_597_0.pdf,extracted
new,2199-3,2199,3,2011-05-06,DDP,DJ,False,2,0,True,True,True,False,LeadCounsel; Management,8,False,False,True,True,False,False,,Plaintiffs' Lead Counsel and Plaintiffs' Executive Committee appointed pursuant to the parties' stipulated case management proposal.,False,False,,2199 IN RE_ POM Wonderful LLC Marketing and Sales Practices Litigation/US_DIS_CACD_2_10ml2199_3_PRETRIAL CONFERENCE ORDER No 1_ by Judge Dean D. P_3_0.pdf,extracted
new,2213-143,2213,143,2013-02-13,RPP,DJ,False,0,0,False,False,True,False,Management,2,False,False,False,False,False,False,,,False,False,,"2213 IN RE_ Commodity Exchange, Inc., Silver Futures and Options Trading Litigation/US_DIS_NYSD_1_11md2213_143_ORDER SUBSTITUTING MEMBER OF INTERIM PLAINTIFFS_ S_143_0(1).pdf",extracted
new,2213-143,2213,143,2013-02-13,RPP,DJ,False,0,0,False,False,True,False,Management,2,False,False,False,False,False,False,,Amends Case Management Order No. 2 to substitute a firm member of the Interim Plaintiffs' Steering Committee.,False,False,,"2213 IN RE_ Commodity Exchange, Inc., Silver Futures and Options Trading Litigation/US_DIS_NYSD_1_11md2213_143_ORDER SUBSTITUTING MEMBER OF INTERIM PLAINTIFFS_ S_143_0.pdf",extracted
new,2200-50,2200,50,2011-04-20,GMS,DJ,False,2,0,True,False,False,True,LeadCounsel; Communications,4,False,False,False,False,False,False,,,False,False,,"2200 IN RE_ Armodafinil Patent Litigation/US_DIS_DED_1_10md2200_50_ORDER GRANTING (60 in 1_10-cv-01078-GMS, 101 in 1__50_0.pdf",extracted
new,2200-48,2200,48,2011-04-12,GMS,DJ,False,2,0,False,False,True,False,LeadCounsel; Communications,2,False,False,False,False,False,False,,,False,False,,2200 IN RE_ Armodafinil Patent Litigation/US_DIS_DED_1_10md2200_48_ORDER granting (80) MOTION Application for Lead an_48_0.pdf,extracted
new,2199-157,2199,157,2013-05-03,DDP,DJ,False,0,0,False,False,True,False,Management,4,False,False,False,False,False,False,,,False,False,,2199 IN RE_ POM Wonderful LLC Marketing and Sales Practices Litigation/US_DIS_CACD_2_10ml2199_157_ORDER MODIFYING EXECUTIVE COMMITTEE by Judge Dean _157_0.pdf,extracted
new,2199-109,2199,109,2012-09-12,DDP,DJ,False,0,0,True,True,True,False,LeadCounsel,3,False,False,False,False,False,False,,Pretrial Order No. 4 sets a schedule and applies the order to subsequent related cases; caption identifies plaintiffs' Lead Counsel.,False,False,,2199 IN RE_ POM Wonderful LLC Marketing and Sales Practices Litigation/US_DIS_CACD_2_10ml2199_109_PRETRIAL ORDER NO. 4 108 by Judge Dean D. Pregerso_109_0.pdf,extracted
new,2218-20,2218,20,2011-10-19,JOF,DJ,False,1,0,False,False,True,False,Communications,1,False,False,False,False,False,False,,,False,False,,"2218 IN RE_ Camp Lejeune, North Carolina Water Contamination Litigation/US_DIS_GAND_1_11md2218_20_Minute Entry for proceedings held before Judge J. _20_0.pdf",extracted
new,2199-111,2199,111,2012-09-28,DDP,DJ,False,1,0,False,False,True,False,ClassCounsel,1,False,True,False,False,True,False,,Source PDF appears to be docket 115 mail-return filing containing or relating to the docket 111 order; extraction is from the embedded Document 111 class-certification order.,False,False,,2199 IN RE_ POM Wonderful LLC Marketing and Sales Practices Litigation/US_DIS_CACD_2_10ml2199_115_Mail Returned addressed to James L Deese re Order _115_0.pdf,extracted
new,2199-119,2199,119,2012-12-11,DDP,DJ,False,0,0,True,True,True,False,LeadCounsel,3,False,False,False,False,False,False,,"Stipulated case management order; plaintiff Lead Counsel is referenced in the attorney caption and given service obligations, but no new leadership unit is created.",False,False,,2199 IN RE_ POM Wonderful LLC Marketing and Sales Practices Litigation/US_DIS_CACD_2_10ml2199_119_PRETRIAL ORDER NO. 6 118 by Judge Dean D. Pregerso_119_0.pdf,extracted
?,,,13,2011-05-19,MFK,DJ,False,0,0,False,,True,False,LeadCounsel; Communications; Management,4,False,False,,,False,False,,Minute entry grants joint motion and names lead counsel and liaison counsel; PSC members are referred to as attorneys listed in a separate order but are not named in this text.,True,False,,2223 IN RE_ Navistar 6.0 L Diesel Engine Products Liability Litigation/US_DIS_ILND_1_11cv2496_13_MINUTE entry before Honorable Matthew F. Kennelly__13_0.pdf,extracted
new,2208-308,2208,308,2014-12-09,MAP,DJ,False,0,0,False,False,True,False,ClassCounsel; Fees,0,False,True,False,False,True,False,,"Final approval order confirms certification of the Settlement Class and appointment of Class Counsel by reference to the Preliminary Approval Order, but does not name Class Counsel in this text. Objections described concern settlement relief, incentive awards, and attorneys' fees, not the appointment of counsel.",True,False,,2208 IN RE_ Prudential Insurance Company of America SGLI-VGLI Contract Litigation/US_DIS_MAD_3_11md2208_308_Judge Michael A. Ponsor_ ORDER entered in 3_11-md-_308_0.pdf,extracted
new,2213-44,2213,44,2011-03-02,RPP,DJ,False,2,0,True,True,True,False,LeadCounsel; Management,5,False,False,False,False,False,False,,Unopposed joint proposal; the court appointed a smaller interim plaintiffs' leadership structure than requested.,False,False,,"2213 IN RE_ Commodity Exchange, Inc., Silver Futures and Options Trading Litigation/US_DIS_NYSD_1_11md2213_44_CASE MANAGEMENT ORDER NO. 2 (APPOINTMENT OF INTERI_44_0.pdf",extracted
new,,2186,,2010-10-04,BLW,DJ,False,2,0,True,True,True,False,ClassCounsel; Management; Communications,11,False,True,True,False,True,True,,"Motion for appointment of interim class counsel was unopposed. Order appoints a Plaintiffs Executive Committee, Hausfeld LLP as Chair of the Committee, and Gordon Law Offices as plaintiff's liaison counsel.",False,False,,2186 IN RE Fresh and Process Potatoes Antitrust Litigation/2186_2010_10_04.pdf,extracted
new,2233-125,2233,125,2013-02-22,GLF,DJ,False,0,0,False,False,True,False,LeadCounsel,2,False,False,False,False,False,False,,,False,False,,"2233 IN RE_ Porsche Cars North America, Inc., Plastic Coolant Tubes Products Liability Litigation/US_DIS_OHSD_2_11md2233_125_ORDER granting (124) Motion to Modify the 7_26_11 _125_0.pdf",extracted
new,2208-3,2208,3,2011-03-22,MAP,DJ,False,2,0,True,True,True,False,LeadCounsel; ClassCounsel; Communications,4,False,True,True,True,True,False,,Defendants did not oppose the motion. PACER filed date used over signature date.,False,False,,2208 IN RE_ Prudential Insurance Company of America SGLI-VGLI Contract Litigation/US_DIS_MAD_3_11md2208_3_Judge Michael A. Ponsor_ PRETRIAL ORDER NO. 1 ente_3_0.pdf,extracted
new,2234-213,2234,213,2016-03-03,JPM,DJ,False,0,0,True,,True,False,ClassCounsel,1,,True,,,True,,,,False,False,,2234 IN RE_ Wal-Mart ATM Fee Notice/US_DIS_TNWD_2_11md2234_213_ORDER granting preliminarily approval of 210 Propo_213_0.pdf,extracted
new,2220-67,2220,67,2012-06-01,DCN,DJ,False,3,0,True,True,True,False,LeadCounsel; Management; Communications,12,False,False,True,True,False,False,,"Outer docket header filed 2012-06-01; order body/signature page reflects March 8, 2011.",False,False,,2220 IN RE_ KABA Simplex Locks Marketing and Sales Practices Litigation/US_MDL_MDL_2220_67_ORDER OF TRANSFEREE COURT -- (LIAISON COUNSEL ASSI_67_0.pdf,extracted
new,2226-797,2226,797,2011-12-28,DCR,DJ,False,1,0,True,True,True,False,Communications,1,False,False,False,False,False,False,,,False,False,,"2226 IN RE_ Darvocet, Darvon and Propoxyphene Products Liability Litigation/US_DIS_KYED_2_11md2226_797_ORDER RE_ APPOINTMENT OF PLAINTIFFS_ LIAISON COUNS_797_0.pdf",extracted
new,2218-22,2218,22,2011-10-28,JOF,DJ,False,1,0,True,True,True,False,Communications; Discovery; Motions,2,False,False,,True,False,False,,Stipulated case management order; header/caption shows JOF though signature block is blank. Docket number taken from header Document 22; filename hints appear to include counsel bar number rather than MDL/docket identifiers.,False,True,,"2218 IN RE_ Camp Lejeune, North Carolina Water Contamination Litigation/US_DIS_GAND_1_11md2218_22_STIPULATION for Case Management Order by United St_22_0.pdf",extracted
new,2218-24,2218,24,2011-11-01,JOF,DJ,False,1,0,True,True,True,False,Communications,2,False,False,False,True,False,False,,Stipulated case management order appointing Plaintiffs' Liaison Counsel and Substitute Liaison Counsel.,False,False,,"2218 IN RE_ Camp Lejeune, North Carolina Water Contamination Litigation/US_DIS_GAND_1_11md2218_24_CASE MANAGEMENT ORDER. Signed by Judge J. Owen For_24_0.pdf",extracted
new,2228-34,2228,34,2011-06-25,MCA,MJ,False,1,0,True,,True,False,LeadCounsel,1,False,False,,False,False,False,,Order designates James E. Cecchi as lead counsel for the limited purposes of filing the consolidated amended complaint and coordinating briefing/argument for plaintiffs' response to defendants' anticipated arbitration motion.,False,False,,2228 IN RE_ Sprint Premium Data Plan Marketing and Sales Practices Litigation/US_DIS_NJD_2_10cv6334_34_ORDER that the stay previously ordered by the Cour_34_0.pdf,extracted
new,2223-14,2223,14,2011-05-19,MFK,DJ,False,0,0,False,False,True,False,LeadCounsel; Communications; Management,18,False,False,False,False,False,False,,,False,False,,"2223 IN RE_ Navistar 6.0 L Diesel Engine Products Liability Litigation/US_DIS_ILND_1_11cv2496_14_ORDER Appointing Lead Counsel, Liaison Counsel, An_14_0.pdf",extracted
new,2233-147,2233,147,2013-08-26,GLF,DJ,False,1,0,True,True,True,False,ClassCounsel,4,False,True,False,False,True,False,,,False,False,,"2233 IN RE_ Porsche Cars North America, Inc., Plastic Coolant Tubes Products Liability Litigation/US_DIS_OHSD_2_11md2233_147_PRELIMINARY APPROVAL ORDER_ Final Fairness Hearing_147_0.pdf",extracted
new,2242-216,2242,216,2013-04-23,RWZ,DJ,False,0,0,True,True,True,False,ClassCounsel,2,,True,False,False,True,False,,Order certifies the Direct Purchaser Class under Rule 23 and confirms prior appointment of Hagens Berman Sobol Shapiro LLP and Garwin Gerstein & Fisher LLP as co-lead class counsel.,False,False,,2242 IN RE_ Prograf Antitrust Litigation/US_DIS_MAD_1_11md2242_216_Judge Rya W. Zobel_ ORDER entered granting 160 Mot_216_0.pdf,extracted
new,2242-70,2242,70,2012-05-09,RWZ,DJ,False,2,0,False,False,True,False,LeadCounsel; Communications,0,False,False,False,False,False,False,,"Order allows motion for appointment of co-lead counsel and liaison counsel for Indirect Purchaser plaintiffs, but does not name appointees.",True,False,,2242 IN RE_ Prograf Antitrust Litigation/US_DIS_MAD_1_11md2242_70_Judge Rya W. Zobel_ ORDER entered. re 49 MOTION JO_70_0.pdf,extracted
new,2238-157,2238,157,2015-10-22,DMS,DJ,False,0,0,True,True,True,False,ClassCounsel; Settlement,1,False,True,False,False,True,False,,,False,False,,"2238 IN RE_ Groupon, Inc., Marketing and Sales Practices Litigation/US_DIS_CASD_3_11md2238_157_ORDER Preliminarily Approving Class Action Settlem_157_0.pdf",extracted
new,2220-12,2220,12,2011-03-08,DCN,DJ,False,0,0,False,False,True,False,LeadCounsel; Communications; Management,3,False,False,False,False,False,False,,"Marginal entry order grants motion to appoint plaintiffs' liaison counsel, co-lead counsel, and PSC members. The PSC members are referenced as lead attorneys in transferred cases listed in Section III, which is not included in the provided text.",True,False,,2220 IN RE_ KABA Simplex Locks Marketing and Sales Practices Litigation/US_DIS_OHND_1_11md2220_12_Marginal Entry Order  granting Motion for appointm_12_0.pdf,extracted
new,2226-200,2226,200,2011-10-04,DCR,DJ,False,4,0,True,True,True,True,LeadCounsel; Management,18,False,False,True,True,False,False,,,False,False,,"2226 IN RE_ Darvocet, Darvon and Propoxyphene Products Liability Litigation/US_DIS_KYED_2_11md2226_200_ORDER_ (1) Terms of Appointment (2) The Court appo_200_0.pdf",extracted
new,2242-71,2242,71,2012-05-09,RWZ,DJ,False,0,0,False,False,True,False,ClassCounsel,2,False,True,False,False,True,False,,,False,False,,2242 IN RE_ Prograf Antitrust Litigation/US_DIS_MAD_1_11md2242_71_Judge Rya W. Zobel_ ORDER entered granting 60 Moti_71_0.pdf,extracted
new,2242-4,2242,4,2011-09-15,RWZ,DJ,False,1,0,True,True,True,False,LeadCounsel; ClassCounsel,2,True,False,False,True,False,False,,,False,False,,2242 IN RE_ Prograf Antitrust Litigation/US_DIS_MAD_1_11md2242_4_Judge Rya W. Zobel_ ORDER entered granting (14) Mo_4_0.pdf,extracted
new,2254-28,2254,28,2012-10-26,ESH,DJ,False,1,0,True,True,True,False,ClassCounsel,2,False,True,False,False,True,False,,,False,False,,2254 IN RE_ LivingSocial Marketing & Sales Practices Litigation/US_DIS_DCD_1_11mc472_28_PRELIMINARY APPROVAL AND PROVISIONAL CLASS CERTIFI_28_0.pdf,extracted
new,2242-69,2242,69,2012-05-09,RWZ,DJ,False,2,0,True,True,True,False,LeadCounsel; Communications,3,False,True,False,True,True,False,Antitrust,,False,False,,2242 IN RE_ Prograf Antitrust Litigation/US_DIS_MAD_1_11md2242_69_Judge Rya W. Zobel_ ORDER entered re_ Indirect Pur_69_0(1).pdf,extracted
new,2238-10,2238,10,2011-06-24,DMS,DJ,False,2,0,True,True,True,False,ClassCounsel; Management,6,False,True,True,True,True,False,,,False,False,,"2238 IN RE_ Groupon, Inc., Marketing and Sales Practices Litigation/US_DIS_CASD_3_11md2238_10_ORDER appointing Robbins Geller Rudman and Dowd LL_10_0.pdf",extracted
new,2250-21,2250,21,2011-10-05,LHK,DJ,True,0,0,False,False,True,False,Management,1,False,False,False,False,False,False,,"Jay Edelson was added to the Plaintiff Executive Committee; Daniel E. Becnel, Jr.'s application for appointment to the Plaintiff Executive Committee was denied.",False,False,,2250 IN RE_ iPhone-iPad Application Consumer Privacy Litigation/US_DIS_CAND_5_11md2250_21_Minute Entry and Case Management Order_ Further Ca_21_0.pdf,extracted
new,2242-69,2242,69,2012-05-09,RWZ,DJ,False,0,0,True,True,True,False,LeadCounsel; Communications,3,False,True,False,True,True,False,,,False,False,,2242 IN RE_ Prograf Antitrust Litigation/US_DIS_MAD_1_11md2242_69_Judge Rya W. Zobel_ ORDER entered re_ Indirect Pur_69_0.pdf,extracted
new,2242-697,2242,697,2016-04-29,RWZ,DJ,False,0,0,True,True,True,False,ClassCounsel; SettlementAdministration,6,False,True,False,False,True,False,,,False,False,,2242 IN RE_ Prograf Antitrust Litigation/US_DIS_MAD_1_11md2242_697_Judge Rya W. Zobel_ Preliminary Approval Order ent_697_0.pdf,extracted
new,2233-19,2233,19,2011-07-26,GLF,DJ,False,2,0,True,False,True,False,LeadCounsel; Management,7,False,False,False,False,True,True,,,False,False,,"2233 IN RE_ Porsche Cars North America, Inc., Plastic Coolant Tubes Products Liability Litigation/US_DIS_OHSD_2_11md2233_19_ORDER memorializing the 7_21_11 Telephonic Prelimi_19_0.pdf",extracted
new,2238-42,2238,42,2012-04-24,DMS,DJ,False,0,0,True,False,True,False,ClassCounsel,4,False,True,False,False,True,False,,,False,False,,"2238 IN RE_ Groupon, Inc., Marketing and Sales Practices Litigation/US_DIS_CASD_3_11md2238_42_ORDER Preliminarily Approving Class Action Settlem_42_0.pdf",extracted
new,2264-68,2264,68,2013-06-10,JSW,DJ,False,0,0,False,False,True,False,LeadCounsel; ClassCounsel,1,False,False,False,False,False,False,,Order states appointment is based on lack of opposition. Caption references Lockridge Grindal Nauen P.L.L.P. as Interim Co-Lead Class Counsel; body appoints Robert K. Shelquist.,False,False,,2264 IN RE_ Google Inc. Android Consumer Privacy Litigation/US_DIS_CAND_3_11md2264_68_ORDER by Judge Jeffrey S. White granting 61 Motion_68_0.pdf,extracted
new,2264-13,2264,13,2011-10-12,JSW,DJ,False,1,0,True,True,True,False,ClassCounsel,2,False,False,,True,False,False,,,False,False,,2264 IN RE_ Google Inc. Android Consumer Privacy Litigation/US_DIS_CAND_3_11md2264_13_ORDER GRANTING 11 Stipulation Appointing William M_13_0.pdf,extracted
new,2261-25,2261,25,2011-10-31,JM,DJ,False,2,0,False,False,True,False,LeadCounsel; Communications; ClassCounsel,3,False,False,False,False,False,False,,,False,False,,"2261 IN RE_ Jiffy Lube International, Inc., Text Spam/US_DIS_CASD_3_11md2261_25_ORDER granting 6 Motion to Appoint Interim Class C_25_0.pdf",extracted
?,,,65,2011-04-07,LHK,DJ,False,3,0,True,,True,False,ClassCounsel; Management; Communications,5,,True,,,True,,,,False,False,,2264 IN RE_ Google Inc. Android Consumer Privacy Litigation/US_DIS_CAND_5_10cv5878_65_ORDER Appointing Interim Class Counsel and Executi_65_0.pdf,extracted
new,2247-14,2247,14,2012-01-19,ADM,DJ,False,0,0,True,True,True,False,LeadCounsel; ClassCounsel,9,False,True,True,False,True,True,,,False,False,,"2247 IN RE_ Uponor, Inc., F1807 Plumbing Fittings Products Liability Litigation/US_DIS_MND_0_11md2247_14_AMENDED ORDER in 0_11-md-02247-ADM-JJK GRANTING 7 _14_0.pdf",extracted
new,2258-60,2258,60,2011-11-29,AJB,DJ,False,0,0,True,True,True,False,Communications; Management,7,False,False,False,False,False,False,,,False,False,,2258 IN RE_ Sony Gaming Networks and Customer Data Security Breach Litigation/US_DIS_CASD_3_11md2258_60_ORDER re Appointment of Liaison Counsel and the Pl_60_0.pdf,extracted
new,2261-97,2261,97,2013-02-20,JM,DJ,False,0,0,False,False,True,False,ClassCounsel; Communications,0,False,True,False,False,True,False,,"Final approval order confirms appointment of Class Counsel and Liaison Class Counsel but does not name the appointees in the order text. Objections addressed appear directed to the settlement, not to counsel appointments.",True,False,,"2261 IN RE_ Jiffy Lube International, Inc., Text Spam/US_DIS_CASD_3_11md2261_97_JUDGMENT_ Final Approval of Class Action and Order_97_0.pdf",extracted
new,2269-97,2269,97,2013-01-16,TEH,DJ,False,0,0,True,True,True,False,ClassCounsel,3,False,True,False,False,True,False,,,False,False,,2269 IN RE_ Bank of America Credit Protection Marketing & Sales Practices Litigation/US_DIS_CAND_3_11md2269_97_ORDER Signed by Judge Thelton E. Henderson grantin_97_0.pdf,extracted
new,2258-193,2258,193,2014-07-10,AJB,DJ,False,1,0,True,True,True,False,Management; ClassCounsel,7,False,True,False,False,True,False,,"Kinsella Media, LLC as Notice Specialist and Rust Consulting, Inc. as Claims Administrator are excluded as non-attorney/non-leadership professionals.",False,False,,2258 IN RE_ Sony Gaming Networks and Customer Data Security Breach Litigation/US_DIS_CASD_3_11md2258_193_ORDER granting Plaintiffs_ 190 Motion for Prelimin_193_0.pdf,extracted
new,2275-102,2275,102,2014-06-10,SAS,DJ,False,0,0,False,False,True,False,LeadCounsel; ClassCounsel,3,False,True,False,False,True,False,,Final judgment approves class settlement and certifies settlement classes; plaintiff counsel are named in Rule 23 adequacy findings.,False,False,,"2275 IN RE_ Gerova Financial Group, Ltd., Securities Litigation/US_DIS_NYSD_1_11md2275_102_FINAL JUDGMENT AND ORDER OF DISMISSAL WITH PREJUDI_102_0.pdf",extracted
new,2284-56,2284,56,2012-01-11,GP,DJ,True,1,0,True,True,True,False,LeadCounsel,4,False,False,,False,False,False,,Competing applications for plaintiffs' interim lead/co-lead counsel are described on the face of the order; the Arsenault/Levitt/Salzman/Selbin application was approved.,False,False,,"2284 IN RE_ Imprelis Herbicide Marketing, Sales Practices and Products Liability Litigation/US_DIS_PAED_2_11md2284_56_ORDER THAT THE APPLICATION OF APPOINTMENT OF RICHA_56_0.pdf",extracted
new,2269-74,2269,74,2012-07-23,TEH,DJ,False,1,0,True,True,True,False,ClassCounsel,3,False,True,False,False,True,False,,"Gilardi & Co, LLC was appointed as settlement and claims administrator but excluded from Appointments as a non-leadership administrator.",False,False,,2269 IN RE_ Bank of America Credit Protection Marketing & Sales Practices Litigation/US_DIS_CAND_3_11md2269_74_ORDER PRELIMINARILY APPROVING SETTLEMENT by Judge _74_0.pdf,extracted
new,2261-85,2261,85,2012-10-10,JM,DJ,False,2,0,True,True,True,False,ClassCounsel; Communications,3,False,True,False,False,False,False,,,False,False,,"2261 IN RE_ Jiffy Lube International, Inc., Text Spam/US_DIS_CASD_3_11md2261_85_ORDER Granting 76 Motion for Settlement, Prelimina_85_0.pdf",extracted
new,2270-28,2270,28,2013-10-03,TNO,DJ,False,0,0,True,True,True,False,LeadCounsel; ClassCounsel,2,False,True,True,False,True,False,,"Order grants preliminary approval of class action settlement and appoints, as previously ordered in Pretrial Order No. 1, co-lead counsel for the settlement class. BMC Group was appointed as notice provider and claims administrator but excluded from Appointments as a non-attorney settlement/claims administrator.",False,False,,2270 IN RE_ CertainTeed Fiber Cement Siding Litigation/US_DIS_PAED_2_11md2270_28_ORDER THAT 25 PLAINTIFFS_ UNOPPOSED MOTION FOR PRE_28_0.pdf,extracted
?,02000-150,02000,150,2015-04-22,JMC,DJ,False,0,0,True,,True,False,LeadCounsel; ClassCounsel; Fees,3,False,True,False,False,True,False,,,False,False,,2283 IN RE_ Building Materials Corporation of America Asphalt Roofing Shingle Products Liability Litigation/US_DIS_SCD_8_11mn2000_150_ORDER granting 143 Motion for Attorney Fees_ grant_150_0.pdf,extracted
new,2293-23,2293,23,2011-12-21,DLC,DJ,False,1,0,False,False,True,False,LeadCounsel,2,False,False,False,False,False,False,,,False,False,,2293 IN RE_ Electronic Books Antitrust Litigation/US_DIS_NYSD_1_11md2293_23_CASE MANAGEMENT ORDER_ Hagens Berman LLP and Cohen_23_0.pdf,extracted
new,2275-75,2275,75,2014-02-06,SAS,DJ,False,1,0,True,True,True,False,ClassCounsel,5,False,True,,,True,False,,,False,False,,"2275 IN RE_ Gerova Financial Group, Ltd., Securities Litigation/US_DIS_NYSD_1_11md2275_75_ORDER PRELIMINARILY APPROVING SETTLEMENT AND PROVI_75_0.pdf",extracted
new,2266-37,2266,37,2011-12-19,GHM,DJ,True,1,0,True,True,True,False,LeadCounsel,6,True,False,False,False,True,True,,Competing plaintiffs' applications for lead/liaison counsel were resolved; Woodley & McGillivary was denied and the Richardson/Chaplin Team was appointed as lead counsel.,False,False,,2266 IN RE_ Wells Fargo Wage and Hour Employment Practices Litigation (No. III)/US_DIS_TXSD_4_11md2266_37_ORDER GRANTING 20 29 MOTION for Appointment of Lea_37_0.pdf,extracted
new,2290-442,2290,442,2014-05-28,RGS,DJ,False,1,0,False,False,True,False,ClassCounsel,4,False,True,False,False,True,False,,,False,False,,2290 IN RE_ JPMorgan Chase Mortgage Modification/US_DIS_MAD_1_11md2290_442_Judge Richard G. Stearns_ ORDER entered in case 1__442_0.pdf,extracted
new,2284-40,2284,40,2011-12-15,GP,DJ,False,0,0,True,,True,True,LeadCounsel; Communications,3,True,False,False,False,False,False,,Order also sets deadlines for candidates for Plaintiffs' Lead Counsel to file materials; no Plaintiffs' Lead Counsel is appointed in this order.,False,False,,"2284 IN RE_ Imprelis Herbicide Marketing, Sales Practices and Products Liability Litigation/US_DIS_PAED_2_11md2284_40_ORDER THAT THE COURT APPOINTS MARK STEWART AS DEFE_40_0.pdf",extracted
new,2290-396,2290,396,2013-12-06,RGS,DJ,False,1,0,,,True,False,ClassCounsel,4,False,True,,,True,,,,False,False,,2290 IN RE_ JPMorgan Chase Mortgage Modification/US_DIS_MAD_1_11md2290_396_Judge Richard G. Stearns_ ORDER entered in case 1__396_0.pdf,extracted
?,02000-152,02000,152,2015-04-23,JMC,DJ,False,0,0,True,True,True,False,LeadCounsel; ClassCounsel; Settlement,2,False,True,False,False,True,False,,Order grants final approval of a non-mobile class action settlement and finally appoints named Co-Lead Counsel for the Settlement Class. Heffler Claims Group is excluded as a non-attorney claims administrator.,False,False,,2283 IN RE_ Building Materials Corporation of America Asphalt Roofing Shingle Products Liability Litigation/US_DIS_SCD_8_11mn2000_152_ORDER granting (82) Motion for Final Approval of N_152_0.pdf,extracted
new,2284-160,2284,160,2013-02-12,GP,DJ,False,0,0,False,False,True,False,Settlement; LeadCounsel,5,False,True,False,False,True,False,,"Order preliminarily approves class action settlement, conditionally certifies settlement classes, appoints Settlement Counsel, and notes that Adam J. Levitt continues as Interim Co-Lead Counsel at his new firm.",False,False,,"2284 IN RE_ Imprelis Herbicide Marketing, Sales Practices and Products Liability Litigation/US_DIS_PAED_2_11md2284_160_ORDER THAT PLAINTIFFS_ MOTION FOR PRELIMINARY APPR_160_0.pdf",extracted
new,2299-2319,2299,2319,2013-02-04,RFD,DJ,False,0,0,False,False,True,False,Management,1,False,False,False,False,False,False,,,False,False,,2299 IN RE_ Actos (Pioglitazone) Products Liability Litigation/US_DIS_LAWD_6_11md2299_2319_MINUTE ENTRY_ After conducting the January 2013 Pe_2319_0.pdf,extracted
new,2274-14,2274,14,2011-12-20,DSF,DJ,False,2,0,True,True,True,False,LeadCounsel; Management; ClassCounsel,13,False,True,True,True,True,False,,,False,False,,"2274 IN RE_ CitiMortgage, Inc., Home Affordable Modification Program (HAMP) Contract Litigation/US_DIS_CACD_2_11ml2274_14_ORDER APPOINTING INTERIM LEAD CLASS COUNSEL AND EX_14_0.pdf",extracted
new,2290-11,2290,11,2011-10-21,RGS,DJ,False,2,0,True,True,True,False,LeadCounsel; Management; ClassCounsel,16,False,False,True,True,False,False,,,False,False,,2290 IN RE_ JPMorgan Chase Mortgage Modification/US_DIS_MAD_1_11md2290_11_Judge Richard G. Stearns_ ORDER entered. MDL Order_11_0.pdf,extracted
new,2293-212,2293,212,2012-09-13,DLC,DJ,False,0,0,True,True,True,False,Communications,3,False,False,False,False,False,False,,"Order confirms the Attorneys General of Texas, Connecticut, and Ohio as Liaison Counsel for the Plaintiff States. Non-attorney/non-law-firm settlement service providers (Fifth Third Bank, Kinsella Communications, Rust Consulting) excluded.",False,False,,2293 IN RE_ Electronic Books Antitrust Litigation/US_DIS_NYSD_1_11md2293_212_ORDER PRELIMINARILY APPROVING PROPOSED SETTLEMENTS_212_0.pdf,extracted
new,2299-2294,2299,2294,2013-01-29,RFD,DJ,False,0,0,True,True,True,False,ProSe,1,False,False,False,False,False,False,,,False,False,,2299 IN RE_ Actos (Pioglitazone) Products Liability Litigation/US_DIS_LAWD_6_11md2299_2294_COURT ORDER_ APPOINTMENT OF A PRO SE LIAISON. IT I_2294_0.pdf,extracted
new,2293-651,2293,651,2014-08-01,DLC,DJ,False,0,0,False,False,True,False,ClassCounsel,2,False,True,False,False,True,False,,Order grants preliminary settlement approval and confirms class counsel previously chosen. Notice and Claims Administrators are excluded as non-legal professionals.,False,False,,2293 IN RE_ Electronic Books Antitrust Litigation/US_DIS_NYSD_1_11md2293_651_MEMORANDUM OPINION AND ORDER #104572...For the rea_651_0.pdf,extracted
new,2293-374,2293,374,2013-08-05,DLC,DJ,False,1,0,True,True,True,False,ClassCounsel,2,False,True,False,False,True,False,,,False,False,,2293 IN RE_ Electronic Books Antitrust Litigation/US_DIS_NYSD_1_11md2293_374_ORDER PRELIMINARILY APPROVING CLASS PLAINTIFFS_ SE_374_0.pdf,extracted
new,2299-3737,2299,3737,2013-12-16,RFD,DJ,False,0,0,False,False,True,False,Management,1,False,False,False,False,False,False,,Order removes Dawn M. Chmielewski from the Plaintiffs' Steering Committee pursuant to request without objection.,False,False,,2299 IN RE_ Actos (Pioglitazone) Products Liability Litigation/US_DIS_LAWD_6_11md2299_3737_THIRD AMENDED ORDER_ PLAINTIFFS_ STEERING COMMITTE_3737_0(2).pdf,extracted
new,2299-2320,2299,2320,2013-02-04,RFD,DJ,False,0,0,True,False,True,False,Management,1,False,False,False,False,False,False,,Amended order incorporates prior Plaintiffs' Steering Committee order and adds W. Mark Lanier to the Executive Committee of the PSC.,False,False,,2299 IN RE_ Actos (Pioglitazone) Products Liability Litigation/US_DIS_LAWD_6_11md2299_2320_AMENDED COURT ORDER_ PLAINTIFFS_ STEERING COMMITTE_2320_0.pdf,extracted
new,2299-2856,2299,2856,2013-06-13,RFD,DJ,False,0,0,,,True,False,Management,4,False,False,,,False,False,,,False,False,,2299 IN RE_ Actos (Pioglitazone) Products Liability Litigation/US_DIS_LAWD_6_11md2299_2856_SECOND AMENDED COURT ORDER_ PLAINTIFFS_ STEERING C_2856_0.pdf,extracted
new,2299-3737,2299,3737,2013-12-16,RFD,DJ,False,0,0,False,False,True,False,Management,1,False,False,False,False,False,False,,"Third amended order removes Dawn M. Chmielewski as a member of the Plaintiffs' Steering Committee pursuant to request without objection; she will continue to work with the PSC under the auspices of Neblett, Beard & Arsenault.",False,False,,2299 IN RE_ Actos (Pioglitazone) Products Liability Litigation/US_DIS_LAWD_6_11md2299_3737_THIRD AMENDED ORDER_ PLAINTIFFS_ STEERING COMMITTE_3737_0.pdf,extracted
?,02000-115,02000,115,2014-10-15,JMC,DJ,False,0,0,True,True,True,False,LeadCounsel; ClassCounsel,13,False,True,False,False,True,True,,,False,False,,2283 IN RE_ Building Materials Corporation of America Asphalt Roofing Shingle Products Liability Litigation/US_DIS_SCD_8_11mn2000_115_ORDER granting (53) Motion to Certify Class_ Motio_115_0.pdf,extracted
new,2293-221,2293,221,2012-09-17,DLC,DJ,False,0,0,True,True,True,False,Communications,3,False,False,False,False,False,False,,"Order confirms the Attorneys General of Texas, Connecticut, and Ohio as Liaison Counsel for the Plaintiff States. Fifth Third Bank, Kinsella Communications, and Rust Consulting are excluded from Appointments as non-attorney escrow/notice/claims administrators.",False,False,,2293 IN RE_ Electronic Books Antitrust Litigation/US_DIS_NYSD_1_11md2293_221_[CORRECTED] ORDER PRELIMINARILY APPROVING PROPOSED_221_0.pdf,extracted
new,2299-5336,2299,5336,2015-03-06,RFD,DJ,False,0,0,False,False,False,True,LeadCounsel,1,False,False,False,False,False,False,,,False,False,,2299 IN RE_ Actos (Pioglitazone) Products Liability Litigation/US_DIS_LAWD_6_11md2299_5336_ORDER granting 5333 Motion to Substitute Attorney._5336_0.pdf,extracted
new,2299-561,2299,561,2012-04-13,RFD,DJ,False,0,0,True,False,False,True,LeadCounsel,1,False,False,False,False,False,False,,,False,False,,2299 IN RE_ Actos (Pioglitazone) Products Liability Litigation/US_DIS_LAWD_6_11md2299_561_COURT ORDER_ DEFENDANTS_ LEAD COUNSEL_ IT IS ORDER_561_0.pdf,extracted
new,2293-373,2293,373,2013-08-06,DLC,DJ,False,0,0,True,True,True,False,Communications; ClassCounsel,5,False,True,False,False,True,False,,"Preliminary settlement approval order. Excluded class plaintiffs, escrow agent, and notice/claims administrators because they are not attorney/law-firm leadership appointments.",False,False,,2293 IN RE_ Electronic Books Antitrust Litigation/US_DIS_NYSD_1_11md2293_373_ORDER PRELIMINARILY APPROVING MACMILLAN AND PENGUI_373_0.pdf,extracted
new,2308-161,2308,161,2012-08-23,TBR,DJ,False,0,0,False,False,True,False,LeadCounsel; Management; Communications,3,False,False,False,False,False,False,,,False,False,,2308 IN RE_ Skechers Toning Shoe Products Liability Litigation/ORDER by Senior Judge Thomas B. Russell on 8_22_2012_ establishing the proposed membership of plaint.pdf,extracted
new,2314-63,2314,63,2013-05-20,EJD,DJ,False,0,0,False,False,True,False,LeadCounsel,4,False,False,False,False,False,False,,Order grants withdrawal of named Interim Co-Lead Counsel attorneys from Stewarts Law US LLP.,False,False,,2314 IN RE_ Facebook Internet Tracking/ORDER Granting Withdrawal of re 62 Notice (Other) filed by Perrin Aikens Davis Attorneys David A. St.pdf,extracted
new,2302-120,2302,120,2013-08-22,GW,DJ,False,0,0,True,False,True,False,ClassCounsel,1,False,True,False,False,True,False,,,False,False,,"2302 IN RE_ A-Power Energy Generation Systems, Ltd., Securities Litigation/US_DIS_CACD_2_11ml2302_120_ORDER AND FINAL JUDGMENT by Judge George H. Wu, NO_120_0.pdf",extracted
new,2308-934,2308,934,2013-05-13,TBR,DJ,False,0,0,True,False,True,False,ClassCounsel,2,False,True,False,False,True,False,,Final order approving class action settlement; order finds named attorneys are adequate Class Counsel under Rule 23(g).,False,False,,2308 IN RE_ Skechers Toning Shoe Products Liability Litigation/FINAL ORDER & JUDGMENT APPROVING CLASS ACTION SETTLEMENT by Senior Judge Thomas B. Russell on 5_10_2.pdf,extracted
new,2314-80,2314,80,2015-03-12,EJD,DJ,False,0,0,False,False,True,False,Management,3,False,False,False,False,False,False,,,False,False,,2314 IN RE_ Facebook Internet Tracking/Order Granting 79 Motion to Amend Interim Lead Counsel. The plaintiffs_ Interim Executive Committee.pdf,extracted
new,2308-2940,2308,2940,,TBR,DJ,False,0,0,False,False,True,,LeadCounsel,3,False,False,False,False,False,False,,Agreed order dismisses MDL and relieves all counsel appointed to leadership positions of responsibilities; named plaintiff lead counsel appear in tendering signature block.,,True,,2308 IN RE_ Skechers Toning Shoe Products Liability Litigation/US_DIS_KYWD_3_11md2308_2940_AGREED ORDER OF DISMISSAL by Senior Judge Thomas B_2940_0.pdf,extracted
new,2308-148,2308,148,2012-08-13,TBR,DJ,False,1,0,True,True,True,False,ClassCounsel,2,False,True,False,True,True,True,,"Order notes Sonia Stalker objected to the proposed settlement, but not specifically to appointment of class counsel.",False,False,,2308 IN RE_ Skechers Toning Shoe Products Liability Litigation/MEMORANDUM OPINION & ORDER in case 3_11-cv-00201-TBR-LLK_ granting (83) Motion for Settlement in cas.pdf,extracted
new,2328-134,2328,134,2012-07-27,SSV,DJ,False,0,0,True,False,False,True,Communications,1,False,False,False,False,False,False,,,False,True,,2328 IN RE Pool Products Distribution Market Antitrust Litigation/US_DIS_LAED_2_12md2328_134_PRETRIAL ORDER NO. 11 - appointing Wayne Lee to be_134_0.pdf,extracted
new,2314-66,2314,66,2013-06-26,EJD,DJ,False,0,0,False,False,True,False,Management,2,False,False,False,False,False,False,,Order adopts proposed changes to plaintiffs' counsel structure. David A. Straite is appointed to the Plaintiffs' Steering Committee and is replaced by Stephen G. Grygiel on the Interim Executive Committee.,False,False,,"2314 IN RE_ Facebook Internet Tracking/ORDER GRANTING 64 REVISED CONSOLIDATION ORDER filed by Matthew J. Vickery, Cynthia D. Quinn, Perrin.pdf",extracted
new,2314-289,2314,289,2022-11-10,EJD,DJ,False,0,0,False,,True,False,ClassCounsel; Fees,3,False,True,False,False,True,False,,Final approval order confirms provisional appointments of class counsel and notes Jay Barnes as Chair of the Plaintiffs’ Counsel Executive Committee; objectors challenged settlement/fees but not the class-counsel appointments themselves.,False,False,,2314 IN RE_ Facebook Internet Tracking/ORDER GRANTING 254 256 MOTION FOR FINAL APPROVAL OF CLASS ACTION SETTLEMENT_ GRANTING MOTION FOR ATT.pdf,extracted
new,2316-122,2316,122,2016-01-26,BYP,DJ,False,0,0,True,,True,False,LeadCounsel; ClassCounsel,2,False,True,False,False,True,False,,"Order grants final approval of class action settlement and appoints/finally approves named attorneys as Lead Counsel and Class Counsel. Settlement objections are discussed, but the order does not indicate competing applications or objections to the counsel appointments.",False,False,,2316 IN RE Ford Motor Co. Defective Spark Plug and 3-Valve Engine Products Liability Litigation/US_DIS_OHND_1_12md2316_122_Final Order and Judgment  Granting Approval of Cla_122_0.pdf,extracted
new,2314-118,2314,118,2016-04-27,EJD,DJ,False,0,1,True,False,True,False,Management; Communications,3,False,False,False,False,False,False,,Order eliminates the interim liaison counsel position; Kiesel Law LLP was former interim liaison counsel and is appointed to the interim steering committee. Mark S. Mandell agreed to withdraw from the interim steering committee.,False,False,,2314 IN RE_ Facebook Internet Tracking/ORDER granting 113 Administrative Motion to Amended Consolidation Order. Signed by Judge Edward J. D.pdf,extracted
new,2314-32,2314,32,2012-05-10,EJD,DJ,False,0,0,False,False,True,False,LeadCounsel,2,False,False,False,False,False,False,,"Order substitutes Stewarts Law US LLP, with David A. Straite and Ralph N. Sianni, as new interim co-lead counsel in place of Sianni & Straite LLP. The motion states counsel for Defendant Facebook does not oppose.",False,False,,"2314 IN RE_ Facebook Internet Tracking/Order Granting 31 Motion to Substitute Attorney. Signed by Hon. Edward J. Davila on 5_10_2012.(ecg,.pdf",extracted
new,2324-318,2324,318,2015-09-22,JAL,DJ,False,1,0,True,True,True,False,ClassCounsel; Settlement,3,False,True,False,False,True,False,,,False,False,,2324 IN RE Horizon Organic Milk Plus DHA Omega-3 Marketing and Sales Practices Litigation/US_DIS_FLSD_1_12md2324_318_ORDER OF PRELIMINARY APPROVAL AND PUBLISHING OF NO_318_0.pdf,extracted
new,2328-202,2328,202,2013-03-07,SSV,DJ,False,0,0,False,False,True,False,Management,0,False,False,False,False,False,False,,"Order enters an attached Pre-Trial Order regarding replacement on the Plaintiffs' Steering Committee and Executive Committee, but the provided order text does not name the replacement appointee(s).",True,True,,2328 IN RE Pool Products Distribution Market Antitrust Litigation/US_DIS_LAED_2_12md2328_202_ORDER granting 199 Motion allowing attached PTO 4A_202_0.pdf,extracted
new,2320-20,2320,20,2012-05-14,PB,DJ,False,3,0,True,True,True,False,ClassCounsel; Management,11,False,True,True,True,True,False,,,False,True,,2320 IN RE Colgate-Palmolive Softsoap Antibacterial Hand Soap Marketing and Sales Practices Litigation/US_DIS_NHD_1_12md2320_20_ORDER appointing Interim Case Leadership Pursuant _20_0.pdf,extracted
new,2328-203,2328,203,2013-03-07,SSV,DJ,False,0,0,False,False,True,False,Management,2,False,False,False,False,False,False,,,False,True,,2328 IN RE Pool Products Distribution Market Antitrust Litigation/US_DIS_LAED_2_12md2328_203_PRETRIAL ORDER NO. 4A - removing Hollis L. Salzman_203_0.pdf,extracted
new,2317-33,2317,33,2012-04-17,CAS,DJ,True,1,0,False,False,True,False,ClassCounsel,2,False,True,False,False,True,True,,"The order grants appointment of Kirtland & Packard LLP as lead interim class counsel and vacates a prior Middle District of Florida order appointing Faruqi & Faruqi as interim lead class counsel for the air purifier class. The appointment was contested by Opposing Counsel, who argued they were best qualified to serve as lead interim class counsel.",False,False,,2317 IN RE Oreck Corporation Halo Vacuum and Air Purifiers Marketing and Sales Practices Litigation/US_DIS_CACD_2_12ml2317_33_MINUTES (IN CHAMBERS) ORDER CONSOLIDATING ACTION A_33_0.pdf,extracted
new,2299-560,2299,560,2012-04-13,RFD,DJ,True,4,0,True,True,True,False,LeadCounsel; Management; Communications,18,True,False,False,False,False,False,,,False,False,,2299 IN RE_ Actos (Pioglitazone) Products Liability Litigation/US_DIS_LAWD_6_11md2299_560_COURT ORDER_ PLAINTIFFS_ STEERING COMMITTEE_ The p_560_0.pdf,extracted
new,2314-241,2314,241,2022-03-31,EJD,DJ,False,1,0,True,True,True,False,ClassCounsel; Management; Settlement,11,False,True,False,False,True,False,,,False,False,,2314 IN RE_ Facebook Internet Tracking/Order Granting 232 Motion for Class Certification and Preliminary Approval of Class Action Settlemen.pdf,extracted
new,2316-100,2316,100,2015-06-18,BYP,DJ,False,0,0,True,False,True,False,LeadCounsel,2,False,True,False,False,True,False,,"Renkim Corporation was appointed Claims Administrator, but is excluded from Appointments as a non-legal settlement/claims administrator.",False,False,,2316 IN RE Ford Motor Co. Defective Spark Plug and 3-Valve Engine Products Liability Litigation/US_DIS_OHND_1_12md2316_100_Order Preliminarily Approving Settlement and Appro_100_0.pdf,extracted
new,2328-486,2328,486,2014-10-02,SSV,DJ,False,0,0,False,False,True,False,Communications,1,False,False,False,False,False,False,,,False,True,,2328 IN RE Pool Products Distribution Market Antitrust Litigation/US_DIS_LAED_2_12md2328_486_ORDER granting 480 Motion allowing Leonard Davis t_486_0.pdf,extracted
new,2320-93,2320,93,2015-06-05,PB,DJ,False,1,0,True,True,True,False,ClassCounsel,6,False,True,False,False,True,False,,Angeion Group was appointed as Notice Administrator but excluded because it is not an attorney or law firm leadership appointment.,False,False,,2320 IN RE Colgate-Palmolive Softsoap Antibacterial Hand Soap Marketing and Sales Practices Litigation/US_DIS_NHD_1_12md2320_93_ORDER granting MOTION for Certification of Settlem_93_0.pdf,extracted
new,2314-19,2314,19,2012-04-03,EJD,DJ,False,4,0,True,True,True,False,LeadCounsel; Management; Communications; ClassCounsel,14,False,True,True,True,True,True,,,False,False,,2314 IN RE_ Facebook Internet Tracking/ORDER GRANTING 13 MOTION TO CONSOLIDATE AND APPOINT INTERIM CLASS COUNSEL.  All future related cases.pdf,extracted
new,2328-554,2328,554,2015-01-02,SSV,DJ,False,0,0,False,False,True,False,Management,1,False,False,False,False,False,False,,,False,False,,2328 IN RE Pool Products Distribution Market Antitrust Litigation/US_DIS_LAED_2_12md2328_554_ORDER granting 536 Motion that Douglas G. Thompson_554_0.pdf,extracted
new,2317-37,2317,37,2012-05-07,CAS,DJ,False,0,0,True,True,True,False,ClassCounsel; Management,5,False,False,True,True,False,False,,"Order references an April 17, 2012 prior appointment of Kirtland & Packard LLP as Lead Interim Class Counsel and appoints members to the Plaintiffs' Executive Committee.",False,False,,2317 IN RE Oreck Corporation Halo Vacuum and Air Purifiers Marketing and Sales Practices Litigation/US_DIS_CACD_2_12ml2317_37_ORDER APPROVING PROPOSED PLAINTIFFS_ COUNSEL LEADE_37_0.pdf,extracted
new,2328-78,2328,78,2012-05-29,SSV,DJ,False,0,0,True,True,False,True,Communications,1,,False,,False,False,False,,,False,True,,2328 IN RE Pool Products Distribution Market Antitrust Litigation/US_DIS_LAED_2_12md2328_78_PRETRIAL ORDER NO. 3 appointing William Gaudet to _78_0.pdf,extracted
new,2328-683,2328,683,2015-11-02,SSV,DJ,False,0,0,False,False,True,False,ClassCounsel,5,False,True,False,False,True,False,,,False,False,,2328 IN RE Pool Products Distribution Market Antitrust Litigation/US_DIS_LAED_2_12md2328_683_54(b) JUDGMENT - dismissing all IPP claims against_683_0.pdf,extracted
new,2328-77,2328,77,2012-05-29,SSV,DJ,False,2,0,True,True,True,False,Communications,3,False,False,False,False,False,False,,,False,True,,2328 IN RE Pool Products Distribution Market Antitrust Litigation/US_DIS_LAED_2_12md2328_77_PRETRIAL ORDER NO. 2 appointing Russ Herman and Ca_77_0.pdf,extracted
new,2328-667,2328,667,2015-08-13,SSV,DJ,False,1,0,False,False,True,False,ClassCounsel,4,False,True,False,False,True,True,,,False,True,,2328 IN RE Pool Products Distribution Market Antitrust Litigation/US_DIS_LAED_2_12md2328_667_ORDER & REASONS granting 665 Motion for Preliminar_667_0.pdf,extracted
new,2328-668,2328,668,2015-08-13,SSV,DJ,False,1,0,True,False,True,False,ClassCounsel,4,False,True,False,False,True,False,,,False,True,,2328 IN RE Pool Products Distribution Market Antitrust Litigation/US_DIS_LAED_2_12md2328_668_ORDER & REASONS_ Before the Court is Direct Purcha_668_0.pdf,extracted
new,2328-482,2328,482,2014-09-26,SSV,DJ,False,1,0,True,True,True,False,ClassCounsel,4,False,True,False,False,True,True,,,False,True,,2328 IN RE Pool Products Distribution Market Antitrust Litigation/US_DIS_LAED_2_12md2328_482_ORDER AND REASONS granting 417 Motion for Prelimin_482_0.pdf,extracted
new,2328-552,2328,552,2014-12-31,SSV,DJ,False,0,0,True,False,True,False,LeadCounsel; ClassCounsel,5,False,True,False,False,True,False,,"Non-attorney/non-law-firm appointments of claims administrator, notice agent, and escrow agent excluded.",False,True,,2328 IN RE Pool Products Distribution Market Antitrust Litigation/US_DIS_LAED_2_12md2328_552_ORDER re 500 MOTION for Preliminary Approval of Pr_552_0.pdf,extracted
new,2330-100,2330,100,2012-07-16,EMC,DJ,True,3,0,True,,True,False,LeadCounsel; Management; Communications,6,,False,,False,False,,,Order states two competing motions to appoint interim lead counsel were pending and grants the Hagens Berman/Pearson Simon slate.,False,False,,"2330 IN RE_ Carrier IQ, Inc., Consumer Privacy Litigation/US_DIS_CAND_3_12md2330_100_ORDER by Judge Edward M. Chen Re 68 77 Plaintiffs__100_0.pdf",extracted
new,2330-482,2330,482,2016-08-25,EMC,DJ,False,0,0,True,True,True,False,ClassCounsel,2,False,True,False,False,True,False,,,False,False,,"2330 IN RE_ Carrier IQ, Inc., Consumer Privacy Litigation/US_DIS_CAND_3_12md2330_482_ORDER Granting 455 Motion for Final Approval of Cl_482_0.pdf",extracted
new,2330-421,2330,421,2016-03-01,EMC,DJ,False,1,0,True,True,True,False,ClassCounsel,2,False,True,False,False,True,False,,,False,False,,"2330 IN RE_ Carrier IQ, Inc., Consumer Privacy Litigation/US_DIS_CAND_3_12md2330_421_ORDER by Judge Edward M. Chen granting 403 motion _421_0.pdf",extracted
new,2328-545,2328,545,2014-12-22,SSV,DJ,False,1,0,True,True,True,False,ClassCounsel,4,False,True,False,False,True,True,,"Order preliminarily approves DPP-Zodiac settlement, certifies a settlement class, and appoints settlement class counsel. Garden City as Claims Administrator and Citibank as Escrow Agent are excluded as non-attorney/non-leadership roles.",False,True,,2328 IN RE Pool Products Distribution Market Antitrust Litigation/US_DIS_LAED_2_12md2328_545_ORDER AND REASONS granting 501 MOTION for Prelimin_545_0.pdf,extracted
new,2330-99,2330,99,2012-07-12,EMC,DJ,False,0,0,False,,True,False,LeadCounsel,2,False,,,,,,,Minute entry states court appointed firms as co-lead counsel and will issue detailed order.,False,False,,"2330 IN RE_ Carrier IQ, Inc., Consumer Privacy Litigation/US_DIS_CAND_3_12md2330_99_Minute Entry_ Motion Hearing held on 7_12_2012 bef_99_0.pdf",extracted
new,2328-483,2328,483,2014-09-26,SSV,DJ,False,1,0,True,,True,False,ClassCounsel; Communications,8,False,True,False,False,True,False,,"The order appoints Settlement Class Counsel and lists Liaison Counsel. Garden City as Claims Administrator and Citibank, N.A. as Escrow Agent are excluded as non-attorney/non-leadership roles.",False,True,,2328 IN RE Pool Products Distribution Market Antitrust Litigation/US_DIS_LAED_2_12md2328_483_ORDER that for the reasons specified in the 482 Or_483_0.pdf,extracted
new,2328-79,2328,79,2012-05-29,SSV,DJ,False,0,0,True,True,True,False,Management,12,False,False,,True,False,False,Antitrust,,False,True,,2328 IN RE Pool Products Distribution Market Antitrust Litigation/US_DIS_LAED_2_12md2328_79_PRETRIAL ORDER NO. 4 appointing Plas_ Steering Com_79_0.pdf,extracted
new,2328-547,2328,547,2014-12-22,SSV,DJ,False,1,0,True,False,True,False,ClassCounsel,4,False,True,False,False,True,False,Antitrust,Non-attorney/non-leadership appointments to Claims Administrator and Escrow Agent excluded.,False,True,,2328 IN RE Pool Products Distribution Market Antitrust Litigation/US_DIS_LAED_2_12md2328_547_ORDER - Before the Court is Direct Purchaser Plain_547_0.pdf,extracted
new,2328-92,2328,92,2012-06-04,SSV,DJ,False,0,0,True,True,True,True,Communications,4,False,False,True,False,False,False,,,False,True,,2328 IN RE Pool Products Distribution Market Antitrust Litigation/US_DIS_LAED_2_12md2328_92_PRETRIAL ORDER NO. 2A requiring all counsel to pro_92_0.pdf,extracted
new,2328-551,2328,551,2014-12-31,SSV,DJ,False,1,0,,,True,False,ClassCounsel; Settlement,6,False,True,,,True,True,,,False,False,,2328 IN RE Pool Products Distribution Market Antitrust Litigation/US_DIS_LAED_2_12md2328_551_ORDER AND REASONS granting 500 Motion to prelimina_551_0.pdf,extracted
new,2333-227,2333,227,2015-02-27,DCN,DJ,False,2,0,True,True,True,False,ClassCounsel,4,False,True,,,True,False,,,False,False,,"2333 IN RE MI Windows and Doors, Inc., Products Liability Litigation/US_DIS_SCD_2_12mn1_227_ORDER preliminarily approving settlement and preli_227_0.pdf",extracted
new,2335-220,2335,220,2013-02-22,LAK,DJ,False,0,0,False,False,True,False,LeadCounsel,1,False,False,False,False,False,False,,"Notice of withdrawal of appearance endorsed by the court; Sean K. O'Dowd withdrawn as Lead Counsel, while Bernstein Litowitz Berger & Grossmann LLP continues as Lead Counsel.",False,False,,2335 IN RE Bank of New York Mellon Corp. Foreign Exchange Transactions/US_DIS_NYSD_1_12md2335_220_MEMO ENDORSEMENT on NOTICE OF WITHDRAWAL OF APPEAR_220_0.pdf,extracted
new,2342-198,2342,198,2012-07-12,CMR,DJ,False,0,0,True,True,True,False,Communications,1,False,False,False,False,False,False,,,False,False,,2342 IN RE_ Zoloft (Sertraline Hydrochloride) Products Liability Litigation/US_DIS_PAED_2_12md2342_198_PRETRIAL ORDER NO. 4 THAT ATTORNEY STEPHEN A. CORR_198_0.pdf,extracted
?,,,21,2012-06-25,JBG,DJ,False,3,0,True,,True,False,ClassCounsel; Communications; Management,3,False,False,False,False,False,,,"Order grants motion authorizing the proposed Plaintiffs' Executive Committee, but the Executive Committee members are not named in the order text.",True,False,,2334 IN RE Liberty Refund Anticipation Loan/US_DIS_ILND_1_12cv2949_21_MINUTE entry before Honorable Joan B. Gottschall_ _21_0.pdf,extracted
new,2328-675,2328,675,2015-08-31,SSV,DJ,False,1,0,True,False,True,False,LeadCounsel; ClassCounsel,6,False,True,False,False,True,False,,Procedural order preliminarily certifies a settlement class and appoints class counsel. Angeion Group as Claims Administrator/Notice Agent and First NBC Bank as Escrow Agent are excluded as non-attorney/non-law-firm appointments.,False,True,,2328 IN RE Pool Products Distribution Market Antitrust Litigation/US_DIS_LAED_2_12md2328_675_PROCEDURAL ORDER - Indirect-Purchaser Plaintiffs (_675_0.pdf,extracted
new,2335-591,2335,591,2015-04-22,LAK,DJ,False,1,0,True,True,True,False,ClassCounsel; SettlementAdministration; Fees,0,False,True,False,False,True,False,,Order designates Lead Settlement Counsel as Class Counsel but does not name the counsel in the order text; identities appear to be incorporated by reference from motion/stipulation.,True,False,,2335 IN RE Bank of New York Mellon Corp. Foreign Exchange Transactions/US_DIS_NYSD_1_12md2335_591_ORDER (1) PROVISIONALLY CERTIFYING THE SETTLEMENT _591_0.pdf,extracted
new,2335-638,2335,638,2015-09-24,LAK,DJ,False,0,0,False,False,True,False,ClassCounsel,3,False,True,False,False,True,False,,Order and final judgment affirms prior Notice Order designation of Lead Settlement Counsel as Class Counsel.,False,False,,"2335 IN RE Bank of New York Mellon Corp. Foreign Exchange Transactions/US_DIS_NYSD_1_12md2335_638_ORDER AND FINAL JUDGMENT_ IS HEREBY ORDERED, ADJUD_638_0.pdf",extracted
new,2333-292,2333,292,2015-07-22,DCN,DJ,False,0,0,False,False,True,False,ClassCounsel,4,False,True,False,False,True,True,,,False,False,,"2333 IN RE MI Windows and Doors, Inc., Products Liability Litigation/US_DIS_SCD_2_12mn1_292_FINAL ORDER & JUDGMENT Certifying the Settlement C_292_0.pdf",extracted
new,2342-199,2342,199,2012-07-12,CMR,DJ,False,2,0,True,,False,True,Communications; LeadCounsel,1,False,False,False,False,False,False,,,False,False,,2342 IN RE_ Zoloft (Sertraline Hydrochloride) Products Liability Litigation/US_DIS_PAED_2_12md2342_199_PRETRIAL ORDER NO. 5 THAT ATTORNEY MARK S. CHEFFO _199_0.pdf,extracted
new,2342-30,2342,30,2012-05-18,CMR,DJ,False,0,0,True,,False,True,Communications,1,False,False,,,False,False,,,False,False,,2342 IN RE_ Zoloft (Sertraline Hydrochloride) Products Liability Litigation/US_DIS_PAED_2_12md2342_30_PRETRIAL ORDER NO. 3 THAT ATTORNEY MARK S. CHEFFO _30_0.pdf,extracted
new,2328-674,2328,674,2015-08-31,SSV,DJ,False,1,0,False,True,True,False,ClassCounsel; LeadCounsel,6,False,True,False,False,True,True,,,False,True,,2328 IN RE Pool Products Distribution Market Antitrust Litigation/US_DIS_LAED_2_12md2328_674_ORDER AND REASONS granting 659 the Joint Motion fo_674_0.pdf,extracted
new,2342-29,2342,29,2012-05-18,CMR,DJ,False,0,0,True,True,True,False,Communications,1,False,False,False,False,False,False,,,False,False,,2342 IN RE_ Zoloft (Sertraline Hydrochloride) Products Liability Litigation/US_DIS_PAED_2_12md2342_29_PRETRIAL ORDER NO. 2 THAT ATTORNEY STEPHEN A. CORR_29_0.pdf,extracted
new,2333-28,2333,28,2012-09-10,DCN,DJ,False,8,0,True,True,True,True,Communications; Management; LeadCounsel,13,False,False,True,True,False,False,,,False,True,,"2333 IN RE MI Windows and Doors, Inc., Products Liability Litigation/US_DIS_SCD_2_12mn1_28_CASE MANAGEMENT ORDER No.1 (CMO 1)_ liaison counse_28_0.pdf",extracted
new,2342-526,2342,526,2013-07-30,CMR,DJ,False,0,0,True,False,True,True,LeadCounsel; Communications,4,False,False,True,False,False,False,,Order amends prior order regarding service of Plaintiff Fact Sheets and lists existing lead/liaison counsel for service purposes.,False,False,,2342 IN RE_ Zoloft (Sertraline Hydrochloride) Products Liability Litigation/US_DIS_PAED_2_12md2342_526_PRETRIAL ORDER NO. 31 RE_ AMENDING PTO NO. 13 THAT_526_0.pdf,extracted
new,2335-614,2335,614,2015-07-23,LAK,DJ,False,1,0,True,True,True,False,ClassCounsel,1,False,True,False,False,True,False,,,False,False,,2335 IN RE Bank of New York Mellon Corp. Foreign Exchange Transactions/US_DIS_NYSD_1_12md2335_614_NOTICE ORDER CONCERNING PROPOSED SETTLEMENT granti_614_0.pdf,extracted
new,2343-43,2343,43,2012-07-18,CLC,DJ,True,3,0,True,True,True,,LeadCounsel,3,True,False,,True,True,True,,,False,False,,2343 IN RE_ Skelaxin (Metaxalone) Antitrust Litigation/MANAGEMENT ORDER Signed by District Judge Curtis L Collier on 7_18_2012. (BJL) (Entered_ 07_18_2012)(2).pdf,extracted
?,,,678,2013-02-28,LED,DJ,False,0,0,,,False,True,LeadCounsel,2,False,False,,,False,False,,,False,False,,"2355 IN RE_ Parallel Networks, LLC, (_111) Patent Litigation/US_DIS_TXED_6_10cv111_678_ORDER granting 677 Motion to Withdraw as Attorney._678_0.pdf",extracted
new,2342-521,2342,521,2013-07-22,CMR,DJ,False,2,0,True,True,True,True,Discovery,3,False,False,False,True,False,False,,,False,False,,2342 IN RE_ Zoloft (Sertraline Hydrochloride) Products Liability Litigation/US_DIS_PAED_2_12md2342_521_PRETRIAL ORDER NO. 30 RE_ DEPOSITION PROTOCOL. SIG_521_0.pdf,extracted
old,2357-202,2357,202,2014-09-18,RCJ,DJ,False,0,0,False,False,True,False,,7,False,False,False,False,False,False,,The order grants Plaintiffs' unopposed Motion for Appointment of Counsel but does not name the appointed counsel; underlying motion would need to be read.,False,False,,"2357 IN RE_ Zappos.com, Inc., Customer Data Security Breach Litigation/2357, Doc. 202, ORDER Appointing Pl Csl .pdf",motion-read
new,2343-43,2343,43,2012-07-18,CLC,DJ,True,3,0,True,True,True,False,LeadCounsel,3,True,False,False,False,True,True,,,False,False,,2343 IN RE_ Skelaxin (Metaxalone) Antitrust Litigation/MANAGEMENT ORDER Signed by District Judge Curtis L Collier on 7_18_2012. (BJL) (Entered_ 07_18_2012).pdf,extracted
?,,,202,2014-09-18,RCJ,DJ,False,0,0,False,False,True,False,,7,False,False,False,False,False,False,,Order grants Plaintiffs' unopposed Motion for Appointment of Counsel (ECF No. 191) but does not name the counsel appointed; underlying motion must be read for appointee details.,False,False,,"2357 IN RE_ Zappos.com, Inc., Customer Data Security Breach Litigation/US_DIS_NVD_3_12cv325_202_ORDER denying without prejudice 122 Motion to Dism_202_0.pdf",motion-read
new,2335-103,2335,103,2012-06-20,LAK,DJ,False,3,0,True,True,True,False,Management; ClassCounsel,13,False,False,,True,False,False,,"Footnote appoints Lieff, Cabraser, Heimann & Bernstein LLP and Kessler Topaz Meltzer & Check LLP as interim Lead Class Counsel for the Customer Class Cases.",False,False,,2335 IN RE Bank of New York Mellon Corp. Foreign Exchange Transactions/US_DIS_NYSD_1_12md2335_103_PRETRIAL ORDER NO. 2_ Having requested that counse_103_0.pdf,extracted
new,2343-950,2343,950,2015-12-22,CLC,DJ,False,0,0,False,False,True,False,ClassCounsel; Fees,0,False,True,False,False,True,False,,,True,False,,2343 IN RE_ Skelaxin (Metaxalone) Antitrust Litigation/US_DIS_TNED_1_12md2343_950_FINAL APPROVAL ORDER AND FINAL JUDGMENT OF DISMISS_950_0.pdf,extracted
new,2354-79,2354,79,2012-07-17,NBF,DJ,False,0,0,False,False,True,True,Communications,2,False,False,False,False,False,False,,Minute entry from initial conference appointing plaintiff liaison counsel and interim defense liaison counsel; parties directed to select long-term liaison counsel before the Rule 16 conference.,False,False,,"2354 IN RE_ Maxim Integrated Products, Inc., Patent Litigation/US_DIS_PAWD_2_12mc244_79_Minute Entry for proceedings held before Judge Nor_79_0.pdf",extracted
new,2343-781,2343,781,2014-08-05,CLC,DJ,False,1,0,True,True,True,False,ClassCounsel,1,False,True,False,False,True,False,,,False,False,,2343 IN RE_ Skelaxin (Metaxalone) Antitrust Litigation/US_DIS_TNED_1_12md2343_781_ORDER_ FINDINGS AND ORDER PRELIMINARILY APPROVING _781_0.pdf,extracted
new,2354-179,2354,179,2012-10-09,NBF,DJ,False,1,0,True,True,,,Communications,0,False,False,False,False,False,False,,"Order designates counsel of record for KeyCorp and KeyBank, N.A. as Opposing Parties Liaison Counsel, but does not name individual attorneys or firms.",True,False,,"2354 IN RE_ Maxim Integrated Products, Inc., Patent Litigation/US_DIS_PAWD_2_12mc244_179_ORDER granting 178 Joint Motion for Order Naming O_179_0.pdf",extracted
new,2358-117,2358,117,2013-09-12,SLR,DJ,False,0,0,,,True,False,LeadCounsel; Management; Communications,3,False,False,,,False,False,,,False,False,,2358 IN RE Google Inc. Cookie Placement Consumer Privacy Litigation/US_DIS_DED_1_12md2358_117_ORDER granting 113 Motion for Order regarding Powe_117_0.pdf,extracted
new,2343-116,2343,116,2013-02-28,CLC,DJ,False,0,0,True,False,True,True,LeadCounsel; Settlement,1,False,False,False,True,False,False,,"Order clarifies the role, authority, attendance, and responsibilities of Mediation Counsel; prior appointment of mediator excluded as non-leadership/special mediation role.",False,False,,"2343 IN RE_ Skelaxin (Metaxalone) Antitrust Litigation/MEDIATION ORDER ADDENDUM, Signed by District Judge Curtis L Collier on 2_28_2013. Associated Cases_.pdf",extracted
new,2342-202,2342,202,2012-07-13,CMR,DJ,False,0,0,True,False,True,False,LeadCounsel; Management,17,False,False,False,True,False,False,,,False,False,,2342 IN RE_ Zoloft (Sertraline Hydrochloride) Products Liability Litigation/US_DIS_PAED_2_12md2342_202_PRETRIAL ORDER NO.6 THAT THE FOLLOWING ATTORNEYS A_202_0.pdf,extracted
new,2343-628,2343,628,2014-04-30,CLC,DJ,False,1,0,True,True,True,False,LeadCounsel; ClassCounsel,2,False,True,False,False,True,False,,,False,False,,2343 IN RE_ Skelaxin (Metaxalone) Antitrust Litigation/US_DIS_TNED_1_12md2343_628_ORDER granting 532 Motion to Certify Class FOR PUR_628_0.pdf,extracted
?,,,609,2013-09-27,JHL,DJ,False,0,0,False,False,False,True,Communications,1,False,False,False,False,False,False,,John Gibson appointed as temporary liaison counsel for the Wave Two Defendants.,False,False,,2371 IN RE Unified Messaging Solutions LLC Patent Litigation/US_DIS_ILND_1_12cv6286_609_MINUTE entry before Honorable Joan H. Lefkow_Statu_609_0.pdf,extracted
new,2343-782,2343,782,2014-08-05,CLC,DJ,False,1,0,True,True,True,False,ClassCounsel,1,False,True,False,False,True,False,,Order preliminarily certifies settlement class and appoints Gordon Ball as Plaintiffs’ Lead Class Counsel; non-attorney Settlement Administrator and Escrow Agent appointments excluded.,False,False,,2343 IN RE_ Skelaxin (Metaxalone) Antitrust Litigation/US_DIS_TNED_1_12md2343_782_ORDER GRANTING INDIRECT PURCHASER FOR RESALE PLAIN_782_0.pdf,extracted
old,2357-418,2357,418,2019-12-23,RCJ,DJ,False,0,0,True,True,True,False,ClassCounsel,4,False,True,False,False,True,False,,,False,False,,"2357 IN RE_ Zappos.com, Inc., Customer Data Security Breach Litigation/2357, Doc. 418, FINAL Approval Order Awarding Attnys_ Fees .pdf",extracted
new,2358-144,2358,144,2014-04-01,SLR,DJ,False,0,0,True,True,True,False,ClassCounsel,3,False,True,False,False,True,False,,Final approval order certifies a settlement class and confirms Settlement Class Counsel pursuant to Fed. R. Civ. P. 23(g).,False,False,,2358 IN RE Google Inc. Cookie Placement Consumer Privacy Litigation/US_DIS_DED_1_12md2358_144_ORDER granting 131 MOTION for Settlement Final App_144_0.pdf,extracted
old,2357-335,2357,335,2019-09-19,RCJ,DJ,False,1,0,True,False,True,False,ClassCounsel,4,False,True,False,False,True,False,,Preliminary approval order appoints Class Counsel. KCC LLC appointed as Settlement Administrator is excluded as a non-attorney/non-leadership appointment.,False,False,,"2357 IN RE_ Zappos.com, Inc., Customer Data Security Breach Litigation/US_DIS_NVD_3_12cv325_335_ORDER granting ECF No. 331 Motion for Preliminary _335_0.pdf",extracted
new,2384-34,2384,34,2012-10-19,GCM,DJ,True,1,0,True,False,True,False,LeadCounsel,1,False,False,False,False,False,False,,Order grants Caird Group's motion for appointment as lead plaintiffs and lead counsel and denies Nobel Group's competing motion.,False,False,,"2384 IN RE Swisher Hygiene, Inc., Securities and Derivative Litigation/US_DIS_NCWD_3_12md2384_34_ORDER denying 7 Motion to Appoint Counsel _ granti_34_0.pdf",extracted
new,2359-21,2359,21,2012-10-01,MJD,DJ,False,0,0,True,True,True,True,LeadCounsel; Management,1,False,False,True,False,False,False,,"Plaintiffs' Lead Counsel and Executive Committee are referenced as previously designated in Docket No. 20, but their members are not named in this order.",False,False,,2359 IN RE HardiePlank Fiber Cement Siding/US_DIS_MND_0_12md2359_21_PRETRIAL ORDER NO. 1_ CASE MANAGEMENT ORDER 10 . (_21_0.pdf,extracted
new,2372-10,2372,10,2012-09-24,MFK,DJ,False,6,0,True,True,True,True,LeadCounsel; Communications,9,False,False,False,False,False,False,,,False,False,,2372 IN RE Watson Fentanyl Patch Products Liability Litigation/US_DIS_ILND_1_12cv6296_10_ORDER NO. 1 signed by the Honorable Matthew F. Ken_10_0.pdf,extracted
new,2385-179,2385,179,2013-05-08,DRH,DJ,False,0,0,True,,False,True,LeadCounsel; Communications,5,False,False,,True,False,False,,Amended Case Management Order Number 5 substitutes Paul W. Schmidt for Orlando Rod Richmond as lead counsel for the U.S. Defendants and sets responsibilities for Defendants’ Leadership Counsel.,False,False,,"2385 IN RE Pradaxa (Dabigatran Etexilate) Products Liability Litigation/US_DIS_ILSD_3_12md2385_179_AMENDED CASE MANAGEMENT ORDER NUMBER 5, Regarding _179_0.pdf",extracted
?,,,19,2012-06-25,JBG,DJ,False,3,0,True,,True,False,ClassCounsel; Communications; Management,3,False,False,False,False,False,False,,"The order authorizes the proposed Plaintiffs’ Executive Committee, but does not name its members in the order text.",True,False,,2373 IN RE HR Block Refund Anticipation Loan/US_DIS_ILND_1_12cv2973_19_MINUTE entry before Honorable Joan B. Gottschall_ _19_0.pdf,extracted
new,2371-638,2371,638,2013-12-03,JHL,DJ,False,2,0,True,False,True,True,LeadCounsel; Communications,3,False,False,False,False,False,False,,,False,True,,2371 IN RE Unified Messaging Solutions LLC Patent Litigation/US_DIS_ILND_1_12cv6286_638_CASE MANAGEMENT ORDER FOR WAVE II CASES Signed by _638_0.pdf,extracted
old,2357-418,2357,418,2019-12-23,RCJ,DJ,False,0,0,True,True,True,False,ClassCounsel,4,False,True,False,False,True,False,,"Final approval order overrules objections to the settlement, but the order does not indicate objections to the Class Counsel appointment or competing applications for that appointment.",False,False,,"2357 IN RE_ Zappos.com, Inc., Customer Data Security Breach Litigation/US_DIS_NVD_3_12cv325_418_FINAL APPROVAL ORDER. (See pdf order for details a_418_0.pdf",extracted
new,2358-120,2358,120,2013-10-07,SLR,DJ,False,1,0,True,True,True,False,ClassCounsel,3,False,True,False,False,True,False,,,False,False,,2358 IN RE Google Inc. Cookie Placement Consumer Privacy Litigation/US_DIS_DED_1_12md2358_120_ORDER granting 118 MOTION for Settlement MOTION FO_120_0.pdf,extracted
new,2385-37,2385,37,2012-09-27,DRH,DJ,False,0,0,True,True,False,True,LeadCounsel; Communications,4,False,False,False,True,False,False,,,False,False,,2385 IN RE Pradaxa (Dabigatran Etexilate) Products Liability Litigation/US_DIS_ILSD_3_12md2385_37_STRICKEN AND REPLACED BY 179 AMENDED CASE MANAGEME_37_0.pdf,extracted
new,2358-44,2358,44,2012-11-16,SLR,DJ,True,1,0,True,True,True,False,LeadCounsel; ClassCounsel,0,False,True,False,True,True,True,,"The order grants the Sossin group's competing motion for appointment of interim class counsel and denies the Kreisman group's competing motion, but it does not name the specific attorneys or full leadership structure; details appear to be in the granted motion/papers.",True,False,,2358 IN RE Google Inc. Cookie Placement Consumer Privacy Litigation/US_DIS_DED_1_12md2358_44_MEMORANDUM ORDER denying 30 MOTION to Appoint Coun_44_0.pdf,extracted
new,2385-295,2385,295,2013-10-30,DRH,DJ,False,0,0,False,False,True,False,LeadCounsel; Management; Communications,27,False,False,False,False,False,False,,Order reappoints plaintiffs' leadership counsel after prior appointments expired; footnote states Barry Julian is a new appointee.,False,False,,2385 IN RE Pradaxa (Dabigatran Etexilate) Products Liability Litigation/US_DIS_ILSD_3_12md2385_295_CASE MANAGEMENT ORDER NUMBER 47 New Appointments P_295_0.pdf,extracted
new,2358-164,2358,164,2016-08-31,SLR,DJ,False,1,0,True,True,True,False,ClassCounsel,3,False,True,,,True,False,,"Order preliminarily approves class action settlement, certifies settlement class for settlement purposes, and confirms three firms as Settlement Class Counsel under Fed. R. Civ. P. 23(g).",False,False,,2358 IN RE Google Inc. Cookie Placement Consumer Privacy Litigation/US_DIS_DED_1_12md2358_164_ORDER granting 163 MOTION for Settlement Motion fo_164_0.pdf,extracted
new,2361-19,2361,19,2012-07-20,FJG,DJ,False,3,0,True,True,True,False,ClassCounsel; Communications; LeadCounsel; Management,9,False,True,False,False,True,False,,,False,False,,2361 IN RE Simply Orange Orange Juice Marketing and Sales Practices Litigation/US_DIS_MOWD_4_12md2361_19_ORDER on appointment of plaintiffs_ liason counsel_19_0.pdf,extracted
new,2385-513,2385,513,2014-05-27,DRH,DJ,False,1,0,True,True,True,False,Settlement,8,False,False,False,False,False,False,,,False,False,,2385 IN RE Pradaxa (Dabigatran Etexilate) Products Liability Litigation/US_DIS_ILSD_3_12md2385_513_CASE MANAGEMENT ORDER NUMBER 74 Appointing Pradaxa_513_0.pdf,extracted
new,2385-53,2385,53,2012-10-29,DRH,DJ,False,0,0,True,,,,Coordination,3,False,False,,,False,,,,False,False,,2385 IN RE Pradaxa (Dabigatran Etexilate) Products Liability Litigation/US_DIS_ILSD_3_12md2385_53_CASE MANAGEMENT ORDER NUMBER 14 Appointing State-F_53_0.pdf,extracted
new,2384-104,2384,104,2014-08-06,GCM,DJ,False,0,0,True,True,True,False,ClassCounsel; Settlement; Fees,1,False,True,False,False,True,False,,,False,False,,"2384 IN RE Swisher Hygiene, Inc., Securities and Derivative Litigation/US_DIS_NCWD_3_12md2384_104_ORDER AND FINAL JUDGMENT granting 94 Motion for Se_104_0.pdf",extracted
new,2359-20,2359,20,2012-09-28,MJD,DJ,False,0,0,False,False,True,False,LeadCounsel; Management; Discovery; Expert; Motions,17,False,False,False,False,False,False,,"Trial Team co-chair Eric Holland is listed, but the role is not categorized because it is not labeled as a committee or counsel.",False,False,,2359 IN RE HardiePlank Fiber Cement Siding/US_DIS_MND_0_12md2359_20_ORDER granting 15 Motion to Appoint Counsel. Signe_20_0.pdf,extracted
new,2385-514,2385,514,2014-05-27,DRH,DJ,False,0,0,,,True,False,Settlement,1,False,False,,False,False,False,,The order refers to Hunter Shkolnik as one of the Pradaxa Claimants’ Negotiating Counsel; coded as Settlement.,False,False,,2385 IN RE Pradaxa (Dabigatran Etexilate) Products Liability Litigation/US_DIS_ILSD_3_12md2385_514_CASE MANAGEMENT ORDER NUMBER 75 Regarding Delaware_514_0.pdf,extracted
new,2358-166,2358,166,2016-09-02,SLR,DJ,False,0,0,True,True,True,False,ClassCounsel,3,False,True,False,False,True,False,,,False,False,,2358 IN RE Google Inc. Cookie Placement Consumer Privacy Litigation/US_DIS_DED_1_12md2358_166_AMENDED ORDER granting 163 MOTION for Settlement M_166_0.pdf,extracted
new,2404-32,2404,32,2013-02-25,DSF,DJ,False,1,0,False,False,True,False,LeadCounsel,1,False,False,False,False,False,False,,,False,False,,2404 IN RE Nexium (Esomeprazole) Products Liability/US_DIS_CACD_2_12ml2404_32_ORDER by Judge Dale S. Fischer_ Application of Pla_32_0(2).pdf,extracted
new,2404-32,2404,32,2013-02-25,DSF,DJ,False,0,0,False,False,True,False,LeadCounsel,1,False,False,False,False,False,False,,,False,False,,2404 IN RE Nexium (Esomeprazole) Products Liability/US_DIS_CACD_2_12ml2404_32_ORDER by Judge Dale S. Fischer_ Application of Pla_32_0(3).pdf,extracted
new,2385-36,2385,36,2012-09-27,DRH,DJ,False,4,0,True,True,True,False,LeadCounsel; Management; Communications,27,True,False,True,True,False,False,,"Plaintiffs' leadership appointments expire October 31, 2013; the Court states it will accept new applications no later than October 1, 2013.",False,False,,"2385 IN RE Pradaxa (Dabigatran Etexilate) Products Liability Litigation/US_DIS_ILSD_3_12md2385_36_CASE MANAGEMENT ORDER NUMBER 4, Appointing Plainti_36_0.pdf",extracted
new,2389-297,2389,297,2015-06-25,RWS,DJ,False,1,0,True,True,True,False,ClassCounsel,3,False,True,False,False,True,False,,,False,False,,"2389 IN RE Facebook, Inc., IPO Securities and Derivative Litigation/US_DIS_NYSD_1_12md2389_297_ORDER PRELIMINARILY APPROVING SETTLEMENT AND PROVI_297_0(3).pdf",extracted
new,2389-385,2389,385,2015-12-29,RWS,DJ,True,0,0,False,False,True,False,ClassCounsel,2,False,True,False,False,True,False,,Opinion grants Rule 23 class certification and appointment of Bernstein Litowitz Berger & Grossman LLP and Labaton Sucharow LLP as Class Counsel; defendants objected to adequacy/conflict issues relating to counsel.,False,False,,"2389 IN RE Facebook, Inc., IPO Securities and Derivative Litigation/US_DIS_NYSD_1_12md2389_385_OPINION re_ 255 MOTION to Certify Class  filed by _385_0.pdf",extracted
new,2409-101,2409,101,2013-01-24,WGY,DJ,True,1,0,True,True,True,False,LeadCounsel,3,False,False,False,False,False,False,,Order describes an unseemly squabble among counsel over which coalition would prosecute the consolidated complaint.,False,False,,2409 IN RE Nexium (Esomeprazole) Antitrust Litigation/US_DIS_MAD_1_12md2409_101_Judge William G. Young_ ORDER entered. (Sonnenberg_101_0.pdf,extracted
new,2389-297,2389,297,2015-06-25,RWS,DJ,False,1,0,True,True,True,False,ClassCounsel,3,False,True,False,False,True,False,,"Claims Administrator A.B. Data Group, Ltd. excluded as non-attorney settlement/claims administrator.",False,False,,"2389 IN RE Facebook, Inc., IPO Securities and Derivative Litigation/US_DIS_NYSD_1_12md2389_297_ORDER PRELIMINARILY APPROVING SETTLEMENT AND PROVI_297_0(2).pdf",extracted
new,2389-297,2389,297,2015-06-25,RWS,DJ,False,1,0,True,True,True,False,ClassCounsel,3,False,True,False,False,True,False,,,False,False,,"2389 IN RE Facebook, Inc., IPO Securities and Derivative Litigation/US_DIS_NYSD_1_12md2389_297_ORDER PRELIMINARILY APPROVING SETTLEMENT AND PROVI_297_0.pdf",extracted
new,2407-53,2407,53,2014-06-02,VLB,DJ,False,1,0,True,True,True,False,ClassCounsel; Settlement,4,False,True,False,False,True,True,,,False,True,,2407 IN RE Higher One OneAccount Marketing and Sales Practices Litigation/US_DIS_CTD_3_12md2407_53_ORDER granting 47 Motion for Preliminary Approval _53_0.pdf,extracted
new,2409-1596,2409,1596,2015-10-05,WGY,DJ,False,0,0,False,False,True,False,LeadCounsel; ClassCounsel,3,False,True,False,False,True,False,,,False,False,,2409 IN RE Nexium (Esomeprazole) Antitrust Litigation/US_DIS_MAD_1_12md2409_1596_Judge William G. Young_ ORDER entered_ ORDER grant_1596_0.pdf,extracted
new,2385-550,2385,550,2014-07-28,DRH,DJ,False,1,0,True,True,True,False,SettlementAdministration,3,False,False,False,False,False,False,,Order appoints Providio Lien Counsel to establish a Medicare global lien resolution model and appoints Roger Denton and Steven Davis as representatives of the Pradaxa Claimants Negotiating Counsel to participate with PLC.,False,False,,2385 IN RE Pradaxa (Dabigatran Etexilate) Products Liability Litigation/US_DIS_ILSD_3_12md2385_550_CMO 81 - Order Appointing Providio Lien Counsel to_550_0.pdf,extracted
new,2409-1597,2409,1597,2015-10-05,WGY,DJ,False,0,0,False,False,True,False,LeadCounsel; ClassCounsel,3,False,True,False,False,True,False,,,False,False,,2409 IN RE Nexium (Esomeprazole) Antitrust Litigation/US_DIS_MAD_1_12md2409_1597_Judge William G. Young_ ORDER entered_ ORDER grant_1597_0.pdf,extracted
new,2404-89,2404,89,2013-03-11,DSF,DJ,False,1,0,True,True,True,False,LeadCounsel,1,False,False,True,False,False,False,,,False,False,,2404 IN RE Nexium (Esomeprazole) Products Liability/US_DIS_CACD_2_12ml2404_89_CASE MANAGEMENT ORDER NO. 1 by Judge Dale S. Fisch_89_0(3).pdf,extracted
new,2405-47,2405,47,2013-03-01,JJB,DJ,True,2,0,True,True,True,False,LeadCounsel; Communications,2,False,False,,True,True,True,,Order states there were two competing proposals for appointment of Plaintiffs' Interim Lead Counsel and Liaison Counsel. The Court notes it may consider proposals for committees of counsel in the future but does not appoint any committees at this time.,False,False,,2405 IN RE On-Line Travel Company (OTC)Hotel Booking Antitrust Litigation/2405_doc47.pdf,extracted
new,2404-89,2404,89,2013-03-11,DSF,DJ,False,1,0,True,True,True,False,LeadCounsel,1,False,False,True,False,False,False,,,False,False,,2404 IN RE Nexium (Esomeprazole) Products Liability/US_DIS_CACD_2_12ml2404_89_CASE MANAGEMENT ORDER NO. 1 by Judge Dale S. Fisch_89_0(2).pdf,extracted
new,2413-107,2413,107,2017-08-24,RRM,DJ,False,1,0,True,True,True,False,ClassCounsel,2,False,True,False,False,True,False,,Preliminary approval order certifying a settlement class and appointing firm class counsel. Class action administrator excluded as non-attorney settlement administration role.,False,False,,"2413 IN RE Frito-Lay North America, Inc. All Natural Litigation/US_DIS_NYED_1_12md2413_107_ORDER_ Pursuant to the attached written order, the_107_0.pdf",extracted
?,,,27,2012-09-25,WJM,DJ,False,1,0,True,True,True,False,LeadCounsel; ClassCounsel,1,False,False,False,False,False,False,,Signature block OCR unclear; judge initials taken from case caption.,False,True,,2415 IN RE L_Oreal Wrinkle Cream Marketing and Sales Practices Litigation/US_DIS_NJD_2_12cv3571_27_ORDER that the Court hereby appoints James E. Cecc_27_0.pdf,extracted
new,2409-319,2409,319,2013-08-22,WGY,DJ,False,0,0,True,True,True,False,Communications; ClassCounsel,3,False,True,True,True,True,False,,Order clarifies powers of previously appointed class counsel for direct purchaser actions.,False,False,,"2409 IN RE Nexium (Esomeprazole) Antitrust Litigation/US_DIS_MAD_1_12md2409_319_Judge William G. Young_ ORDER entered. (Gaudet, Je_319_0.pdf",extracted
new,2413-121,2413,121,2017-11-14,RRM,DJ,False,0,0,False,False,True,False,ClassCounsel; Fees,2,False,True,False,False,True,False,,,False,False,,"2413 IN RE Frito-Lay North America, Inc. All Natural Litigation/US_DIS_NYED_1_12md2413_121_FINAL ORDER APPROVING CLASS ACTION SETTLEMENT. Ord_121_0.pdf",extracted
new,2416-12,2416,12,2013-02-15,JFH,DJ,False,2,0,False,False,True,False,LeadCounsel; Communications; ClassCounsel,3,False,False,False,False,False,False,,,False,False,,"2416 IN RE Capital One Telephone Consumer Protection Act/ORDER APPOINTING INTERIM LEAD CLASS COUNSEL AND LIAISON COUNSEL_ On 1_29_13, the court set a schedul.pdf",extracted
new,2424-319,2424,319,2014-08-29,GW,DJ,False,1,0,False,False,True,False,ClassCounsel,2,False,False,False,False,False,False,,,False,False,,2424 IN RE Hyundai and Kia Fuel Economy/US_DIS_CACD_2_13ml2424_319_ORDER GRANTING PRELIMINARY APPROVAL OF CLASS SETTL_319_0.pdf,extracted
new,2439-10,2439,10,2013-07-12,LA,DJ,False,1,0,False,False,True,False,LeadCounsel,2,False,False,False,False,False,False,,,False,False,,2439 IN RE Subway Footlong Sandwich Marketing and Sales Practices Litigation/US_DIS_WIED_2_13md2439_10_SCHEDULING ORDER signed by Judge Lynn Adelman on 7_10_0.pdf,extracted
new,2430-9,2430,9,2013-04-19,LHK,DJ,False,1,0,False,False,True,False,LeadCounsel,2,False,False,False,False,False,False,,Court rejected Plaintiffs' proposed leadership structure and directed Plaintiffs to file a new leadership structure proposal; only interim co-lead counsel were named in this order.,False,False,,2430 IN RE Google Inc. Gmail Litigation/US_DIS_CAND_5_13md2430_9_Minute Entry and Case Management Order_ Initial Ca_9_0.pdf,extracted
new,2407-58,2407,58,2014-12-15,VLB,DJ,False,1,0,True,True,True,False,ClassCounsel,4,False,True,False,False,True,False,,"Final approval order for settlement class appoints four firms as Class Counsel; settlement objections were overruled, but the order does not indicate objections or competing applications concerning the Class Counsel appointment.",False,False,,2407 IN RE Higher One OneAccount Marketing and Sales Practices Litigation/US_DIS_CTD_3_12md2407_58_ORDER granting Plaintiffs_ 56 Motion for Settlemen_58_0.pdf,extracted
new,2415-35,2415,35,2013-02-26,WJM,DJ,False,0,0,True,True,True,True,LeadCounsel; Management,2,False,False,False,False,False,False,,,False,True,,2415 IN RE L_Oreal Wrinkle Cream Marketing and Sales Practices Litigation/US_DIS_NJD_2_12cv3571_35_AMENDED CASE MANAGEMENT ORDER NO. 2. Signed by Jud_35_0.pdf,extracted
new,2424-494,2424,494,2015-06-11,GW,DJ,False,0,0,False,False,True,False,ClassCounsel; Settlement,2,False,True,False,False,True,False,,,False,False,,2424 IN RE Hyundai and Kia Fuel Economy/US_DIS_CACD_2_13ml2424_494_ORDER GRANTING FINAL APPROVAL OF CLASS ACTION SETT_494_0.pdf,extracted
new,2415-33,2415,33,2013-02-13,WJM,DJ,False,0,0,True,True,True,False,Management,10,False,False,True,False,False,False,,,False,False,,2415 IN RE L_Oreal Wrinkle Cream Marketing and Sales Practices Litigation/US_DIS_NJD_2_12cv3571_33_AMENDED CASE MANAGEMENT ORDER NO. 1 (Leadership St_33_0.pdf,extracted
new,2438-23,2438,23,2013-11-08,PSG,DJ,True,1,0,True,True,True,False,ClassCounsel,3,True,True,False,False,True,True,,Order states two competing motions for appointment of Interim Class Counsel were before the Court; defendants opposed both applications. Court denied requests to appoint an Executive Committee and Interim Liaison Counsel.,False,False,,2438 IN RE 5-Hour Energy Marketing and Sales Practices Litigation/US_DIS_CACD_2_13ml2438_23_MINUTES (IN CHAMBERS) ORDER by Judge Philip S. Gut_23_0.pdf,extracted
new,2426-118,2426,118,2015-07-30,DBH,DJ,False,1,0,False,False,True,False,ClassCounsel,2,False,True,False,False,True,False,,,False,False,,"2426 IN RE TRS Recovery Services, Inc., and TeleCheck Services, Inc., FDCPA/US_DIS_MED_2_13md2426_118_ORDER DIRECTING NOTICE TO CLASS - re 99 Motion for_118_0.pdf",extracted
new,2446-9,2446,9,2013-07-08,JMF,DJ,False,0,0,False,False,True,False,LeadCounsel; Communications,2,False,False,False,False,False,False,,,False,False,,2446 IN RE Standard & Poor_s Rating Agency Litigation/US_DIS_NYSD_1_13md2446_9_ENDORSED LETTER addressed to Judge Jesse M. Furman_9_0.pdf,extracted
new,2416-137,2416,137,2014-07-29,JFH,DJ,False,3,0,True,True,True,False,ClassCounsel; Communications,6,False,True,False,False,True,False,,"BrownGreer PLC is appointed as Claims Administrator, but is excluded from Appointments because claims/settlement administrators are not leadership counsel appointees.",False,True,,2416 IN RE Capital One Telephone Consumer Protection Act/ORDER (1) Conditionally Certifying a Settlement Class (2) Preliminarily Approving Class Action Settl.pdf,extracted
new,2409-85,2409,85,2013-01-16,WGY,DJ,False,3,0,True,True,True,False,LeadCounsel; Communications; Management,11,False,False,True,True,True,False,,"Amended case management order for end-payor class actions appointing interim co-lead counsel, interim liaison counsel, and an executive committee.",False,False,,2409 IN RE Nexium (Esomeprazole) Antitrust Litigation/US_DIS_MAD_1_12md2409_85_Judge William G. Young_ ORDER entered. AMENDED CAS_85_0.pdf,extracted
new,2451-25,2451,25,2013-07-24,ADS,DJ,False,0,0,False,False,True,False,ClassCounsel,4,False,False,False,False,False,False,,"Short order declines to disturb prior July 22, 2013 appointment of interim class counsel after letters seeking clarification.",False,False,,"2451 IN RE HSBC Bank USA, N.A. Debit Card Overdraft Fee/US_DIS_NYED_2_13md2451_25_SHORT ORDER - By Memorandum of Decision and Order _25_0.pdf",extracted
new,2426-17,2426,17,2013-06-04,DBH,DJ,False,1,0,True,True,True,False,ClassCounsel,2,False,True,False,False,False,False,,,False,False,,"2426 IN RE TRS Recovery Services, Inc., and TeleCheck Services, Inc., FDCPA/US_DIS_MED_2_13md2426_17_ORDER CERTIFYING A CLASS ACTION - Set Deadlines_ B_17_0.pdf",extracted
new,2439-47,2439,47,2015-10-02,LA,DJ,False,2,0,True,True,True,False,ClassCounsel,9,False,True,False,False,True,True,,"Zimmerman Law Offices, P.C. and DeNittis Osefchen, P.C. are appointed as Lead Class Counsel; appointment coded as ClassCounsel because the role is a Rule 23 class-counsel role.",False,False,,2439 IN RE Subway Footlong Sandwich Marketing and Sales Practices Litigation/US_DIS_WIED_2_13md2439_47_ORDER PRELIMINARILY APPROVING CLASS ACTION SETTLEM_47_0.pdf,extracted
new,2438-25,2438,25,2013-11-08,PSG,DJ,True,1,0,True,True,True,False,LeadCounsel; ClassCounsel,3,True,True,False,False,True,True,,"Order notes two competing motions/applications for appointment of Interim Class Counsel. Defendants opposed both applications. The Court appointed three firms as Interim Co-Lead Class Counsel and denied requests to appoint an Executive Committee, a fourth co-lead firm, and liaison counsel.",False,False,,2438 IN RE 5-Hour Energy Marketing and Sales Practices Litigation/US_DIS_CACD_2_13ml2438_25_MINUTE ORDER IN CHAMBERS Appointing Interim Co-Lea_25_0.pdf,extracted
new,2450-30,2450,30,2013-07-30,KMK,DJ,False,3,0,False,False,True,False,LeadCounsel; Communications; Management,7,False,False,False,False,False,False,,,False,False,,2450 IN RE Ford Fusion and C-Max Fuel Economy Litigation/US_DIS_NYSD_7_13md2450_30_ORDER NUMBER 2_ Plaintiffs shall file their Consol_30_0.pdf,extracted
new,2455-261,2455,261,2017-02-16,MIS,DJ,False,0,0,True,,True,False,ClassCounsel,1,False,True,False,False,True,False,,,False,False,,"2455 IN RE Stericycle, Inc., Steri-Safe Contract Litigation/US_DIS_ILND_1_13cv5795_261_MEMORANDUM Opinion and Order. Signed by the Honora_261_0.pdf",extracted
new,2455-314,2455,314,2017-12-12,MIS,DJ,False,0,0,False,False,True,False,ClassCounsel; LeadCounsel,1,False,False,False,False,False,False,,,False,False,,"2455 IN RE Stericycle, Inc., Steri-Safe Contract Litigation/US_DIS_ILND_1_13cv5795_314_APPROVAL ORDER_ For the reasons stated in this app_314_0.pdf",extracted
?,,,55,2013-10-11,MIS,DJ,True,0,0,,,True,,LeadCounsel,1,,,,,,,,,False,False,,"2455 IN RE Stericycle, Inc., Steri-Safe Contract Litigation/US_DIS_ILND_1_13cv5795_55_MINUTE entry before Honorable Milton I. Shadur_ En_55_0.pdf",extracted
new,2451-19,2451,19,2013-07-22,ADS,DJ,True,1,0,False,False,True,False,ClassCounsel,4,False,True,False,False,True,False,,Order reflects competing requests for appointment as interim class counsel; Turk & Davidoff PLLC and Himmelstein Law Network were not appointed.,False,False,,"2451 IN RE HSBC Bank USA, N.A. Debit Card Overdraft Fee/US_DIS_NYED_2_13md2451_19_MEMORANDUM OF DECISION AND ORDER - It is hereby_ O_19_0.pdf",extracted
new,2454-17,2454,17,2013-09-20,KDE,DJ,False,0,0,True,False,True,True,Communications; Management,9,False,False,False,True,False,False,,,False,True,,"2454 IN RE Franck_s Lab, Inc., Products Liability Litigation/US_DIS_LAED_2_13md2454_17_PRETRIAL ORDER NO. 3 - Having reviewed the parties_17_0.pdf",extracted
new,2458-32,2458,32,2013-10-31,CMR,DJ,False,3,0,True,True,True,True,Communications; LeadCounsel,2,False,False,False,False,False,False,,,False,False,,"2458 IN RE Effexor (Venlafaxine Hydrochloride) Products Liability Litigation/US_DIS_PAED_2_13md2458_32_CASE MANAGEMENT ORDER NO. 5 THAT STEPHEN A. CORR, _32_0.pdf",extracted
new,2455-382,2455,382,2018-03-08,RWG,DJ,False,0,0,True,True,True,False,ClassCounsel; Fees; Settlement,3,False,True,False,False,True,False,,Final approval order confirms Plaintiffs' Class Counsel; Settlement Monitor and Class Action Settlement Administrator are excluded as non-attorney/non-leadership roles.,False,False,,"2455 IN RE Stericycle, Inc., Steri-Safe Contract Litigation/US_DIS_ILND_1_13cv5795_382_FINAL APPROVAL ORDER Signed by the Honorable Rober_382_0.pdf",extracted
new,2455-56,2455,56,2013-10-11,MIS,DJ,True,1,0,True,True,True,False,LeadCounsel; ClassCounsel,1,False,False,False,False,True,True,,Order selects Hagens Berman Sobol Shapiro LLP from among four competing applicants for interim lead/class counsel.,False,False,,"2455 IN RE Stericycle, Inc., Steri-Safe Contract Litigation/US_DIS_ILND_1_13cv5795_56_MEMORANDUM Order Signed by the Honorable Milton I._56_0.pdf",extracted
new,2455-311,2455,311,2017-10-26,MIS,DJ,False,0,0,True,True,True,False,ClassCounsel,2,False,True,False,False,True,False,,,False,False,,"2455 IN RE Stericycle, Inc., Steri-Safe Contract Litigation/US_DIS_ILND_1_13cv5795_311_PRELIMINARY APPROVAL ORDER_ The current deadlines _311_0.pdf",extracted
new,2474-104,2474,104,2016-01-12,FJG,DJ,False,1,0,True,True,True,False,ClassCounsel,6,False,True,False,False,True,False,,,False,False,,"2474 IN RE H&R Block IRS Form 8863/US_DIS_MOWD_4_13md2474_104_ORDER CONDITIONALLY CERTIFYING SETTLEMENT CLASS, P_104_0.pdf",extracted
new,2471-48,2471,48,2013-12-27,ES,DJ,False,1,0,True,True,True,False,Communications; Discovery,3,True,False,False,False,False,False,Antitrust,,False,False,,2471 IN RE Vehicle Carrier Services Antitrust Litigation/US_DIS_NJD_2_13cv3306_48_ORDER that the provisions of this Order shall gove_48_0.pdf,extracted
new,2443-25,2443,25,2013-09-09,SRC,DJ,False,2,0,True,True,True,False,LeadCounsel; Management,8,False,False,,True,False,False,,Outer PACER header shows Document 25 filed 09/09/13; embedded header also references Document 204 filed 09/04/13.,False,True,,2443 IN RE Nickelodeon Consumer Privacy/US_DIS_NJD_2_12cv7829_25_ORDER granting 20 Motion to Appoint Counsel_ Bartm_25_0.pdf,extracted
new,2471-250,2471,250,2015-05-22,ES,DJ,False,0,0,False,False,True,False,LeadCounsel; ClassCounsel,2,False,False,False,False,False,False,,Order modifies prior Order Appointing Interim Co-Lead and Liaison Counsel to substitute Burns Charest LLP for Susman Godfrey LLP as Co-Lead Class Counsel for End-Payor Plaintiffs.,False,True,,2471 IN RE Vehicle Carrier Services Antitrust Litigation/2471_doc250.pdf,extracted
new,2476-539,2476,539,2016-04-18,DLC,DJ,False,0,0,False,False,True,False,ClassCounsel; Settlement,2,False,True,False,False,True,False,,"Final judgment approving settlement, certifying settlement class, and appointing law firms as counsel for the Settlement Class.",False,False,,2476 IN RE Credit Default Swaps Antitrust Litigation/US_DIS_NYSD_1_13md2476_539_FINAL JUDGMENT AND ORDER OF DISMISSAL....The settl_539_0.pdf,extracted
new,2476-250,2476,250,2013-12-13,DLC,DJ,False,2,0,True,True,True,True,LeadCounsel; Communications,3,False,False,False,False,False,False,,,False,False,,2476 IN RE Credit Default Swaps Antitrust Litigation/US_DIS_NYSD_1_13md2476_250_CASE MANAGEMENT ORDER_ Amended Pleadings due by 4__250_0.pdf,extracted
new,2458-33,2458,33,2013-10-31,CMR,DJ,False,0,0,True,True,True,False,LeadCounsel; Management; Communications,11,False,False,False,True,False,False,,,False,True,,2458 IN RE Effexor (Venlafaxine Hydrochloride) Products Liability Litigation/US_DIS_PAED_2_13md2458_33_CASE MANAGEMENT ORDER NO. 6 THAT THE FOLLOWING ATT_33_0.pdf,extracted
new,2476-541,2476,541,2016-04-18,DLC,DJ,False,0,0,False,False,True,False,LeadCounsel; ClassCounsel,2,False,True,False,False,True,False,,,False,False,,2476 IN RE Credit Default Swaps Antitrust Litigation/US_DIS_NYSD_1_13md2476_541_FINAL JUDGMENT AND ORDER OF DISMISSAL....The settl_541_0.pdf,extracted
new,2471-106,2471,106,2014-03-03,ES,DJ,False,6,0,True,True,True,False,LeadCounsel; Communications; ClassCounsel,12,False,True,False,True,True,False,,,False,False,,2471 IN RE Vehicle Carrier Services Antitrust Litigation/US_DIS_NJD_2_13cv3306_106_ORDER that purs. to Federal Rule of Civil Procedur_106_0.pdf,extracted
new,2476-540,2476,540,2016-04-18,DLC,DJ,False,0,0,False,False,True,False,LeadCounsel; ClassCounsel,2,False,True,False,False,True,False,,"Final judgment approving settlement, certifying settlement class, and appointing settlement class lead/co-lead counsel.",False,False,,2476 IN RE Credit Default Swaps Antitrust Litigation/US_DIS_NYSD_1_13md2476_540_FINAL JUDGMENT AND ORDER OF DISMISSAL....The settl_540_0.pdf,extracted
new,2476-544,2476,544,2016-04-18,DLC,DJ,False,0,0,False,False,True,False,LeadCounsel; ClassCounsel,2,False,True,False,False,True,False,,,False,False,,2476 IN RE Credit Default Swaps Antitrust Litigation/US_DIS_NYSD_1_13md2476_544_FINAL JUDGMENT AND ORDER OF DISMISSAL....The settl_544_0.pdf,extracted
new,2474-27,2474,27,2014-01-10,FJG,DJ,True,2,0,True,True,True,False,LeadCounsel,8,False,True,True,True,True,True,,The order states that two competing motions sought appointment of Plaintiffs' Lead Counsel. Appointments are styled as Temporary Lead Counsel and expire after the anticipated arbitration ruling.,False,False,,2474 IN RE H&R Block IRS Form 8863/US_DIS_MOWD_4_13md2474_27_ORDER Temporarily Appointing Plaintiffs_ Lead Coun_27_0.pdf,extracted
new,2476-543,2476,543,2016-04-18,DLC,DJ,False,1,0,False,False,True,False,LeadCounsel; ClassCounsel,2,False,True,False,False,True,False,Antitrust,,False,False,,2476 IN RE Credit Default Swaps Antitrust Litigation/US_DIS_NYSD_1_13md2476_543_FINAL JUDGMENT AND ORDER OF DISMISSAL....The settl_543_0.pdf,extracted
new,2478-70,2478,70,2014-10-06,AWT,DJ,False,2,0,True,True,True,True,Communications,4,False,False,False,False,False,False,,,False,False,,2478 IN RE Convergent Telephone Consumer Protection Act (TCPA) Litigation/US_DIS_CTD_3_13md2478_70_ORDER_ Defendant Convergent Outsourcing Inc._s Res_70_0.pdf,extracted
new,2471-95,2471,95,2014-02-24,ES,DJ,False,1,0,True,True,True,False,LeadCounsel; Communications,3,True,False,False,False,False,False,Antitrust,Order No. 2 supersedes and replaces Order No. 1; appoints Plaintiffs' Interim Co-Liaison Counsel pending selection of Plaintiffs' lead and liaison counsel and sets application deadline/criteria.,False,False,,2471 IN RE Vehicle Carrier Services Antitrust Litigation/US_DIS_NJD_2_13cv3306_95_ORDER NO. 2 that the provisions of this Order shal_95_0.pdf,extracted
new,2476-542,2476,542,2016-04-18,DLC,DJ,False,0,0,False,False,True,False,LeadCounsel; ClassCounsel,2,False,True,False,False,True,False,,Final judgment approving settlement and certifying settlement class; law firms appointed as Lead Counsel and Co-Lead Counsel for the Settlement Class.,False,False,,2476 IN RE Credit Default Swaps Antitrust Litigation/US_DIS_NYSD_1_13md2476_542_FINAL JUDGMENT AND ORDER OF DISMISSAL....The settl_542_0.pdf,extracted
new,2476-545,2476,545,2016-04-18,DLC,DJ,False,0,0,False,False,True,False,LeadCounsel; ClassCounsel,2,False,True,False,False,True,False,,,False,False,,2476 IN RE Credit Default Swaps Antitrust Litigation/US_DIS_NYSD_1_13md2476_545_FINAL JUDGMENT AND ORDER OF DISMISSAL....The settl_545_0.pdf,extracted
new,2476-547,2476,547,2016-04-18,DLC,DJ,False,0,0,False,False,True,False,LeadCounsel; ClassCounsel,2,False,True,False,False,True,False,,,False,False,,2476 IN RE Credit Default Swaps Antitrust Litigation/US_DIS_NYSD_1_13md2476_547_FINAL JUDGMENT AND ORDER OF DISMISSAL....The settl_547_0.pdf,extracted
new,2476-548,2476,548,2016-04-18,DLC,DJ,False,0,0,False,False,True,False,LeadCounsel; ClassCounsel,2,False,True,False,False,True,False,,,False,False,,2476 IN RE Credit Default Swaps Antitrust Litigation/US_DIS_NYSD_1_13md2476_548_FINAL JUDGMENT AND ORDER OF DISMISSAL....The settl_548_0.pdf,extracted
new,2476-546,2476,546,2016-04-18,DLC,DJ,False,0,0,False,False,True,False,LeadCounsel; ClassCounsel,2,False,True,False,False,True,False,,,False,False,,2476 IN RE Credit Default Swaps Antitrust Litigation/US_DIS_NYSD_1_13md2476_546_FINAL JUDGMENT AND ORDER OF DISMISSAL....The settl_546_0.pdf,extracted
new,2476-552,2476,552,2016-04-18,DLC,DJ,False,0,0,False,False,True,False,LeadCounsel; ClassCounsel,2,False,True,False,False,True,False,,,False,False,,2476 IN RE Credit Default Swaps Antitrust Litigation/US_DIS_NYSD_1_13md2476_552_FINAL JUDGMENT AND ORDER OF DISMISSAL....The settl_552_0.pdf,extracted
new,2476-465,2476,465,2015-10-29,DLC,DJ,False,0,0,True,True,True,False,ClassCounsel,2,False,True,,,True,False,,Preliminary settlement approval order appoints two law firms as settlement class counsel. Non-attorney Claims Administrator and Escrow Agent excluded from Appointments.,False,False,,2476 IN RE Credit Default Swaps Antitrust Litigation/US_DIS_NYSD_1_13md2476_465_ORDER PRELIMINARILY APPROVING SETTLEMENTS AND PROV_465_0.pdf,extracted
new,2478-238,2478,238,2016-05-10,AWT,DJ,False,1,0,True,False,True,False,ClassCounsel,4,False,True,False,False,True,False,,Claims Administrator epiq Systems is not included as an appointee because it is a non-legal settlement/claims administrator.,False,False,,2478 IN RE Convergent Telephone Consumer Protection Act (TCPA) Litigation/US_DIS_CTD_3_13md2478_238_ORDER (1) Conditionally Certifying a Settlement Cl_238_0.pdf,extracted
new,2502-1235,2502,1235,2015-11-03,RMG,DJ,False,0,0,False,False,True,False,Management,1,False,False,False,False,False,False,,,False,False,,2502 IN RE Lipitor/US_DIS_SCD_2_14mn2502_1235_CASE MANAGEMENT ORDER NO 51 This Order relates to _1235_0.pdf,extracted
new,2478-43,2478,43,2014-04-25,AWT,DJ,False,1,0,True,True,True,False,LeadCounsel; ClassCounsel,2,False,False,,True,False,False,,Order states Messrs. Keogh and Lemberg advised the court there is no opposition by other class counsel; court declined to appoint a steering committee for either side at this time.,False,False,,2478 IN RE Convergent Telephone Consumer Protection Act (TCPA) Litigation/US_DIS_CTD_3_13md2478_43_ORDER_ The Motion to Appoint Interim Lead Class Co_43_0.pdf,extracted
new,2476-549,2476,549,2016-04-18,DLC,DJ,False,0,0,False,False,True,False,LeadCounsel; ClassCounsel,2,False,True,False,False,True,False,,Final judgment certifies a settlement class and appoints two law firms as Lead Counsel and Co-Lead Counsel for the Settlement Class.,False,False,,2476 IN RE Credit Default Swaps Antitrust Litigation/US_DIS_NYSD_1_13md2476_549_FINAL JUDGMENT AND ORDER OF DISMISSAL....The settl_549_0.pdf,extracted
new,2481-783,2481,783,2015-05-06,KBF,DJ,False,0,0,False,False,True,False,LeadCounsel,2,False,False,False,False,False,False,,Memo endorsement/order amending Case Management Order No. 2 to substitute interim co-lead counsel for Direct Purchaser Plaintiffs.,False,False,,2481 IN RE Aluminum Warehousing Antitrust Litigation/US_DIS_NYSD_1_13md2481_783_MEMO ENDORSEMENT on re_ (780 in 1_13-md-02481-KBF)_783_0.pdf,extracted
new,2502-124,2502,124,2014-05-08,RMG,DJ,False,0,0,False,False,True,False,Management,2,False,False,False,False,False,False,Products Liability,Order grants unopposed motion to substitute Nelson J. Roach for Brad E. Seidel on the Plaintiffs' Steering Committee.,False,False,,2502 IN RE Lipitor/US_DIS_SCD_2_14mn2502_124_ORDER granting 115 Motion for Mr. Brad Seidel to w_124_0.pdf,extracted
new,2476-551,2476,551,2016-04-18,DLC,DJ,False,0,0,False,False,True,False,LeadCounsel; ClassCounsel,2,False,True,False,False,True,False,,Final judgment and order of dismissal approving settlement and appointing settlement class lead/co-lead counsel.,False,False,,2476 IN RE Credit Default Swaps Antitrust Litigation/US_DIS_NYSD_1_13md2476_551_FINAL JUDGMENT AND ORDER OF DISMISSAL....The settl_551_0.pdf,extracted
new,2476-550,2476,550,2016-04-18,DLC,DJ,False,1,0,False,False,True,False,LeadCounsel; ClassCounsel,2,False,True,False,False,True,,,,False,False,,2476 IN RE Credit Default Swaps Antitrust Litigation/US_DIS_NYSD_1_13md2476_550_FINAL JUDGMENT AND ORDER OF DISMISSAL....The settl_550_0.pdf,extracted
new,2491-16,2491,16,2014-02-19,JFM,DJ,False,2,0,True,True,True,False,LeadCounsel; Management,3,False,True,,True,True,False,,Filed date from PACER header used; signature date is OCR-corrupted.,False,False,,"2491 IN RE GNC Corp. Triflex Products Marketing, SP & PL (No. II)/US_DIS_MDD_1_14md2491_16_ORDER Regarding Leadership Structure. Signed by Ju_16_0.pdf",extracted
new,2481-216,2481,216,2014-03-06,KBF,DJ,False,4,0,True,True,True,False,LeadCounsel; Management,17,False,True,True,True,True,False,,,False,False,,2481 IN RE Aluminum Warehousing Antitrust Litigation/US_DIS_NYSD_1_13md2481_216_CASE MANAGEMENT ORDER NO. 2 terminating 175 Motion_216_0.pdf,extracted
new,2502-680,2502,680,2014-12-16,RMG,DJ,False,0,0,False,False,True,False,Management,1,False,False,False,False,False,False,,Motion to remove Plaintiffs' Steering Committee member was granted without opposition and with the member's consent.,False,False,,2502 IN RE Lipitor/US_DIS_SCD_2_14mn2502_680_CASE MANAGEMENT ORDER NO. 26 This Order relates to_680_0.pdf,extracted
new,2502-101,2502,101,2014-04-25,RMG,DJ,False,2,0,True,True,True,True,LeadCounsel; Communications; Management,4,False,False,True,True,False,False,,"CMO 4 restates Plaintiffs' Lead Counsel and Plaintiffs' Liaison Counsel from CMO 3, and makes additional appointments of Defendants' Lead Counsel and Defendants' Liaison Counsel. CPA/accounting firm retained to assist with time and expense submissions excluded as non-attorney/non-leadership appointment.",False,False,,2502 IN RE Lipitor/US_DIS_SCD_2_14mn2502_101_CASE MANAGEMENT ORDER NO. 4 This Order relates to _101_0.pdf,extracted
?,,,89,2014-04-17,MCA,MJ,False,2,0,True,True,True,False,ClassCounsel; Communications,4,False,True,False,False,True,False,,,False,False,,"2506 IN RE AZEK Building Products, Inc., Marketing & Sales Practices Litigation/US_DIS_NJD_2_12cv6627_89_ORDER that Seeger Weiss, Complex Litigation Group _89_0.pdf",extracted
new,2519-10,2519,10,2014-05-28,RWG,DJ,False,1,0,True,False,True,False,ClassCounsel,2,False,False,False,False,False,False,,,False,False,,2519 IN RE AIG Workers Compensation Insurance Policyholder/US_DIS_ILND_1_14cv2528_10_CASE management order no.1 Signed by the Honorable_10_0.pdf,extracted
new,2508-141,2508,141,2014-09-03,HSM,DJ,False,1,0,True,False,True,True,Settlement,14,False,False,False,False,False,False,,The order designates mediation counsel; the appointed mediator is excluded as a non-leadership appointment.,False,False,,2508 IN RE Cast Iron Soil Pipe and Fittings Antitrust Litigation/US_DIS_TNED_1_14md2508_141_MEDIATION ORDER Signed by District Judge Harry S M_141_0.pdf,extracted
new,2513-109,2513,109,2017-08-10,RGS,DJ,False,1,0,True,False,True,False,ClassCounsel,2,False,True,False,False,True,False,,,False,False,,"2513 IN RE Collecto, Inc., Telephone Consumer Protection Act (TCPA)/US_DIS_MAD_1_14md2513_109_Judge Richard G. Stearns_ ORDER entered granting 1_109_0.pdf",extracted
?,,,43,2013-08-06,MCA,MJ,False,2,0,True,True,True,False,ClassCounsel; Communications,4,False,True,,True,True,False,,,False,False,,"2506 IN RE AZEK Building Products, Inc., Marketing & Sales Practices Litigation/US_DIS_NJD_2_12cv6627_43_ORDER that Seeger Weiss, Complex Litigation Group _43_0.pdf",extracted
new,2511-12,2511,12,2014-05-13,JRG,DJ,False,0,0,True,True,True,True,LeadCounsel,3,False,False,True,False,False,False,,,False,False,,"2511 IN RE Neomedic Pelvic Repair System Products Liability Litigation/US_DIS_WVSD_2_14md2511_12_PRETRIAL ORDER #7 (Initial Hearing Summary, Counse_12_0.pdf",extracted
new,2508-67,2508,67,2014-05-20,HSM,DJ,False,6,0,True,True,True,False,LeadCounsel; Communications,9,False,False,False,True,False,False,,,False,False,,2508 IN RE Cast Iron Soil Pipe and Fittings Antitrust Litigation/US_DIS_TNED_1_14md2508_67_Consolidation and Designation of Counsel Order. Si_67_0.pdf,extracted
new,2506-219,2506,219,2017-08-23,MCA,DJ,False,1,0,False,True,True,False,ClassCounsel,3,False,True,False,False,True,False,,Preliminary approval order conditionally certifies settlement class and appoints Lead Class Counsel. Non-attorney Notice/Claims Administrator excluded from appointments.,False,False,,"2506 IN RE AZEK Building Products, Inc., Marketing & Sales Practices Litigation/US_DIS_NJD_2_12cv6627_219_ORDER granting 215 Motion FOR PRELIMINARY APPROVAL_219_0.pdf",extracted
new,2502-73,2502,73,2014-04-08,RMG,DJ,False,4,0,True,True,True,False,LeadCounsel; Management; Communications,21,False,False,True,True,False,False,,Plaintiffs' counsel agreed to the leadership structure without objection.,False,False,,2502 IN RE Lipitor/US_DIS_SCD_2_14mn2502_73_CASE MANAGEMENT ORDER NO. 3 This Order relates to _73_0.pdf,extracted
new,2508-474,2508,474,2016-11-29,HSM,DJ,False,2,0,True,True,True,False,ClassCounsel; Communications,4,False,True,False,False,True,False,,Claims administrator and escrow agent were excluded because they are non-attorney/non-leadership roles.,False,False,,2508 IN RE Cast Iron Soil Pipe and Fittings Antitrust Litigation/US_DIS_TNED_1_14md2508_474_ORDER GRANTING 466 PRELIMINARY APPROVAL OF SETTLEM_474_0.pdf,extracted
new,2521-60,2521,60,2014-05-20,WHO,DJ,False,3,0,True,True,True,False,LeadCounsel; Communications; Management,9,False,True,True,True,True,False,,,False,True,,2521 IN RE Lidoderm Antitrust Litigation/US_DIS_CAND_3_14md2521_60_ORDER APPOINTING INTERIM DIRECT PURCHASER PLAINTIF_60_0.pdf,extracted
new,2564-12,2564,12,2014-11-19,JNE,DJ,False,2,0,True,True,True,False,LeadCounsel; Management,4,False,False,,False,False,,,,False,False,,"2564 IN RE Life Time Fitness, Inc., Telephone Consumer Protection Act (TCPA)/US_DIS_MND_0_14md2564_12_ORDER Granting Plaintiffs_ Unopposed 6 Motion for _12_0.pdf",extracted
new,2562-164,2562,164,2015-12-18,RWS,DJ,False,0,0,True,False,True,False,ClassCounsel,0,False,False,False,False,False,False,,Order appoints Class Counsel to act as Settlement Class Counsel but does not identify the attorneys/firms in the order text.,True,False,,"2562 IN RE Blue Buffalo Company, Ltd., Marketing and Sales Practices Litigation/US_DIS_MOED_4_14md2562_164_CONDITIONAL CLASS CERTIFICATION AND PRELIMINARY AP_164_0.pdf",extracted
new,2564-108,2564,108,2015-12-01,JNE,DJ,False,0,0,True,True,True,False,ClassCounsel; Fees,0,False,True,False,False,True,False,,Final approval order reiterates appointment of Class Counsel but does not name Class Counsel in the order text.,True,False,,"2564 IN RE Life Time Fitness, Inc., Telephone Consumer Protection Act (TCPA)/US_DIS_MND_0_14md2564_108_ORDER granting 95 Motion for Final Approval of Set_108_0.pdf",extracted
new,2521-63,2521,63,2014-05-23,WHO,DJ,True,3,0,True,True,True,False,LeadCounsel; Communications; Management,9,False,True,True,True,True,False,,The order adopts the Girard Gibbs group's leadership structure over an alternate proposal submitted by Government Employees Health Association and the Lowey Dannenberg group.,False,False,,2521 IN RE Lidoderm Antitrust Litigation/US_DIS_CAND_3_14md2521_63_ORDER APPOINTING INTERIM CO-LEAD COUNSEL FOR END-P_63_0.pdf,extracted
new,2540-217,2540,217,2016-05-25,JBS,DJ,False,1,0,True,True,True,False,ClassCounsel,4,False,True,False,False,True,False,,,False,False,,"2540 IN RE Caterpillar, Inc., C13 and C15 Engine Products Liability Litigation/US_DIS_NJD_1_14cv3722_217_ORDER PRELIMINARILY APPROVING CLASS ACTION SETTLEM_217_0.pdf",extracted
new,2532-57,2532,57,2014-09-08,MMC,DJ,False,1,0,True,True,True,False,Communications,5,False,False,,False,False,False,,Order appoints counsel for the Garisto Plaintiffs and Badani Plaintiffs as Plaintiffs' Co-Liaison Counsel; individual appointees extracted from the attorney-identification block in the order.,False,False,,2532 IN RE Yosemite National Park Hantavirus Litigation/US_DIS_CAND_3_14md2532_57_ORDER FOR APPOINTMENT OF PLAINTIFFS_ CO-LIAISON CO_57_0.pdf,extracted
new,2577-112,2577,112,2016-10-18,JLL,DJ,False,1,0,True,True,True,False,ClassCounsel,5,False,True,False,False,True,False,,,False,False,,"2577 IN RE GAF Elk Cross Timbers Decking Marketing, Sales Practices and Products Liability Litigation/US_DIS_NJD_2_15cv18_112_ORDER approving 107 Motion for Settlement. Signed _112_0.pdf",extracted
new,2562-35,2562,35,2014-12-23,RWS,DJ,False,3,0,True,True,True,False,ClassCounsel; Communications; Management,5,False,True,True,True,True,True,,,False,False,,"2562 IN RE Blue Buffalo Company, Ltd., Marketing and Sales Practices Litigation/US_DIS_MOED_4_14md2562_35_ORDER APPOINTING INTERIM CLASS COUNSEL, LIAISON CO_35_0.pdf",extracted
new,2514-19,2514,19,2014-06-09,DCN,DJ,False,5,0,True,True,True,True,Management; LeadCounsel; Communications,15,False,False,True,True,False,False,,,False,False,,"2514 IN RE Pella Corporation Architect and Designer Series Windows/US_DIS_SCD_2_14mn1_19_CASE MANAGEMENT ORDER No. 1 (CMO 1)_ lead counsel,_19_0.pdf",extracted
new,2521-670,2521,670,2017-02-21,WHO,DJ,False,0,0,False,False,True,False,ClassCounsel; LeadCounsel; Communications; Management,12,False,True,False,False,True,False,,,False,False,,2521 IN RE Lidoderm Antitrust Litigation/US_DIS_CAND_3_14md2521_670_ORDER GRANTING MOTIONS FOR CLASS CERTIFICATION AND_670_0.pdf,extracted
new,2540-220,2540,220,2016-09-20,JBS,DJ,False,0,0,True,False,True,False,ClassCounsel; Fees; Settlement,4,False,True,False,False,True,False,,Final approval order and judgment confirms named Lead Class Counsel pursuant to Rule 23 and awards attorneys' fees and costs.,False,False,,"2540 IN RE Caterpillar, Inc., C13 and C15 Engine Products Liability Litigation/US_DIS_NJD_1_14cv3722_220_FINAL APPROVAL ORDER AND JUDGMENT. Signed by Chief_220_0.pdf",extracted
new,2583-325,2583,325,2016-12-21,TWT,DJ,False,0,0,False,False,True,False,Management,1,False,False,False,False,False,False,,"Appoints MaryBeth V. Gibson to an existing plaintiffs' steering committee created by prior Order of February 17, 2015 (Doc. 62).",False,False,,"2583 IN RE The Home Depot, Inc., Customer Data Security Breach/US_DIS_GAND_1_14md2583_325_ORDER APPOINTING MARYBETH GIBSON TO PLAINTIFFS STE_325_0.pdf",extracted
new,2583-324,2583,324,2016-12-21,TWT,DJ,False,0,0,False,False,True,False,Management,1,False,False,False,False,False,False,,Minute entry grants plaintiffs' agreed request to add Mary Beth Gibson to the Steering Committee; no firm stated.,False,False,,"2583 IN RE The Home Depot, Inc., Customer Data Security Breach/US_DIS_GAND_1_14md2583_324_Minute Entry for proceedings held before Judge Tho_324_0.pdf",extracted
new,2564-30,2564,30,2015-03-09,JNE,DJ,False,1,0,True,True,True,False,ClassCounsel,1,False,True,False,False,True,False,,Order preliminarily approves class action settlement and appoints Lead Counsel and Plaintiffs' Executive Committee as Class Counsel; Shawn J. Wanta is the only attorney named under the Class Counsel heading in the order text. Claims Administrator KCC LLC excluded as non-attorney/non-law-firm role.,False,False,,"2564 IN RE Life Time Fitness, Inc., Telephone Consumer Protection Act (TCPA)/US_DIS_MND_0_14md2564_30_ORDER granting Plaintiffs_ Unopposed 27 Motion for_30_0.pdf",extracted
new,2577-126,2577,126,2017-02-27,JLL,DJ,False,0,0,True,True,True,False,ClassCounsel; LeadCounsel; Communications,9,False,True,False,False,True,False,,"Final approval order confirms Class Counsel pursuant to Rule 23; Heffler Claims Group, LLC excluded as claims administrator/non-legal professional.",False,False,,"2577 IN RE GAF Elk Cross Timbers Decking Marketing, Sales Practices and Products Liability Litigation/US_DIS_NJD_2_15cv18_126_FINAL ORDER AND JUDGMENT GRANTING FINAL APPROVAL O_126_0.pdf",extracted
new,2583-59,2583,59,2015-02-12,TWT,DJ,False,0,0,False,False,True,False,LeadCounsel,0,False,False,False,False,False,False,,Minute entry grants motions to appoint lead counsel but does not name the appointees; appointment details appear to be in the motions/proposed orders.,True,False,,"2583 IN RE The Home Depot, Inc., Customer Data Security Breach/US_DIS_GAND_1_14md2583_59_Minute Entry for proceedings held before Judge Tho_59_0.pdf",extracted
new,2577-12,2577,12,2015-02-04,JAD,MJ,False,6,0,True,True,True,True,LeadCounsel; Management; Communications,9,False,False,True,True,False,False,,,False,False,,"2577 IN RE GAF Elk Cross Timbers Decking Marketing, Sales Practices and Products Liability Litigation/US_DIS_NJD_2_15cv18_12_CASE MANAGEMENT ORDER NO. 1. Signed by Magistrate _12_0.pdf",extracted
new,2540-28,2540,28,2014-08-27,JBS,DJ,False,2,0,True,True,True,False,LeadCounsel; Communications; ClassCounsel,4,False,True,True,False,True,False,,"Appointment by mutual agreement of Plaintiffs and with no objection by Defendant Caterpillar, Inc.",False,False,,"2540 IN RE Caterpillar, Inc., C13 and C15 Engine Products Liability Litigation/US_DIS_NJD_1_14cv3722_28_ORDER DESIGNATING INTERIM CLASS COUNSEL. Signed by_28_0.pdf",extracted
new,2583-328,2583,328,2017-03-10,TWT,DJ,False,1,0,True,True,True,False,ClassCounsel,4,False,True,,False,True,False,,Preliminary approval order designating Settlement Class Counsel; excludes non-attorney Settlement Administrator from appointments.,False,False,,"2583 IN RE The Home Depot, Inc., Customer Data Security Breach/US_DIS_GAND_1_14md2583_328_Preliminary Approval ORDER setting Final Approval _328_0.pdf",extracted
new,2583-66,2583,66,2015-02-20,TWT,DJ,False,0,0,True,False,True,,Communications,0,False,False,False,False,True,False,,"Order states plaintiffs' leadership applications for the Consumer Cases and Financial Institution Cases were approved and refers to appointed leadership, but does not name the appointees.",True,False,,"2583 IN RE The Home Depot, Inc., Customer Data Security Breach/US_DIS_GAND_1_14md2583_66_CASE MANAGEMENT ORDER 3. Signed by Judge Thomas W._66_0.pdf",extracted
new,2602-109,2602,109,2016-10-26,AJSE,DJ,False,1,0,True,True,True,False,ClassCounsel,2,False,True,False,False,True,False,,,False,False,,2602 IN RE Rust-Oleum Restore Marketing Sales Practices & Products Liability Litigation/US_DIS_ILND_1_15cv1364_109_AMENDED ORDER Granting Preliminary Approval of Cla_109_0.pdf,extracted
new,2583-185,2583,185,2016-03-08,TWT,DJ,False,1,0,True,True,True,False,ClassCounsel,7,False,True,False,False,True,False,,"KCC Class Action Services, LLC was appointed Settlement Administrator and Identity Guard was appointed monitoring-services provider; both excluded from Appointments as non-attorney/non-law-firm roles.",False,False,,"2583 IN RE The Home Depot, Inc., Customer Data Security Breach/US_DIS_GAND_1_14md2583_185_ORDER Certifying a Settlement Class, Preliminarily_185_0.pdf",extracted
new,2617-284,2617,284,2015-09-11,LHK,DJ,True,2,0,True,True,True,False,LeadCounsel; Management,4,True,False,False,False,True,False,,,False,False,,"2617 IN RE Anthem, Inc., Customer Data Security Breach Litigation/US_DIS_CAND_5_15md2617_284_ORDER APPOINTING LEAD PLAINTIFFS_ COUNSEL by Judge_284_0.pdf",extracted
new,2588-10,2588,10,2015-06-25,SS,DJ,False,3,0,True,True,True,False,Communications; LeadCounsel; ClassCounsel,4,True,True,,,True,True,,,False,False,,"2588 IN RE Whole Foods Market, Inc., Greek Yogurt Marketing and Sales Practices Litigation/US_DIS_TXWD_1_14mc2588_10_ORDER GRANTING Joint 7 Motion to Appointment of Pl_10_0.pdf",extracted
new,2583-60,2583,60,2015-02-13,TWT,DJ,False,4,0,True,True,True,False,Communications; LeadCounsel; ClassCounsel; Management,12,False,True,True,True,True,True,,Order appoints leadership for consumer plaintiffs in consumer cases; joint motion represented unanimous consensus.,False,False,,"2583 IN RE The Home Depot, Inc., Customer Data Security Breach/US_DIS_GAND_1_14md2583_60_ORDER re 49 Joint MOTION to Appoint Lead Counsel F_60_0.pdf",extracted
new,2617-285,2617,285,2015-09-11,LHK,DJ,False,0,0,False,False,True,False,LeadCounsel,2,False,False,False,False,False,False,,,False,False,,"2617 IN RE Anthem, Inc., Customer Data Security Breach Litigation/US_DIS_CAND_5_15md2617_285_CASE MANAGEMENT ORDER. Signed by Judge Lucy H. Koh_285_0.pdf",extracted
new,2583-260,2583,260,2016-08-23,TWT,DJ,False,0,0,False,False,True,False,LeadCounsel; Communications; ClassCounsel,7,False,True,False,False,True,False,,Final approval order identifies previously court-appointed plaintiffs' co-lead counsel and liaison counsel; no new leadership unit is created.,False,False,,"2583 IN RE The Home Depot, Inc., Customer Data Security Breach/US_DIS_GAND_1_14md2583_260_ORDER and FINAL JUDGMENT granting 226 Consumer Pla_260_0.pdf",extracted
new,2617-326,2617,326,2015-10-25,LHK,DJ,False,0,0,False,False,True,False,LeadCounsel,3,False,False,False,False,False,False,,Case management order lists Lead Plaintiffs’ Counsel but does not create new leadership units.,False,False,,"2617 IN RE Anthem, Inc., Customer Data Security Breach Litigation/US_DIS_CAND_5_15md2617_326_Case Management Order and Order by Judge Lucy Koh _326_0.pdf",extracted
?,,,85,2015-09-10,JWD,DJ,False,1,0,True,True,True,False,LeadCounsel,7,False,False,False,True,False,False,,,False,False,,2619 IN RE Herbal Supplements Marketing & Sales Practices Litigation/US_DIS_ILND_1_15cv5070_85_ORDER_ Signed by the Honorable John W. Darrah on 9_85_0.pdf,extracted
new,2661-9,2661,9,2015-10-29,MHW/EPD,DJ; MJ,False,0,0,False,False,True,False,Communications,2,True,False,False,False,False,False,,Multiple judges,False,False,,"2661 IN RE American Honda Motor Co., Inc., CR-V Vibration Marketing and Sales Practices Litigation/US_DIS_OHSD_2_15md2661_9_PRETRIAL ORDER No. 1_ Order Memorializing October _9_0.pdf",extracted
new,2617-903,2617,903,2017-08-25,LHK,DJ,False,1,0,False,False,True,False,ClassCounsel,4,False,True,False,False,True,False,,,False,False,,"2617 IN RE Anthem, Inc., Customer Data Security Breach Litigation/US_DIS_CAND_5_15md2617_903_Order by Judge Lucy H. Koh Granting Motion for Pre_903_0.pdf",extracted
new,2668-166,2668,166,2016-08-02,BRO,DJ,False,0,0,False,False,True,False,LeadCounsel,1,False,False,False,False,False,False,,Order grants unopposed motion for Hollis Salzman and Robins Kaplan LLP to withdraw as interim co-lead counsel for plaintiffs and the proposed class.,False,False,,2668 IN RE National Football League_s Sunday Ticket Antitrust Litigation/US_DIS_CACD_2_15ml2668_166_ORDER GRANTING UNOPPOSED MOTION FOR LEAVE TO WITHD_166_0.pdf,extracted
new,2583-62,2583,62,2015-02-17,TWT,DJ,False,4,0,True,True,True,False,LeadCounsel; Management; Communications; ClassCounsel,16,False,True,True,True,True,True,,The order states that no competing applications were filed.,False,False,,"2583 IN RE The Home Depot, Inc., Customer Data Security Breach/US_DIS_GAND_1_14md2583_62_ORDER re 50 MOTION to Appoint Lead Counsel for the_62_0.pdf",extracted
new,2639-61,2639,61,2015-12-11,RGK,DJ,False,4,0,True,True,True,True,LeadCounsel; Communications,4,False,False,,False,False,False,,,False,False,,2639 IN RE Pacquiao-Mayweather Boxing Match Pay-Per-View Litigation/US_DIS_CACD_2_15ml2639_61_MINUTES (IN CHAMBERS) Order re_ Appointment of Lea_61_0.pdf,extracted
new,2661-15,2661,15,2015-12-18,MHW/EPD,DJ; MJ,True,2,0,True,True,True,False,LeadCounsel; Communications,4,False,True,True,True,True,True,,Multiple judges,False,False,,"2661 IN RE American Honda Motor Co., Inc., CR-V Vibration Marketing and Sales Practices Litigation/US_DIS_OHSD_2_15md2661_15_Case Management ORDER 2_ Order Appointing Plaintif_15_0.pdf",extracted
new,2654-121,2654,121,2016-05-24,LDD,DJ,False,0,1,True,False,True,False,Management; Communications,10,False,False,False,False,False,False,,Order appoints members and a chair of the Plaintiffs' Management Committee and ends prior temporary liaison counsel appointments.,False,False,,"2654 IN RE Amtrak Train Derailment in Philadelphia, Pennsylvania, on May 12, 2015/US_DIS_PAED_2_15md2654_121_ORDER THAT THE FOLLOWING COUNSEL ARE APPOINTED TO _121_0.pdf",extracted
new,2617-16,2617,16,2015-07-06,LHK,DJ,False,1,0,True,True,True,False,Communications; LeadCounsel,2,True,False,False,False,False,True,,The order temporarily designates plaintiffs' counsel for preliminary case management coordination and solicits motions/applications for future lead plaintiffs' counsel appointments.,False,False,,"2617 IN RE Anthem, Inc., Customer Data Security Breach Litigation/US_DIS_CAND_5_15md2617_16_ORDER RE PRELIMINARY CASE MANAGEMENT CONFERENCE. S_16_0.pdf",extracted
new,2700-385,2700,385,2018-12-13,TCK,DJ,False,0,0,False,False,True,False,LeadCounsel; ClassCounsel,3,False,False,False,False,False,False,,Order grants unopposed motion to substitute David L. Bryant for prior Plaintiffs' Lead Counsel/interim class counsel David E. Keglovits and modifies prior Case Management Order #1.,False,False,,"2700 IN RE Genentech, Inc., Herceptin (Trastuzumab) Marketing and Sales Practices Litigation/US_DIS_OKND_4_16md2700_385_ORDER by Judge Terence Kern (CASE MANAGEMENT ORDER_385_0.pdf",extracted
new,2617-462,2617,462,2016-02-04,LHK,DJ,False,0,0,True,True,True,True,LeadCounsel; Communications; Coordination,3,False,False,False,True,False,False,,"Multiple judges; joint order also lists state judges Bryan Hettenbach and Earl H. Maas, III.",False,False,,"2617 IN RE Anthem, Inc., Customer Data Security Breach Litigation/US_DIS_CAND_5_15md2617_462_Joint Coordination Order. Signed by Judge Lucy Koh_462_0.pdf",extracted
new,2688-63,2688,63,2018-01-05,LA,DJ,False,0,0,True,True,True,False,ClassCounsel; Settlement,2,False,True,False,False,True,False,,,False,False,,2688 IN RE Windsor Wood Clad Window Products Liability Litigation/US_DIS_WIED_2_16md2688_63_PRELIMINARY APPROVAL ORDER. Signed by Judge Lynn A_63_0.pdf,extracted
new,2688-78,2688,78,2018-07-11,LSA,DJ,False,0,0,True,True,True,False,ClassCounsel,2,False,True,False,False,True,False,,,False,False,,2688 IN RE Windsor Wood Clad Window Products Liability Litigation/US_DIS_WIED_2_16md2688_78_Final Approval Order signed by Judge Lynn Adelman _78_0.pdf,extracted
new,2719-16,2719,16,2017-01-12,AB,DJ,False,1,0,True,True,True,False,LeadCounsel; ClassCounsel,2,False,True,False,True,True,False,,,False,False,,"2719 IN RE The Honest Company, Inc., Sodium Lauryl Sulfate (SLS) Marketing and Sales Practices Litigation/US_DIS_CACD_2_16ml2719_16_ORDER GRANTING PLAINTIFFS_ MOTION FOR APPOINTMENT _16_0.pdf",extracted
new,2719-50,2719,50,2017-12-15,AB,DJ,False,0,0,False,False,True,False,ClassCounsel,2,False,True,False,False,True,False,,,False,False,,"2719 IN RE The Honest Company, Inc., Sodium Lauryl Sulfate (SLS) Marketing and Sales Practices Litigation/US_DIS_CACD_2_16ml2719_50_JUDGMENT AND ORDER GRANTING MOTION FOR FINAL APPRO_50_0.pdf",extracted
new,2668-143,2668,143,2016-05-23,BRO,DJ,True,2,0,True,True,True,False,LeadCounsel; Management,6,True,True,False,False,True,False,Antitrust,The order approves four interim co-lead plaintiffs' counsel and two named PSC co-chairs; three additional PSC members were to be determined by co-lead plaintiffs' counsel and submitted later for court approval.,False,False,,2668 IN RE National Football League_s Sunday Ticket Antitrust Litigation/US_DIS_CACD_2_15ml2668_143_MINUTES (IN CHAMBERS) ORDER Re_ Applications for A_143_0.pdf,extracted
new,2668-894,2668,894,2023-02-07,PSG,DJ,False,1,0,True,False,True,False,ClassCounsel,0,False,True,False,False,True,True,,"Order grants class certification and appoints Plaintiffs' co-lead counsel as class counsel, but does not identify the co-lead counsel by name in the appointment section.",True,False,,2668 IN RE National Football League_s Sunday Ticket Antitrust Litigation/US_DIS_CACD_2_15ml2668_894_MINUTES (In Chambers)_ Order DENYING all motions t_894_0.pdf,extracted
new,2903-78,2903,78,2020-05-01,GWC,DJ,False,0,0,,False,True,False,Management,1,False,False,False,False,False,False,,,False,False,,"2903 IN RE Fisher-Price Rock _n Play Sleeper/US_DIS_NYWD_1_19md2903_78_ORDER re (18 in 1_19-cv-01075-GWC, 23 in 1_19-cv-0_78_0.pdf",extracted
new,2901-55,2901,55,2019-11-22,SFC,DJ,True,0,0,True,,True,,LeadCounsel; Communications,1,False,True,,,True,,,Order lists multiple competing motions seeking appointment as Interim Lead Counsel or Interim Co-Lead Counsel and denies all other requests.,False,False,,2901 IN RE Ford Motor Co. F-150 and Ranger Truck Fuel Economy Marketing and Sales Practices Litigation/US_DIS_MIED_2_19md2901_55_ORDER Appointing E. Powell Miller of the Miller La_55_0.pdf,extracted
new,2903-68,2903,68,2020-04-23,GWC,DJ,False,0,0,True,True,True,False,LeadCounsel,1,False,False,False,False,False,False,,,False,False,,2903 IN RE Fisher-Price Rock _n Play Sleeper/US_DIS_NYWD_1_19md2903_68_ORDER REGARDING LEAD COUNSEL APPOINTMENT. Attorney_68_0.pdf,extracted
new,2668-150,2668,150,2016-06-08,BRO,DJ,True,0,0,True,True,True,False,LeadCounsel; ClassCounsel; Management,9,False,True,True,True,True,False,,,False,True,,2668 IN RE National Football League_s Sunday Ticket Antitrust Litigation/US_DIS_CACD_2_15ml2668_150_AMENDED ORDER APPOINTING PLAINTIFFS COUNSEL LEADER_150_0.pdf,extracted
new,2903-87,2903,87,2020-06-16,GWC,DJ,False,0,0,False,False,True,False,Management,1,False,False,False,False,False,False,,Order amends prior Initial Case Management Order to reflect Jonathan A. Sorkowitz's continued service on the Plaintiffs' Executive Committee under his new firm affiliation.,False,False,,2903 IN RE Fisher-Price Rock _n Play Sleeper/US_DIS_NYWD_1_19md2903_87_ORDER regarding Plaintiffs_ Executive Committee Ap_87_0.pdf,extracted
new,2719-51,2719,51,2017-12-18,AB,DJ,False,1,0,False,False,True,False,ClassCounsel,2,False,True,False,False,True,False,,,False,False,,"2719 IN RE The Honest Company, Inc., Sodium Lauryl Sulfate (SLS) Marketing and Sales Practices Litigation/US_DIS_CACD_2_16ml2719_51_AMENDED JUDGMENT AND ORDER GRANTING MOTION FOR FIN_51_0.pdf",extracted
new,2688-10,2688,10,2016-06-01,LA,DJ,False,5,0,True,True,True,True,Communications; Management; LeadCounsel,16,False,False,True,True,False,False,,,False,False,,2688 IN RE Windsor Wood Clad Window Products Liability Litigation/US_DIS_WIED_2_16md2688_10_CASE MANAGEMENT ORDER NO. 1 signed by Judge Lynn A_10_0.pdf,extracted
new,2903-370,2903,370,2025-02-28,GWC,DJ,False,0,0,True,False,True,False,ClassCounsel,3,False,True,False,False,True,False,,,False,False,,2903 IN RE Fisher-Price Rock _n Play Sleeper/US_DIS_NYWD_1_19md2903_370_FINAL ORDER Approving Class Settlement and Certify_370_0.pdf,extracted
new,2719-43,2719,43,2017-08-02,AB,DJ,False,1,0,True,True,True,False,LeadCounsel; ClassCounsel,2,False,True,False,False,True,False,,,False,False,,"2719 IN RE The Honest Company, Inc., Sodium Lauryl Sulfate (SLS) Marketing and Sales Practices Litigation/US_DIS_CACD_2_16ml2719_43_ORDER GRANTING PRELIMINARY APPROVAL OF CLASS SETTL_43_0.pdf",extracted
new,2903-357,2903,357,2024-08-26,GWC,DJ,False,1,0,,,True,False,ClassCounsel; Settlement,3,False,True,False,False,True,False,,Unopposed motion for preliminary certification and preliminary approval of class action settlement. Kroll Settlement Administration LLC is appointed as Settlement Administrator but is not extracted as an appointee because it is a non-legal settlement administrator.,False,False,,2903 IN RE Fisher-Price Rock _n Play Sleeper/US_DIS_NYWD_1_19md2903_357_AMENDED ORDER granting (348) Motion for Preliminar_357_0.pdf,extracted
new,2700-39,2700,39,2016-06-24,TCK,DJ,False,2,0,True,False,True,False,LeadCounsel; ClassCounsel,2,False,False,False,False,False,False,,Judge initials derived from source filename identifying Judge Terence Kern.,False,False,,"2700 IN RE Genentech, Inc., Herceptin (Trastuzumab) Marketing and Sales Practices Litigation/US_DIS_OKND_4_16md2700_39_ORDER by Judge Terence Kern (CASE MANAGEMENT ORDER_39_0.pdf",extracted
new,2904-9,2904,9,2019-08-22,MCA,DJ,False,1,0,True,False,True,False,LeadCounsel,1,False,False,False,False,False,False,,Initial case management order appoints interim lead counsel for Plaintiffs and directs lead counsel to propose a leadership structure.,False,False,,"2904 IN RE American Medical Collection Agency, Inc., Customer Data Security Breach Litigation/US_DIS_NJD_2_19md2904_9_INITIAL CASE MANAGEMENT ORDER - James E. Cecchi, E_9_0.pdf",extracted
new,2904-865,2904,865,2026-04-21,MAH,MJ,False,1,0,True,True,True,False,ClassCounsel,0,False,True,False,False,True,False,,"Order appoints Plaintiffs' Counsel as counsel for the Settlement Class, but does not name the counsel in the order text.",True,False,,"2904 IN RE American Medical Collection Agency, Inc., Customer Data Security Breach Litigation/US_DIS_NJD_2_19md2904_865_ORDER granting Plaintiffs_ 857 Unopposed Motion fo_865_0.pdf",extracted
new,2901-60,2901,60,2019-12-16,SFC,DJ,False,0,0,True,True,True,False,LeadCounsel,1,False,False,True,True,False,False,,"Order references prior ECF No. 55 appointment of E. Powell Miller and the Miller Law Firm as Plaintiffs' Interim Lead Counsel and specifies Interim Lead Counsel's duties. The discovery/scheduling section is marked contested, but the order does not show a contested leadership appointment.",False,False,,2901 IN RE Ford Motor Co. F-150 and Ranger Truck Fuel Economy Marketing and Sales Practices Litigation/US_DIS_MIED_2_19md2901_60_JOINT CASE MANAGEMENT ORDER. (Consolidated Amended_60_0.pdf,extracted
new,2903-352,2903,352,2024-08-09,GWC,DJ,False,0,0,False,False,True,False,ClassCounsel,3,False,True,False,False,True,False,,Order grants unopposed motion for preliminary certification of settlement class and preliminary approval of class action settlement. Kroll Settlement Administration LLC is appointed as Settlement Administrator but is excluded from Appointments as a non-attorney settlement administrator.,False,False,,2903 IN RE Fisher-Price Rock _n Play Sleeper/US_DIS_NYWD_1_19md2903_352_ORDER in case 1_19-cv-00512-GWC_ granting (348) Mo_352_0.pdf,extracted
new,2905-844,2905,844,2023-11-28,JAK,DJ,False,0,0,True,,True,False,ClassCounsel,0,False,True,False,False,True,False,,"Order confirms appointment of Co-Lead Plaintiffs’ Counsel and members of the Plaintiffs Steering Committee listed in a prior Preliminary Approval Order as Settlement Class Counsel, but does not name the counsel in this text.",True,False,,2905 IN RE ZF-TRW Airbag Control Units Products Liability Litigation/US_DIS_CACD_2_19ml2905_844_JUDGMENT by Judge John A. Kronstadt. The Court GRA_844_0.pdf,extracted
new,2905-93,2905,93,2020-02-24,JAK,DJ,False,0,0,True,False,True,True,LeadCounsel; Management; Communications,0,False,False,False,False,False,False,,"Order grants applications for co-lead counsel, Plaintiffs' Steering Committee, Plaintiffs' liaison counsel, and Defendants' liaison counsel, but does not name the appointees in the order text.",True,False,,2905 IN RE ZF-TRW Airbag Control Units Products Liability Litigation/US_DIS_CACD_2_19ml2905_93_INITIAL CONFERENCE (DKT. 5 ) APPLICATIONS FOR APPO_93_0.pdf,extracted
new,2904-609,2904,609,2023-11-03,MCA,DJ,False,0,0,True,True,True,False,ClassCounsel,3,False,True,False,False,True,False,,Final approval order confirms firm appointees as Class Counsel pursuant to Rule 23(g).,False,False,,"2904 IN RE American Medical Collection Agency, Inc., Customer Data Security Breach Litigation/US_DIS_NJD_2_19md2904_609_ORDER granting 576 Motion for Final Approval of Ca_609_0.pdf",extracted
new,2909-180,2909,180,2022-09-28,RMD,DJ,False,0,0,True,True,True,False,ClassCounsel,3,False,True,False,False,True,False,,Order appoints previously appointed Class Counsel for the Settlement Class but does not name them in the order text. Non-attorney/non-leadership appointments to auditor and monitor excluded. | [inherited from 2909-163 (reappointment; cited Docket 163)] -- verify against any later substitution/removal,False,False,,2909 IN RE Fairlife Milk Products Marketing and Sales Practices Litigation/US_DIS_ILND_1_19cv3924_180_ORDER GRANTING PLAINTIFFS_ MOTION FOR FINAL APPROV_180_0.pdf,inherited-reappointment (verify)
new,2909-163,2909,163,2022-04-27,RMD,DJ,False,0,0,True,True,True,False,ClassCounsel; Settlement; SettlementAdministration,3,False,True,False,False,True,False,,,False,False,,2909 IN RE Fairlife Milk Products Marketing and Sales Practices Litigation/US_DIS_ILND_1_19cv3924_163_PRELIMINARY APPROVAL ORDER Signed by the Honorable_163_0.pdf,extracted
new,2904-535,2904,535,2023-06-20,MCA,DJ,False,1,0,True,True,True,False,ClassCounsel; Settlement,3,False,True,False,False,True,False,,"Preliminary approval of CareCentrix settlement; Angeion Group, Inc. appointed as Settlement Administrator is excluded because it is not an attorney/law firm leadership appointment.",False,False,,"2904 IN RE American Medical Collection Agency, Inc., Customer Data Security Breach Litigation/US_DIS_NJD_2_19md2904_535_ORDER granting 510 Preliminary Approval of the Set_535_0.pdf",extracted
new,2904-115,2904,115,2019-11-26,MCA,DJ,False,0,0,False,False,True,False,LeadCounsel; Management,22,False,False,False,False,False,False,,,False,False,,"2904 IN RE American Medical Collection Agency, Inc., Customer Data Security Breach Litigation/US_DIS_NJD_2_19md2904_115_MDL ORDER modifying Paragraph 2 of Case Management_115_0.pdf",extracted
new,2905-106,2905,106,2020-03-06,JAK,DJ,False,3,0,True,,True,True,LeadCounsel; Management; Communications,15,False,False,,False,False,True,,,False,False,,2905 IN RE ZF-TRW Airbag Control Units Products Liability Litigation/US_DIS_CACD_2_19ml2905_106_ORDER FOLLOWING 2_24_2020 CASE MANAGEMENT CONFEREN_106_0.pdf,extracted
new,2903-12,2903,12,2019-09-20,GWC,DJ,False,5,0,True,True,True,False,LeadCounsel; Management; Communications; Discovery; Motions; Coordination; Settlement,19,False,False,True,True,True,True,,,False,False,,2903 IN RE Fisher-Price Rock _n Play Sleeper/US_DIS_NYWD_1_19md2903_12_INITIAL CASE MANAGEMENT ORDER (Please Note_ This d_12_0.pdf,extracted
new,2913-193,2913,193,2019-10-25,WHO,DJ,False,0,0,,,True,False,,3,False,False,,False,False,False,,Order appoints three plaintiffs' representatives only with respect to the initial census; no recognized leadership category is expressly named for those appointments.,False,False,,"2913 IN RE Juul Labs, Inc., Marketing, Sales Practices, and Products Liability Litigation/US_DIS_CAND_3_19md2913_193_CASE MANAGEMENT ORDER NO. 1 - INITIAL CENSUS - Pla_193_0.pdf",extracted
new,2905-1036,2905,1036,2025-04-14,JAK,DJ,False,1,0,False,False,True,False,ClassCounsel,15,False,True,False,False,True,False,,,False,False,,2905 IN RE ZF-TRW Airbag Control Units Products Liability Litigation/US_DIS_CACD_2_19ml2905_1036_(IN CHAMBERS) ORDER RE MOTION FOR PRELIMINARY APPR_1036_0.pdf,extracted
new,2909-75,2909,75,2020-01-22,RMD,DJ,True,1,0,True,True,True,False,LeadCounsel; ClassCounsel,3,True,True,,True,True,True,,Order identifies competing applications for interim class counsel/co-lead counsel.,False,False,,2909 IN RE Fairlife Milk Products Marketing and Sales Practices Litigation/US_DIS_ILND_1_19cv3924_75_MEMORANDUM OPINION AND ORDER Signed by the Honorab_75_0.pdf,extracted
new,2905-983,2905,983,2024-11-01,JAK,DJ,False,1,0,False,True,True,False,ClassCounsel,2,False,True,False,False,True,False,,"Preliminary approval order for Mitsubishi class settlement. The order approves Co-Lead Counsel and members of the Plaintiffs' Steering Committee as Class Counsel, but only the law firm entities Baron & Budd, P.C. and Lieff Cabraser Heimann & Bernstein, LLP are enumerated in the order text. JND Legal Administration LLC is approved as Settlement Notice Administrator but is excluded because it is a non-legal settlement/claims administrator.",False,False,,2905 IN RE ZF-TRW Airbag Control Units Products Liability Litigation/US_DIS_CACD_2_19ml2905_983_(IN CHAMBERS) ORDER REGARDING MOTION FOR PRELIMINA_983_0.pdf,extracted
new,2915-38,2915,38,2019-11-12,AJT,DJ,False,0,0,False,False,False,True,LeadCounsel,3,False,False,False,False,False,False,,,False,False,,2915 IN RE Capital One Consumer Data Security Breach Litigation/US_DIS_VAED_1_19md2915_38_Pretrial Order #2 - Appointing Defendants_ Lead Co_38_0.pdf,extracted
new,2904-544,2904,544,2023-07-06,MCA,DJ,False,1,0,True,False,True,False,ClassCounsel,4,False,True,False,False,True,False,,Amended preliminary approval order for proposed CareCentrix class settlement. Non-lawyer settlement administrator/claims administrator not included as appointee.,False,False,,"2904 IN RE American Medical Collection Agency, Inc., Customer Data Security Breach Litigation/US_DIS_NJD_2_19md2904_544_AMENDED ORDER granting Preliminary Approval of the_544_0.pdf",extracted
new,2905-770,2905,770,2023-07-31,JAK,DJ,False,1,0,False,False,True,False,ClassCounsel,15,False,True,False,False,True,False,,"Preliminary approval order appoints/approves listed law firms as Class Counsel. Settlement notice administrator, settlement special administrator, and settlement special master appointments are excluded as non-leadership administrative roles.",False,False,,2905 IN RE ZF-TRW Airbag Control Units Products Liability Litigation/US_DIS_CACD_2_19ml2905_770_MINUTES (IN CHAMBERS) ORDER RE MOTION FOR PRELIMIN_770_0.pdf,extracted
new,2918-1247,2918,1247,2026-03-16,MMC,DJ,False,0,0,False,False,True,False,ClassCounsel,4,False,True,False,False,True,False,,,False,False,,2918 IN RE Hard Disk Drive Suspension Assemblies Antitrust Litigation/US_DIS_CAND_3_19md2918_1247_ORDER GRANTING MOTION TO SUBSTITUTE AND MODIFY CO-_1247_0.pdf,extracted
new,2904-99,2904,99,2019-11-07,MCA,DJ,True,9,0,True,True,True,False,LeadCounsel; Management; Communications,22,False,True,True,False,True,False,,"The order states the Court reviewed Plaintiffs' submission and objections thereto, and appoints plaintiff-side MDL leadership and adopts common benefit time and expense protocols. Some names are affected by OCR quality.",False,False,,"2904 IN RE American Medical Collection Agency, Inc., Customer Data Security Breach Litigation/US_DIS_NJD_2_19md2904_99_MDL CASE MANAGEMENT ORDER #2 - Appointing MDL Lead_99_0.pdf",extracted
new,2918-509,2918,509,2022-06-07,MMC,DJ,False,0,0,False,True,True,False,ClassCounsel,3,False,True,False,False,True,False,,Order substitutes William V. Reiss for Aaron M. Sheanin as one of Interim Co-Lead Class Counsel for End-User Plaintiffs and affirms prior appointment of Christopher T. Micheletti and his firm.,False,False,,2918 IN RE Hard Disk Drive Suspension Assemblies Antitrust Litigation/US_DIS_CAND_3_19md2918_509_ORDER SUBSTITUTING WILLIAM V. REISS FOR AARON M. S_509_0.pdf,extracted
new,2915-210,2915,210,2019-12-02,AJT,DJ,True,0,0,False,False,True,False,LeadCounsel,3,False,False,False,False,False,False,,Order appoints Plaintiffs' Co-Lead Counsel and holds under advisement whether to appoint a Plaintiffs' Steering Committee.,False,False,,2915 IN RE Capital One Consumer Data Security Breach Litigation/US_DIS_VAED_1_19md2915_210_Pretrial Order #3 - Appointing Plaintiffs_ Lead Co_210_0.pdf,extracted
new,2921-289,2921,289,2021-04-13,BRM,DJ,False,0,0,False,False,True,False,Management,4,False,False,False,False,False,False,,,False,True,,2921 IN RE Allergan Biocell Textured Breast Implant Products Liability Litigation/US_DIS_NJD_2_19md2921_289_CASE MANAGEMENT ORDER #21 (Modification of Appoint_289_0.pdf,extracted
new,2918-1194,2918,1194,2025-01-10,MMC,DJ,False,2,0,False,False,True,False,ClassCounsel,5,False,True,False,False,True,False,,,False,False,,2918 IN RE Hard Disk Drive Suspension Assemblies Antitrust Litigation/US_DIS_CAND_3_19md2918_1194_ORDER GRANTING MOTIONS FOR CLASS CERTIFICATION_ DI_1194_0.pdf,extracted
new,2918-127,2918,127,2019-12-23,MMC,DJ,False,2,0,True,True,True,False,LeadCounsel; ClassCounsel; Fees,4,False,True,True,True,True,False,,Order appoints interim co-lead class counsel for Reseller Plaintiffs and End-User Plaintiffs; adopts common benefit work and expense protocol; declines to appoint a steering committee at this time.,False,False,,2918 IN RE Hard Disk Drive Suspension Assemblies Antitrust Litigation/US_DIS_CAND_3_19md2918_127_ORDER GRANTING APPLICATION FOR APPOINTMENT AS INTE_127_0.pdf,extracted
new,2924-359,2924,359,2020-03-09,RLR,DJ,False,0,0,False,False,False,True,Communications,1,False,False,False,False,False,False,,,False,False,,2924 IN RE Zantac (Ranitidine) Products Liability Litigation/US_DIS_FLSD_9_20md2924_359_PRETRIAL ORDER #7 Order Appointing Defendants_ Lia_359_0.pdf,extracted
new,2924-579,2924,579,2020-04-10,RLR,DJ,False,1,0,False,False,False,True,Communications,1,False,False,False,False,False,False,,,False,False,,2924 IN RE Zantac (Ranitidine) Products Liability Litigation/US_DIS_FLSD_9_20md2924_579_PRETRIAL ORDER #17 Order Appointing Interim Retail_579_0.pdf,extracted
new,2924-68,2924,68,2020-02-24,RLR,DJ,False,0,0,False,,,,,8,False,,,,,,,,False,True,,2924 IN RE Zantac (Ranitidine) Products Liability Litigation/US_DIS_FLSD_9_20md2924_68_PRETRIAL ORDER #4_ Order Appointing Initial Census_68_0.pdf,extracted
new,2924-2325,2924,2325,2020-11-23,RLR,DJ,False,0,0,True,,True,True,Vetting,2,False,False,False,False,False,False,,,False,False,,2924 IN RE Zantac (Ranitidine) Products Liability Litigation/US_DIS_FLSD_9_20md2924_2325_PRETRIAL ORDER # 56_ Seventh Census Implementation_2325_0.pdf,extracted
new,2924-409,2924,409,2020-03-19,RLR,DJ,False,1,0,True,False,False,True,Management; Communications,6,False,False,False,False,False,False,,,False,True,,2924 IN RE Zantac (Ranitidine) Products Liability Litigation/US_DIS_FLSD_9_20md2924_409_PRETRIAL ORDER #10 Order Appointing Interim Defens_409_0.pdf,extracted
new,2924-1194,2924,1194,2020-07-22,RLR,DJ,False,0,0,True,True,True,True,ProSe; LeadCounsel; Communications; Coordination,1,False,False,False,True,False,False,,"Amended order vacates prior PTO #24 at docket entry 767 and substitutes this order. Magistrate Judge Bruce E. Reinhart is listed in the caption/header, but the order is signed only by District Judge Robin L. Rosenberg.",False,True,,2924 IN RE Zantac (Ranitidine) Products Liability Litigation/US_DIS_FLSD_9_20md2924_1194_AMENDED PRETRIAL ORDER #24 Order Relating to Initi_1194_0.pdf,extracted
new,2924-5504,2924,5504,2022-04-21,RLR,DJ,False,0,0,True,False,False,True,Management,7,True,False,False,False,False,False,,Order modifies Pretrial Order #22 as to Defendants' leadership appointments only and appoints a new slate of Defendants' Leadership Development Committee members.,False,True,,2924 IN RE Zantac (Ranitidine) Products Liability Litigation/US_DIS_FLSD_9_20md2924_5504_PRETRIAL ORDER # 76 - Order on Review of Defendant_5504_0.pdf,extracted
new,2924-160,2924,160,2020-02-28,RLR,DJ,False,0,0,False,False,True,False,Communications,1,False,False,False,False,False,False,,,False,True,,2924 IN RE Zantac (Ranitidine) Products Liability Litigation/US_DIS_FLSD_9_20md2924_160_PRETRIAL ORDER #5. The Court appoints Francisco R._160_0.pdf,extracted
new,2925-312,2925,312,2020-07-27,BAH,DJ,False,1,0,True,True,True,False,Communications,4,False,False,False,False,False,False,,,False,False,,2925 IN RE Rail Freight Fuel Surcharge Antitrust Litigation (No. II)/US_DIS_DCD_1_20mc8_312_ORDER DESIGNATING Liaison Counsel for plaintiffs. _312_0.pdf,extracted
?,,,462,2023-01-23,EEB,DJ,False,0,0,False,False,True,False,LeadCounsel; ClassCounsel,1,False,False,False,False,False,False,,"Minute entry grants unopposed motion to substitute plaintiffs' interim co-lead class counsel, but does not name the substitute counsel in the order text; only terminated attorney Stephen R. Neuwirth is named.",True,False,,2931 IN RE Delta Dental Antitrust Litigation/US_DIS_ILND_1_19cv6734_462_MINUTE entry before the Honorable Elaine E. Bucklo_462_0.pdf,extracted
new,2936-191,2936,191,2021-07-06,SRB,DJ,False,0,0,,,True,False,Communications; Settlement,2,False,False,,,True,,,,False,False,,2936 IN RE SmittysCAM2 303 Tractor Hydraulic Fluid/US_DIS_MOWD_4_20md2936_191_ORDER MODIFYING APPOINTMENT OF LEADERSHIP STRUCTUR_191_0.pdf,extracted
?,,,48,2019-11-14,EEB,DJ,False,2,0,True,True,True,False,LeadCounsel; Management; ClassCounsel,7,False,False,True,True,True,False,,"No MDL number identified; order consolidates related district actions. Header lists a magistrate judge, but the order is signed only by District Judge Elaine E. Bucklo.",False,False,,2931 IN RE Delta Dental Antitrust Litigation/US_DIS_ILND_1_19cv6734_48_Proposed Initial Case Management Order by Robert S_48_0.pdf,extracted
new,2924-5383,2924,5383,2022-03-08,RLR,DJ,True,0,0,True,True,True,False,Management,21,True,False,False,False,False,False,,,False,True,,2924 IN RE Zantac (Ranitidine) Products Liability Litigation/US_DIS_FLSD_9_20md2924_5383_PRETRIAL ORDER # 73_ Order on Review of Plaintiffs_5383_0.pdf,extracted
new,2933-11,2933,11,2020-04-30,JPB,DJ,False,2,0,True,True,True,True,LeadCounsel; Communications,3,True,False,True,True,False,False,,,False,False,,"2933 IN RE TransUnion Rental Screening Solutions, Inc., Fair Credit Reporting Act/US_DIS_GAND_1_20md2933_11_CASE MANAGEMENT ORDER NO. 1. Signed by Judge J. P._11_0.pdf",extracted
new,2924-767,2924,767,2020-05-28,RLR,DJ,False,0,0,True,True,True,True,Management; Motions; Coordination; ProSe,1,False,False,False,True,False,False,,,False,True,,2924 IN RE Zantac (Ranitidine) Products Liability Litigation/US_DIS_FLSD_9_20md2924_767_(VACATED See Amended Order DE 1194 ) PRETRIAL ORDE_767_0.pdf,extracted
new,2924-557,2924,557,2020-04-03,RLR,DJ,False,1,0,True,True,True,True,Management; Communications,5,True,False,False,False,False,False,,"Order solicits applications for interim retailer liaison counsel if retailer defendants do not reach consensus, but does not name an appointee for that role. The April Deliverables Team is established and staffed, but it is named as a team rather than a committee or counsel unit.",False,False,,2924 IN RE Zantac (Ranitidine) Products Liability Litigation/US_DIS_FLSD_9_20md2924_557_PRETRIAL ORDER #16 Order Rescheduling Initial Conf_557_0.pdf,extracted
?,,,95,2019-11-25,EEB,DJ,False,2,0,True,True,True,False,LeadCounsel; ClassCounsel; Management,7,False,False,True,True,True,False,,,False,False,,2931 IN RE Delta Dental Antitrust Litigation/US_DIS_ILND_1_19cv6734_95_INITIAL CASE MANAGEMENT Order Signed by the Honora_95_0.pdf,extracted
new,2941-20,2941,20,2020-06-12,JSR,DJ,False,1,0,True,False,False,True,Communications,3,False,False,False,False,False,False,,"The order appoints interim liaison counsel for defendant groups and states that the appointment does not impose professional, fiduciary, or ethical duties or create attorney-client relationships with persons other than counsel's own clients.",False,False,,2941 IN RE Nine West LBO Securities Litigation/US_DIS_NYSD_1_20md2941_20_ORDER_ Upon further consideration of the issues di_20_0.pdf,extracted
new,2933-146,2933,146,2023-10-03,JPB,DJ,False,0,0,True,False,True,False,ClassCounsel; Fees,10,False,True,False,False,True,False,,Final approval order reaffirms prior appointment of Class Counsel and awards attorneys' fees and costs.,False,True,,"2933 IN RE TransUnion Rental Screening Solutions, Inc., Fair Credit Reporting Act/US_DIS_GAND_1_20md2933_146_ORDER GRANTING (142) Motion for Attorney Fees and _146_0.pdf",extracted
new,2933-137,2933,137,2023-01-06,JPB,DJ,False,1,0,True,True,True,False,ClassCounsel,10,False,True,False,False,True,False,,JND Legal Administration was appointed as Settlement Administrator but excluded from Appointments as a non-attorney/non-law-firm settlement administrator.,False,False,,"2933 IN RE TransUnion Rental Screening Solutions, Inc., Fair Credit Reporting Act/US_DIS_GAND_1_20md2933_137_ORDER PRELIMINARILY APPROVING CLASS ACTION SETTLEM_137_0.pdf",extracted
new,2924-747,2924,747,2020-05-22,RLR,DJ,False,2,0,True,True,False,True,LeadCounsel; Communications; Management,31,True,False,False,True,False,False,,Order establishes defense leadership structure and appoints defense leadership members; several roles had previously existed in an interim capacity.,False,False,,2924 IN RE Zantac (Ranitidine) Products Liability Litigation/US_DIS_FLSD_9_20md2924_747_PRETRIAL ORDER #22_ Order Establishing Defense Lea_747_0.pdf,extracted
new,2936-1130,2936,1130,2023-12-13,SRB,DJ,False,1,0,False,False,True,False,ClassCounsel,19,False,True,False,False,True,False,,Class certification order appointing class counsel; non-attorney class representatives are excluded from Appointments.,False,False,,2936 IN RE SmittysCAM2 303 Tractor Hydraulic Fluid/US_DIS_MOWD_4_20md2936_1130_ORDER granting in part and denying in part 836 mot_1130_0.pdf,extracted
new,2938-218,2938,218,2025-04-28,DJC,DJ,False,1,0,True,True,True,False,ClassCounsel,3,False,True,False,False,True,False,,,False,False,,"2938 IN RE Evenflo Company, Inc., Marketing, Sales Practices and/US_DIS_MAD_1_20md2938_218_Judge Denise J. Casper_ Order Granting Motion for _218_0.pdf",extracted
new,2946-31,2946,31,2020-09-09,DLC,DJ,False,2,0,False,False,True,False,LeadCounsel,4,False,False,False,False,False,False,,,False,True,,2946 IN RE Inclusive Access Course Materials Antitrust Litigation/US_DIS_NYSD_1_20md2946_31_ORDER_ It is hereby ORDERED as follows_ Radice Law_31_0.pdf,extracted
new,2936-1204,2936,1204,2024-10-03,SRB,DJ,False,1,0,True,True,True,False,ClassCounsel,20,False,True,False,False,True,False,,Preliminary approval order for Manufacturer Settlement; RG/2 Claims Administration LLC appointed as Settlement Administrator but excluded as non-attorney/non-law-firm appointment.,False,False,,2936 IN RE SmittysCAM2 303 Tractor Hydraulic Fluid/US_DIS_MOWD_4_20md2936_1204_PRELIMINARY APPROVAL ORDER granting consent motion_1204_0.pdf,extracted
new,2936-1221,2936,1221,2025-03-27,SRB,DJ,False,0,0,True,True,True,False,ClassCounsel,20,False,True,False,False,True,False,,Final approval order confirms prior appointment of Manufacturer Settlement Class Counsel and awards attorney fees; order states no objections were filed.,False,False,,2936 IN RE SmittysCAM2 303 Tractor Hydraulic Fluid/US_DIS_MOWD_4_20md2936_1221_FINAL JUDGMENT AND ORDER OF DISMISSAL. Signed on 3_1221_0.pdf,extracted
new,2948-162,2948,162,2021-10-01,JZL,DJ,False,1,0,True,True,True,False,ClassCounsel; Settlement,3,False,True,False,False,True,False,,,False,False,,"2948 IN RE TikTok, Inc., Consumer Privacy Litigation/US_DIS_ILND_1_20cv4699_162_ORDER granting preliminary approval of class actio_162_0.pdf",extracted
new,2949-48,2949,48,2021-02-09,KGB,DJ,False,0,0,True,True,True,False,Management,6,False,False,False,False,False,True,,,False,False,,"2949 IN RE Profemur Hip Implant Products Liability Litigation/US_DIS_ARED_4_20md2949_48_ORDER appointing Calvin Warriner, III, Stuart Gold_48_0.pdf",extracted
new,2936-188,2936,188,2021-06-30,SRB,DJ,False,1,0,True,True,True,False,ClassCounsel,15,False,True,False,False,True,False,,RG/2 Claims Administration LLC is appointed as Settlement Administrator but excluded from Appointments as a non-attorney settlement-administration role.,False,False,,2936 IN RE SmittysCAM2 303 Tractor Hydraulic Fluid/US_DIS_MOWD_4_20md2936_188_PRELIMINARY APPROVAL ORDER. Signed on 6_30_2021 by_188_0.pdf,extracted
new,2936-6,2936,6,2020-06-19,SRB,DJ,False,2,0,True,True,True,False,ClassCounsel; Communications; LeadCounsel,1,False,False,True,True,True,False,,,False,False,,2936 IN RE SmittysCAM2 303 Tractor Hydraulic Fluid/US_DIS_MOWD_4_20md2936_6_ORDER ON APPOINTMENT OF INTERIM CLASS COUNSEL. Sig_6_0.pdf,extracted
new,2936-335,2936,335,2022-01-06,SRB,DJ,False,0,0,True,True,True,False,ClassCounsel; Settlement; Fees,15,False,True,False,False,True,False,,Final approval order confirms prior appointment of Class Counsel; Tricia Campbell is described as Leader of the Settlement Committee.,False,False,,2936 IN RE SmittysCAM2 303 Tractor Hydraulic Fluid/US_DIS_MOWD_4_20md2936_335_FINAL APPROVAL ORDER granting 326 MOTION for order_335_0.pdf,extracted
new,2936-27,2936,27,2020-07-09,SRB,DJ,False,7,0,True,True,True,False,ClassCounsel; LeadCounsel; Communications; Management; Discovery; Motions; Expert,14,False,True,True,True,True,False,,Plaintiffs' consensus submission regarding leadership structure was granted.,False,False,,2936 IN RE SmittysCAM2 303 Tractor Hydraulic Fluid/US_DIS_MOWD_4_20md2936_27_ORDER granting 12 MOTION FOR APPOINTMENT OF LEADER_27_0.pdf,extracted
new,2938-51,2938,51,2020-08-27,DJC,DJ,False,3,0,True,True,True,False,LeadCounsel; Communications; Management; Fees,7,False,True,True,True,True,False,,,False,False,,"2938 IN RE Evenflo Company, Inc., Marketing, Sales Practices and/US_DIS_MAD_1_20md2938_51_Judge Denise J. Casper_ MDL Order No. 2_ Appointme_51_0.pdf",extracted
new,2951-28,2951,28,2020-11-18,HSG,DJ,True,1,0,True,True,True,False,LeadCounsel; ClassCounsel,2,False,True,True,True,True,False,,,False,False,,2951 IN RE StubHub Refund Litigation/US_DIS_CAND_4_20md2951_28_ORDER GRANTING TINA WOLFSON AND TIASHA PALIKOVICS _28_0.pdf,extracted
new,2924-685,2924,685,2020-05-08,RLR,DJ,True,3,0,True,True,True,False,LeadCounsel; Management; Communications; Discovery; Motions; Expert,27,False,False,False,True,False,True,,,False,True,,2924 IN RE Zantac (Ranitidine) Products Liability Litigation/US_DIS_FLSD_9_20md2924_685_PRETRIAL ORDER #20_ Order Establishing the Plainti_685_0.pdf,extracted
new,2945-16,2945,16,2020-09-25,BP,DJ,False,4,0,True,True,,True,LeadCounsel; Communications,5,False,False,False,False,False,False,,,False,False,,"2945 IN RE Ahern Rentals, Inc., Trade Secret Litigation/US_DIS_MOWD_2_20md2945_16_ORDER. On September 23, the Court participated in _16_0.pdf",extracted
new,2955-23,2955,23,2021-01-22,BCW,DJ,True,1,0,True,True,True,False,LeadCounsel; ClassCounsel,2,False,True,True,True,True,False,,Order appoints interim co-lead class counsel after considering four competing motions/applications for interim lead class counsel.,False,False,,2955 IN RE Arch Insurance Company Ski Pass Insurance Litigation/US_DIS_MOWD_4_20md2955_23_ORDER - GRANTING IN PART and DENYING IN PART 16 pl_23_0.pdf,extracted
new,2948-264,2948,264,2022-08-22,JZL,DJ,False,0,0,True,True,True,False,LeadCounsel; Communications; Management; ClassCounsel,9,False,True,False,False,True,False,,,False,False,,"2948 IN RE TikTok, Inc., Consumer Privacy Litigation/US_DIS_ILND_1_20cv4699_264_ORDER AND FINAL JUDGMENT granting final approval o_264_0.pdf",extracted
new,2949-25,2949,25,2020-12-07,KGB,DJ,False,3,0,True,True,True,False,LeadCounsel; Communications; Coordination,4,False,False,True,True,False,True,,,False,True,,2949 IN RE Profemur Hip Implant Products Liability Litigation/US_DIS_ARED_4_20md2949_25_ORDER appointing Paul James to serve as MDL Liaiso_25_0.pdf,extracted
new,2948-324,2948,324,2024-03-15,RRP,DJ,False,1,0,True,True,True,False,Management,11,False,True,,True,True,True,,,False,False,,"2948 IN RE TikTok, Inc., Consumer Privacy Litigation/US_DIS_ILND_1_20cv4699_324_ORDER Appointing Plaintiffs_ Steering Committee Si_324_0.pdf",extracted
new,2968-17,2968,17,2021-01-28,JGK,DJ,False,0,0,False,False,False,True,LeadCounsel; Communications,2,False,False,False,False,False,False,,,False,False,,"2968 IN RE Generali COVID-19 Travel Insurance Litigation/US_DIS_NYSD_1_20md2968_17_ORDER_ For purposes of the record, defense counsel_17_0.pdf",extracted
new,2949-40,2949,40,2021-01-13,KGB,DJ,False,2,0,True,True,False,True,Communications; LeadCounsel,4,False,False,False,True,False,True,,Order appoints defendants' MDL liaison counsel and defendants' MDL co-lead counsel. It references a prior appointment of Murray Wells as Tennessee State Court Liaison Counsel for plaintiffs but does not make that appointment in this order.,False,False,,2949 IN RE Profemur Hip Implant Products Liability Litigation/US_DIS_ARED_4_20md2949_40_ORDER appointing Sean Burke as Defendants_ MDL Lia_40_0.pdf,extracted
new,2948-94,2948,94,2020-09-28,JZL,DJ,True,0,0,True,True,True,True,LeadCounsel; Communications; Management; ClassCounsel,10,True,True,False,True,True,False,,,False,False,,"2948 IN RE TikTok, Inc., Consumer Privacy Litigation/US_DIS_ILND_1_20cv4699_94_CASE MANAGEMENT ORDER NO. 3. Appointing Lead Couns_94_0.pdf",extracted
?,,,504,2022-11-23,SJC,DJ,True,0,0,True,True,True,False,LeadCounsel; ClassCounsel,1,False,False,,False,True,True,,"Order grants Loevy & Loevy's motion for clarification and clarifies that the firm, not Scott Drury individually, was appointed as interim lead counsel; also grants withdrawal of Karen Newirth's appearance, which is not treated as a leadership removal.",False,False,,"2967 IN RE Clearview AI, Inc., Consumer Privacy Litigation/US_DIS_ILND_1_21cv135_504_ORDER_ The Court grants Loevy_s motion for clarifi_504_0(2).pdf",extracted
new,2969-264,2969,264,2022-05-26,MRH,DJ,False,0,0,,,True,False,LeadCounsel; Communications; Management,6,True,False,,,False,False,,"Order renews prior plaintiffs' leadership appointments nunc pro tunc to April 30, 2022, for a one-year period expiring April 30, 2023 unless extended.",False,False,,2969 IN RE Erie COVID-19 Business Interruption Protection Insurance Litigation/US_DIS_PAWD_1_21mc1_264_ORDER GRANTING 247 Motion to Appoint Counsel. The _264_0.pdf,extracted
new,2972-183,2972,183,2022-01-18,JMC,DJ,False,0,0,False,False,,,,23,False,False,False,False,False,,,"Order states that leadership counsel appointed in Case Management Order No. 5 were reappointed by oral order, but does not name the appointees or specify their roles in this text. | [inherited from 2972-35 (reappointment; cited Docket 35)] -- verify against any later substitution/removal",False,True,,"2972 IN RE Blackbaud, Inc., Customer Data Security Breach Litigation/US_DIS_SCD_3_20mn2972_183_CASE MANAGEMENT ORDER NO. 15 (SUMMARY OF CASE MANA_183_0.pdf",inherited-reappointment (verify)
?,,,25,2021-03-10,SJC,DJ,True,1,0,True,True,True,False,LeadCounsel,1,False,True,False,False,True,True,,,False,True,,"2967 IN RE Clearview AI, Inc., Consumer Privacy Litigation/US_DIS_ILND_1_21cv135_25_MEMORANDUM Opinion and Order_ The Court appoints S_25_0.pdf",extracted
new,2972-267,2972,267,2022-07-19,JFA,DJ,False,0,0,False,False,True,False,Communications,2,False,False,False,False,False,False,,Order substitutes Plaintiffs' Liaison Counsel; duties referenced from prior CMO 5.,False,False,,"2972 IN RE Blackbaud, Inc., Customer Data Security Breach Litigation/US_DIS_SCD_3_20mn2972_267_ORDER Court relieves Frank B. Ulmer of his duties _267_0.pdf",extracted
new,2966-59,2966,59,2021-02-22,LHK,DJ,True,0,0,True,True,True,False,LeadCounsel; ClassCounsel; Management,9,False,True,False,True,True,False,Antitrust,,False,False,,2966 IN RE Xyrem (Sodium Oxybate) Antitrust Litigation/US_DIS_CAND_5_20md2966_59_Order Appointing Interim Co-Lead Class Counsel and_59_0.pdf,extracted
?,,,504,2022-11-23,SJC,DJ,True,0,0,True,True,True,False,LeadCounsel; ClassCounsel,1,,False,,,True,True,,"Order grants Loevy & Loevy's motion for clarification and clarifies that the firm, not Scott Drury individually, was appointed as interim lead counsel/interim class counsel.",False,False,,"2967 IN RE Clearview AI, Inc., Consumer Privacy Litigation/US_DIS_ILND_1_21cv135_504_ORDER_ The Court grants Loevy_s motion for clarifi_504_0.pdf",extracted
new,2968-19,2968,19,2021-01-29,JGK,DJ,False,3,0,True,True,True,False,LeadCounsel; Management; Communications,8,False,False,True,False,False,False,,The order grants plaintiffs' unanimous motion. Primary attorneys are named for the appointed co-lead counsel law firms.,False,False,,2968 IN RE Generali COVID-19 Travel Insurance Litigation/US_DIS_NYSD_1_20md2968_19_ORDER GRANTING PLAINTIFFS_ UNANIMOUS MOTION TO APP_19_0.pdf,extracted
new,2973-43,2973,43,2021-05-20,BRM,DJ,False,0,0,False,False,True,False,Communications,2,False,False,False,False,False,False,,,False,False,,2973 IN RE Elmiron (Pentosan Polysulfate Sodium) Products Liability Litigation/US_DIS_NJD_2_20md2973_43_CASE MANAGEMENT ORDER #10 - next case management c_43_0.pdf,extracted
new,2969-174,2969,174,2021-04-30,MRH,DJ,True,7,0,True,True,True,True,LeadCounsel; Communications; Management; Coordination,15,False,False,True,True,True,True,,,False,False,,2969 IN RE Erie COVID-19 Business Interruption Protection Insurance Litigation/US_DIS_PAWD_1_21mc1_174_MDL Order Appointing Lead and Liaison Counsel and _174_0.pdf,extracted
new,2973-155,2973,155,2022-07-13,BRM,DJ,False,0,0,False,False,True,False,Management,14,False,False,False,False,False,False,,,False,False,,2973 IN RE Elmiron (Pentosan Polysulfate Sodium) Products Liability Litigation/US_DIS_NJD_2_20md2973_155_ORDER adopting re 150 Report and Recommendation of_155_0.pdf,extracted
new,2973-14,2973,14,2021-02-16,BRM,DJ,False,0,0,True,False,True,True,Management,1,False,False,False,False,False,False,,,False,False,,"2973 IN RE Elmiron (Pentosan Polysulfate Sodium) Products Liability Litigation/US_DIS_NJD_2_20md2973_14_CASE MANAGEMENT ORDER #4 (re_ February 10, 2021 Ca_14_0.pdf",extracted
new,2973-23,2973,23,2021-03-29,BRM,DJ,False,0,0,False,False,True,False,Management,1,False,False,False,False,False,False,,"Order notes Scott Morgan withdrawing from the Plaintiffs' Steering Committee. Magistrate Judge Edward S. Kiel is listed in the caption, but the order is signed by District Judge Brian R. Martinotti.",False,True,,2973 IN RE Elmiron (Pentosan Polysulfate Sodium) Products Liability Litigation/US_DIS_NJD_2_20md2973_23_CASE MANAGMENT ORDER #5 (next Case Management Conf_23_0.pdf,extracted
new,2973-76,2973,76,2021-08-11,BRM,DJ,False,0,0,False,False,True,False,Management,1,False,False,False,False,False,False,,,False,False,,2973 IN RE Elmiron (Pentosan Polysulfate Sodium) Products Liability Litigation/US_DIS_NJD_2_20md2973_76_AMENDED CASE MANAGEMENT ORDER #12 (Next Case Manag_76_0.pdf,extracted
new,2974-391,2974,391,2022-11-21,LMM,DJ,False,0,0,False,False,True,False,Management,2,False,False,False,False,False,False,,Substitutes Lee Adair Floyd for Tobias L. Millrood on the existing Plaintiffs' Steering Committee; duties and obligations are those previously set forth in Doc. No. 40.,False,False,,2974 IN RE Paragard IUD Products Liabili/US_DIS_GAND_1_20md2974_391_ORDER_ Having reviewed Plaintiffs_ request to subs_391_0.pdf,extracted
new,2973-128,2973,128,2022-03-07,BRM,DJ,False,0,0,True,True,True,True,Communications; Vetting,2,False,False,True,False,False,False,,Order sets case and claim data form procedures and references court-appointed Plaintiffs' and Defense Resolution Liaison Counsel.,False,False,,2973 IN RE Elmiron (Pentosan Polysulfate Sodium) Products Liability Litigation/US_DIS_NJD_2_20md2973_128_CASE MANAGEMENT ORDER #26. Signed by Judge Brian R_128_0.pdf,extracted
new,2974-530,2974,530,2023-07-20,LMM,DJ,False,0,0,True,True,False,True,LeadCounsel; Communications,5,False,False,False,False,False,False,,,False,True,,2974 IN RE Paragard IUD Products Liabili/US_DIS_GAND_1_20md2974_530_ORDER granting 528 Consent MOTION (Amended) to Rev_530_0.pdf,extracted
new,2972-35,2972,35,2021-02-16,JMC,DJ,True,4,0,True,True,True,True,LeadCounsel; ClassCounsel; Communications; Management,23,True,False,True,True,True,True,,"Defendant leadership is listed based on Defendant Blackbaud, Inc.'s representation to the court rather than an express court appointment.",False,True,,"2972 IN RE Blackbaud, Inc., Customer Data Security Breach Litigation/US_DIS_SCD_3_20mn2972_35_CASE MANAGEMENT ORDER NO. 5 (APPOINTMENT OF LEADER_35_0.pdf",extracted
new,2974-41,2974,41,2021-02-18,LMM,DJ,False,2,0,True,True,False,True,LeadCounsel; Communications,4,False,False,False,False,False,False,,,False,False,,2974 IN RE Paragard IUD Products Liabili/US_DIS_GAND_1_20md2974_41_ORDER in case 1_20-md-02974-LMM granting 39 Motion_41_0.pdf,extracted
new,2974-735,2974,735,2024-11-15,LMM,DJ,False,0,0,True,False,False,True,LeadCounsel,2,False,False,False,False,False,False,,"Consent motion granted; Kasey M. Adams, Esq. substituted for Tara L. Blake, Esq. as Co-Lead Counsel for the Cooper Defendants.",False,False,,2974 IN RE Paragard IUD Products Liabili/US_DIS_GAND_1_20md2974_735_ORDER_ Defendants_ Consent Motion to Revise Leader_735_0.pdf,extracted
new,2974-734,2974,734,2024-11-15,LMM,DJ,False,0,0,True,False,False,True,LeadCounsel,2,False,False,False,False,False,False,,,False,False,,2974 IN RE Paragard IUD Products Liabili/US_DIS_GAND_1_20md2974_734_ORDER_ Defendants_ Consent Motion to Revise Leader_734_0.pdf,extracted
new,2974-658,2974,658,2024-05-08,LMM,DJ,False,0,0,,,True,False,Management; Communications,13,False,False,,,False,,,,False,False,,2974 IN RE Paragard IUD Products Liabili/US_DIS_GAND_1_20md2974_658_ORDER_ Subject to the duties and responsibilities _658_0.pdf,extracted
new,2975-19,2975,19,2020-12-10,YGR,DJ,True,2,0,True,True,True,False,LeadCounsel; ClassCounsel,2,False,False,True,True,False,False,,,False,False,,2975 IN RE United Specialty Insurance Co/US_DIS_CAND_4_20md2975_19_ORDER APPOINTING THE SCHWARTZ SCHIRGER GROUP AS CO_19_0.pdf,extracted
new,2973-8,2973,8,2021-01-15,BRM,DJ,False,3,0,False,False,True,True,LeadCounsel; Communications; Discovery,4,False,False,False,False,False,False,,,False,True,,2973 IN RE Elmiron (Pentosan Polysulfate Sodium) Products Liability Litigation/US_DIS_NJD_2_20md2973_8_CASE MANAGEMENT ORDER #2 (Adopting previous Case M_8_0.pdf,extracted
new,2974-632,2974,632,2024-03-06,LMM,DJ,False,0,0,True,True,False,True,LeadCounsel; Communications,6,False,False,False,False,False,False,,"Order grants Defendants' consent motion to revise leadership structure. Frederick M. Erny and Gina M. Saelinger are stated to remain as counsel for Cooper Defendants, not as appointed leadership, and are not extracted.",False,False,,2974 IN RE Paragard IUD Products Liabili/US_DIS_GAND_1_20md2974_632_ORDER granting 629 Motion to Revise Leadership Str_632_0.pdf,extracted
new,2977-144,2977,144,2021-08-23,RJS,DJ,False,1,0,False,False,True,False,ClassCounsel; Settlement,2,False,True,False,False,True,False,,,False,False,,2977 IN RE Broiler Chicken Grower Antitr/US_DIS_OKED_6_20md2977_144_ORDER by District Judge Robert J. Shelby GRANTING _144_0.pdf,extracted
new,2977-127,2977,127,2017-06-14,RJS,DJ,False,3,0,False,False,True,True,LeadCounsel; Communications,4,False,False,False,False,True,False,,,False,True,,2977 IN RE Broiler Chicken Grower Antitr/2977_doc127.pdf,extracted
new,2977-365,2977,365,2021-02-12,RJS,DJ,False,0,0,False,False,True,True,LeadCounsel; Communications,5,False,False,False,False,False,False,,,False,True,,2977 IN RE Broiler Chicken Grower Antitr/2977_doc365.pdf,extracted
new,2977-482,2977,482,2023-04-17,RJS,DJ,False,1,0,,,True,,ClassCounsel,2,,True,,,True,,,,False,False,,2977 IN RE Broiler Chicken Grower Antitr/US_DIS_OKED_6_20md2977_482_ORDER PRELIMINARILY APPROVING SETTLEMENT WITH SAND_482_0.pdf,extracted
new,2977-574,2977,574,2024-05-08,RJS,DJ,False,0,0,False,False,True,False,ClassCounsel,2,False,True,False,False,True,False,,,False,True,,2977 IN RE Broiler Chicken Grower Antitr/US_DIS_OKED_6_20md2977_574_MEMORANDUM DECISION AND ORDER by District Judge Ro_574_0.pdf,extracted
new,2977-617,2977,617,2024-08-20,RJS,DJ,False,1,0,False,,True,False,ClassCounsel,2,False,True,False,False,True,False,,,False,False,,2977 IN RE Broiler Chicken Grower Antitr/US_DIS_OKED_6_20md2977_617_ORDER by District Judge Robert J. Shelby granting _617_0.pdf,extracted
new,2981-383,2981,383,2022-11-28,JD,DJ,True,0,0,False,False,True,False,ClassCounsel,0,False,True,False,False,True,False,,"The order certifies a Rule 23(b)(3) class, denies Rule 23(b)(2) certification, and confirms interim class counsel as class counsel under Rule 23(g) by reference without naming the attorneys in the order text. Google challenged the adequacy of class counsel.",True,False,,2981 IN RE Google Play Store Antitrust L/US_DIS_CAND_3_21md2981_383_ORDER RE CONSUMER PLAINTIFFS_ CLASS CERTIFICATION _383_0.pdf,extracted
new,2984-432,2984,432,2024-07-31,BP,DJ,False,0,0,False,False,True,False,ClassCounsel,2,False,True,False,False,True,False,,,False,False,,2984 IN RE Folgers Coffee Marketing and/US_DIS_MOWD_4_21md2984_432_ORDER GRANTING IN PART PLAINTIFFS_ MOTION FOR CLAS_432_0.pdf,extracted
new,2977-56,2977,56,2021-02-12,RJS,DJ,False,0,0,False,False,True,True,LeadCounsel; Communications,4,False,False,False,False,False,False,,,False,True,,2977 IN RE Broiler Chicken Grower Antitr/US_DIS_OKED_6_20md2977_56_ORDER by District Judge Robert J. Shelby denying w_56_0.pdf,extracted
new,2977-145,2977,145,2021-08-23,RJS,DJ,False,1,0,False,False,True,False,ClassCounsel,2,False,True,False,False,True,False,,"Order preliminarily approves settlement with Perdue, certifies a settlement class, and designates two law firms as Settlement Class Counsel. Escrow Agent and Settlement Administrator references are excluded as non-attorney/non-leadership roles.",False,False,,2977 IN RE Broiler Chicken Grower Antitr/US_DIS_OKED_6_20md2977_145_ORDER by District Judge Robert J. Shelby GRANTING _145_0.pdf,extracted
new,2988-34,2988,34,2021-06-24,NR,DJ,False,1,0,False,False,True,False,LeadCounsel,3,False,False,False,False,False,False,,The order states the Court will not appoint separate liaison counsel at this time; Bridget Daley was authorized only as a single administrative point of contact if needed.,False,False,,"2988 IN RE All-Clad Metalcrafters, LLC,/US_DIS_PAWD_2_21mc491_34_SECOND MDL CASE MANAGEMENT ORDER_ See attached Ord_34_0.pdf",extracted
new,2992-56,2992,56,2021-07-28,LAB,DJ,False,0,0,False,False,True,False,Communications,1,False,False,False,False,False,False,,,False,False,,2992 IN RE Bank of America California Un/US_DIS_CASD_3_21md2992_56_ORDER granting 53 Ex Parte Motion to Appoint Swiga_56_0.pdf,extracted
new,2977-367,2977,367,2022-06-10,RJS,DJ,False,1,0,False,False,True,False,ClassCounsel,2,False,True,False,False,True,False,,,False,False,,2977 IN RE Broiler Chicken Grower Antitr/US_DIS_OKED_6_20md2977_367_ORDER PRELIMINARILY APPROVING SETTLEMENT WITH KOCH_367_0.pdf,extracted
new,2974-40,2974,40,2021-02-18,LMM,DJ,False,4,0,True,True,True,False,LeadCounsel; Management; Communications,25,False,False,False,True,False,False,,Order grants motion for appointment to Plaintiffs’ Leadership Committee; Appendix A with full names and contact information is referenced but not included in the provided text.,False,True,,2974 IN RE Paragard IUD Products Liabili/US_DIS_GAND_1_20md2974_40_ORDER in case 1_20-md-02974-LMM granting 38 Motion_40_0.pdf,extracted
new,2989-315,2989,315,2021-05-21,CMA,DJ,True,0,0,False,False,True,False,Management,5,True,False,False,False,False,False,,Order accepts Dennis S. Ellis's resignation from the Plaintiffs' Steering Committee and declines to entertain new applicants seeking appointment to that committee.,False,True,,2989 IN RE January 2021 Short Squeeze Tr/US_DIS_FLSD_1_21md2989_315_ORDER Re_ New Applicants Seeking Appointment to th_315_0.pdf,extracted
new,2994-95,2994,95,2022-02-22,RAR,DJ,False,0,0,False,False,True,False,Management,1,False,True,False,False,True,False,,,False,False,,"2994 IN RE Mednax Services, Inc., Custom/US_DIS_FLSD_0_21md2994_95_ORDER granting 94 Motion to Appoint M. Anderson Be_95_0.pdf",extracted
new,2989-310,2989,310,2021-05-18,CMA,DJ,True,3,0,True,True,True,False,LeadCounsel; Communications; Management,10,True,False,,True,True,True,,,False,False,,2989 IN RE January 2021 Short Squeeze Tr/US_DIS_FLSD_1_21md2989_310_ORDER on Leadership Structure and Appointing Couns_310_0.pdf,extracted
new,2973-9,2973,9,2021-01-22,BRM,DJ,False,0,0,True,True,True,False,LeadCounsel; Management; Communications,25,False,False,True,True,False,False,,"Case caption also lists Judge Edward S. Kiel, but the order is signed only by District Judge Brian R. Martinotti. The order states consensus recommendations were submitted and no objections were filed.",False,False,,2973 IN RE Elmiron (Pentosan Polysulfate Sodium) Products Liability Litigation/US_DIS_NJD_2_20md2973_9_CASE MANAGEMENT ORDER #3 (Leadership Structure). S_9_0.pdf,extracted
new,2981-903,2981,903,2024-01-11,JD,DJ,False,0,0,False,False,True,False,ClassCounsel; Fees; Settlement,3,False,True,False,False,True,False,,Order confirms appointment of firm-only Class Counsel in connection with final approval of class settlement and attorneys' fees. The Lewis Law Firm is expressly noted as not appointed as class counsel and is excluded.,False,False,,"2981 IN RE Google Play Store Antitrust L/US_DIS_CAND_3_21md2981_903_ORDER RE FINAL APPROVAL, ATTORNEYS_ FEES AND COSTS_903_0.pdf",extracted
new,2984-48,2984,48,2021-06-07,BP,DJ,True,3,0,True,True,True,False,ClassCounsel; Communications; Management,4,False,True,False,False,True,False,,Competing plaintiff factions proposed different interim class counsel leadership teams; the Ashton Plaintiffs' motion was granted and the Mawby Plaintiffs' motion was denied.,False,False,,2984 IN RE Folgers Coffee Marketing and/US_DIS_MOWD_4_21md2984_48_ORDER. The CLF team is appointed as interim class _48_0.pdf,extracted
new,2998-726,2998,726,2021-03-05,HB,MJ,False,0,0,False,False,True,False,Management,4,False,False,False,False,False,False,,,False,False,,2998 IN RE Pork Antitrust Litigation/2998_doc726.pdf,extracted
new,2992-48,2992,48,2021-07-20,LAB,DJ,False,3,0,True,True,True,False,LeadCounsel; Communications,4,False,False,False,True,False,False,,,False,False,,2992 IN RE Bank of America California Un/US_DIS_CASD_3_21md2992_48_ORDER re_ Case Management. Plaintiffs Interim Co-L_48_0.pdf,extracted
new,2989-420,2989,420,2021-10-15,CMA,DJ,True,1,0,True,,True,False,LeadCounsel,1,True,False,,True,True,False,,Order grants competing PSLRA motion by Blue Laine-Beveridge and denies competing motion by Abe Kurdi and Teodoro Russell Pueyrredon; lead plaintiff is excluded from Appointments because not an attorney or law firm.,False,True,,2989 IN RE January 2021 Short Squeeze Tr/US_DIS_FLSD_1_21md2989_420_ORDER denying 365 MOTION to Appoint Lead Plaintiff_420_0.pdf,extracted
new,2998-2196,2998,2196,2024-04-16,JRT,DJ,False,0,0,False,,True,False,LeadCounsel; ClassCounsel,2,False,False,,,False,,,,False,False,,2998 IN RE Pork Antitrust Litigation/2998_doc2196.pdf,extracted
new,2992-499,2992,499,2025-06-24,GPC,DJ,False,0,0,True,True,True,False,ClassCounsel,2,False,True,False,False,True,False,,"Order grants contested class certification motion, but the order states BANA did not dispute the adequacy of proposed Co-Lead Class Counsel.",False,False,,2992 IN RE Bank of America California Un/US_DIS_CASD_3_21md2992_499_ORDER Granting Class Plaintiffs_ Motion for Class _499_0.pdf,extracted
new,2988-78,2988,78,2022-08-25,NR,DJ,False,1,0,True,True,True,False,ClassCounsel; Settlement,3,False,True,,False,True,,,"Order preliminarily approves class action settlement and appoints Settlement Class Counsel. Angeion Group, LLC appointed as Claims Administrator is excluded from Appointments as a non-attorney settlement administration professional.",False,False,,"2988 IN RE All-Clad Metalcrafters, LLC,/US_DIS_PAWD_2_21mc491_78_ORDER granting 77 Motion for Settlement. Signed by_78_0.pdf",extracted
new,2998-151,2998,151,2018-10-15,HB,MJ,False,1,0,True,True,True,False,LeadCounsel,2,False,False,True,True,False,False,,,False,False,,2998 IN RE Pork Antitrust Litigation/2998_doc151.pdf,extracted
new,2994-320,2994,320,2024-04-10,RAR,DJ,False,1,0,True,True,True,False,ClassCounsel,2,False,True,False,False,True,True,,Order preliminarily certifies a settlement class and designates previously interim co-lead class counsel as Class Counsel under Rule 23(g). Claims and Settlement Administrator is excluded from Appointments as a non-attorney/non-leadership role.,False,True,,"2994 IN RE Mednax Services, Inc., Custom/US_DIS_FLSD_0_21md2994_320_ORDER CERTIFYING SETTLEMENT CLASS AND GRANTING PRE_320_0.pdf",extracted
new,2998-149,2998,149,2018-10-15,HB,MJ,False,1,0,True,True,True,False,LeadCounsel; ClassCounsel,2,False,True,True,True,True,False,,,False,False,,2998 IN RE Pork Antitrust Litigation/2998_doc149.pdf,extracted
new,2998-150,2998,150,2018-10-15,HB,MJ,False,1,0,True,True,True,False,LeadCounsel; ClassCounsel,2,False,True,False,True,True,False,,,False,False,,2998 IN RE Pork Antitrust Litigation/2998_doc150.pdf,extracted
new,3004-16,3004,16,2021-06-10,NJR,DJ,False,1,0,True,True,True,False,Communications; LeadCounsel; Management,1,True,False,,False,False,True,,,False,False,,3004 IN RE Paraquat Products Liability L/US_DIS_ILSD_3_21md3004_16_CASE MANAGEMENT ORDER NO. 1_ An Initial Conference_16_0.pdf,extracted
new,2985-68,2985,68,2021-09-23,EJD,DJ,False,11,0,True,True,True,False,LeadCounsel; Management; Discovery; Motions; Settlement; Vetting,14,False,True,True,True,True,False,,,False,False,,2985 IN RE Apple Inc. App Store Simulate/US_DIS_CAND_5_21md2985_68_Order Granting 29 Motion to Appoint Interim Lead C_68_0.pdf,extracted
new,2996-211,2996,211,2021-08-16,CRB,DJ,True,2,0,True,True,True,False,LeadCounsel; Management,10,True,False,,True,False,False,,,False,False,,"2996 IN RE McKinsey & Company, Inc., Nat/US_DIS_CAND_3_21md2996_211_PRETRIAL ORDER #2_ Appointing Plaintiffs Lead Coun_211_0.pdf",extracted
new,2994-43,2994,43,2021-07-06,RAR,DJ,True,3,0,True,True,True,False,LeadCounsel; Management; Communications; ClassCounsel,8,True,True,True,True,True,True,,"The order states that the Consolidated Application contained two proposed leadership groups and competing litigation structure plans, and adopts the Majority Group's application.",False,False,,"2994 IN RE Mednax Services, Inc., Custom/US_DIS_FLSD_0_21md2994_43_ORDER APPOINTING PLAINTIFFS_ LEADERSHIP  Signed by_43_0.pdf",extracted
new,3014-133,3014,133,2021-12-21,JFC,DJ,False,0,0,False,False,,,LeadCounsel,2,False,False,False,False,False,False,,,False,False,,"3014 IN RE Philips Recalled CPAP, Bi-Lev/US_DIS_PAWD_2_21mc1230_133_PRETRIAL ORDER #6. As more fully set forth in the _133_0.pdf",extracted
new,3004-2181,3004,2181,2022-08-16,NJR,DJ,False,0,0,False,False,True,False,LeadCounsel; Communications; Management; Coordination,15,False,False,False,False,False,False,,Reappoints plaintiffs’ leadership previously appointed in CMO 2.,False,False,,3004 IN RE Paraquat Products Liability L/US_DIS_ILSD_3_21md3004_2181_CASE MANAGEMENT ORDER NO. 14 Reappointing Plaintif_2181_0.pdf,extracted
new,3009-192,3009,192,2024-01-25,JRB,DJ,False,1,0,True,True,True,False,ClassCounsel,3,False,True,False,False,True,False,,Preliminary approval order appoints Settlement Class Counsel; Claims Administrator is excluded as a non-attorney settlement/claims administrator.,False,True,,3009 IN RE Seresto Flea and Tick Collar/US_DIS_ILND_1_21cv4447_192_PRELIMINARY APPROVAL ORDER signed by the Honorable_192_0.pdf,extracted
new,3001-51,3001,51,2021-09-23,EJD,DJ,False,11,0,True,True,True,False,LeadCounsel; Management; Motions; Discovery; Vetting; Settlement,14,False,True,,True,True,False,,Order grants an unopposed motion and covers MDL Nos. 2985 and 3001 and related Case No. 5:21-cv-02777-EJD; extracted MDL/Docket from source case 5:21-md-03001-EJD Document 51.,False,False,,3001 IN RE Google Play Store Simulated C/US_DIS_CAND_5_21md3001_51_Order Granting 9 Motion to Appoint Interim Lead Co_51_0.pdf,extracted
new,2985-68,2985,68,2021-09-23,EJD,DJ,False,11,0,True,True,True,False,LeadCounsel; Management; Discovery; Motions; Settlement; Vetting,14,False,True,True,True,True,False,,Order also references Case No. 5:21-md-03001-EJD and Case No. 5:21-cv-02777-EJD.,False,False,,2985 IN RE Apple Inc. App Store Simulate/US_DIS_CAND_5_21md2985_68_Order Granting 29 Motion to Appoint Interim Lead C_68_0(2).pdf,extracted
new,3004-169,3004,169,2021-07-06,NJR,DJ,True,4,0,True,True,True,False,LeadCounsel; Management; Communications; Coordination,16,True,False,True,True,True,True,,,False,True,,3004 IN RE Paraquat Products Liability L/US_DIS_ILSD_3_21md3004_169_CASE MANAGEMENT ORDER NO. 2 APPOINTING PLAINTIFFS__169_0.pdf,extracted
new,3006-26,3006,26,2021-10-04,RBD,DJ,False,4,0,True,False,True,True,LeadCounsel; Communications,7,False,False,False,False,False,False,,,False,False,,3006 IN RE Tasigna (Nilotinib) Products/US_DIS_FLMD_6_21md3006_26_PRETRIAL ORDER NO. 2_ Status Conference set for 10_26_0.pdf,extracted
new,3010-1335,3010,1335,2026-01-13,PKC,DJ,False,1,0,True,True,True,False,Motions,1,False,False,False,False,False,False,,"Google's requested consolidation/motion procedures were opposed by plaintiffs, but the order does not show competing applications or objections to the coordinating counsel appointment itself.",False,False,,3010 IN RE Google Digital Advertising An/US_DIS_NYSD_1_21md3010_1335_PRE-TRIAL ORDER NO. 20 granting (1334) Letter Moti_1335_0.pdf,extracted
new,3014-33,3014,33,2021-11-19,JFC,DJ,False,1,0,True,False,True,False,LeadCounsel,6,False,False,False,False,False,False,,Interim lead plaintiffs’ counsel appointed only for the limited purpose of negotiating an interim proposed preservation order with respect to Respironics’ remediation of DreamStation 1 Devices.,False,False,,"3014 IN RE Philips Recalled CPAP, Bi-Lev/US_DIS_PAWD_2_21mc1230_33_PRETRIAL ORDER #2 with Respect to (1) Interim Modi_33_0.pdf",extracted
new,3021-105,3021,105,2022-06-15,JFC,DJ,False,0,0,False,False,True,False,Management,1,False,False,False,False,False,False,,,False,False,,"3021 IN RE SoClean, Inc., Marketing, Sal/US_DIS_PAWD_2_22mc152_105_PRETRIAL ORDER #8. Signed by Judge Joy Flowers Con_105_0.pdf",extracted
new,3021-33,3021,33,2022-04-06,JFC,DJ,False,0,0,False,False,,,LeadCounsel,1,False,False,False,False,False,False,,Order supplements Pretrial Order #2 to add Gary E. Mason as co-lead counsel.,False,False,,"3021 IN RE SoClean, Inc., Marketing, Sal/US_DIS_PAWD_2_22mc152_33_SUPPLEMENT to 25 PRETRIAL ORDER #2. Signed by Judg_33_0.pdf",extracted
new,3015-67,3015,67,2022-03-28,AHS,DJ,False,0,0,True,True,True,False,ClassCounsel,5,False,False,False,False,False,False,,"Order states these firms had been appointed as Interim Class Counsel in prior Order No. 12 and establishes duties, responsibilities, organization, and structure.",False,False,,"3015 IN RE Johnson & Johnson Sunscreen M/US_DIS_FLSD_0_21md3015_67_ORDER Establishing the Duties, Responsibilities, a_67_0.pdf",extracted
new,3015-64,3015,64,2022-02-09,AHS,DJ,True,1,0,True,True,True,False,ClassCounsel,5,True,True,False,False,True,True,,The order states the Court received two additional applications and chose among applicants for leadership positions.,False,False,,3015 IN RE Johnson & Johnson Sunscreen M/US_DIS_FLSD_0_21md3015_64_ORDER granting 57 Motion to Appoint Interim Class _64_0.pdf,extracted
new,3015-68,3015,68,2022-03-28,AHS,DJ,False,1,0,True,True,True,False,ClassCounsel,5,False,True,False,False,True,False,,,False,False,,3015 IN RE Johnson & Johnson Sunscreen M/US_DIS_FLSD_0_21md3015_68_ORDER granting 55 Motion for Preliminary Approval _68_0.pdf,extracted
new,3014-574,3014,574,2022-05-19,JFC,DJ,False,1,0,True,,True,True,Discovery; Communications,5,False,False,,,False,False,,,False,False,,"3014 IN RE Philips Recalled CPAP, Bi-Lev/US_DIS_PAWD_2_21mc1230_574_PRETRIAL ORDER #15 APPOINTING DISCOVERY LIAISON CO_574_0.pdf",extracted
new,3019-162,3019,162,2022-07-26,BCW,DJ,False,1,0,True,True,True,False,ClassCounsel,3,False,True,False,False,True,False,,,False,False,,3019 IN RE T-Mobile Customer Data Securi/US_DIS_MOWD_4_21md3019_162_PRELIMINARY APPROVAL ORDERFINAL APPROVAL HEARING s_162_0.pdf,extracted
new,3021-51,3021,51,2022-04-27,JFC,DJ,False,0,0,True,False,True,False,Management,5,False,False,False,False,False,False,,,False,False,,"3021 IN RE SoClean, Inc., Marketing, Sal/US_DIS_PAWD_2_22mc152_51_PRETRIAL ORDER #5 APPOINTING THE LEADERSHIP DEVELO_51_0.pdf",extracted
new,3009-58,3009,58,2022-02-07,Bl,DJ,True,3,0,True,True,True,False,LeadCounsel; Communications; Management,12,True,True,False,False,True,False,,Competing plaintiff leadership applications; the Court granted the Consensus Group motion and denied the Matloff/Sammons motion. Filed date used; signature date appears to contain a 2021 typo.,False,False,,3009 IN RE Seresto Flea and Tick Collar/US_DIS_ILND_1_21cv4447_58_ORDER Signed by the Honorable John Robert Blakey o_58_0.pdf,extracted
new,3019-102,3019,102,2022-02-25,BCW,DJ,True,3,0,True,True,True,False,LeadCounsel; ClassCounsel; Communications; Management,12,True,True,True,True,True,True,,,False,False,,3019 IN RE T-Mobile Customer Data Securi/US_DIS_MOWD_4_21md3019_102_ORDER APPOINTING INTERIM LEADERSHIP COUNSEL ORDERE_102_0.pdf,extracted
new,3023-14,3023,14,2022-04-13,JTM,DJ,False,0,0,True,False,True,True,Communications; Management,4,False,False,False,False,False,False,,,False,False,,3023 IN RE Taxotere (Docetaxel) Eye Inju/US_DIS_LAED_2_22md3023_14_PRETRIAL ORDER NO. 2 - IT IS ORDERED that the Cour_14_0.pdf,extracted
new,3023-11,3023,11,2022-03-31,JTM,DJ,False,0,0,True,,True,True,Communications,2,True,False,,,False,False,,"Order appoints Plaintiffs' Liaison Counsel and Defendants' Liaison Counsel. Applications are solicited for the subsequent liaison counsel term beginning after April 1, 2024.",False,False,,3023 IN RE Taxotere (Docetaxel) Eye Inju/US_DIS_LAED_2_22md3023_11_Minute Entry for proceedings held before Judge Jan_11_0.pdf,extracted
new,3014-487,3014,487,2022-03-24,JFC,DJ,False,0,0,False,False,True,False,LeadCounsel; Management; Communications; Settlement; Fees,33,False,False,False,False,False,False,,Supplemental order updates Pretrial Order #8 leadership roster; no new organizational units are clearly created for the first time.,False,False,,"3014 IN RE Philips Recalled CPAP, Bi-Lev/US_DIS_PAWD_2_21mc1230_487_ORDER supplementing 395 PRETRIAL ORDER #8_ ORDER A_487_0.pdf",extracted
new,3021-25,3021,25,2022-03-25,JFC,DJ,False,3,0,True,True,True,False,LeadCounsel; Management; Communications,6,False,False,True,True,False,True,,"PACER filed date used over order text date of March 24, 2022.",False,False,,"3021 IN RE SoClean, Inc., Marketing, Sal/US_DIS_PAWD_2_22mc152_25_PRETRIAL ORDER #2 RE_ APPOINTMENT OF CO-LEAD COUNS_25_0.pdf",extracted
new,3014-395,3014,395,2022-02-15,JFC,DJ,True,6,0,True,True,True,False,LeadCounsel; Management; Communications; Settlement; Fees,33,False,False,True,True,False,True,,The order states that the court reviewed 75 applications for plaintiffs' leadership and interviewed each applicant.,False,False,,"3014 IN RE Philips Recalled CPAP, Bi-Lev/US_DIS_PAWD_2_21mc1230_395_PRETRIAL ORDER #8_ ORDER APPOINTING CO-LEAD COUNSE_395_0.pdf",extracted
new,3026-763,3026,763,2026-04-14,RRP,DJ,False,0,0,False,False,True,False,Management,1,False,False,False,False,False,False,,,False,True,,"3026 IN RE Abbott Laboratories, et al.,/US_DIS_ILND_1_22cv71_763_ORDER_ AND NOW, this 14th day of April 2026, upon _763_0.pdf",extracted
new,3028-341,3028,341,2022-12-22,PAE,DJ,False,0,0,False,False,False,True,Management,3,False,False,False,False,False,False,,,False,False,,3028 IN RE ONE Apus Container Ship Incid/US_DIS_NYSD_1_22md3028_341_MEMO ENDORSEMENT on re_ 337 Letter filed by Chidor_341_0.pdf,extracted
new,3028-345,3028,345,2022-12-22,PAE,DJ,False,0,0,False,False,,,Management,4,False,False,False,False,False,False,,,False,False,,"3028 IN RE ONE Apus Container Ship Incid/US_DIS_NYSD_1_22md3028_345_MEMO ENDORSEMENT on re_ 340 Letter,, filed by Vang_345_0.pdf",extracted
new,3026-189,3026,189,2022-08-18,RRP,DJ,False,0,0,True,True,True,True,Coordination,1,False,False,False,True,False,False,,,False,True,,"3026 IN RE Abbott Laboratories, et al.,/US_DIS_ILND_1_22cv71_189_CASE MANAGEMENT ORDER NO. 6, AGREED JOINT COORDINA_189_0.pdf",extracted
new,3028-344,3028,344,2022-12-22,PAE,DJ,False,0,0,False,False,True,False,Management,4,False,False,False,False,False,False,,,False,False,,3028 IN RE ONE Apus Container Ship Incid/US_DIS_NYSD_1_22md3028_344_MEMO ENDORSEMENT on re_ 338 Letter filed by Starr _344_0.pdf,extracted
new,3026-692,3026,692,2025-09-10,RRP,DJ,False,2,0,True,,True,True,Communications,5,False,False,True,False,False,False,,"Randi S. Ellis appointed as Census Special Master, excluded from Appointments under extraction rules.",False,False,,"3026 IN RE Abbott Laboratories, et al.,/US_DIS_ILND_1_22cv71_692_AMENDED CASE MANAGEMENT ORDER NO. 14 (CENSUS ORDER_692_0.pdf",extracted
new,3026-657,3026,657,2025-07-15,RRP,DJ,False,0,0,True,,True,True,Communications,5,False,False,True,False,False,False,,"Randi S. Ellis is appointed as Census Special Master, but excluded from Appointments because Special Master is not a leadership appointment under the extraction rules.",False,False,,"3026 IN RE Abbott Laboratories, et al.,/US_DIS_ILND_1_22cv71_657_CASE MANAGEMENT ORDER NO. 14 (CENSUS ORDER)_ Signe_657_0.pdf",extracted
new,3026-278,3026,278,2022-11-11,RRP,DJ,False,0,0,True,True,True,True,Coordination,2,False,False,False,False,False,False,,,False,True,,"3026 IN RE Abbott Laboratories, et al.,/US_DIS_ILND_1_22cv71_278_ORDER_ Defendants_ motion for scientific presentat_278_0.pdf",extracted
new,3025-65,3025,65,2023-06-16,MHW,DJ,False,0,0,True,True,True,False,ClassCounsel; LeadCounsel; Fees,13,False,True,False,False,True,False,,Final approval order affirms appointment of Settlement Class Counsel and appoints Gary M. Klinger and Richard S. Wayne as Co-Lead Settlement Class Counsel; no law firms stated for the appointees.,False,False,,3025 IN RE Procter & Gamble Aerosol Prod/US_DIS_OHSD_2_22md3025_65_Final Judgment and Order Granting Final Approval o_65_0.pdf,extracted
new,3026-109,3026,109,2022-05-26,RRP,DJ,True,8,0,True,,True,True,LeadCounsel; Management; Communications,32,True,False,,,True,False,,,False,True,,"3026 IN RE Abbott Laboratories, et al.,/US_DIS_ILND_1_22cv71_109_CASE MANAGEMENT ORDER NO. 2. Signed by the Honorab_109_0.pdf",extracted
new,3019-235,3019,235,2023-06-29,BCW,DJ,False,0,0,True,True,True,False,LeadCounsel; ClassCounsel; Communications; Management,12,False,True,False,False,True,False,,Final approval order affirms prior Class Counsel appointment and recites prior interim leadership roster; one Executive Committee member is noted as having subsequently resigned.,False,False,,3019 IN RE T-Mobile Customer Data Securi/US_DIS_MOWD_4_21md3019_235_ORDER AND JUDGMENT GRANTING FINAL APPROVAL OF CLAS_235_0.pdf,extracted
new,3026-587,3026,587,2025-01-13,RRP,DJ,False,0,0,True,True,True,False,LeadCounsel; Management,21,False,False,False,True,False,True,,Order reappoints plaintiffs' leadership for one year and sets duties; no new organizational units counted because this is a reappointment/renewal.,False,False,,"3026 IN RE Abbott Laboratories, et al.,/US_DIS_ILND_1_22cv71_587_CASE MANAGEMENT ORDER NO. 13_ Reappointment of Pla_587_0.pdf",extracted
new,3028-20,3028,20,2022-07-22,PAE,DJ,False,1,0,False,False,True,True,LeadCounsel,3,False,False,False,False,False,False,,,False,False,,3028 IN RE ONE Apus Container Ship Incid/US_DIS_NYSD_1_22md3028_20_ORDER NO.2 in case 1_21-cv-07994-PAE-BCM_ granting_20_0.pdf,extracted
new,3025-45,3025,45,2022-10-28,MHW,DJ,True,1,0,True,True,True,False,ClassCounsel,12,False,True,False,False,True,True,,"Nonsettling Plaintiffs opposed preliminary approval and challenged Settlement Class Counsel/leadership issues. Kroll, Inc. was appointed Settlement Administrator but excluded from Appointments as a non-attorney settlement administrator.",False,False,,3025 IN RE Procter & Gamble Aerosol Prod/US_DIS_OHSD_2_22md3025_45_Preliminary Approval Order - Final Approval Hearin_45_0.pdf,extracted
new,3028-3,3028,3,2022-06-30,PAE,DJ,False,4,0,True,True,True,True,LeadCounsel; Communications,2,False,False,False,False,False,True,,Order designates temporary lead and liaison counsel for plaintiffs and defendants to facilitate pre-conference submissions and consideration of future leadership structure.,False,False,,3028 IN RE ONE Apus Container Ship Incid/US_DIS_NYSD_1_22md3028_3_ORDER NO. 1_ The provisions of this Order shall go_3_0.pdf,extracted
new,3031-68,3031,68,2019-08-06,HB,MJ,False,1,0,True,True,True,False,LeadCounsel; ClassCounsel,2,False,True,True,True,True,False,,,False,False,,3031 IN RE Cattle and Beef Antitrust Lit/3031_doc68.pdf,extracted
new,3031-88,3031,88,2019-07-10,HB,MJ,False,3,0,True,True,True,False,LeadCounsel; Communications; Management,7,False,False,True,True,False,False,,,False,False,,3031 IN RE Cattle and Beef Antitrust Lit/3031_doc88.pdf,extracted
new,3031-1438,3031,1438,2025-08-18,JRT,DJ,False,0,0,True,True,True,False,ClassCounsel,2,False,True,False,False,True,False,,Order grants final approval of Cattle-JBS class settlement and appoints firm Co-Lead Counsel for the Settlement Classes under Rule 23(g). Non-attorney Claims Administrator and Escrow Agent referenced from prior preliminary approval are excluded.,False,False,,3031 IN RE Cattle and Beef Antitrust Lit/US_DIS_MND_0_22md3031_1438_ORDER granting 1390 Cattle Plaintiffs_ Unopposed M_1438_0.pdf,extracted
new,3029-40,3029,40,2022-09-08,PBS,DJ,False,2,0,False,False,True,False,LeadCounsel; Communications,3,False,False,False,False,False,False,,"Order states that defendants will designate Joseph Petrosinelli and Loren H. Brown as their Lead Counsel and Jessica C. Wilson as their Liaison Counsel, but the court does not appoint them.",False,False,,3029 IN RE Covidien Hernia Mesh Products/US_DIS_MAD_1_22md3029_40_Judge Patti B. Saris_ ORDER entered. CASE MANAGEME_40_0.pdf,extracted
new,3032-12,3032,12,2022-06-29,SHL,DJ,False,2,0,True,True,True,True,Communications,3,True,False,False,False,True,True,,,False,False,,"3032 IN RE Family Dollar Stores, Inc., P/US_DIS_TNWD_2_22md3032_12_CASE MANAGEMENT ORDER NO. 2_ Order Appointing Inte_12_0.pdf",extracted
new,3031-423,3031,423,2022-03-01,HB,MJ,False,2,0,True,True,True,False,LeadCounsel; Management; ClassCounsel,5,False,True,,True,True,False,,,False,False,,3031 IN RE Cattle and Beef Antitrust Lit/3031_doc423.pdf,extracted
new,3031-1190,3031,1190,2025-02-20,JRT,DJ,False,0,0,True,True,True,False,ClassCounsel,2,False,True,False,False,True,False,,Preliminary approval order appoints two law firms as settlement class counsel. Claims Administrator and Escrow Agent appointments excluded as non-attorney roles.,False,False,,3031 IN RE Cattle and Beef Antitrust Lit/US_DIS_MND_0_22md3031_1190_ORDER granting 1169 Motion for Preliminary Approva_1190_0.pdf,extracted
new,3032-48,3032,48,2022-08-02,SHL,DJ,False,0,0,True,False,False,True,Coordination,1,False,False,False,False,False,False,,,False,False,,"3032 IN RE Family Dollar Stores, Inc., P/US_DIS_TNWD_2_22md3032_48_CASE MANAGEMENT ORDER NO. 6_ Order Designating Def_48_0.pdf",extracted
new,3031-71,3031,71,2020-09-04,HB,MJ,False,2,0,True,True,True,False,LeadCounsel; Management; ClassCounsel,8,False,True,True,True,True,False,,,False,False,,3031 IN RE Cattle and Beef Antitrust Lit/3031_doc71.pdf,extracted
new,3031-261,3031,261,2023-05-25,JRT,DJ,False,1,0,True,True,True,False,ClassCounsel,3,False,True,False,False,True,False,,,False,False,,3031 IN RE Cattle and Beef Antitrust Lit/US_DIS_MND_0_22md3031_261_ORDER granting 202 Motion for Preliminary Approval_261_0.pdf,extracted
new,3031-1493,3031,1493,2025-12-10,JRT,DJ,False,1,0,True,True,True,False,LeadCounsel; ClassCounsel,2,False,True,False,False,True,False,,"Order preliminarily approves Consumer Indirect Purchaser Plaintiffs' settlement agreements with Cargill and Tyson, provisionally certifies settlement classes, and appoints two law firms as Co-Lead Counsel for the Settlement Classes (Settlement Class Counsel). Non-attorney/non-law-firm appointments to escrow agent and settlement notice/funds administrator were excluded.",False,False,,3031 IN RE Cattle and Beef Antitrust Lit/US_DIS_MND_0_22md3031_1493_ORDER granting 1444 Consumer Indirect Purchaser Pl_1493_0.pdf,extracted
new,3031-662,3031,662,2024-04-16,JRT,DJ,False,0,0,False,False,True,False,LeadCounsel; ClassCounsel,2,False,False,False,False,False,False,,Order substitutes Michael J. Flannery for withdrawn Blaine Finley as CIIPP Interim Co-Lead Class Counsel.,False,False,,3031 IN RE Cattle and Beef Antitrust Lit/US_DIS_MND_0_22md3031_662_ORDER granting 637 CIIPPs Motion to Appoint Substi_662_0.pdf,extracted
new,3031-1494,3031,1494,2025-12-16,JRT,DJ,False,0,0,True,True,True,False,LeadCounsel; ClassCounsel; Settlement; SettlementAdministration,2,False,True,False,False,True,False,,,False,False,,3031 IN RE Cattle and Beef Antitrust Lit/US_DIS_MND_0_22md3031_1494_AMENDED ORDER re 1493 Order on Motion for Approval_1494_0.pdf,extracted
new,3029-206,3029,206,2023-09-18,MPK,MJ,False,3,0,True,True,True,False,LeadCounsel; Management; Communications; Fees,10,False,False,True,True,False,False,,"Case Management Order No. 10 appoints plaintiffs' co-lead counsel, liaison counsel, executive committee, steering committee, and co-leads as chairs of the Common Benefit Fee Committee.",False,False,,3029 IN RE Covidien Hernia Mesh Products/US_DIS_MAD_1_22md3029_206_Magistrate Judge M. Page Kelley_ ORDER entered. MD_206_0.pdf,extracted
new,3031-408,3031,408,2021-09-01,HB,MJ,False,2,0,True,True,True,False,LeadCounsel; Management; ClassCounsel,8,False,True,True,True,True,False,,"Order signed/docketed in underlying case as dated September 4, 2020; source docket header shows filed September 1, 2021.",False,False,,3031 IN RE Cattle and Beef Antitrust Lit/3031_doc408.pdf,extracted
new,3031-91,3031,91,2022-12-01,JRT,DJ,False,6,0,True,True,True,False,Communications,6,True,False,False,False,False,False,,Order appoints liaison counsel for plaintiffs and also requires Direct Action Plaintiffs to file a Master Complaint.,False,False,,3031 IN RE Cattle and Beef Antitrust Lit/US_DIS_MND_0_22md3031_91_PRETRIAL ORDER NO. 2 - APPOINTMENT OF LIAISON COUN_91_0.pdf,extracted
new,3035-487,3035,487,2024-08-22,STA,DJ,False,0,0,False,False,True,False,Management,2,False,False,False,False,False,False,,,False,False,,3035 IN RE AME Church Employee Retiremen/US_DIS_TNWD_1_22md3035_487_ORDER GRANTING MOTION FOR WITHDRAWAL AND SUBSTITUT_487_0.pdf,extracted
new,3035-485,3035,485,2024-08-19,STA,DJ,False,0,0,False,False,True,False,Management,2,False,False,False,False,False,False,,,False,False,,3035 IN RE AME Church Employee Retiremen/US_DIS_TNWD_1_22md3035_485_ORDER GRANTING UNOPPOSED MOTION FOR WITHDRAWAL AND_485_0.pdf,extracted
new,3031-451,3031,451,2023-11-21,JRT,DJ,False,0,0,True,True,True,False,ClassCounsel,0,False,True,False,False,True,False,,"Final approval order appoints previously appointed Interim Co-Lead Counsel as Class Counsel for the Settlement Class, but does not name the counsel in the order text.",True,False,,3031 IN RE Cattle and Beef Antitrust Lit/US_DIS_MND_0_22md3031_451_ORDER  GRANTING 383 THE COMMERCIAL AND INSTITUTION_451_0.pdf,extracted
new,3032-189,3032,189,2023-10-27,SHL,DJ,False,0,0,True,True,True,False,ClassCounsel,3,False,True,False,False,True,False,,"Arkansas objected to the proposed settlement, but the order does not indicate an objection to the Class Counsel appointments. Angeion Group LLC was appointed as Settlement Administrator but excluded from Appointments as a non-legal settlement administrator.",False,False,,"3032 IN RE Family Dollar Stores, Inc., P/US_DIS_TNWD_2_22md3032_189_ORDER GRANTING 155 PLAINTIFFS_ UNOPPOSED MOTION FO_189_0.pdf",extracted
new,3032-47,3032,47,2022-07-25,SHL,DJ,True,1,0,True,True,True,False,Management; Coordination,4,False,False,False,True,False,False,,,False,False,,"3032 IN RE Family Dollar Stores, Inc., P/US_DIS_TNWD_2_22md3032_47_CASE MANAGEMENT ORDER NO. 5_ Order Appointing Plai_47_0.pdf",extracted
new,3032-27,3032,27,2022-07-11,SHL,DJ,False,0,0,True,True,True,,Communications,1,True,False,,,False,True,,"Order addresses objections to proposed agenda and proposed leadership slate, but does not itself appoint or modify lead/class counsel; it reiterates obligations of previously appointed Interim Liaison Counsel for Plaintiffs.",False,False,,"3032 IN RE Family Dollar Stores, Inc., P/US_DIS_TNWD_2_22md3032_27_CASE MANAGEMENT ORDER NO. 3_ Pre-Conference Supple_27_0.pdf",extracted
new,3037-108,3037,108,2023-04-06,MFK,DJ,False,0,0,False,False,True,False,Management,2,False,False,False,False,False,False,,,False,False,,3037 IN RE Recalled Abbott Infant Formul/US_DIS_ILND_1_22cv4148_108_ORDER SUBSTITUTING A MEMBER OF THE PSC_ Plaintiffs_108_0.pdf,extracted
?,,,22,2022-09-08,MFK,DJ,False,0,0,,,True,False,LeadCounsel; Management,0,False,False,,,False,False,,"Minute entry grants Motion to Appoint Plaintiffs' Co-Lead Counsel and Plaintiffs' Steering Committee [16], but does not name the appointees; Case Management Order No. 2 to follow.",True,False,,3037 IN RE Recalled Abbott Infant Formul/US_DIS_ILND_1_22cv4148_22_MINUTE entry before the Honorable Matthew F. Kenne_22_0.pdf,extracted
new,3035-775,3035,775,2025-03-24,STA,DJ,False,0,0,True,True,True,False,ClassCounsel,8,,True,,,True,,,,False,False,,3035 IN RE AME Church Employee Retiremen/US_DIS_TNWD_1_22md3035_775_ORDER GRANTING PLAINTIFFS_ MOTION FOR PRELIMINARY _775_0.pdf,extracted
?,,,283,2025-04-04,MFK,DJ,False,0,0,False,False,True,False,Management,0,False,False,False,False,False,False,,Minute entry grants motion to approve reorganized plaintiff's leadership structure but does not name the appointees or specify the structure; underlying motion [277] would need to be read.,True,False,,3037 IN RE Recalled Abbott Infant Formul/US_DIS_ILND_1_22cv4148_283_MINUTE entry before the Honorable Matthew F. Kenne_283_0.pdf,extracted
new,3042-108,3042,108,2023-01-18,JRG,DJ,False,0,0,False,False,False,True,LeadCounsel,1,False,False,False,False,False,False,,,False,False,,"3042 IN RE Taasera Licensing, LLC, Paten/US_DIS_TXED_2_22md3042_108_ORDER re (68 in 2_22-cv-00063-JRG) Unopposed MOTIO_108_0.pdf",extracted
new,3032-45,3032,45,2022-07-22,SHL,DJ,True,5,0,True,True,True,True,LeadCounsel; Communications; ClassCounsel,6,True,False,False,True,True,True,,Plaintiffs submitted competing revised leadership proposals after a failed attempt to compromise on leadership. The Court did not appoint the Plaintiffs' Steering Committee in this order.,False,False,,"3032 IN RE Family Dollar Stores, Inc., P/US_DIS_TNWD_2_22md3032_45_CASE MANAGEMENT ORDER NO. 4_ ORDER APPOINTING CO-L_45_0.pdf",extracted
new,3043-410,3043,410,2023-02-08,DLC,DJ,False,0,0,False,False,True,False,Management,1,False,False,False,False,False,False,,,False,False,,"3043 IN RE Acetaminophen - ASDADHD Produ/US_DIS_NYSD_1_22md3043_410_ORDER_ On February 7, 2023, plaintiffs_ counsel Ri_410_0.pdf",extracted
new,,3036,,2022-10-13,RJC,DJ,False,4,0,True,False,True,True,LeadCounsel; Communications,7,False,False,False,False,False,True,,"The Court approved Plaintiffs' and Defendants' recommendations for co-lead and liaison counsel without objection. Duties are set forth by reference to the Manual for Complex Litigation, Fourth.",False,False,,"3036 IN RE Gardasil Products Liability L/SECOND PRETRIAL ORDER. Signed by District Judge Robert J. Conrad, Jr on 10_13_2022. (brl) (Entered_.pdf",extracted
new,3037-23,3037,23,2022-09-08,MK,DJ,False,0,0,True,True,True,False,LeadCounsel; Management,12,False,False,True,True,False,False,,"The order states no objections were filed. PSC members Kiley Grombacher and Jason Thompson are noted as Co-Chair Class Committee, but no Rule 23 class-counsel appointment is made.",False,False,,3037 IN RE Recalled Abbott Infant Formul/US_DIS_ILND_1_22cv4148_23_MDL CASE MANAGEMENT ORDER NO. 2 (Plaintiff_s Leade_23_0.pdf,extracted
new,3035-68,3035,68,2022-08-04,STA,DJ,False,4,0,True,True,True,False,LeadCounsel; Management; Communications; ClassCounsel,8,False,True,False,True,True,False,,Plaintiffs’ original motion to appoint counsel (ECF No. 11) was denied as moot.,False,False,,3035 IN RE AME Church Employee Retiremen/US_DIS_TNWD_1_22md3035_68_MDL ORDER GRANTING MOTION TO APPOINT INTERIM CO-LE_68_0.pdf,extracted
new,3035-774,3035,774,2025-03-24,STA,DJ,False,1,0,True,True,True,False,ClassCounsel; Settlement,8,False,True,False,False,True,False,,"Order also appoints Verita as settlement administrator, excluded as a non-attorney administrator. Symetra objected to the settlements, but the order does not indicate objections or competing applications regarding the class-counsel appointment.",False,False,,3035 IN RE AME Church Employee Retiremen/US_DIS_TNWD_1_22md3035_774_MEMORANDUM OPINION AND ORDER GRANTING PLAINTIFFS_ _774_0.pdf,extracted
new,3036-58,3036,58,2023-01-27,RJC,DJ,False,0,0,True,False,True,False,Management; Coordination,12,False,False,False,True,False,True,,The order approves Plaintiffs' joint and unanimous recommendation without objection. Co-Lead Counsel and Liaison Counsel are referenced but not named in this order and are not extracted as appointees.,False,False,,"3036 IN RE Gardasil Products Liability L/THIRD PRETRIAL ORDER. Signed by District Judge Robert J. Conrad, Jr on 1_27_2023. (brl) (Entered_ 01.pdf",extracted
new,3037-313,3037,313,2025-07-17,MFK,DJ,False,0,0,True,True,True,False,LeadCounsel,2,False,False,True,False,False,False,,Order establishes administrative procedures for a confidential voluntary settlement program and directs prior-appointed Original Co-Lead Counsel; it does not create new leadership units.,False,True,,3037 IN RE Recalled Abbott Infant Formul/US_DIS_ILND_1_22cv4148_313_AMENDED CASE MANAGEMENT ORDER 25 - ADMINISTRATIVE _313_0.pdf,extracted
new,3035-78,3035,78,2022-08-25,STA,DJ,False,0,0,False,False,True,False,LeadCounsel; Communications; Management,8,False,False,False,False,False,False,,Leadership roles are listed in the submitted-and-approved signature block; the order does not expressly create those units.,False,False,,3035 IN RE AME Church Employee Retiremen/US_DIS_TNWD_1_22md3035_78_CASE MANAGEMENT ORDER. Signed by Chief Judge S. Th_78_0.pdf,extracted
new,3037-287,3037,287,2025-04-25,MK,DJ,False,0,0,True,,True,False,LeadCounsel; Management,4,False,,,,,,,Order appoints new Co-Lead Counsel (CLC II) to replace original Co-Lead Counsel and PSC members from CMO No. 2; original Co-Lead Counsel are referenced but not named in this order.,False,True,,3037 IN RE Recalled Abbott Infant Formul/US_DIS_ILND_1_22cv4148_287_CASE MANAGEMENT ORDER NO. 21 (Reorganized Plaintif_287_0.pdf,extracted
new,3040-17,3040,17,2022-10-17,DML,DJ,False,2,0,True,True,True,False,LeadCounsel; Management,5,False,False,False,True,False,False,,,False,False,,3040 IN RE Chrysler Pacifica Fire Recall/US_DIS_MIED_2_22cv3040_17_PRETRIAL ORDER No. 1_ Initial Scheduling Benchmark_17_0.pdf,extracted
new,3043-299,3043,299,2022-12-29,DLC,DJ,False,0,0,False,False,True,False,LeadCounsel,2,False,False,False,False,False,False,,Order withdraws and substitutes lead counsel of record for specified actions.,False,False,,3043 IN RE Acetaminophen - ASDADHD Produ/US_DIS_NYSD_1_22md3043_299_ORDER TO WITHDRAW AND SUBSTITUTE COUNSEL granting _299_0.pdf,extracted
new,3043-180,3043,180,2022-11-16,DLC,DJ,False,0,0,False,False,True,False,LeadCounsel,0,False,False,False,False,False,False,,"The order approves a plaintiffs' leadership structure and November 2 nominations by reference, but does not list the appointed attorneys or positions in the order text.",True,False,,3043 IN RE Acetaminophen - ASDADHD Produ/US_DIS_NYSD_1_22md3043_180_ORDER_ CONFERENCE AGENDA_ An initial conference in_180_0.pdf,extracted
new,3043-231,3043,231,2022-12-01,DLC,DJ,False,0,0,True,True,False,True,Communications,4,False,False,,,False,False,,,False,False,,3043 IN RE Acetaminophen - ASDADHD Produ/US_DIS_NYSD_1_22md3043_231_ORDER_ DEFENSE LEADERSHIP_ It is hereby ORDERED th_231_0.pdf,extracted
new,3043-1356,3043,1356,2023-11-29,DLC,DJ,False,0,0,False,False,True,False,LeadCounsel; Communications; Management; Motions; Vetting; Bellwether; Discovery; Expert; Settlement; Coordination,22,False,False,False,False,False,False,,"Order renews certain appointments and adds three new members to the existing plaintiffs' leadership team for one year, subject to renewal by Court Order.",False,False,shares date+title with 1 other order(s),"3043 IN RE Acetaminophen - ASDADHD Produ/US_DIS_NYSD_1_22md3043_1356_ORDER_ PLAINTIFFS_ LEADERSHIP_ Accordingly, it is _1356_0.pdf",extracted
new,3043-236,3043,236,2022-12-02,DLC,DJ,False,0,0,,,True,False,LeadCounsel; Communications; Management; Motions; Vetting; Bellwether; Discovery; Expert; Settlement; Coordination,22,True,,,,,,,Order states no objections were received.,False,False,,3043 IN RE Acetaminophen - ASDADHD Produ/US_DIS_NYSD_1_22md3043_236_ORDER_ PLAINTIFFS_ LEADERSHIP It is hereby ORDERED_236_0.pdf,extracted
new,3043-200,3043,200,2022-11-22,DLC,DJ,False,0,0,True,False,True,False,LeadCounsel; Communications; Management; Motions; Vetting; Bellwether; Discovery; Expert; Settlement; Coordination,22,True,False,False,False,False,False,,Order sets deadline for objections to Co-Lead Counsel's proposed amended plaintiffs' leadership appointments and solicits applications from any plaintiffs' attorney seeking appointment who has not yet applied.,False,False,,3043 IN RE Acetaminophen - ASDADHD Produ/US_DIS_NYSD_1_22md3043_200_ORDER_ PLAINTIFF_S PROPOSED LEADERSHIP APPOINTMENT_200_0.pdf,extracted
new,3047-647,3047,647,2024-02-27,YGR,DJ,False,0,0,False,False,True,False,Management,1,False,False,False,False,False,False,,Reappoints Ron Austin to Plaintiffs’ Steering Committee membership.,False,False,,3047 IN RE Social Media Adolescent Addic/US_DIS_CAND_4_22md3047_647_ADDENDUM TO CASE MANAGEMENT ORDER NO. 9 RE ADJUSTM_647_0.pdf,extracted
new,3047-1383,3047,1383,2024-11-26,YGR,DJ,False,0,0,False,False,True,False,LeadCounsel; Communications,2,True,False,False,False,False,False,,Order reports state attorneys general leadership update; Krista Batchelder has assumed Bianca Miyata’s liaison counsel position.,False,False,,3047 IN RE Social Media Adolescent Addic/US_DIS_CAND_4_22md3047_1383_CASE MANAGEMENT ORDER NO. 19 by Judge Yvonne Gonza_1383_0.pdf,extracted
new,3050-55,3050,55,2024-04-02,KPF,DJ,False,0,0,False,False,True,False,LeadCounsel,1,False,False,False,False,False,False,,,False,False,,3050 IN RE Chantix (Varenicline) Marketi/US_DIS_NYSD_1_22md3050_55_ORDER GRANTING PLAINTIFFS MSP RECOVERY CLAIMS SERI_55_0.pdf,extracted
new,3044-413,3044,413,2023-08-31,MMH,MJ,False,0,0,True,False,True,False,LeadCounsel; Management; Communications; Coordination; Motions; Expert; Discovery; Bellwether,30,False,False,False,False,False,False,,Case Management Order No. 5 modifies plaintiffs' leadership structure by substitutions and a removal.,False,False,,3044 IN RE Exactech Polyethylene Orthope/US_DIS_NYED_1_22md3044_413_CASE MANAGEMENT ORDER NO. 5. The proposed case man_413_0.pdf,extracted
new,3047-2676,3047,2676,2026-01-27,YGR,DJ,True,0,0,True,False,True,False,Management,3,False,False,False,False,False,False,,Order reappoints current Plaintiffs' Steering Committee members by reference without listing their names; accepts Paige Boldt's and Sin-Ting Mary Liu's withdrawals; grants Khaldoun Baghdadi's application and denies Karen Swope's application.,True,False,,"3047 IN RE Social Media Adolescent Addic/US_DIS_CAND_4_22md3047_2676_CASE MANAGEMENT ORDER NO. 31 (Trial Date, Plaintif_2676_0.pdf",extracted
new,3044-269,3044,269,2023-05-19,MMH,MJ,False,0,0,False,False,True,False,LeadCounsel; Management; Communications; Coordination; Motions; Expert; Discovery; Bellwether,30,False,False,False,False,False,False,,Order reaffirms prior leadership appointment and modifies it by substituting attorneys within the same firms.,False,False,,3044 IN RE Exactech Polyethylene Orthope/US_DIS_NYED_1_22md3044_269_CASE MANAGEMENT ORDER NO. 4.  The proposed case ma_269_0.pdf,extracted
new,3047-451,3047,451,2023-11-21,YGR,DJ,True,0,0,True,,True,False,LeadCounsel; Management; Communications,6,True,False,,True,False,False,,"Order modifies existing plaintiff leadership appointment terms for Co-Lead Counsel, Liaison Counsel, and the PSC, and appoints school district subcommittee leadership. The order states there were more applications than leadership slots and grants some appointment motions while denying others.",False,False,,3047 IN RE Social Media Adolescent Addic/US_DIS_CAND_4_22md3047_451_CASE MANAGEMENT ORDER NO. 6 by Judge Yvonne Gonzal_451_0.pdf,extracted
new,3052-69,3052,69,2023-03-13,JVS,DJ,False,0,0,False,False,True,False,LeadCounsel,1,,False,False,False,False,False,,,False,False,,3052 IN RE Kia Hyundai Vehicle Theft Mar/US_DIS_CACD_8_22ml3052_69_MINUTES OF Scheduling Conference held before Judge_69_0.pdf,extracted
new,3047-82,3047,82,2022-11-15,YGR,DJ,False,3,0,True,True,True,False,LeadCounsel; Management; Communications; Motions,7,False,False,True,True,False,True,,"Subcommittee co-chairs are named without firms. The order describes responsibilities of Plaintiffs’ Co-Lead Counsel, PSC, and Plaintiffs’ Liaison Counsel, but does not list those appointees.",False,False,,3047 IN RE Social Media Adolescent Addic/US_DIS_CAND_4_22md3047_82_CASE MANAGEMENT ORDER NO. 2 PLAINTIFFS_ LEADERSHIP_82_0.pdf,extracted
new,3050-6,3050,6,2023-01-06,KPF,DJ,False,2,0,True,True,True,False,LeadCounsel; Communications; Management,1,False,False,False,True,False,True,,Order No. 1. The Court designated Ruben Honik as temporary lead and liaison counsel for Plaintiffs solely to facilitate pre-initial-conference submissions and the appointment process; it stated this temporary designation is not a precursor of future appointments.,False,False,,3050 IN RE Chantix (Varenicline) Marketi/US_DIS_NYSD_1_22md3050_6_ORDER NO. 1_ It appearing that the civil actions l_6_0.pdf,extracted
new,3047-588,3047,588,2024-02-02,YGR,DJ,False,0,0,False,False,True,False,LeadCounsel; Management; Coordination; Settlement,7,False,False,False,False,False,False,,Order adjusts existing plaintiffs' leadership structure established in Case Management Order Nos. 1 and 6. Chris Seeger is moved from Co-Lead Counsel to Counsel to the Co-Lead Counsel and Settlement Counsel; Emily Jeffcott and Joseph VanZandt are moved from PSC Leadership to Federal/State Liaisons; Ron Austin is removed from PSC membership for not submitting a reappointment request.,False,False,,3047 IN RE Social Media Adolescent Addic/US_DIS_CAND_4_22md3047_588_CASE MANAGEMENT ORDER NO. 9 RE ADJUSTMENTS TO THE _588_0.pdf,extracted
new,3047-1608,3047,1608,2025-01-24,YGR,DJ,True,0,0,False,False,True,False,LeadCounsel; Management; Communications; Settlement; Coordination,32,False,False,False,False,False,False,,,False,False,,3047 IN RE Social Media Adolescent Addic/US_DIS_CAND_4_22md3047_1608_CASE MANAGEMENT ORDER NO. 20 by Judge Yvonne Gonza_1608_0.pdf,extracted
new,3052-259,3052,259,2023-11-03,JVS,DJ,False,0,0,,,True,False,ClassCounsel; Settlement,4,False,True,,,True,,,"Order grants preliminary settlement approval, certifies the proposed Settlement Class, appoints Class Representatives, appoints named Class Counsel, and orders dissemination of notice. Settlement Administrator is discussed but no attorney/law-firm settlement administrator appointment is made.",False,False,,3052 IN RE Kia Hyundai Vehicle Theft Mar/US_DIS_CACD_8_22ml3052_259_MINUTES [IN CHAMBERS] Order Regarding Motion for P_259_0.pdf,extracted
new,3047-75,3047,75,2022-11-10,YGR,DJ,True,4,0,True,False,True,True,LeadCounsel; Management; Communications,23,True,False,False,False,False,False,,"The order notes no objections were received, but it states numerous applications were received and that some applicants changed requests for co-lead positions.",False,False,,3047 IN RE Social Media Adolescent Addic/US_DIS_CAND_4_22md3047_75_CASE MANAGEMENT ORDER NO. 1. Signed by Judge Yvonn_75_0.pdf,extracted
new,3056-106,3056,106,2023-09-08,SDG,DJ,False,0,0,True,True,True,False,ClassCounsel; Fees,1,False,True,False,False,True,,,,False,False,,3056 IN RE Overby-Seawell Company Custom/US_DIS_GAND_1_23md3056_106_FINAL APPROVAL ORDER. Plaintiff Keefer_s Motion fo_106_0.pdf,extracted
new,3052-154,3052,154,2023-06-22,JVS,DJ,True,5,0,True,,True,False,Management; Discovery; Expert,12,True,False,,,False,False,,Order No. 12; Consumer Class Action appointments from Order No. 4 remain in place. Requirements and obligations for appointment from Order No. 2 are incorporated by reference but not detailed in this order.,False,True,,3052 IN RE Kia Hyundai Vehicle Theft Mar/US_DIS_CACD_8_22ml3052_154_ORDER NO. 12_ APPOINTMENTS RE REVISED LEADERSHIP S_154_0.pdf,extracted
new,3051-55,3051,55,2023-03-15,ELR,DJ,False,2,0,True,True,True,False,Management; Communications,9,False,True,False,False,True,True,,"Plaintiffs unanimously recommended the leadership structure, and the order states no party opposed the motion.",False,True,,3051 IN RE ARC Airbag Inflators Products/US_DIS_GAND_1_22md3051_55_ORDER_ The Court GRANTS Plaintiffs_ Consent Motion_55_0.pdf,extracted
new,3055-6,3055,6,2023-02-27,CPO,DJ,False,1,0,True,True,True,False,LeadCounsel; Communications,1,False,False,False,False,False,False,,,False,False,,3055 IN RE Samsung Customer Data Securit/US_DIS_NJD_1_23md3055_6_AMENDED INITIAL CASE MANAGEMENT ORDER. The Clerk w_6_0.pdf,extracted
new,3052-50,3052,50,2023-02-09,JVS,DJ,False,4,0,True,False,True,False,Management; Discovery; Expert,11,False,False,False,False,False,False,,,False,False,,3052 IN RE Kia Hyundai Vehicle Theft Mar/US_DIS_CACD_8_22ml3052_50_ORDER NO. 2_ ADOPTION OF ORGANIZATION PLAN AND APP_50_0.pdf,extracted
new,3056-156,3056,156,2024-12-16,SDG,DJ,False,0,0,True,True,True,False,ClassCounsel,2,False,True,False,False,True,False,,Final approval order for class settlement; zero objections were filed by Settlement Class Members.,False,False,,3056 IN RE Overby-Seawell Company Custom/US_DIS_GAND_1_23md3056_156_ORDER OF FINAL APPROVAL granting 154 Motion for Se_156_0.pdf,extracted
new,3052-2,3052,2,2022-12-22,JVS,DJ,False,1,0,True,False,,,Management,4,True,False,False,False,False,True,,Initial conference order temporarily designates Initial Conference/Interim Counsel and expressly solicits applications for lead and other counsel appointments.,False,False,,3052 IN RE Kia Hyundai Vehicle Theft Mar/US_DIS_CACD_8_22ml3052_2_ORDER NO. 1_ INITIAL CONFERENCE by Judge James V. _2_0.pdf,extracted
new,3056-88,3056,88,2023-05-11,SDG,DJ,False,1,0,True,True,True,False,ClassCounsel,1,False,True,,False,True,False,,"Claims Administrator KCC Class Action Services, LLC excluded as non-attorney settlement/claims administrator.",False,False,,3056 IN RE Overby-Seawell Company Custom/US_DIS_GAND_1_23md3056_88_ORDER granting 48 Motion for Preliminary Approval _88_0.pdf,extracted
new,3055-4,3055,4,2023-02-27,CPO,DJ,False,1,0,True,False,True,False,LeadCounsel; Communications,1,False,False,False,False,False,False,,,False,False,,3055 IN RE Samsung Customer Data Securit/US_DIS_NJD_1_23md3055_4_INITIAL CASE MANAGEMENT ORDER. The Clerk will main_4_0.pdf,extracted
new,3050-39,3050,39,2023-05-01,KPF,DJ,False,2,0,True,True,True,False,LeadCounsel; Communications,4,True,True,True,True,True,False,,,False,False,,3050 IN RE Chantix (Varenicline) Marketi/US_DIS_NYSD_1_22md3050_39_ORDER_ Having considered the public and under-seal_39_0.pdf,extracted
new,3059-66,3059,66,2025-03-21,SLE,DJ,False,0,0,False,False,True,False,ClassCounsel; Settlement,0,False,True,False,False,True,False,,"Final approval order appoints Class Counsel by reference to Paragraph 13 of the Settlement Agreement, but does not name the law firms or attorneys in the order text.",True,False,,"3059 IN RE Beyond Meat, Inc., Protein Co/US_DIS_ILND_1_23cv669_66_FINAL APPROVAL ORDER. Civil case terminated. Signe_66_0.pdf",extracted
new,3055-31,3055,31,2023-03-27,CPO,DJ,False,0,0,True,True,True,False,LeadCounsel; ClassCounsel; Motions; Discovery; Expert; Settlement; Communications,12,False,False,False,False,False,False,,,False,False,,3055 IN RE Samsung Customer Data Securit/US_DIS_NJD_1_23md3055_31_ORDER appointing James E. Cecchi as Interim Lead C_31_0.pdf,extracted
new,3056-147,3056,147,2024-06-13,SDG,DJ,True,1,0,True,True,True,False,ClassCounsel,2,False,True,False,False,True,False,,Class Counsel appointed in connection with the Fulton Bank Settlement filed an opposition to the Motion. KCC Class Action Services LLC was appointed as Settlement Administrator but is excluded from Appointments as a non-legal settlement administrator.,False,False,,3056 IN RE Overby-Seawell Company Custom/US_DIS_GAND_1_23md3056_147_PRELIMINARY APPROVAL ORDER GRANTING 134 Motion for_147_0.pdf,extracted
new,3052-200,3052,200,2023-08-16,JVS,DJ,False,0,0,True,,True,,ClassCounsel; Management; Discovery; Expert,10,,True,,,True,,,Order grants class certification and denies preliminary settlement approval. Leadership roster is recited from a prior appointment/background discussion; this order does not create new leadership units.,False,False,,3052 IN RE Kia Hyundai Vehicle Theft Mar/US_DIS_CACD_8_22ml3052_200_MINUTES [IN CHAMBERS] Order Regarding Motion for P_200_0.pdf,extracted
new,3052-256,3052,256,2023-10-31,JVS,DJ,False,0,0,True,True,True,False,Management; ClassCounsel,4,False,True,False,False,True,True,,"The order states these attorneys were previously appointed to the Consumer Class Action Leadership Committee and now appoints them as Class Counsel for settlement purposes. Angeion Group, LLC was appointed Settlement Administrator but is excluded as a non-attorney/non-law-firm administrator.",False,True,,3052 IN RE Kia Hyundai Vehicle Theft Mar/US_DIS_CACD_8_22ml3052_256_ORDER GRANTING CONSUMER CLASS PLAINTIFFS_ AMENDED _256_0.pdf,extracted
new,3059-52,3059,52,2024-08-14,SLE,DJ,False,1,0,True,False,True,False,ClassCounsel,1,False,True,False,False,True,False,,Preliminary approval order appointing class counsel for settlement purposes; Kroll appointed as Settlement Administrator but excluded as a non-attorney/non-law-firm administrator.,False,False,,"3059 IN RE Beyond Meat, Inc., Protein Co/US_DIS_ILND_1_23cv669_52_PRELIMINARY APPROVAL ORDER. Signed by the Honorabl_52_0.pdf",extracted
new,3056-111,3056,111,2023-09-11,SDG,DJ,True,2,0,True,True,True,False,LeadCounsel; ClassCounsel; Management,9,False,True,True,True,True,True,,Competing Barnow Motion to appoint Ben Barnow as Fulton Bank Class Counsel was denied.,False,False,,3056 IN RE Overby-Seawell Company Custom/US_DIS_GAND_1_23md3056_111_ORDER_ Plaintiffs_ Motion to Appoint Interim Co-Le_111_0.pdf,extracted
new,2993-52,2993,52,2021-08-10,SEP,DJ,False,0,0,False,False,True,True,Communications,3,False,False,False,False,False,False,,,False,False,,3062 IN RE Crop Protection Products Loya/US_DIS_MOED_4_21md2993_52_ORDER IT IS HEREBY ORDERED that Derek Brandt and L_52_0.pdf,extracted
new,3060-1818,3060,1818,2026-04-28,MMR,DJ,False,0,0,True,True,True,True,ProSe,2,False,False,True,True,False,False,,,False,False,,"3060 IN RE Hair Relaxer Marketing, Sales/US_DIS_ILND_1_23cv818_1818_SECOND AMENDED CASE MANAGEMENT ORDER No. 13 (Pro S_1818_0.pdf",extracted
new,3071-1067,3071,1067,2025-02-06,WDC,DJ,False,0,0,,,True,False,Management,2,,False,,,False,,,Plaintiffs' unopposed motion granted; Kate Lv substituted for Walter Noss on the Plaintiffs' Steering Committee.,False,False,,"3071 IN RE RealPage, Inc., Rental Softwa/US_DIS_TNMD_3_23md3071_1067_ORDER_ Plaintiffs_ Unopposed Motion to Substitute _1067_0.pdf",extracted
new,3071-705,3071,705,2024-01-18,WDC,DJ,False,0,0,,,True,False,Management,1,False,False,,,False,False,,,False,False,,"3071 IN RE RealPage, Inc., Rental Softwa/US_DIS_TNMD_3_23md3071_705_ORDER granting (704)_ The Motion to Withdraw from _705_0.pdf",extracted
new,3071-703,3071,703,2024-01-17,WDC,DJ,False,0,0,False,False,True,False,Management,6,False,False,False,False,False,False,,,False,True,,"3071 IN RE RealPage, Inc., Rental Softwa/US_DIS_TNMD_3_23md3071_703_ORDER The Court has been notified and approves the_703_0.pdf",extracted
new,3060-1286,3060,1286,2025-06-25,MMR,DJ,False,0,0,True,True,True,True,Communications; ProSe,2,False,False,True,True,False,False,,Amended Case Management Order No. 13 establishes a pro se protocol and appoints plaintiff and defense pro se liaisons.,False,False,,"3060 IN RE Hair Relaxer Marketing, Sales/US_DIS_ILND_1_23cv818_1286_AMENDED CASE MANAGEMENT ORDER NO. 13 (Pro Se Proto_1286_0.pdf",extracted
new,3060-937,3060,937,2024-11-08,MMR,DJ,False,2,0,True,True,True,True,Communications; ProSe,2,False,False,True,True,False,False,,Case Management Order No. 13 establishes a pro se protocol and appoints plaintiff and defense Pro Se Liaisons.,False,False,,"3060 IN RE Hair Relaxer Marketing, Sales/US_DIS_ILND_1_23cv818_937_CASE MANAGEMENT ORDER No. 13 (Pro Se Protocol) Sig_937_0.pdf",extracted
new,3071-1004,3071,1004,2024-10-10,WDC,DJ,False,0,0,False,False,False,True,Communications; Management,1,True,False,False,False,False,False,,,False,False,,"3071 IN RE RealPage, Inc., Rental Softwa/US_DIS_TNMD_3_23md3071_1004_ORDER_ Defendants_ Unopposed Motion to Revise Thei_1004_0.pdf",extracted
new,3076-61,3076,61,2023-06-21,KMM,DJ,False,0,0,False,False,True,False,,0,False,False,False,False,False,False,,"The order adopts and incorporates by reference Plaintiffs’ Proposed Leadership Structure at ECF No. 59-1, but does not name the appointees in its own text.",True,False,,3076 IN RE FTX Cryptocurrency Exchange C/US_DIS_FLSD_1_23md3076_61_Initial Scheduling and Case Management Order. Sign_61_0.pdf,extracted
new,3071-1313,3071,1313,2025-11-21,WDC,DJ,False,1,0,True,True,True,False,ClassCounsel,3,False,True,False,False,True,False,,"Angeion Group, LLC was appointed as Settlement Administrator but excluded from Appointments as a non-attorney/non-leadership appointment.",False,True,,"3071 IN RE RealPage, Inc., Rental Softwa/US_DIS_TNMD_3_23md3071_1313_ORDER on Preliminary Approval of Settlements_ The _1313_0.pdf",extracted
new,3073-95,3073,95,2025-04-14,BCW,DJ,False,0,0,False,False,True,False,ClassCounsel; Communications; Management,9,False,False,False,False,False,False,,Order grants application for reappointment of the same previously appointed interim leadership counsel for one year; firms are not stated in the order text.,False,False,,3073 IN RE T-Mobile 2022 Customer Data S/US_DIS_MOWD_4_23md3073_95_ORDERED Co-Lead Interim Class Counsel_s Applicatio_95_0.pdf,extracted
new,3071-1265,3071,1265,2025-10-09,WDC,DJ,False,0,0,False,False,False,True,Management; Communications,3,True,False,False,False,False,False,,Order grants Defendants' unopposed motion to revise their Liaison Counsel and Steering Committee; the named revisions concern substitutions/de-designations for defendant representatives.,False,False,,"3071 IN RE RealPage, Inc., Rental Softwa/US_DIS_TNMD_3_23md3071_1265_ORDER_ Defendant_s Unopposed Motion to Revise Thei_1265_0.pdf",extracted
new,3071-855,3071,855,2024-03-08,WDC,DJ,False,0,0,False,False,False,True,Communications; Management,4,,False,False,False,False,False,,"Order grants defendants' motion to revise their liaison counsel and steering committee, but the text does not specify which named substitution corresponds to liaison counsel versus steering committee.",False,True,,"3071 IN RE RealPage, Inc., Rental Softwa/US_DIS_TNMD_3_23md3071_855_ORDER_ Defendants Motion to Revise Their Liaison C_855_0.pdf",extracted
new,3075-13,3075,13,2023-07-06,MSS,DJ,False,2,0,False,False,True,True,LeadCounsel,2,False,False,False,False,False,False,,,False,False,,"3075 IN RE Prepared Food Photos, Inc., C/US_DIS_FLMD_8_23md3075_13_SCHEDULING ORDER 1. Signed by Judge Mary S. Scrive_13_0.pdf",extracted
new,3073-134,3073,134,2026-05-04,BCW,DJ,False,0,0,False,False,True,False,LeadCounsel; ClassCounsel; Communications; Management,9,False,False,False,False,False,False,,Reappoints existing plaintiffs' interim leadership counsel for one year; associated law firms are not named in the order text.,False,False,,3073 IN RE T-Mobile 2022 Customer Data S/US_DIS_MOWD_4_23md3073_134_ORDERED Co-Lead Interim Class Counsel_s second App_134_0.pdf,extracted
new,3078-11,3078,11,2023-07-18,LA,DJ,True,0,0,False,False,True,False,LeadCounsel; Management; Communications,0,False,True,False,False,True,False,,Order grants the Basler Slate's competing leadership application but does not name the appointees; appointee details appear to be in the referenced application/proposed order.,True,False,,3078 IN RE Generac Solar Power Systems M/US_DIS_WIED_2_23md3078_11_DECISION AND ORDER signed by Judge Lynn Adelman on_11_0.pdf,extracted
new,3071-1068,3071,1068,2025-02-07,WDC,DJ,False,0,0,True,True,True,False,LeadCounsel; Communications; Management,13,True,True,False,True,True,True,,Order grants substitution of Kate Lv for Walter Noss and reappoints plaintiffs' leadership.,False,True,,"3071 IN RE RealPage, Inc., Rental Softwa/US_DIS_TNMD_3_23md3071_1068_ORDER CONCERNING PLAINTIFFS_ LEADERSHIP APPOINTMEN_1068_0.pdf",extracted
new,2993-66,2993,66,2021-08-27,SEP,DJ,False,2,0,True,True,True,False,LeadCounsel; ClassCounsel; Management,26,False,True,False,True,True,True,Antitrust,,False,False,,3062 IN RE Crop Protection Products Loya/US_DIS_MOED_4_21md2993_66_ORDER APPOINTING PLAINTIFFS_ INTERIM LEAD CLASS CO_66_0.pdf,extracted
new,3076-937,3076,937,2025-06-30,KMM,DJ,False,1,0,True,True,True,False,ClassCounsel,2,False,True,False,False,True,False,,"The order also appoints JND Legal Administration LLC as Settlement Administrator, but it is excluded from Appointments as a non-legal settlement administrator.",False,False,,3076 IN RE FTX Cryptocurrency Exchange C/US_DIS_FLSD_1_23md3076_937_ORDER granting 928 Plaintiffs_ Motion for Prelimin_937_0.pdf,extracted
new,2993-92,2993,92,2021-09-13,SEP,DJ,False,2,0,True,True,True,False,LeadCounsel; ClassCounsel; Management,26,False,True,True,True,True,True,Antitrust,,False,False,,3062 IN RE Crop Protection Products Loya/US_DIS_MOED_4_21md2993_92_Mail Returned as Undeliverable. Mail sent to Rober_92_0.pdf,extracted
new,3078-89,3078,89,2026-04-21,LA,DJ,False,1,0,True,True,True,False,ClassCounsel,5,False,True,False,False,True,False,,Amended preliminary approval order appoints named Settlement Class Counsel. Eisner Advisory Group LLC appointed as Settlement Administrator is excluded from Appointments because it is a non-legal settlement administrator.,False,False,,3078 IN RE Generac Solar Power Systems M/US_DIS_WIED_2_23md3078_89_AMENDED ORDER GRANTING Plaintiffs_ Unopposed Motio_89_0.pdf,extracted
new,3076-799,3076,799,2024-12-19,KMM,DJ,False,1,0,True,True,True,False,ClassCounsel,2,False,True,False,False,True,False,,"Order preliminarily approves first tranche of settlements, provisionally certifies settlement class, and appoints co-lead class counsel.",False,True,,3076 IN RE FTX Cryptocurrency Exchange C/US_DIS_FLSD_1_23md3076_799_ORDER granting 565 Motion for Preliminary Approval_799_0.pdf,extracted
new,3062-60,3062,60,2023-06-04,TDS,DJ,True,2,0,True,True,True,False,LeadCounsel; ClassCounsel; Communications,5,True,True,False,False,True,True,Antitrust,"The order resolves six competing motions for appointment of interim co-lead class counsel and liaison counsel; the motion by Cohen Milstein, Korein Tillery, Lowey Dannenberg, Quinn Emanuel, and Pinto Coates was granted and the others were denied. No defendant responses were filed.",False,False,,3062 IN RE Crop Protection Products Loya/US_DIS_NCMD_1_23md3062_60_ORDER APPOINTING INTERIM CLASS COUNSEL AND LIAISON_60_0.pdf,extracted
new,3071-278,3071,278,2023-06-13,WDC,DJ,False,5,0,True,True,True,True,LeadCounsel; ClassCounsel; Communications; Management,18,True,True,,True,True,True,,"Some Plaintiffs’ Steering Committee Counsel are identified by firm only, with attorneys to be identified.",False,True,,"3071 IN RE RealPage, Inc., Rental Softwa/US_DIS_TNMD_3_23md3071_278_ORDER_ On June 1, 2023, the Court issued an Order _278_0.pdf",extracted
new,3078-81,3078,81,2026-01-13,LA,DJ,False,1,0,True,True,True,False,ClassCounsel,5,False,True,False,False,True,False,,"PACER header and signature date are January 13, 2026; order text also states it is ordered on the 12th day of January, 2026.",False,False,,3078 IN RE Generac Solar Power Systems M/US_DIS_WIED_2_23md3078_81_ORDER GRANTING PLAINTIFFS_ UNOPPOSED MOTION FOR PR_81_0.pdf,extracted
new,3074-45,3074,45,2023-07-12,MAK,DJ,False,4,0,True,True,True,True,LeadCounsel; Communications; Management,7,False,False,False,True,False,True,,"Order states counsel were designated upon consent and hearing no objection. It also directs termination without prejudice of present representation in the district for several non-admitted attorneys, but those are not leadership removals.",False,False,,"3074 IN RE BPS Direct, LLC, and Cabela_s/US_DIS_PAED_2_23md3074_45_ORDER THAT THE COURT DESIGNATES COUNSEL UPON CONSE_45_0.pdf",extracted
new,3073-39,3073,39,2024-01-08,BCW,DJ,True,3,0,True,True,True,False,LeadCounsel; ClassCounsel; Communications; Management,9,False,True,False,True,True,False,,The order resolved multiple plaintiffs' counsel motions for appointment as interim lead class counsel and/or leadership positions after interviews.,False,False,,3073 IN RE T-Mobile 2022 Customer Data S/US_DIS_MOWD_4_23md3073_39_ORDER appointing interim leadership counsel.  Stat_39_0.pdf,extracted
new,3079-10,3079,10,2023-06-29,TMD,DJ,False,0,0,True,True,True,False,LeadCounsel; Management; Communications,12,False,False,True,True,False,True,,,False,False,,"3079 IN RE Tepezza Marketing, Sales Prac/US_DIS_ILND_1_23cv3568_10_ORDER Granting Unopposed Motion for Appointment of_10_0.pdf",extracted
new,3076-940,3076,940,2025-07-22,KMM,DJ,False,1,0,True,True,True,False,ClassCounsel,2,False,True,False,False,True,False,,,False,True,,3076 IN RE FTX Cryptocurrency Exchange C/US_DIS_FLSD_1_23md3076_940_ORDER granting 939 Plaintiffs_ Motion for Prelimin_940_0.pdf,extracted
new,3078-12,3078,12,2023-07-18,LA,DJ,False,4,0,True,True,True,True,LeadCounsel; Communications; Management,8,False,False,True,True,False,False,,"Order states that defendants shall be represented by one or more attorneys to serve as lead counsel, but appoints no defendant attorneys by name.",False,False,,3078 IN RE Generac Solar Power Systems M/US_DIS_WIED_2_23md3078_12_ORDER GRANTING THE APPLICATION OF THE PROPOSED BAS_12_0.pdf,extracted
new,3080-895,3080,895,2026-03-11,BRM,DJ,False,0,0,,,True,False,Management,4,False,,,,,,,,False,False,,3080 IN RE Insulin Pricing Litigation/US_DIS_NJD_2_23md3080_895_CONSENT ORDER MODIFYING CASE MANAGEMENT ORDER #3 t_895_0.pdf,extracted
new,3081-111,3081,111,2023-11-22,DGC,DJ,False,0,0,False,False,True,False,Management,1,False,False,False,False,False,False,,Attorney Mark O’Connor added to Plaintiffs’ Steering Committee.,False,False,,3081 IN RE Bard Implanted Port Catheter/US_DIS_AZD_2_23md3081_111_CASE MANAGEMENT ORDER NO. 6 (Second Case Managemen_111_0.pdf,extracted
new,3080-266,3080,266,2024-08-28,BRM,DJ,False,3,0,True,True,True,False,ClassCounsel; LeadCounsel; Management; Communications,8,False,True,False,False,True,False,,"Order consolidates related direct-purchaser and TPP class actions and replaces the TPP Class Track with the Class Action Track. Header also lists Magistrate Judge Rukhsanah L. Singh, but the order is signed by District Judge Brian R. Martinotti.",False,False,,3080 IN RE Insulin Pricing Litigation/US_DIS_NJD_2_23md3080_266_CASE MANAGEMENT ORDER #12 (Consolidation of Direct_266_0.pdf,extracted
new,3081-1130,3081,1130,2024-08-20,DGC,DJ,False,0,0,True,True,True,False,LeadCounsel; Management; Communications; Coordination,29,False,False,True,True,False,False,,,False,False,,3081 IN RE Bard Implanted Port Catheter/US_DIS_AZD_2_23md3081_1130__AMENDED By Doc. 4864 _AMENDED CASE MANAGEMENT ORD_1130_0.pdf,extracted
new,3083-1432,3083,1432,2025-04-03,ADB,DJ,False,0,0,False,False,True,False,ClassCounsel,6,False,True,False,False,True,False,,,False,False,,3083 IN RE MOVEit Customer Data Security/US_DIS_MAD_1_23md3083_1432_Judge Allison D. Burroughs_ FINAL APPROVAL ORDER e_1432_0.pdf,extracted
new,3083-1610,3083,1610,2025-10-21,ADB,DJ,False,0,0,True,True,True,False,ClassCounsel; Settlement,6,False,True,False,False,True,False,,,False,False,,3083 IN RE MOVEit Customer Data Security/US_DIS_MAD_1_23md3083_1610_Judge Allison D. Burroughs_ FINAL APPROVAL ORDER e_1610_0.pdf,extracted
new,3083-1416,3083,1416,2025-03-11,ADB,DJ,False,1,0,,,True,False,ClassCounsel,6,False,True,False,False,True,False,,,False,False,,3083 IN RE MOVEit Customer Data Security/US_DIS_MAD_1_23md3083_1416_Judge Allison D. Burroughs_ ORDER of Preliminary A_1416_0.pdf,extracted
new,3083-1300,3083,1300,2024-12-09,ADB,DJ,False,1,0,False,False,True,False,ClassCounsel,6,False,True,False,False,True,False,,"Order also appoints Epiq Class Action & Claims Solutions, Inc. as Settlement Administrator, excluded from Appointments as a non-attorney/non-law-firm role.",False,False,,3083 IN RE MOVEit Customer Data Security/US_DIS_MAD_1_23md3083_1300_Judge Allison D. Burroughs_ ORDER entered. Amended_1300_0.pdf,extracted
new,3081-4864,3081,4864,2025-08-27,DGC,DJ,False,0,0,True,True,True,False,LeadCounsel; Management; Communications; Coordination,29,False,False,True,True,False,False,,Second amended case management order renews plaintiffs' leadership appointments for a one-year term; prior amended order had appointed leadership.,False,False,,3081 IN RE Bard Implanted Port Catheter/US_DIS_AZD_2_23md3081_4864__SECOND AMENDED CASE MANAGEMENT ORDER NO. 1 - Atto_4864_0.pdf,extracted
new,3083-1485,3083,1485,2025-05-13,ADB,DJ,False,0,0,True,True,True,False,ClassCounsel,6,False,True,False,False,True,False,,,False,False,,3083 IN RE MOVEit Customer Data Security/US_DIS_MAD_1_23md3083_1485_Judge Allison D. Burroughs_ FINAL APPROVAL ORDER e_1485_0.pdf,extracted
new,3083-1744,3083,1744,2026-03-31,ADB,DJ,False,0,0,False,False,True,False,ClassCounsel; Settlement; Fees,6,False,True,False,False,True,False,,Final approval order appointing Class Counsel for settlement purposes only and approving settlement/fees.,False,False,,3083 IN RE MOVEit Customer Data Security/US_DIS_MAD_1_23md3083_1744_Judge Allison D. Burroughs_ ORDER entered. FINAL A_1744_0.pdf,extracted
new,3083-1532,3083,1532,2025-08-14,ADB,DJ,False,1,0,False,False,True,False,ClassCounsel,6,False,True,False,False,True,False,,"Preliminary approval order appointing Settlement Class Counsel pursuant to Rule 23(g). A.B. Data, Ltd. is appointed as Settlement Administrator but excluded from Appointments as a non-attorney/non-law-firm role.",False,False,,3083 IN RE MOVEit Customer Data Security/US_DIS_MAD_1_23md3083_1532_Judge Allison D. Burroughs_ ORDER of Preliminary A_1532_0.pdf,extracted
new,3083-1534,3083,1534,2025-08-14,ADB,DJ,False,0,0,True,False,True,False,ClassCounsel,6,False,True,False,False,True,False,,,False,False,,3083 IN RE MOVEit Customer Data Security/US_DIS_MAD_1_23md3083_1534_Judge Allison D. Burroughs_ AMENDED Preliminary Ap_1534_0.pdf,extracted
new,3083-1734,3083,1734,2026-03-25,ADB,DJ,False,1,0,True,True,True,False,ClassCounsel,6,False,True,False,False,True,False,,,False,False,,3083 IN RE MOVEit Customer Data Security/US_DIS_MAD_1_23md3083_1734_Judge Allison D. Burroughs_ ORDER of Preliminary A_1734_0.pdf,extracted
new,3084-2675,3084,2675,2025-03-31,CRB,DJ,False,0,0,False,,True,False,Management,1,False,False,,,False,False,,Order appoints Elizabeth Cabraser as an additional member of an existing Plaintiffs' Steering Committee previously appointed in Pretrial Order No. 4.,False,False,,"3084 IN RE Uber Technologies, Inc., Pass/US_DIS_CAND_3_23md3084_2675_PRETRIAL ORDER NO. 23_ ORDER APPOINTING ELIZABETH _2675_0.pdf",extracted
new,3080-34,3080,34,2023-12-06,BRM,DJ,False,10,0,True,True,True,False,LeadCounsel; Management; Communications; ClassCounsel,38,False,False,False,True,True,True,,Order creates plaintiff-side litigation tracks and leadership; named liaison counsel designees are to be provided later and are not named in this order.,False,False,,3080 IN RE Insulin Pricing Litigation/US_DIS_NJD_2_23md3080_34_CASE MANAGEMENT ORDER #3 re separate litigation tr_34_0.pdf,extracted
new,3081-41,3081,41,2023-09-19,DGC,DJ,False,4,0,True,True,True,False,LeadCounsel; Management; Communications; Coordination,28,False,False,True,True,False,False,,"Order states the Court considered all applications submitted, but does not show competing applications for the same position or objections. The unnamed attorney to be designated by Troy A. Brenes for the PSC is not extracted as an appointee because no name is provided.",False,False,,3081 IN RE Bard Implanted Port Catheter/US_DIS_AZD_2_23md3081_41__AMENDED By Doc. 1130 _CASE MANAGEMENT ORDER NO. 1_41_0.pdf,extracted
new,3083-1717,3083,1717,2026-03-09,ADB,DJ,False,1,0,True,,True,False,ClassCounsel,6,False,True,False,False,True,False,,Order preliminarily appoints named Settlement Class Counsel; non-attorney Settlement Administrator excluded from Appointments.,False,False,,3083 IN RE MOVEit Customer Data Security/US_DIS_MAD_1_23md3083_1717_Judge Allison D. Burroughs_ ORDER entered GRANTING_1717_0.pdf,extracted
new,03083-1804,03083,1804,2026-04-29,ADB,DJ,False,1,0,True,False,True,False,ClassCounsel,6,False,True,False,False,True,False,,,False,False,,3083 IN RE MOVEit Customer Data Security/US_DIS_MAD_1_23md3083_1804_Judge Allison D. Burroughs_ ORDER of Preliminary A_1804_0.pdf,extracted
new,3083-1266,3083,1266,2024-10-11,ADB,DJ,False,1,0,True,True,True,False,ClassCounsel,6,False,True,False,False,True,False,,,False,False,,3083 IN RE MOVEit Customer Data Security/US_DIS_MAD_1_23md3083_1266_Judge Allison D. Burroughs_ ORDER of Preliminary A_1266_0.pdf,extracted
new,03083-1661,03083,1661,2026-01-05,ADB,DJ,False,1,0,True,False,True,False,ClassCounsel,6,False,True,False,False,True,False,,"Preliminary approval order appoints Settlement Administrator Simpluris, Inc., a non-attorney settlement administrator, which is excluded from Appointments.",False,False,,3083 IN RE MOVEit Customer Data Security/US_DIS_MAD_1_23md3083_1661_Judge Allison D. Burroughs_ ORDER of Preliminary A_1661_0.pdf,extracted
new,3084-152,3084,152,2023-12-06,CRB,DJ,True,4,0,True,True,True,False,LeadCounsel; Management; Communications; Coordination,11,True,False,,True,False,False,,The order states that the Court invited applications and received 22 applications and four responses before making plaintiffs' leadership appointments.,False,False,,"3084 IN RE Uber Technologies, Inc., Pass/US_DIS_CAND_3_23md3084_152_PRETRIAL ORDER NO. 4_ ORDER APPOINTING PLAINTIFFS__152_0.pdf",extracted
new,3092-133,3092,133,2024-08-08,JPC,DJ,False,0,0,False,False,True,False,Management,1,False,False,False,False,False,False,,,False,False,,3092 IN RE Suboxone (BuprenorphineNaloxo/US_DIS_OHND_1_24md3092_133_Case Management Order No. 10 (Additional Appointme_133_0.pdf,extracted
new,3087-98,3087,98,2024-03-13,BLF,DJ,False,4,0,False,False,True,False,LeadCounsel; Management; Coordination,12,False,False,False,False,False,False,,,False,False,,"3087 IN RE Future Motion, Inc. Products/US_DIS_CAND_5_23md3087_98_CASE MANAGEMENT ORDER NO. 2. Signed by Judge Beth _98_0.pdf",extracted
new,3083-649,3083,649,2024-01-19,ADB,DJ,True,5,0,True,,True,False,LeadCounsel; Communications; Management; Coordination; Fees; Vetting; Discovery; Motions; Expert; Settlement,20,,,,,,,,,False,False,,3083 IN RE MOVEit Customer Data Security/US_DIS_MAD_1_23md3083_649_Judge Allison D. Burroughs_ ORDER entered. MDL Ord_649_0.pdf,extracted
new,3090-160,3090,160,2024-04-26,RAR,DJ,False,0,0,False,False,True,False,LeadCounsel,1,False,False,False,False,False,False,,,False,False,,3090 IN RE Fortra File Transfer Software/US_DIS_FLSD_1_24md3090_160_ORDER GRANTING PLAINTIFFS_ MOTION TO DESIGNATE DEF_160_0.pdf,extracted
new,3087-56,3087,56,2024-01-22,BLF,DJ,False,1,0,True,True,True,False,LeadCounsel,2,False,False,False,False,False,False,,"Order appoints interim co-lead counsel for the personal injury/wrongful death cases. The order expressly declines to appoint interim lead counsel for the class action cases at this time, while recognizing attorneys who will initially handle those cases.",False,False,,"3087 IN RE Future Motion, Inc. Products/US_DIS_CAND_5_23md3087_56_CASE MANAGEMENT ORDER NO. 1. Signed by Judge Beth _56_0.pdf",extracted
new,3089-220,3089,220,2024-06-11,BMC,DJ,False,0,0,False,False,True,False,Management,26,False,False,False,False,False,False,,Court exhibit lists PEC and PSC members; no text establishes new units.,False,False,,3089 IN RE Oral Phenylephrine Marketing/US_DIS_NYED_1_23md3089_220_Minute Entry and Order for Status Conference held _220_0.pdf,extracted
new,3090-176,3090,176,2024-09-24,RAR,DJ,False,1,0,True,True,True,False,ClassCounsel,4,False,True,False,False,True,True,,Order grants preliminary approval of class action settlement and appoints named Class Counsel. Settlement Administrator is excluded as a non-attorney/non-law-firm role.,False,False,,3090 IN RE Fortra File Transfer Software/US_DIS_FLSD_1_24md3090_176_ORDER GRANTING PLAINTIFFS_ UNOPPOSED MOTION FOR PR_176_0.pdf,extracted
new,3092-132,3092,132,2024-08-08,JPC,DJ,True,0,0,True,False,True,False,Management,7,False,False,False,False,False,False,,"Order states the PLC received applications, applicants were interviewed and considered, and the Court appoints members to the Plaintiffs’ Leadership Development Committee.",False,False,,3092 IN RE Suboxone (BuprenorphineNaloxo/US_DIS_OHND_1_24md3092_132_Case Management Order No. 9 (Plaintiffs_ Leadershi_132_0.pdf,extracted
new,3083-834,3083,834,2024-03-28,ADB,DJ,False,0,0,True,True,True,False,LeadCounsel; Communications; Coordination; Fees; Discovery; Vetting; Motions; Expert; Settlement,5,False,False,False,True,True,True,,"Order sets responsibilities for plaintiff leadership and committees, referencing leadership appointments made in MDL Order No. 8.",,False,,3083 IN RE MOVEit Customer Data Security/US_DIS_MAD_1_23md3083_834_Judge Allison D. Burroughs_ ORDER entered. MDL Ord_834_0.pdf,extracted
new,3090-217,3090,217,2025-02-11,RAR,DJ,False,0,0,True,True,True,False,ClassCounsel; Fees; Settlement; SettlementAdministration,4,False,True,False,False,True,True,,,False,False,,3090 IN RE Fortra File Transfer Software/US_DIS_FLSD_1_24md3090_217_ORDER granting 198 Plaintiffs_ Motion for Final Ap_217_0.pdf,extracted
new,3090-244,3090,244,2025-09-17,RAR,DJ,False,0,0,True,True,True,False,LeadCounsel; ClassCounsel; Fees; Settlement; SettlementAdministration,14,False,True,False,False,True,True,Data Security Breach,Order grants final approval and affirms/appoints Lead Counsel and Class Counsel by role only; the order text does not name the attorneys or firms.,False,True,,3090 IN RE Fortra File Transfer Software/US_DIS_FLSD_1_24md3090_244_ORDER GRANTING PLAINTIFFS_ UNOPPOSED MOTION FOR FI_244_0.pdf,motion-read
new,3094-427,3094,427,2025-06-17,KSM,DJ,False,0,0,,,True,,Management,2,,,,,,,,,False,False,,3094 IN RE Glucagon-like Peptide-1 Recep/US_DIS_PAED_2_24md3094_427_ORDER THAT PLAINTIFFS CO-LEAD COUNSELS MOTION FOR _427_0.pdf,extracted
new,3090-231,3090,231,2025-04-15,RAR,DJ,False,0,0,True,True,True,False,LeadCounsel; ClassCounsel,3,False,True,False,False,True,True,,Preliminary approval order appoints named Lead Counsel/Class Counsel; non-attorney Settlement Administrator excluded.,False,False,,3090 IN RE Fortra File Transfer Software/US_DIS_FLSD_1_24md3090_231_ORDER granting 230 Unopposed Motion for Preliminar_231_0.pdf,extracted
new,3092-281,3092,281,2025-07-01,JPC,DJ,False,0,0,False,False,True,False,LeadCounsel; Management; Communications,26,False,False,False,False,False,False,,Reappointment/annual renewal of existing plaintiffs' leadership; two Leadership Development Committee members are denoted as newly appointed with asterisks.,False,False,,3092 IN RE Suboxone (BuprenorphineNaloxo/US_DIS_OHND_1_24md3092_281_Case Management Order No. 19 (Reappointment of Pla_281_0.pdf,extracted
new,3092-282,3092,282,2025-07-02,JPC,DJ,False,0,0,False,False,True,False,LeadCounsel; Management; Communications,28,False,False,False,False,False,False,,Order reappoints existing plaintiffs' leadership and appoints two new Leadership Development Committee members denoted by asterisks.,False,False,,3092 IN RE Suboxone (BuprenorphineNaloxo/US_DIS_OHND_1_24md3092_282_Amended Case Management Order No. 19 (Reappointmen_282_0.pdf,extracted
new,3094-645,3094,645,2026-04-15,KSM,DJ,False,0,0,False,False,True,False,Management,2,False,False,False,False,False,False,,,False,False,,3094 IN RE Glucagon-like Peptide-1 Recep/US_DIS_PAED_2_24md3094_645_ORDER THAT PLAINTIFFS CO-LEAD COUNSELS MOTION FOR _645_0.pdf,extracted
new,3094-121,3094,121,2024-05-08,GEKP,DJ,False,0,0,True,False,True,False,LeadCounsel; Management,24,False,False,False,False,False,False,,,False,False,,3094 IN RE Glucagon-like Peptide-1 Recep/US_DIS_PAED_2_24md3094_121_CASE MANAGEMENT ORDER NO. 6 THAT COUNSEL ARE APPOI_121_0.pdf,extracted
new,3090-129,3090,129,2024-03-19,RAR,DJ,False,0,0,True,True,True,True,LeadCounsel; Management; Communications; ClassCounsel; Settlement,26,True,True,True,True,True,True,,Order adopts joint Proposal appointing Plaintiffs’ leadership and identifies Defendants’ liaison firms; the order notes no party objected to appointing interim class counsel and liaison counsel.,False,False,,3090 IN RE Fortra File Transfer Software/US_DIS_FLSD_1_24md3090_129_ORDER APPOINTING PLAINTIFFS_ LEADERSHIP. Signed by_129_0.pdf,extracted
new,3092-35,3092,35,2024-03-08,JPC,DJ,False,6,0,True,True,True,False,LeadCounsel; Management; Communications,20,False,False,False,True,False,True,,The order directs submission of a later proposed order for creation of a Leadership Development Committee; that committee is not treated as created by this order.,False,False,,3092 IN RE Suboxone (BuprenorphineNaloxo/US_DIS_OHND_1_24md3092_35_Case Management Order No. 2 and Plaintiff_s Leader_35_0.pdf,extracted
new,3094-112,3094,112,2024-04-23,GEKP,DJ,False,0,0,True,False,True,False,Communications; Management,10,False,False,False,False,False,False,,,False,False,,3094 IN RE Glucagon-like Peptide-1 Recep/US_DIS_PAED_2_24md3094_112_CASE MANAGEMENT ORDER NO. 3 THAT ROBERTA LIEBENBER_112_0.pdf,extracted
new,3097-316,3097,316,2025-08-27,LJL,DJ,False,1,0,True,False,True,False,ClassCounsel,3,False,True,False,False,True,False,,,False,True,,"3097 IN RE Concrete and Cement Additives/US_DIS_NYSD_1_24md3097_316_ORDER_ The Court, having reviewed the motion, its _316_0.pdf",extracted
new,3097-315,3097,315,2025-08-27,LJL,DJ,False,1,0,True,True,True,False,ClassCounsel,1,False,True,False,False,True,False,,,False,False,,3097 IN RE Concrete and Cement Additives/US_DIS_NYSD_1_24md3097_315_ORDER PRELIMINARILY APPROVING THE DIRECT PURCHASER_315_0.pdf,extracted
new,3098-62,3098,62,2024-06-05,EMC,DJ,True,1,0,True,True,True,False,LeadCounsel,3,False,False,False,False,False,False,,The order states that multiple motions/applicants sought appointment of counsel and that some applicants were not named Co-Lead Counsel; the Court declined to appoint separate Settlement Counsel or Liaison Counsel.,False,False,,"3098 IN RE 23andMe, Inc., Customer Data/US_DIS_CAND_3_24md3098_62_PRETRIAL ORDER NO. 2_ Order Appointing Counsel_ an_62_0.pdf",extracted
new,3101-147,3101,147,2024-05-16,JSC,DJ,False,0,0,True,True,True,True,LeadCounsel; Management; Communications,20,False,False,False,False,False,False,,,False,False,,3101 IN RE Baby Food Products Liability/US_DIS_CAND_3_24md3101_147_PRETRIAL ORDER NO. 2_ ORDER APPOINTING LEADERSHIP _147_0.pdf,extracted
new,3108-500,3108,500,2026-02-06,DWF,DJ,False,0,0,True,False,,,Coordination,1,False,False,False,False,False,False,,Order grants Matthew J. Sill leave to withdraw from the court-appointed State Court/MDL Liaison Counsel position; no replacement appointed in this order.,False,False,,"3108 IN RE Change Healthcare, Inc., Cust/US_DIS_MND_0_24md3108_500_MDL PRETRIAL ORDER NO. 25_ RE_ Motion for Leave to_500_0.pdf",extracted
new,3097-126,3097,126,2024-07-09,LJL,DJ,False,2,0,True,True,True,False,LeadCounsel; ClassCounsel; Management,4,False,True,True,True,True,False,,,False,False,,3097 IN RE Concrete and Cement Additives/US_DIS_NYSD_1_24md3097_126_ORDER GRANTING THE HAUSFELD GROUP_S MOTION TO APPO_126_0.pdf,extracted
new,3097-125,3097,125,2024-07-09,LJL,DJ,False,1,0,True,True,True,False,LeadCounsel; ClassCounsel,3,,False,,True,False,False,,"Motion was unopposed. Header text appears OCR-interleaved, but order is dated July 9, 2024 and docket/source indicate Document 125.",False,False,,3097 IN RE Concrete and Cement Additives/US_DIS_NYSD_1_24md3097_125_ORDER GRANTING INDIRECT PURCHASER PLAINTIFFS_ UNOP_125_0.pdf,extracted
new,3096-70,3096,70,2024-06-04,RPK,DJ,True,3,0,True,True,True,False,LeadCounsel; Communications; ClassCounsel; Coordination,12,False,False,True,True,False,False,,"The order states the Court received seven competing motions to appoint interim class counsel, granted the majority plaintiffs' application in part, and denied the other motions.",False,False,,"3096 IN RE Perry Johnson & Associates Me/US_DIS_NYED_1_24md3096_70_ORDER_ As set forth in the attached Order, the 48 _70_0.pdf",extracted
new,3110-371,3110,371,2025-04-28,JWB,DJ,False,0,0,False,False,False,True,Management,4,False,False,False,False,False,False,,,False,False,,3110 IN RE Granulated Sugar Antitrust Li/US_DIS_MND_0_24md3110_371_ORDER AMENDING PRETRIAL ORDER NO. 4 AND AMENDING D_371_0.pdf,extracted
new,3103-116,3103,116,2024-05-21,TSK,DJ,False,1,0,True,,,,Communications,6,True,False,,True,False,True,,,False,False,,3103 IN RE Aflibercept Patent Litigation/US_DIS_WVND_1_24md3103_116_ORDER REGARDING LIAISON COUNSEL. Signed by Chief D_116_0.pdf,extracted
new,3113-63,3113,63,2025-01-15,LDW,MJ,False,0,0,False,False,True,False,ClassCounsel,1,False,False,False,False,False,False,,Letter order grants withdrawal of Jordan A. Rice as counsel for Plaintiff Joseph Giamanco and as Interim Counsel for the Putative Direct Apple Watch Purchaser Plaintiff Class.,False,False,,3113 IN RE Apple Inc. Smartphone Antitru/US_DIS_NJD_2_24md3113_63_LETTER ORDER granting Request for Withdrawal of At_63_0.pdf,extracted
new,3108-54,3108,54,2024-08-14,DWF,DJ,False,1,0,True,True,True,False,LeadCounsel,1,True,False,False,False,False,False,,Order appoints temporary interim plaintiff counsel and sets a procedure for later leadership applications if consensus is not reached.,False,False,,"3108 IN RE Change Healthcare, Inc., Cust/US_DIS_MND_0_24md3108_54_MDL PRETRIAL ORDER NO. 1 (Establishing Preliminary_54_0.pdf",extracted
new,3113-83,3113,83,2025-05-06,LDW,MJ,False,0,0,False,False,True,False,ClassCounsel,1,False,False,False,False,False,False,,Letter order grants withdrawal of Jonathan E. Barbee as counsel for Plaintiff Joseph Giamanco and as Interim Counsel for the Putative Direct Apple Watch Purchaser Plaintiff Class.,False,False,,3113 IN RE Apple Inc. Smartphone Antitru/US_DIS_NJD_2_24md3113_83_LETTER ORDER granting 82 Motion that Jonathan E. B_83_0.pdf,extracted
new,3111-9,3111,9,2024-07-01,DJN,DJ,False,2,0,False,False,False,True,LeadCounsel,2,False,False,False,False,False,False,,,False,False,,3111 IN RE Capital One 360 Savings Accou/US_DIS_VAED_1_24md3111_9_Pretrial Order No. 3 (Appointing Defendants_ Lead _9_0.pdf,extracted
new,3111-174,3111,174,2025-06-16,DJN,DJ,False,2,0,True,True,True,False,ClassCounsel; SettlementAdministration,2,False,True,False,False,True,False,,,False,False,,3111 IN RE Capital One 360 Savings Accou/US_DIS_VAED_1_24md3111_174_ORDER Preliminarily Approving Class Action Settlem_174_0.pdf,extracted
new,3111-348,3111,348,2026-04-20,DJN,DJ,False,0,0,True,True,True,False,ClassCounsel,2,False,True,False,False,True,False,,Final approval order confirms prior appointment of class counsel and local counsel; also approves settlement and awards fees.,False,False,,3111 IN RE Capital One 360 Savings Accou/US_DIS_VAED_1_24md3111_348_ORDER_(Approving Class Action Settlement_ Awarding_348_0.pdf,extracted
new,3111-296,3111,296,2026-01-12,DJN,DJ,False,0,0,False,True,True,False,ClassCounsel,2,False,True,False,False,True,False,,Preliminarily approves class action settlement and conditionally reappoints class counsel and local counsel. Non-attorney settlement administrator and special master excluded from Appointments.,False,False,,3111 IN RE Capital One 360 Savings Accou/US_DIS_VAED_1_24md3111_296_ORDER_ ((Preliminarily Approving Class Action Sett_296_0.pdf,extracted
new,3113-59,3113,59,2024-12-27,JXN,DJ,False,1,0,True,True,True,False,Management,5,False,True,,True,True,False,,,False,True,,3113 IN RE Apple Inc. Smartphone Antitru/US_DIS_NJD_2_24md3113_59_ORDER granting 18 Indirect iPhone Purchasers (_IIP_59_0.pdf,extracted
new,3107-137,3107,137,2024-07-03,SL,DJ,False,7,0,True,True,True,False,LeadCounsel; Communications; Management,31,False,False,True,True,True,False,,,False,False,,3107 IN RE Passenger Vehicle Replacement/US_DIS_OHND_5_24md3107_137_Case Management Order No. 4 (Appointment of Plaint_137_0.pdf,extracted
new,3111-6,3111,6,2024-06-24,DJN,DJ,False,3,0,True,True,True,False,LeadCounsel; ClassCounsel,2,False,True,False,False,True,False,,"Plaintiffs' motion for appointment was unopposed. Order also directs defendants to propose lead counsel and, if necessary, local counsel, but does not appoint defense counsel.",False,False,,3111 IN RE Capital One 360 Savings Accou/US_DIS_VAED_1_24md3111_6_Pretrial Order No. 1 (Appointing Plaintiffs_ Lead _6_0.pdf,extracted
?,,,160,2024-10-25,MFK,DJ,False,0,0,,,False,True,Communications,1,,,,,,,,Appointment was by agreement.,False,False,,3121 IN RE MultiPlan Health Insurance Pr/US_DIS_ILND_1_24cv6795_160_MINUTE entry before the Honorable Matthew F. Kenne_160_0.pdf,extracted
new,3108-236,3108,236,2025-03-12,DWF,DJ,False,0,0,True,True,True,True,LeadCounsel; Communications; Coordination,15,False,False,False,True,False,False,,Coordination order governing coordination between the MDL and state-court proceedings; leadership roles appear in definitions rather than in a standalone appointment section.,False,False,,"3108 IN RE Change Healthcare, Inc., Cust/US_DIS_MND_0_24md3108_236_MDL PRETRIAL ORDER No. 7 re_ Coordination Order. S_236_0.pdf",extracted
new,3114-11,3114,11,2024-08-14,E,DJ,False,4,0,False,False,True,False,LeadCounsel; Communications; Management,11,True,False,False,False,False,True,,,False,True,,3114 IN RE AT&T Inc. Customer Data Secur/US_DIS_TXND_3_24md3114_11_CASE MANAGEMENT ORDER #2_ The Court appoints the b_11_0.pdf,extracted
new,03119-248,03119,248,2025-07-22,MLG,DJ,False,1,0,True,True,True,False,LeadCounsel; Communications,5,False,False,True,True,True,True,,,False,False,,3119 IN RE Shale Oil Antitrust Litigatio/US_DIS_NMD_1_24md3119_248_ORDER APPOINTING THE FUTURES & DERIVATIVES INTERIM_248_0(2).pdf,extracted
new,3119-83,3119,83,2024-12-20,MLG,DJ,True,2,0,True,True,True,False,LeadCounsel; Communications,4,False,True,True,True,True,True,,,False,False,,3119 IN RE Shale Oil Antitrust Litigatio/US_DIS_NMD_1_24md3119_83_ORDER APPOINTING INTERIM LEADERSHIP STRUCTURE by D_83_0.pdf,extracted
new,3113-35,3113,35,2024-10-17,JXN,DJ,True,4,0,False,False,True,False,LeadCounsel; Communications,9,False,False,False,False,False,False,,The order grants DAWP and IIP interim co-lead counsel and liaison counsel appointments; it reserves decision on the IIP request for an executive committee and on competing DIP Group 1/DIP Group 2 co-lead interim counsel motions.,False,False,,3113 IN RE Apple Inc. Smartphone Antitru/US_DIS_NJD_2_24md3113_35_ORDER granting 20 DAWP Group_s motion to appoint K_35_0.pdf,extracted
new,03119-248,03119,248,2025-07-22,MLG,DJ,False,1,0,True,True,True,False,LeadCounsel; Communications,5,False,False,True,True,True,True,,,False,False,,3119 IN RE Shale Oil Antitrust Litigatio/US_DIS_NMD_1_24md3119_248_ORDER APPOINTING THE FUTURES & DERIVATIVES INTERIM_248_0.pdf,extracted
new,3110-256,3110,256,2024-10-30,JWB,DJ,True,0,0,True,True,True,True,LeadCounsel; Management; Communications; Fees,15,False,False,,True,True,False,Antitrust,,False,False,,3110 IN RE Granulated Sugar Antitrust Li/US_DIS_MND_0_24md3110_256_PRETRIAL ORDER NO. 4_ Appointment of Plaintiffs_ a_256_0.pdf,extracted
new,3119-83,3119,83,2024-12-20,MLG,DJ,True,2,0,True,True,True,False,LeadCounsel; Communications,4,False,True,True,True,True,True,,Order states multiple attorneys and law firms moved for appointment and the Court made a difficult selection. The Court refrains from forming a proposed plaintiffs’ counsel executive committee at this time.,False,False,,3119 IN RE Shale Oil Antitrust Litigatio/US_DIS_NMD_1_24md3119_83_ORDER APPOINTING INTERIM LEADERSHIP STRUCTURE by D_83_0(2).pdf,extracted
new,3121-156,3121,156,2024-10-15,MFK,DJ,False,0,0,True,True,True,False,Communications; Management,5,False,False,True,True,False,False,,Filed date used; signature date appears as 19/15/2024.,False,True,,3121 IN RE MultiPlan Health Insurance Pr/US_DIS_ILND_1_24cv6795_156_CASE MANAGEMENT ORDER NO. 3 - ORDER APPOINTING PLA_156_0.pdf,extracted
new,3114-44,3114,44,2025-06-20,E,DJ,False,2,0,True,True,True,False,ClassCounsel,11,False,True,False,False,True,False,,The order denies without prejudice a motion to intervene and in opposition to preliminary approval; the order states plaintiffs' preliminary-approval motion was unopposed.,False,False,,3114 IN RE AT&T Inc. Customer Data Secur/US_DIS_TXND_3_24md3114_44_PRELIMINARY APPROVAL ORDER - Schedule_ The Court h_44_0.pdf,extracted
new,3113-57,3113,57,2024-12-19,JXN,DJ,True,3,0,True,True,True,False,LeadCounsel; ClassCounsel; Trial; Communications,9,True,False,,,False,True,,"Order states the Court considered papers submitted in support of and in opposition to Direct Purchaser Plaintiff class leadership, but also references a consensus proposal. Shawn Rabin is named as a Chair for Co-Lead Interim Class Counsel; chair role is not separately mapped to an allowed appointment type.",False,False,,3113 IN RE Apple Inc. Smartphone Antitru/US_DIS_NJD_2_24md3113_57_ORDER that Steve W. Berman of Hagens Berman Sobol _57_0.pdf,extracted
new,3121-155,3121,155,2024-10-15,MFK,DJ,True,2,0,True,True,True,False,LeadCounsel; Communications; ClassCounsel,9,False,False,False,True,True,False,,Order states that various class plaintiffs requested appointment as interim class counsel and proposed various leadership structures; the Court reviewed applicants' written submissions and heard oral presentations.,False,True,,3121 IN RE MultiPlan Health Insurance Pr/US_DIS_ILND_1_24cv6795_155_CASE MANAGEMENT ORDER NO. 2 - ORDER APPOINTING INT_155_0.pdf,extracted
new,3108-83,3108,83,2024-10-02,DWF,DJ,False,9,0,True,True,True,True,LeadCounsel; ClassCounsel; Management; Communications; Coordination,37,False,True,False,True,True,False,,,False,False,,"3108 IN RE Change Healthcare, Inc., Cust/US_DIS_MND_0_24md3108_83_MDL PRETRIAL ORDER NO. 3 (ORDER DESIGNATING MAJORI_83_0.pdf",extracted
new,3110-473,3110,473,2025-10-16,JWB,DJ,False,0,0,False,False,True,True,LeadCounsel; Management; Communications,24,True,False,False,False,False,False,,,False,False,,3110 IN RE Granulated Sugar Antitrust Li/US_DIS_MND_0_24md3110_473_PRETRIAL ORDER NO. 10_ Order Reappointing Counsel._473_0.pdf,extracted
new,3121-588,3121,588,2025-11-18,MFK,DJ,False,0,0,True,,True,False,Communications; Management,5,False,False,,,False,False,,,False,False,,3121 IN RE MultiPlan Health Insurance Pr/US_DIS_ILND_1_24cv6795_588_CASE MANAGEMENT ORDER NO. 22 (REAPPOINTING PLAINTI_588_0.pdf,extracted
new,3115-63,3115,63,2024-08-19,TWT,DJ,False,6,0,True,True,True,False,LeadCounsel; Management; Communications; ClassCounsel,19,False,True,True,True,True,True,,,False,True,,"3115 IN RE Consumer Vehicle Driving Data/US_DIS_GAND_1_24md3115_63_ORDER re 57 , 58 , 60 Motion to Appoint Lead Couns_63_0.pdf",extracted
new,3113-142,3113,142,2025-12-05,LDW,MJ,False,0,0,False,False,True,False,ClassCounsel; Communications; Trial; LeadCounsel,38,False,False,False,False,False,False,,"The order is primarily a joint scheduling and case management order. Leadership information is taken from counsel signature blocks listing existing interim class/co-lead counsel, liaison counsel, and trial counsel; the order does not clearly create new organizational units.",False,False,,3113 IN RE Apple Inc. Smartphone Antitru/US_DIS_NJD_2_24md3113_142_JOINT SCHEDULING & CASE MANAGEMENT ORDER Filed. Th_142_0.pdf,extracted
new,3108-477,3108,477,2025-12-10,DWF,DJ,True,0,0,True,True,True,True,LeadCounsel; ClassCounsel; Management; Communications; Coordination,37,False,True,True,True,True,False,,"Amended Pretrial Order No. 3 re Plaintiff Track Steering Committee page 5. The order references several submissions/motions for leadership roles and approves a Consensus Group. William M. Audet and Kristie M. Hightower are mentioned as receiving future discovery-related assignments, but no current counsel/committee appointment is specified for them.",False,False,,"3108 IN RE Change Healthcare, Inc., Cust/US_DIS_MND_0_24md3108_477_AMENDED MDL PRETRIAL ORDER NO. 3 (Amendment re_ Pl_477_0.pdf",extracted
new,3125-235,3125,235,2025-04-17,JO,DJ,False,0,0,False,False,True,False,LeadCounsel; Communications; Management,12,False,False,False,False,False,False,,The order states the Plaintiffs’ leadership proposal was approved with no objections made.,False,False,,"3125 IN RE AngioDynamics, Inc., and Navi/US_DIS_CASD_3_24md3125_235_MDL Case Management ORDER No.2 (Appointment of Pla_235_0.pdf",extracted
new,3121-594,3121,594,2025-11-19,MFK,DJ,False,0,0,False,False,True,False,ClassCounsel; Communications,8,False,False,False,False,False,False,,,False,True,,3121 IN RE MultiPlan Health Insurance Pr/US_DIS_ILND_1_24cv6795_594_CASE MANAGEMENT ORDER NO. 25 (REAPPOINTING INTERIM_594_0.pdf,extracted
new,3127-46,3127,46,2024-11-26,SHL,DJ,False,3,0,True,True,True,False,LeadCounsel; Management; Communications; ClassCounsel,8,False,True,True,True,True,True,,,False,False,,3127 IN RE Evolve Bank & Trust Customer/US_DIS_TNWD_2_24md3127_46_ORDER Granting 34 Plaintiffs_ Motion to Appoint Le_46_0.pdf,extracted
new,3140-96,3140,96,2025-02-28,MCR,DJ,False,0,0,,,True,False,LeadCounsel; Communications,1,True,False,False,False,False,False,,,False,False,,3140 IN RE Depo-Provera (Depot Medroxypr/US_DIS_FLND_3_25md3140_96_PRETRIAL ORDER NO. 5 - The Court will accept indiv_96_0.pdf,extracted
new,3144-69,3144,69,2025-06-02,GW,DJ,True,1,0,False,False,True,False,LeadCounsel,2,True,False,False,False,False,False,,Order states two proposed slates filed motions seeking appointment and plaintiffs' counsel were unable to reach consensus. The court appointed interim lead counsel and deferred/continued consideration of liaison counsel versus an executive committee.,False,False,,"3144 IN RE TikTok, Inc., Minor Privacy L/US_DIS_CACD_2_25ml3144_69_MINUTE ORDER RE APPOINTMENT OF LEAD COUNSEL - IN C_69_0.pdf",extracted
new,3127-52,3127,52,2024-11-26,SHL,DJ,False,4,0,True,True,True,False,LeadCounsel; Management; Communications; ClassCounsel,8,False,True,False,True,True,True,,,False,False,,3127 IN RE Evolve Bank & Trust Customer/US_DIS_TNWD_2_24md3127_52_ORDER Granting 34 Plaintiffs_ Motion to Appoint Le_52_0.pdf,extracted
new,3127-79,3127,79,2025-05-30,SHL,DJ,False,1,0,True,True,True,False,ClassCounsel; Management; Communications,8,False,True,False,False,True,False,,Order grants preliminary approval of class settlement and conditionally certifies settlement class. Kroll Settlement Administration LLC was appointed as Settlement Administrator but excluded from Appointments as a non-lawyer settlement administrator.,False,False,,3127 IN RE Evolve Bank & Trust Customer/US_DIS_TNWD_2_24md3127_79_ORDER GRANTING 69 PLAINTIFFS_ UNOPPOSED MOTION FOR_79_0.pdf,extracted
new,3144-77,3144,77,2025-06-09,GW,DJ,False,0,0,True,False,True,False,LeadCounsel; Management,3,False,False,False,False,False,False,,,False,False,,"3144 IN RE TikTok, Inc., Minor Privacy L/US_DIS_CACD_2_25ml3144_77_ORDER RE LEADERSHIP AND COMPLAINT DEADLINE by Judg_77_0.pdf",extracted
new,3149-370,3149,370,2025-11-19,BEN,DJ,False,0,0,False,False,True,False,Management,1,False,False,False,False,False,False,,,False,False,,"3149 IN RE PowerSchool Holdings, Inc., a/US_DIS_CASD_3_25md3149_370_ORDER granting 357 MOTION to Appoint Paul W. Evans_370_0.pdf",extracted
new,3149-392,3149,392,2025-12-15,BEN,DJ,False,0,0,False,False,True,False,Management,2,False,False,False,False,False,False,,,False,False,,"3149 IN RE PowerSchool Holdings, Inc., a/US_DIS_CASD_3_25md3149_392_ORDER amending Case Management Order No. 4. Signed_392_0.pdf",extracted
new,3143-83,3143,83,2025-05-30,SHS,DJ,False,0,0,True,True,True,False,ClassCounsel,1,False,True,False,False,True,True,,,False,False,,"3143 IN RE OpenAI, Inc., Copyright Infri/US_DIS_NYSD_1_25md3143_83_ORDER APPOINTING JUSTIN A. NELSON AS INTERIM LEAD _83_0.pdf",extracted
new,3148-45,3148,45,2025-08-01,MSM,DJ,False,3,0,True,True,True,False,LeadCounsel; Management; Communications,12,False,False,True,True,True,False,,,False,True,,3148 IN RE GoodRx and Pharmacy Benefit M/US_DIS_RID_1_25md3148_45_Case Management Order Number 2. So Ordered by Dist_45_0.pdf,extracted
new,3149-221,3149,221,2025-06-17,BEN,DJ,True,0,0,True,True,True,False,LeadCounsel; Management; Communications,10,True,False,,True,True,True,,,False,False,,"3149 IN RE PowerSchool Holdings, Inc., a/US_DIS_CASD_3_25md3149_221_CASE MANAGEMENT ORDER No. 4. Signed by Judge Roger_221_0.pdf",extracted
new,3128-74,3128,74,2024-12-11,KMM,DJ,True,4,0,True,True,True,False,LeadCounsel; ClassCounsel; Communications; Management,9,False,True,True,True,True,True,,The Nagel Motion sought to replace Amy Judkins with Bruce H. Nagel as one of the tri-lead counsel; that request was denied. The conditional future appointment of Bruce Nagel to the PSC is not extracted as a current appointment.,False,False,,"3128 IN RE Dividend Solar Finance, LLC,/US_DIS_MND_0_24md3128_74_MDL ORDER No. 3 Regarding Appointment of Counsel, _74_0.pdf",extracted
new,3144-102,3144,102,2025-08-11,GW,DJ,False,0,0,True,True,True,False,LeadCounsel,2,False,False,False,True,False,False,,,False,False,,"3144 IN RE TikTok, Inc., Minor Privacy L/US_DIS_CACD_2_25ml3144_102_ORDER_ DUTIES AND AUTHORITY OF CO-LEAD COUNSEL by _102_0.pdf",extracted
new,3143-60,3143,60,2025-05-22,SHS,DJ,False,2,0,True,,True,False,LeadCounsel; Management; Communications; ClassCounsel,6,True,False,,,True,True,,"Order also directs Class Plaintiffs to submit a proposal, or competing applications if they cannot agree, for appointment of a single interim class counsel under Rule 23(g).",False,False,,"3143 IN RE OpenAI, Inc., Copyright Infri/US_DIS_NYSD_1_25md3143_60_CASE MANAGEMENT ORDER #2_ For the reasons set fort_60_0.pdf",extracted
new,3149-156,3149,156,2025-05-22,BEN,DJ,False,4,0,True,True,True,False,LeadCounsel; Management; Communications,14,False,False,True,True,False,False,,"Order establishes School District Track leadership; it states objections to finality may be filed by June 27, 2025.",False,True,,"3149 IN RE PowerSchool Holdings, Inc., a/US_DIS_CASD_3_25md3149_156_CASE MANAGEMENT ORDER. Signed by Judge Roger T. Be_156_0.pdf",extracted
new,3149-134,3149,134,2025-05-16,BEN,DJ,False,1,0,True,True,True,False,LeadCounsel; Management; Communications; ClassCounsel,5,True,False,False,False,True,False,,"The order appoints temporary Liaison Counsel and recites agreed appointments for school-district direct/class action leadership, while directing proposed appointment orders to be submitted; it separately solicits applications for future minors/parents/guardians/teachers co-lead counsel and steering committee positions.",False,False,,"3149 IN RE PowerSchool Holdings, Inc., a/US_DIS_CASD_3_25md3149_134_CASE MANAGEMENT ORDER No. 2. Signed by Judge Roger_134_0.pdf",extracted
new,3140-593,3140,593,2026-03-20,MCR,DJ,False,0,0,False,True,True,False,LeadCounsel; Communications; Management; Fees; Discovery; Trial; Motions; Expert; ProSe; Settlement; Coordination,56,False,False,False,False,False,False,,,False,False,,3140 IN RE Depo-Provera (Depot Medroxypr/US_DIS_FLND_3_25md3140_593_PRETRIAL ORDER NO. 31 Plaintiff Leadership Reappoi_593_0.pdf,extracted
new,3140-180,3140,180,2025-03-16,MCR,DJ,True,20,0,True,True,True,True,LeadCounsel; Management; Communications; Expert; Motions; Discovery; Trial; Vetting; Fees; ProSe; Coordination; Settlement,59,,False,,True,False,,,,False,False,,3140 IN RE Depo-Provera (Depot Medroxypr/US_DIS_FLND_3_25md3140_180_PRETRIAL ORDER NO. 18 - Plaintiff and Defense Lead_180_0.pdf,extracted
new,2275-103,2275,103,2014-06-10,SAS,DJ,False,0,0,False,False,True,False,LeadCounsel; ClassCounsel,2,False,True,False,False,True,False,,"Order references a prior September 26, 2011 appointment of Pomerantz LLP and Wohl & Fruchter LLP as Open-Market Co-Lead Counsel. No new organizational unit creation is apparent from the provided text.",False,False,,"2275 IN RE_ Gerova Financial Group, Ltd., Securities Litigation/US_DIS_NYSD_1_11md2275_103_JUDGMENT AND ORDER OF FINAL APPROVAL_ IT IS HEREBY_103_0.pdf",extracted
old,1570-1753,1570,1753,2006-04-07,RCC,DJ,False,0,0,True,False,False,True,LeadCounsel,1,False,False,False,False,False,False,,,False,False,,"1570 IN RE_ Terrorist Attacks on September 11, 2001/1570, Doc. 1753, MOTION Pro Hac Vice as Co-Lead .pdf",extracted
old,1570-2099,1570,2099,2008-07-08,GBD,DJ,False,0,0,False,False,False,True,LeadCounsel,1,False,False,False,False,False,False,,Order states the motion to withdraw was unopposed.,False,False,,"1570 IN RE_ Terrorist Attacks on September 11, 2001/1570, Doc. 2099, ORDER Withdrawing Lead Csl .pdf",extracted
old,1570-1749,1570,1749,2006-04-05,RCC,DJ,False,0,0,True,False,False,True,LeadCounsel,1,False,False,False,False,False,False,,Order grants Defendant Republic of Iraq's motion to admit Timothy B. Mills pro hac vice and permits him to argue or try the particular case as co-lead counsel or advocate for Defendant Republic of Iraq.,False,False,,"1570 IN RE_ Terrorist Attacks on September 11, 2001/1570, Doc. 1749, ORDER Admitting Pro Hac Vice Co-Lead .pdf",extracted
old,1566-3145,1566,3145,2019-08-02,RCJ,DJ,False,0,0,True,True,True,False,ClassCounsel; Settlement,2,False,True,False,False,True,False,,,False,True,,"1566 IN RE_ Western States Wholesale Natural Gas Antitrust Litigation/1566, Docket #3145, Order Approving Final Settlement (08-02-2019).pdf",extracted
old,1566-3126,1566,3126,2019-04-05,RCJ,DJ,False,1,0,True,True,True,False,ClassCounsel,2,False,True,False,False,True,False,,"AB Data, Ltd. was appointed as Settlement Administrator but excluded from Appointments as a non-attorney settlement administrator.",False,True,,"1566 IN RE_ Western States Wholesale Natural Gas Antitrust Litigation/1566, Doc. 3126, ORDER Prelim. Cert. of Settlem. Class .pdf",extracted
old,1570-9212,1570,9212,2023-07-17,GBD,DJ,True,0,0,True,True,True,False,Management,4,False,False,False,False,False,True,,,False,False,,"1570 IN RE_ Terrorist Attacks on September 11, 2001/1570, Doc. 9212 ORDER removing Kreindler & Kriendler from PEC.pdf",extracted
old,1566-2934,1566,2934,2017-07-27,RCJ,DJ,False,1,0,True,True,True,False,ClassCounsel,4,False,True,,,True,,,Order preliminarily appoints law firms as Rule 23(g) class co-counsel for settlement classes; Dahl Administration is excluded as a non-attorney settlement administrator.,False,False,shares date+title with 1 other order(s),"1566 IN RE_ Western States Wholesale Natural Gas Antitrust Litigation/1566, Doc. 2934, Amended ORDER Prelim. Certifying Settlem. Class .pdf",extracted
old,1663-635,1663,635,2006-07-18,FSH,DJ,False,0,0,False,False,True,False,LeadCounsel,2,False,False,False,False,False,False,,,False,False,,"1663 IN RE_ Insurance Brokerage Antitrust Litigation/1663, Doc. 635, ORDER Substituting Co-Lead Csl .pdf",extracted
old,1566-3152,1566,3152,2019-08-05,RCJ,DJ,False,0,0,True,True,True,False,ClassCounsel,2,False,True,False,False,True,False,,,False,False,,"1566 IN RE_ Western States Wholesale Natural Gas Antitrust Litigation/1566, Docket #3152, Order Approving Final Settlement (08-05-2019).pdf",extracted
old,1566-1621,1566,1621,2009-05-07,PMP,DJ,False,1,0,True,True,True,False,ClassCounsel; Settlement,4,False,True,False,False,True,False,,,False,False,,"1566 IN RE_ Western States Wholesale Natural Gas Antitrust Litigation/1566, Doc. 1621, ORDER Prelim. Arpvl. and Settlem. Class Cert.  .pdf",extracted
old,1566-2837,1566,2837,2017-04-11,RCJ,DJ,False,1,0,True,True,True,False,ClassCounsel,4,False,True,False,False,True,False,,,False,True,,"1566 IN RE_ Western States Wholesale Natural Gas Antitrust Litigation/1566, Doc. 2837, ORDER Certifying Settlem. Clss .pdf",extracted
old,1566-3153,1566,3153,2019-08-05,RCJ,DJ,False,0,0,True,True,True,False,ClassCounsel,2,False,True,False,False,True,False,,Final judgment approving class settlement; appoints firm co-counsel for the Wisconsin Class under Rule 23(g).,False,True,,"1566 IN RE_ Western States Wholesale Natural Gas Antitrust Litigation/1566, Docket #3153, Order Approving Final Settlement (08-05-2019).pdf",extracted
old,1566-2932,1566,2932,2017-07-27,RCJ,DJ,False,1,0,True,False,True,False,ClassCounsel,4,False,True,False,False,True,False,,Dahl Administration was appointed as Settlement Administrator but excluded because settlement administrators are not attorney/law-firm leadership appointees.,False,True,shares date+title with 1 other order(s),"1566 IN RE_ Western States Wholesale Natural Gas Antitrust Litigation/1566, Doc. 2932, ORDER Prelim. Certifying Settlem. Class .pdf",extracted
old,1566-141,1566,141,2005-02-23,PMP,DJ,False,1,0,True,True,True,False,LeadCounsel; Communications,3,False,False,True,True,False,False,Antitrust,Stipulated Case Management Order No. 1 approved with interlineations adding specified plaintiffs' co-lead counsel.,False,False,,"1566 IN RE_ Western States Wholesale Natural Gas Antitrust Litigation/1566, Doc. 141, C.M. ORDER 1 Specifying Co-Lead Csl .pdf",extracted
old,1566-3150,1566,3150,2019-08-05,RCJ,DJ,False,1,0,True,True,True,False,ClassCounsel,2,False,True,,,True,,,"AB Data, Ltd. was appointed as Settlement Administrator but excluded as a non-legal professional/administrator.",False,True,,"1566 IN RE_ Western States Wholesale Natural Gas Antitrust Litigation/1566, Docket #3150, Order Appointing Lead Counsel for Settlement (08-05-2019).pdf",extracted
old,1566-249,1566,249,2005-11-04,PMP,DJ,False,0,0,True,True,True,False,LeadCounsel,4,False,False,,True,False,False,,,False,True,,"1566 IN RE_ Western States Wholesale Natural Gas Antitrust Litigation/1566, Doc. 249, Stipulated C.M. ORDER 2  Further Appointments .pdf",extracted
old,1566-2955,1566,2955,2017-07-27,RCJ,DJ,False,1,0,True,True,True,False,ClassCounsel,4,False,True,False,False,True,False,,"Order preliminarily appoints firm class counsel for settlement classes. Source filename suggests Doc. 2955, but the order header shows Document 2934 filed 07/27/17.",False,False,,"1566 IN RE_ Western States Wholesale Natural Gas Antitrust Litigation/1566, Doc. 2955, ORDER Awarding Attnys_ Fees .pdf",extracted
old,1566-2837,1566,2837,2017-04-11,RCJ,DJ,False,1,0,True,True,True,False,ClassCounsel,4,False,True,False,False,True,False,,Order preliminarily appoints law firms as Class Counsel for settlement classes; excludes class representatives and Dahl Administration as non-attorney/non-law-firm appointees.,False,True,,"1566 IN RE_ Western States Wholesale Natural Gas Antitrust Litigation/1566, Docket #2837, Order Appointing Lead Counsel for Settlement (04-11-2017).pdf",extracted
old,1566-3127,1566,3127,2019-04-05,RCJ,DJ,False,1,0,True,True,True,False,ClassCounsel,2,False,True,False,False,True,False,,"Order preliminarily certifies settlement classes and preliminarily appoints two law firms as co-counsel for the Wisconsin Class. AB Data, Ltd. is appointed Settlement Administrator but excluded as a non-legal administrator.",False,False,,"1566 IN RE_ Western States Wholesale Natural Gas Antitrust Litigation/1566, Docket #3127, Order Appointing Lead Counsel for Settlement (04-05-2019).pdf",extracted
old,1566-2795,1566,2795,2017-02-09,RCJ,DJ,False,3,0,True,True,True,False,ClassCounsel,4,False,True,,False,True,False,,Filed date used over signature date. Dahl Administration was appointed as Settlement Administrator but excluded from Appointments as a non-attorney/non-law-firm administrative role.,False,False,,"1566 IN RE_ Western States Wholesale Natural Gas Antitrust Litigation/1566, Doc. 2795, ORDER Certifying Settlem. Class .pdf",extracted
old,1663-12,1663,12,2005-03-11,FSH,DJ,False,1,0,True,True,True,False,LeadCounsel; Management; Communications,1,True,False,,,False,,,,False,False,,"1663 IN RE_ Insurance Brokerage Antitrust Litigation/1663, Doc. 12, ORDER 1 Appointing Prelim Csl .pdf",extracted
old,1700-2428,1700,2428,2011-01-19,RLM,DJ,False,0,0,True,False,True,True,Communications,5,False,False,False,False,False,False,,,False,False,,"1700 Fedex Group/1700, Doc. 2428, ORDER Appointing Liaison Counsel.pdf",extracted
old,1566-2907,1566,2907,2017-06-05,RCJ,DJ,False,2,0,True,True,True,False,ClassCounsel; Settlement,3,False,True,False,False,True,False,,,False,True,,"1566 IN RE_ Western States Wholesale Natural Gas Antitrust Litigation/1566, Doc. 2907, ORDER Prelim. Certifying Settlem. Class .pdf",extracted
old,1663-118,1663,118,2005-05-26,FSH,DJ,True,3,0,True,True,True,False,LeadCounsel; Management; Communications,5,False,False,True,True,False,True,,,False,False,,"1663 IN RE_ Insurance Brokerage Antitrust Litigation/1663, Doc. 118, ORDER No 3.pdf",extracted
old,1720-278,1720,278,2006-02-24,JO,MJ,True,1,0,True,True,True,False,LeadCounsel,3,True,False,False,False,True,True,,,False,False,,"1720 IN RE_ Payment Card Interchange Fee and Merchant Discount Antitrust Litigation/1720, Doc. 278, ORDER Appointing Pl Co-Lead .pdf",extracted
old,1663-182,1663,182,2005-08-08,PS,MJ,False,2,0,False,False,,,Communications,2,False,False,False,False,False,False,,Order No. 6. Signed by U.S. Magistrate Judge Patty Shwartz.,False,False,,"1663 IN RE_ Insurance Brokerage Antitrust Litigation/1663, Doc. 182, Consolidated ORDER 6 Appointing Liaison .pdf",extracted
old,,1431,,2002-02-01,MJD,DJ,True,8,0,True,True,True,True,LeadCounsel; Management; Communications,30,True,False,True,True,False,True,,,False,False,,1431 IN RE_ Baycol Products Liability Litigation/MDL-1431-Baycol.PDF,extracted
old,1720-279,1720,279,2006-02-24,JO,MJ,False,3,0,True,True,True,False,LeadCounsel; Communications,5,False,False,True,False,False,False,,,False,False,,"1720 IN RE_ Payment Card Interchange Fee and Merchant Discount Antitrust Litigation/1720, Doc. 279, P.T. ORDER 5 Describing Leadership Responsibilities .pdf",extracted
old,1869-71,1869,71,2008-03-11,PLF,DJ,False,1,0,True,True,True,False,LeadCounsel; ClassCounsel,2,False,True,False,True,True,False,,,False,False,shares date+title with 1 other order(s),"1869 IN RE_ Rail Freight Fuel Surcharge Antitrust Litigation/1869, Doc. 71, ORDER Appointing Interim Co-Lead Class Csl .pdf",extracted
old,1871-156,1871,156,2008-07-02,CMR,DJ,False,0,0,False,,True,False,Management,1,False,,,,,,,,False,False,,"1871 IN RE_ Avandia Marketing, Sales Practices and Products Liability Litigation/1871, Doc. 156, P.T. ORDER 12 Appointing to Pl Steering .pdf",extracted
old,1871-108,1871,108,2008-04-09,CMR,DJ,True,0,0,False,False,True,False,Management; Communications,15,False,False,False,False,False,False,,,False,False,,"1871 IN RE_ Avandia Marketing, Sales Practices and Products Liability Litigation/1871, Doc. 108, P.T. ORDER 1 Appointing Pl Steering .pdf",extracted
old,1869-70,1869,70,2008-03-11,PLF,DJ,True,2,0,False,True,True,False,ClassCounsel,5,False,True,False,False,True,False,,"The order grants applications to appoint interim co-lead class counsel for direct and indirect purchaser plaintiffs, denies a competing application by Whatley Drake & Kallas, LLC for direct-purchaser interim co-lead class counsel, and denies appointment of Roger M. Adelman as liaison class counsel. Executive Committee appointments are deferred.",False,False,,"1869 IN RE_ Rail Freight Fuel Surcharge Antitrust Litigation/1869, Doc. 70, MEMO OPINION Denying App.41 and Granting Apps.44,49 .pdf",extracted
old,1869-99,1869,99,2008-04-28,PLF,DJ,True,1,0,True,False,True,False,Management,5,False,False,False,False,True,False,,,False,False,,"1869 IN RE_ Rail Freight Fuel Surcharge Antitrust Litigation/1869, Doc. 99, MEMO ORDER Appointing Executive Committee .pdf",extracted
old,1871-1221,1871,1221,2011-03-02,CMR,DJ,False,0,0,True,False,True,False,Management; Coordination; Communications,14,False,False,False,False,False,False,,"The first PSC roster appears to contain OCR text 'Stephen COIT'; later the order identifies the same Mellon, Webster & Shelly attorney as Stephen Corr, used here as the canonical name.",False,False,,"1871 IN RE_ Avandia Marketing, Sales Practices and Products Liability Litigation/1871, Doc. 1221, P.T. ORDER 130 Appointment to PSC .pdf",extracted
old,1700-52,1700,52,2005-11-15,CAN,MJ,False,5,0,True,True,True,True,LeadCounsel; Management; Communications,10,False,False,,True,False,False,,,False,False,,"1700 Fedex Group/1700, Doc. 52, FedEx Ground Package INITIAL SCHED ORDER - LEADER APPTS.pdf",extracted
old,1869-269,1869,269,2009-04-08,PLF,DJ,False,0,0,True,False,True,False,LeadCounsel; Management,2,False,False,False,False,False,False,,Order amends prior appointment orders to substitute Hausfeld LLP/Counsel for Cohen Milstein as Interim Co-Lead Counsel; Executive Committee remains unchanged.,False,False,,"1869 IN RE_ Rail Freight Fuel Surcharge Antitrust Litigation/1869, Doc. 269, ORDER Amending Appointment Orders.pdf",extracted
old,1720-8647,1720,8647,2021-09-27,MKB,DJ,False,0,0,False,False,True,False,ClassCounsel,4,False,True,False,False,True,False,,"Order grants Rule 23(b)(2) class certification in part, dismisses two non-attorney class representatives, and appoints co-lead Rule 23(b)(2) Class Counsel. The order states no party opposed appointment of the four firms as class counsel.",False,False,,"1720 IN RE_ Payment Card Interchange Fee and Merchant Discount Antitrust Litigation/1720, Docket #8647, Order Granting Motion for Class Certification & Appointing Class Counsel (09-27-2021).pdf",extracted
old,1738-24,1738,24,2006-06-07,JO,MJ,False,4,0,True,False,True,False,LeadCounsel; Communications,6,False,True,False,False,True,False,,Order states appointments were made in the absence of objection from any party.,False,False,,"1738 IN RE_ Vitamin C Antitrust Litigation/1738, Doc. 24, P.T. ORDER 2 Appointing Pl Csl  .pdf",extracted
old,1871-5387,1871,5387,2021-11-30,CMR,DJ,False,0,0,False,False,True,False,Communications,1,False,False,False,False,False,False,,,False,False,,"1871 IN RE_ Avandia Marketing, Sales Practices and Products Liability Litigation/1871, Doc. 5387, ORDER granting withdrawl as P liasion counsel.pdf",extracted
old,1871-522,1871,522,2009-09-25,CMR,DJ,False,0,0,False,False,True,False,Management,2,False,False,False,False,False,False,,Order states no opposition was heard pursuant to Pretrial Order No. 75.,False,False,,"1871 IN RE_ Avandia Marketing, Sales Practices and Products Liability Litigation/1871, Doc. 522, ORDER Appointment to PSC.pdf",extracted
old,1869-72,1869,72,2008-03-11,PLF,DJ,False,2,0,True,True,True,False,ClassCounsel; Communications,3,False,True,True,True,True,False,,Order appoints interim co-lead class counsel for indirect purchaser plaintiffs and directs them to select one liaison counsel from among themselves.,False,False,shares date+title with 1 other order(s),"1869 IN RE_ Rail Freight Fuel Surcharge Antitrust Litigation/1869, Doc. 72, ORDER Appointing Co-Lead Class Csl .pdf",extracted
old,1871-723,1871,723,2010-07-26,CMR,DJ,True,0,0,False,False,True,False,Management,2,False,False,False,False,False,False,,,False,False,,"1871 IN RE_ Avandia Marketing, Sales Practices and Products Liability Litigation/1871, Doc. 723, P.T. ORDER 108 Appointment to PSC .pdf",extracted
old,1570-248,1570,248,2004-06-16,RCC,DJ,False,5,0,True,True,True,False,Management; Communications,29,False,False,True,False,False,False,,,False,False,,"1570 IN RE_ Terrorist Attacks on September 11, 2001/1570, Doc. 248, C.M. ORDER 3 Leadership Org and Appointments .pdf",extracted
old,1720-6754,1720,6754,2016-11-30,JO,MJ,True,2,0,True,True,True,False,LeadCounsel,7,True,True,False,False,True,True,,Order appoints competing applicants as interim co-lead counsel for putative Rule 23(b)(3) damages and Rule 23(b)(2) injunctive relief plaintiff classes.,False,False,,"1720 IN RE_ Payment Card Interchange Fee and Merchant Discount Antitrust Litigation/1720, Doc. 6754, ORDER MEMO Appointing Putative Pl Class Csl .pdf",extracted
old,1869-540,1869,540,2012-06-21,PLF,DJ,False,1,0,True,True,True,False,ClassCounsel,2,False,True,False,False,True,False,,,False,False,,"1869 IN RE_ Rail Freight Fuel Surcharge Antitrust Litigation/1869, Doc. 540, ORDER Granting Class Cert. .pdf",extracted
old,1869-550,1869,550,2012-06-21,PLF,DJ,False,1,0,True,True,True,False,ClassCounsel,2,False,True,,,True,False,,"Opinion granting direct purchaser plaintiffs' Rule 23(b)(3) class certification motion and appointing Quinn Emanuel Urquhart & Sullivan, LLP and Hausfeld LLP as co-lead class counsel.",False,False,,"1869 IN RE_ Rail Freight Fuel Surcharge Antitrust Litigation/1869, Doc. 550, OPINION Granting Class Cert. .pdf",extracted
old,1916-147,1916,147,2008-09-19,KAM,DJ,False,0,0,False,False,True,False,LeadCounsel,1,False,False,False,False,False,False,,,False,False,,"1916 IN RE_ Chiquita Brands International, Inc., Alien Tort Statute and Shareholders Derivative Litigation/1916, Doc. 147, ORDER Designating Lead Csl .pdf",extracted
old,1836-26,1836,26,2007-08-23,FLN,MJ,False,7,0,True,True,True,True,LeadCounsel; Communications; Trial,9,False,False,True,True,False,True,,,False,False,,"1836 IN RE_ Mirapex Products Liability Litigation/1836, Doc. 26, P.T. ORDER 1 Appointing Leadership .pdf",extracted
old,1913-130,1913,130,2008-03-28,CRB,DJ,False,1,0,False,False,True,False,ClassCounsel,2,False,False,False,False,True,False,,,False,False,,"1913 IN RE_ Transpacific Passenger Air Transportation Antitrust Litigation/1913, Doc. 130, ORDER Appointing Interim Lead Csl  .pdf",extracted
old,1880-36,1880,36,2008-04-08,RMC,DJ,False,0,0,True,False,False,True,Communications,1,False,False,False,True,False,False,,,False,False,,"1880 IN RE_ Papst Licensing Digital Camera Patent Litigation/1880, Doc. 36, Pract.Proc. ORDER 2  .pdf",extracted
old,1917-1356,1917,1356,2012-09-17,SC,DJ,False,1,0,True,True,True,False,ClassCounsel,1,False,True,False,False,True,False,,,False,False,,"1917 IN RE_ Cathode Ray Tube (CRT) Antitrust Litigation/1917, Doc. 1356, ORDER Granting Settlem. Class Cert .pdf",extracted
old,1917-1179,1917,1179,2012-05-03,SC,DJ,False,1,0,True,False,True,False,ClassCounsel,1,False,True,False,False,True,False,,,False,False,,"1917 IN RE_ Cathode Ray Tube (CRT) Antitrust Litigation/1917, Doc. 1179, ORDER Granting Settlem. Class Cert .pdf",extracted
old,1871-423,1871,423,2009-05-22,CMR,DJ,True,1,0,True,False,True,False,Coordination,1,False,False,False,False,False,False,,Order states the PSC proposed certain candidates for State Liaison Counsel; GSK took no position and there was no objection.,False,False,,"1871 IN RE_ Avandia Marketing, Sales Practices and Products Liability Litigation/1871, Doc. 423, P.T. ORDER 59 Appointing State Liaison .pdf",extracted
old,1916-103,1916,103,2008-08-12,KAM,DJ,False,1,0,False,False,True,False,LeadCounsel,2,False,False,False,False,False,False,,,False,False,,"1916 IN RE_ Chiquita Brands International, Inc., Alien Tort Statute and Shareholders Derivative Litigation/1916, Doc. 103, ORDER Designating Lead Csl .pdf",extracted
old,1916-144,1916,144,2008-09-16,KAM,DJ,False,1,0,False,False,,False,LeadCounsel,1,False,False,False,False,False,False,,"Order designates Terrence Collingsworth as lead counsel for case No. 08-cv-80465, the DC case, based on stipulation. Order signed 2008-09-12 and entered on docket 2008-09-16.",False,False,,"1916 IN RE_ Chiquita Brands International, Inc., Alien Tort Statute and Shareholders Derivative Litigation/1916, Doc. 144, Stipulation ORDER Designating Lead Csl .pdf",extracted
old,1871-2131,1871,2131,2012-02-16,CMR,DJ,False,2,1,True,True,True,False,Management; Communications; Coordination; Fees,10,False,False,True,False,False,False,,"The Plaintiffs' Steering Committee as presently constituted was not renewed. The order also names a Class Action Coordinator, but that role does not map cleanly to an allowed appointment type.",False,False,,"1871 IN RE_ Avandia Marketing, Sales Practices and Products Liability Litigation/1871, Doc. 2131, P.T. ORDER 154 Appointing Pl Coordinating Csl .pdf",extracted
old,1917-1441,1917,1441,2012-11-13,SC,DJ,False,1,0,True,True,True,False,ClassCounsel,1,False,True,False,False,True,False,,"Order appoints Saveri & Saveri, Inc. as Class Counsel for the Settlement Class. Special Master reviewed but is not treated as a judge/appointee.",False,False,,"1917 IN RE_ Cathode Ray Tube (CRT) Antitrust Litigation/1917, Doc. 1441, ORDER Granting Mot.1341 Class Cert. .pdf",extracted
old,1917-5518,1917,5518,2019-07-03,JST,DJ,False,0,0,False,False,True,False,LeadCounsel; ClassCounsel,1,False,False,False,False,False,False,,"Order grants motion for appointment of Interim Co-Lead Class Counsel for Indirect Purchaser Omitted Repealer State Classes, but the order text does not name those appointees.",True,False,,"1917 IN RE_ Cathode Ray Tube (CRT) Antitrust Litigation/1917, Doc. 5518, ORDER Appointing Co-Lead .pdf",extracted
old,1871-45,1871,45,2008-02-28,CMR,DJ,False,3,0,True,True,True,True,Management; Communications,1,True,False,,True,False,True,,Order solicits applications/nominations for plaintiffs' liaison counsel and Plaintiffs' Steering Committee positions; appoints Pepper Hamilton LLP as defendant liaison counsel.,False,False,,"1871 IN RE_ Avandia Marketing, Sales Practices and Products Liability Litigation/1871, Doc. 45, C.M. ORDER 1 Calling for Applications .pdf",extracted
old,1917-5577,1917,5577,2019-09-06,JST,DJ,False,0,0,True,True,True,False,Communications,1,False,False,False,False,False,False,,"Order sets duties and responsibilities for liaison counsel previously appointed by order dated August 9, 2019.",False,False,,"1917 IN RE_ Cathode Ray Tube (CRT) Antitrust Litigation/1917, Doc. 5577, ORDER re App_ Liaison Csl .pdf",extracted
old,1964-1183,1964,1183,2012-03-06,RWS,DJ,False,0,0,False,False,True,False,Management,2,False,False,False,False,False,False,,,False,False,,"1964 IN RE_ NuvaRing Products Liability Litigation/1964, Doc. 1183, ORDER Appointing to Pl Steering .pdf",extracted
old,1964-220,1964,220,2009-07-07,RWS,DJ,False,0,0,,,True,,Management,1,False,False,,,False,False,,,False,False,,"1964 IN RE_ NuvaRing Products Liability Litigation/1964, Doc. 220, ORDER Appointing to Pl Steering .pdf",extracted
old,1964-817,1964,817,2010-07-27,RWS,DJ,False,0,0,False,False,True,False,Management,1,False,False,False,False,False,False,,,False,True,,"1964 IN RE_ NuvaRing Products Liability Litigation/1964, Doc. 817, ORDER Appointing to Pl Exec. Com.  .pdf",extracted
old,1917-6042,1917,6042,2022-08-01,JST,DJ,False,1,0,True,True,True,False,ClassCounsel,1,False,True,False,False,True,False,,,False,False,,"1917 IN RE_ Cathode Ray Tube (CRT) Antitrust Litigation/1917, Doc. 6042, Order Granting Motion for Class Certification (08-01-2022).pdf",extracted
new,1928-899,1928,899,2009-03-31,DMM,DJ,False,0,0,False,,True,False,Management,2,False,False,,,False,False,,"Order grants substitution of Ernest Cory for Brian D. Turner, Jr. on the Plaintiffs' Steering Committee; order notes defendants had not filed any opposition.",False,False,shares date+title with 1 other order(s),1928 Trasylol PL/US_DIS_FLSD_1_08md1928_899_ORDER Granting 875 Motion_Petition to Substitute M_899_0.pdf,extracted
old,1964-872,1964,872,2010-11-24,RWS,DJ,False,0,0,False,False,True,False,Management,1,False,False,False,False,False,False,,,False,True,,"1964 IN RE_ NuvaRing Products Liability Litigation/1964, Doc. 872, ORDER Appointing to Pl Steering .pdf",extracted
old,1964-721,1964,721,2010-02-19,RWS,DJ,False,0,0,False,False,True,False,LeadCounsel; Management,4,False,False,False,False,False,False,,,False,False,,"1964 IN RE_ NuvaRing Products Liability Litigation/1964, Doc. 721, ORDER Changing Exec. Comm.  .pdf",extracted
old,1917-282,1917,282,2008-05-09,SC,DJ,True,2,0,True,True,True,False,LeadCounsel; ClassCounsel,2,False,True,False,True,True,False,Antitrust,Order appoints interim lead class counsel for separate putative direct-purchaser and indirect-purchaser subclasses; indirect-purchaser appointment involved competing motions.,False,False,,"1917 IN RE_ Cathode Ray Tube (CRT) Antitrust Litigation/1917, Doc. 282, ORDER Appointing Interim Lead Csl .pdf",extracted
old,1964-875,1964,875,2010-12-02,RWS,DJ,False,0,0,False,False,True,False,Management,1,False,False,False,False,False,False,,,False,True,,"1964 IN RE_ NuvaRing Products Liability Litigation/1964, Doc. 875, ORDER Appointing to Pl Steering .pdf",extracted
old,1913-951,1913,951,2014-10-14,CRB,DJ,False,1,0,True,True,True,False,ClassCounsel,2,False,True,False,False,True,False,,,False,False,,"1913 IN RE_ Transpacific Passenger Air Transportation Antitrust Litigation/1913, Doc. 951, ORDER Prelim Settlem. Aprvl. and Appointing Settlem. Class Csl .pdf",extracted
old,1964-24,1964,24,2008-10-08,RWS,DJ,False,0,0,False,False,True,False,LeadCounsel; Management; Communications,9,False,False,False,False,False,False,,,False,True,,"1964 IN RE_ NuvaRing Products Liability Litigation/1964, Doc. 24,  ORDER Appointing Lead and Liaison Csl .pdf",extracted
old,1964-1128,1964,1128,2011-12-09,RWS,DJ,False,0,0,True,False,True,False,LeadCounsel; Management; Communications,5,False,False,False,False,False,False,,,False,False,,"1964 IN RE_ NuvaRing Products Liability Litigation/1964, Doc. 1128, ORDER Designating New Lead Csl for Pl_s .pdf",extracted
old,2009-59,2009,59,2010-11-05,SHM,DJ,False,0,0,False,False,True,False,LeadCounsel; Communications,2,False,False,False,False,False,False,,Order grants consolidation and permits Barroway Topaz and Bramlett Law to continue as plaintiff lead and liaison counsel for the consolidated action.,False,False,,"2009 IN RE_ Regions Morgan Keegan Securities, Derivative and Employee Retirement Income Security Act (ERISA) Litigation/2009, Doc. 59, ORDER Granting Consolidation Permitting Pl Lead Csl .pdf",extracted
old,1917-6104,1917,6104,2022-10-31,JST,DJ,False,0,0,True,True,True,False,ClassCounsel,1,False,True,False,False,True,False,,,False,False,,"1917 IN RE_ Cathode Ray Tube (CRT) Antitrust Litigation/1917, Doc. 6104, Order Appointing Lead Counsel for Settlement (10-31-2022).pdf",extracted
old,2034-170,2034,170,2012-11-28,AB,DJ,False,0,0,False,,True,False,LeadCounsel,2,False,False,,,False,,,"RodaNast, P.C. granted leave to withdraw; NastLaw LLC appointed new lead counsel for Plaintiffs.",False,False,,"2034 IN RE_ Comcast Corp. Set-Top Cable Television Box Antitrust Litigation/2034, Doc. 170, ORDER Substituting Lead Csl.pdf",extracted
old,1964-1681,1964,1681,2014-02-07,RWS,DJ,False,0,0,True,,True,False,Settlement,3,False,False,False,False,False,False,,,False,False,,"1964 IN RE_ NuvaRing Products Liability Litigation/1964, Doc. 1681, ORDER Appointing Negotiating Committee  .pdf",extracted
old,2034-96,2034,96,2010-08-10,AB,DJ,False,0,0,False,False,True,False,Management,1,False,False,False,False,False,False,,"Order grants an uncontested motion appointing Macuga, Liddle & Dubin, P.C. to the existing Plaintiffs' Steering Committee and references prior Case Management Order No. 2 for requirements.",False,False,,"2034 IN RE_ Comcast Corp. Set-Top Cable Television Box Antitrust Litigation/2034, Doc. 96, ORDER Appointing to PSC .pdf",extracted
old,2034-17,2034,17,2009-09-24,AB,DJ,False,1,0,True,False,True,False,Communications,1,False,False,True,False,False,True,,,False,False,,"2034 IN RE_ Comcast Corp. Set-Top Cable Television Box Antitrust Litigation/2034, Doc. 17, C.M. ORDER 1 Pl and D Leadership Appointments .pdf",extracted
old,2034-23,2034,23,2009-10-23,AB,DJ,False,3,0,True,True,True,False,LeadCounsel; Communications; Management,14,False,False,True,True,False,True,,,False,False,,"2034 IN RE_ Comcast Corp. Set-Top Cable Television Box Antitrust Litigation/2034, Doc. 23, C.M. ORDER 2, Plantiff_s Counsel Org.pdf",extracted
old,1964-2011,1964,2011,2018-09-10,RWS,DJ,False,0,0,False,False,,,LeadCounsel; Communications,2,False,False,False,False,False,False,,Order closes the NuvaRing Settlement Program and QSF; non-attorney QSF Administrator excluded from Appointments.,False,False,,"1964 IN RE_ NuvaRing Products Liability Litigation/1964, Doc. 2011, ORDER Approving Special Master_s Report and Recommendation re Com.Ben. Disbursements .pdf",extracted
new,1928-491,1928,491,2008-12-08,DMM,DJ,False,1,0,True,True,True,False,ClassCounsel; Management,3,False,False,False,False,True,False,,PACER entry date used; signature date is incomplete in OCR as a day in November 2008.,False,True,shares date+title with 1 other order(s),1928 Trasylol PL/US_DIS_FLSD_1_08md1928_491_PRETRIAL ORDER No. 10 Relating to Putative Class A_491_0.pdf,extracted
new,1899-36,1899,36,2008-04-01,JRG,DJ,True,2,0,True,True,True,True,Communications; LeadCounsel,6,False,False,False,True,False,False,Antitrust,"Order states defendants orally expressed the belief that they could coordinate without appointment of lead defense counsel, but the Court appointed interim lead counsel for defendants.",False,False,shares date+title with 1 other order(s),1902 Refco Inc. SEC/US_DIS_TNED_2_08md1000_36_CASE MANAGEMENT and SCHEDULING ORDER_ In regard to_36_0.pdf,extracted
old,2036-1912,2036,1912,2011-10-03,JLK,DJ,False,0,0,False,False,True,False,LeadCounsel; Management,2,False,False,False,False,False,False,,"Order modifies prior leadership order to reflect that Bruce S. Rogow will carry out Co-Lead Counsel duties from Bruce S. Rogow, P.A., and substitutes Bruce S. Rogow, P.A. for the Alters Law Firm, P.A. as a member of the Plaintiffs' Executive Committee.",False,False,,"2036 IN RE_ Checking Account Overdraft Litigation/2036, Doc. 1912, ORDER Modifying Leadership Order .pdf",extracted
old,2002-20,2002,20,2009-01-16,GP,DJ,True,0,0,False,False,True,False,LeadCounsel; Communications,5,False,False,False,False,False,False,,,False,False,,"2002 IN RE_ Processed Egg Products Antitrust Litigation/2002, Doc. 20, C.M. ORDER 4 .pdf",extracted
old,2036-1763,2036,1763,2011-07-25,JLK,DJ,False,1,0,True,True,True,False,ClassCounsel,9,False,True,False,False,True,False,,,False,False,,"2036 IN RE_ Checking Account Overdraft Litigation/2036, Doc. 1763, ORDER  Granting Class .pdf",extracted
old,2036-2615,2036,2615,2011-07-25,JLK,DJ,False,1,0,,,True,False,ClassCounsel,9,False,True,,,True,False,,,False,False,,"2036 IN RE_ Checking Account Overdraft Litigation/2036, Doc. 2615, ORDER Granting Mot.2256 Class Cert. .pdf",extracted
old,2036-2697,2036,2697,2012-05-16,JLK,DJ,False,1,0,True,True,True,False,ClassCounsel,8,False,True,False,False,True,False,,,False,False,,"2036 IN RE_ Checking Account Overdraft Litigation/2036, Doc. 2697, ORDER Granting Class Cert Mot.2276 .pdf",extracted
old,2036-2673,2036,2673,2012-05-04,JLK,DJ,False,1,0,True,True,True,False,ClassCounsel,10,False,True,False,False,True,False,,Order grants Rule 23 class certification and appoints firms as Class Counsel.,False,False,,"2036 IN RE_ Checking Account Overdraft Litigation/2036, Doc. 2673, ORDER Granting Class Cert .pdf",extracted
old,2002-3,2002,3,2008-12-12,GP,DJ,False,0,0,True,True,True,True,LeadCounsel; Communications,6,True,False,False,False,False,True,,,False,False,,"2002 IN RE_ Processed Egg Products Antitrust Litigation/2002, Doc. 3, C.M. ORDER 1 .pdf",extracted
new,1928-59,1928,59,2008-05-22,DMM,DJ,False,1,0,True,True,True,False,LeadCounsel; Management; Communications,13,False,False,False,True,False,False,,The order states it was based on a joint application. OCR appears to interleave portions of the two-column roster.,False,False,shares date+title with 1 other order(s),1928 Trasylol PL/US_DIS_FLSD_1_08md1928_59_ORDER granting 31 Motion to Appoint Counsel Signed_59_0.pdf,extracted
old,2036-2875,2036,2875,,RK,DJ,False,1,0,True,False,True,False,ClassCounsel,8,False,True,False,False,True,False,,,False,False,,"2036 IN RE_ Checking Account Overdraft Litigation/2036, Doc. 2875, ORDER OPINION Class Cert. .pdf",extracted
old,2020-898,2020,898,2013-08-30,KSH,DJ,False,0,0,True,True,True,False,ClassCounsel; Settlement,15,False,True,False,False,True,False,,"Preliminary approval order conditionally certifies settlement classes and appoints Settlement Class Counsel, Provider Class Counsel, and Subscriber Class Counsel pursuant to Rule 23(g).",False,False,,"2020 IN RE_ Aetna, Inc., Out-of-Network _UCR_ Rates Litigation/2020, Doc. 898, ORDER, Preliminary Approving Settlement.pdf",extracted
old,2020-236,2020,236,2009-07-31,FSH,DJ,True,1,0,True,True,True,False,Management,7,False,True,True,True,True,True,,"Carella Byrne is also designated as Settlement Liaison, but the role is not coded as Settlement because it is not styled as settlement counsel or a settlement committee.",False,False,,"2020 IN RE_ Aetna, Inc., Out-of-Network _UCR_ Rates Litigation/2020, Doc. 236, C.M. ORDER 2  Leadership Structure for Pl. Csl .pdf",extracted
old,2036-1128,2036,1128,2011-02-04,JLK,DJ,False,0,0,False,False,True,False,LeadCounsel; Management; Coordination,3,False,False,False,False,False,False,,Order modifies prior leadership order.,False,False,,"2036 IN RE_ Checking Account Overdraft Litigation/2036, Doc. 1128, ORDER Modifying Prev. Leadership Order .pdf",extracted
old,2036-4180,2036,4180,2015-06-08,JLK,DJ,False,1,0,True,True,True,False,ClassCounsel,9,False,True,False,False,True,False,,,False,False,shares date+title with 1 other order(s),"2036 IN RE_ Checking Account Overdraft Litigation/2036, Doc. 4180, ORDER Granting Class Cert. .pdf",extracted
old,2047-144,2047,144,2009-07-27,EEF,DJ,True,0,0,False,False,True,False,Management,6,False,False,False,False,False,False,,Text provided shows page 1 of a 4-page order; extracted PSC appointees visible in the supplied text.,False,False,,"2047 IN RE_ Chinese-Manufactured Drywall Products Liability Litigation/2047, Doc. 144-1, P.T. ORDER 8 Appointments to PSC .pdf",extracted
old,2036-4181,2036,4181,2015-06-08,JLK,DJ,False,1,0,True,True,True,False,ClassCounsel,8,False,True,False,False,True,False,,,False,False,shares date+title with 1 other order(s),"2036 IN RE_ Checking Account Overdraft Litigation/2036, Doc. 4181, ORDER Granting Class Cert..pdf",extracted
new,1928-60,1928,60,2008-05-22,DMM,DJ,False,5,0,True,True,True,True,LeadCounsel; Management; Communications; Coordination,19,False,False,True,True,False,False,,Case management and scheduling order appointing plaintiffs' and defendants' lead and liaison counsel and plaintiffs' steering committee; includes protective order as Exhibit A.,False,True,shares date+title with 1 other order(s),1928 Trasylol PL/US_DIS_FLSD_1_08md1928_60_ORDER granting 40 Motion ENTER CASE MANAGEMENT ORD_60_0.pdf,extracted
old,2047-16781,2047,16781,2013-04-25,EEF,DJ,False,1,0,True,False,True,False,SettlementAdministration,5,False,False,False,True,False,False,,,False,True,,"2047 IN RE_ Chinese-Manufactured Drywall Products Liability Litigation/2047, Doc. 16781, ORDER Appointing Allocation Committee for Class Settlem. .pdf",extracted
old,2047-16782,2047,16782,2013-04-25,EEF,DJ,False,2,0,,,True,False,SettlementAdministration,1,False,False,,,False,False,,"Order appoints allocation committees for the InEx and Global Settlements, but the provided order text does not name the committee members.",False,True,,"2047 IN RE_ Chinese-Manufactured Drywall Products Liability Litigation/2047, Doc. 16782, ORDER Appointing Allocation Committee.pdf",motion-read (low-confidence)
old,2034-268,2034,268,2018-09-05,AB,DJ,False,1,0,,,True,False,LeadCounsel; ClassCounsel,0,False,True,,,True,,Antitrust,"The provided text indicates preliminary certification of a settlement class and the source filename indicates appointment of lead counsel for settlement, but no attorney or law-firm appointees are named in the supplied order text. The requested Claims Administrator appointment was denied and is excluded as non-legal professional/administrator.",True,False,,"2034 IN RE_ Comcast Corp. Set-Top Cable Television Box Antitrust Litigation/2034, Doc. 268, Order Appointing Lead Counsel for Settlement (09-05-2018).pdf",extracted
old,2047-16608,2047,16608,2013-03-12,EEF,DJ,False,0,0,False,False,True,False,Management; Communications; LeadCounsel,17,False,False,False,False,False,False,,,False,True,,"2047 IN RE_ Chinese-Manufactured Drywall Products Liability Litigation/2047, Doc. 16608, P.T. ORDER 8C re PSC Appointments .pdf",extracted
old,2047-18028,2047,18028,2014-09-26,EEF,DJ,False,1,0,True,True,True,False,ClassCounsel,2,False,True,False,False,True,False,Products Liability,,False,False,,"2047 IN RE_ Chinese-Manufactured Drywall Products Liability Litigation/2047, Doc. 18028, ORDER  Granting Omnibus Mot. Class Cert. .pdf",extracted
old,2047-1870,2047,1870,2010-03-19,EEF,DJ,False,0,0,True,,,,LeadCounsel,1,False,,,,,,,Order appoints Robert V. Fitzsimmons as lead counsel for the Installers; filed date used over signature date.,False,True,,"2047 IN RE_ Chinese-Manufactured Drywall Products Liability Litigation/2047, Doc. 1870, ORDER Appointing Lead Csl Installers .pdf",extracted
old,2047-21,2047,21,2009-07-06,EEF,DJ,False,0,0,True,True,True,False,Communications,1,False,False,False,False,False,False,,,False,False,,"2047 IN RE_ Chinese-Manufactured Drywall Products Liability Litigation/2047, Doc. 21,  P.T. ORDER 3 Est, Leadership Structure.pdf",extracted
old,2047-5286,2047,5286,2010-08-20,EEF,DJ,False,0,0,False,False,False,True,LeadCounsel; Management,2,False,False,False,False,False,False,,,False,False,,"2047 IN RE_ Chinese-Manufactured Drywall Products Liability Litigation/2047, Doc. 5286, ORDER Appointing to D_s Steering .pdf",extracted
old,2047-24,2047,24,2009-07-06,EEF,DJ,False,0,0,True,True,True,True,Communications,2,False,False,False,False,False,False,,"Magistrate Judge Wilkinson is listed in the caption, but the order is signed only by District Judge Eldon E. Fallon.",False,False,,"2047 IN RE_ Chinese-Manufactured Drywall Products Liability Litigation/2047, Doc. 24, P.T. ORDER 5 Appointing Pl and D Liaison .pdf",extracted
old,2036-52,2036,52,2009-09-02,JLK,DJ,False,3,0,True,True,True,True,LeadCounsel; Management; Communications,8,False,False,False,,False,False,,"Order appoints plaintiffs' lead counsel, plaintiffs' executive committee, and temporary liaison counsel for defendants.",False,False,,"2036 IN RE_ Checking Account Overdraft Litigation/2036, Doc. 52, ORDER Appointing Leadership .pdf",extracted
old,2047-16616,2047,16616,2013-03-15,EEF,DJ,False,2,0,,False,True,False,SettlementAdministration,1,False,False,False,False,False,False,,"Order title appoints allocation committees for the InEx and Global Settlements, but the supplied text does not name committee members; appointment details may be in the referenced motion or omitted pages.",False,True,,"2047 IN RE_ Chinese-Manufactured Drywall Products Liability Litigation/2047, Doc. 16616, ORDER Appointing Allocation Committee .pdf",motion-read (low-confidence)
old,2047-5144,2047,5144,2010-08-13,EEF,DJ,False,0,0,False,False,False,True,Management,1,False,False,False,False,False,False,,,False,False,,"2047 IN RE_ Chinese-Manufactured Drywall Products Liability Litigation/2047, Doc. 5144, ORDER Appointing to D_s Steering.pdf",extracted
old,2047-17600,2047,17600,2014-04-07,EEF,DJ,False,0,0,False,False,True,False,Management; Communications; LeadCounsel,17,False,False,False,False,False,False,,"Pretrial Order No. 8D reappoints members of the Plaintiffs' Steering Committee for a one-year term, reappoints Russ Herman as Plaintiffs' Liaison Counsel and ex-officio committee member, and reappoints Arnold Levin as lead counsel.",False,True,,"2047 IN RE_ Chinese-Manufactured Drywall Products Liability Litigation/2047, Doc. 17600, P.T. ORDER 8D Reappointing PSC .pdf",extracted
old,2047-19234,2047,19234,2015-06-26,EEF,DJ,False,0,0,True,,False,True,Communications,1,False,False,False,False,False,False,,,False,True,,"2047 IN RE_ Chinese-Manufactured Drywall Products Liability Litigation/2047, Doc. 19234, ORDER Appointing D Liaison Csl .pdf",extracted
old,2047-17379,2047,17379,2014-01-10,EEF,DJ,False,1,0,True,False,True,False,Fees,7,False,False,True,False,False,False,,"Caption lists Magistrate Judge Wilkinson, but the order is signed only by District Judge Fallon.",False,False,,"2047 IN RE_ Chinese-Manufactured Drywall Products Liability Litigation/2047, Doc. 17379, P.T. ORDER 28 Attnys_ Fees and Reimbursement Guidelines .pdf",extracted
old,2047-5538,2047,5538,2010-09-14,EEF,DJ,False,0,0,False,False,,,Management,8,False,False,False,False,False,False,,Order appoints additional members to the existing Insurer Steering Committee.,False,False,,"2047 IN RE_ Chinese-Manufactured Drywall Products Liability Litigation/2047, Doc. 5538, ORDER Appointing Addt_l Members to Steering Committee.pdf",extracted
old,2047-1871,2047,1871,2010-03-19,EEF,DJ,False,2,0,True,True,True,True,Coordination,11,False,False,False,False,False,False,,,False,True,,"2047 IN RE_ Chinese-Manufactured Drywall Products Liability Litigation/2047, Doc. 1871, ORDER Appointing State_Federal Liaison .pdf",extracted
old,2047-18782,2047,18782,2015-04-28,EEF,DJ,False,0,0,True,,True,False,LeadCounsel; Management; Communications,17,False,False,,,False,False,,,False,True,,"2047 IN RE_ Chinese-Manufactured Drywall Products Liability Litigation/2047, Doc. 18782, P.T. ORDER 8E Reappointing Csl .pdf",extracted
old,2151-172,2151,172,2010-05-14,JVS,DJ,False,0,0,False,False,True,False,,1,False,False,False,False,False,False,,Correction to Order No. 2; corrects Richard J. Arsenault's representation from non-consumer plaintiffs to consumer plaintiffs.,False,False,,"2151 IN RE_ Toyota Motor Corp. Unintended Acceleration Marketing, Sales Practices, and Products Liability Litigation/2151, Doc. 172, Correction to ORDER 2 169.pdf",extracted
old,2047-17177,2047,17177,2013-10-21,EEF,DJ,False,1,0,True,True,True,False,ClassCounsel,6,False,False,False,False,False,False,,"OCR/text overlap in paragraph 7 creates ambiguity in some firm names, including references to Rhine Martin Law Firm, P.C. and Leopold Law, P.A.; extracted appointments expressly appearing in the order text.",False,False,,"2047 IN RE_ Chinese-Manufactured Drywall Products Liability Litigation/2047, Doc. 17177, ORDER Certifying Settlem. Class and Appointing Class Csl  .pdf",extracted
old,2084-475,2084,475,2011-10-19,TWT,DJ,False,2,0,True,True,True,False,LeadCounsel; ClassCounsel; Communications,7,False,False,True,True,False,False,,Counsel for plaintiffs agreed upon the proposed organizational structure.,False,False,,"2084 IN RE_ AndroGel Antitrust Litigation (No. II)/2084, Doc. 475, ORDER Appointing Pl Leadership Structure .pdf",extracted
old,2047-2369,2047,2369,2010-04-07,EEF,DJ,False,1,0,False,False,,,LeadCounsel; Management,13,True,False,False,False,False,False,,,False,True,,"2047 IN RE_ Chinese-Manufactured Drywall Products Liability Litigation/2047, Doc. 2369, P.T. ORDER 20 .pdf",extracted
old,2151-3830,2151,3830,2013-06-27,JVS,DJ,False,0,0,False,False,True,False,Communications; Coordination,4,False,False,False,False,False,False,,,False,False,,"2151 IN RE_ Toyota Motor Corp. Unintended Acceleration Marketing, Sales Practices, and Products Liability Litigation/2151, Doc. 3830, ORDER 26 Appointment of Addt_l Csl  .pdf",extracted
old,2047-6960,2047,6960,2011-01-12,EEF,DJ,True,0,0,False,False,True,False,Management; Communications; LeadCounsel,16,False,False,False,False,False,False,,,False,True,,"2047 IN RE_ Chinese-Manufactured Drywall Products Liability Litigation/2047, Doc. 6960, P.T. ORDER 8A Appointing PSC .pdf",extracted
old,2179-110,2179,110,2010-08-27,CJB,DJ,False,0,0,True,False,True,False,Communications; Management,2,False,False,False,False,False,False,,"Signature date line is blank; date taken from filed header. Magistrate Judge Shushan is listed in the caption, but only Judge Barbier signed the order.",False,True,,"2179 IN RE_ Oil Spill by the Oil Rig _Deepwater Horizon_ in the Gulf of Mexico, on April 20, 2010/2179, Doc. 110, P.T. ORDER 6 Appointing Interim Co-Liaison Csl .pdf",extracted
old,2179-25224,2179,25224,2018-12-11,CJB,DJ,False,0,0,False,False,True,False,Communications,2,False,False,False,False,False,False,,Order reappoints Plaintiffs' Co-Liaison Counsel and states the Court will not appoint or re-appoint members to the PSC.,False,True,,"2179 IN RE_ Oil Spill by the Oil Rig _Deepwater Horizon_ in the Gulf of Mexico, on April 20, 2010/2179, Doc. 25224, ORDER Reappointing Co-Liaison NOT PSC .pdf",extracted
old,2158-9,2158,9,2011-02-18,MCA,MJ,False,2,0,True,True,True,True,Communications,8,False,False,True,True,False,True,,,False,False,,"2158 IN RE_ Zimmer Durom Hip Cup Products Liability Litigation/2158, Doc. 9, C.M. ORDER 1 Appointing Leadership .pdf",extracted
old,2151-4542,2151,4542,2014-04-07,JVS,DJ,False,0,0,False,False,True,False,LeadCounsel; Communications; Coordination,13,False,False,False,False,False,False,,Order renews appointments of Plaintiffs' counsel for 2014-15 for personal injury/wrongful death cases without need of application.,False,True,,"2151 IN RE_ Toyota Motor Corp. Unintended Acceleration Marketing, Sales Practices, and Products Liability Litigation/2151, Doc. 4542, ORDER 27 Reappointment of Csl .pdf",extracted
old,2179-11557,2179,11557,2013-10-01,CJB,DJ,False,0,0,True,,True,False,Management; Communications,18,False,False,,,False,False,,"Re-appoints existing Plaintiffs' Co-Liaison Counsel, Plaintiffs' Executive Committee, and Plaintiffs' Steering Committee; no new organizational units created.",False,True,,"2179 IN RE_ Oil Spill by the Oil Rig _Deepwater Horizon_ in the Gulf of Mexico, on April 20, 2010/2179, Doc. 11557, P.T. ORDER 55, Reappointing Pl Leadership.pdf",extracted
old,2153-14,2153,14,2010-07-16,GW,DJ,False,3,0,True,True,True,False,Communications; LeadCounsel; Management; ClassCounsel,5,False,False,True,True,True,True,,,False,False,,"2153 IN RE_ United Parcel Service _Air-in-Ground_ Marketing and Sales Practices Litigation/2153, Doc. 14, ORDER Appointing Pl_s Leadership .pdf",extracted
old,2179-23456,2179,23456,2017-09-29,CJB,DJ,False,0,0,True,,True,False,Management; Communications,17,False,,,,,,,,False,True,,"2179 IN RE_ Oil Spill by the Oil Rig _Deepwater Horizon_ in the Gulf of Mexico, on April 20, 2010/2179, Doc. 23456, ORDER Reappointing .pdf",extracted
old,2179-5276,2179,5276,2012-01-18,CJB,DJ,False,0,0,False,False,,,Coordination,1,False,False,False,False,False,False,,Amends Pretrial Order #26 to add appointment of Co-Coordinating Counsel for State Interests.,False,True,,"2179 IN RE_ Oil Spill by the Oil Rig _Deepwater Horizon_ in the Gulf of Mexico, on April 20, 2010/2179, Doc. 5276, P.T. ORDER 48 Appointing Co-Coordinating Csl for State Interest .pdf",extracted
old,,2047,,2010-04-06,EEF,DJ,False,1,0,False,False,,,LeadCounsel; Management,13,True,False,False,False,False,False,,,False,True,,"2047 IN RE_ Chinese-Manufactured Drywall Products Liability Litigation/2047, Doc. XXX, ORDER Appointing Insurers Committee.pdf",extracted
old,2179-1074,2179,1074,2011-01-27,CJB,DJ,False,2,0,True,False,False,False,Coordination,2,False,False,False,False,False,False,,,False,False,,"2179 IN RE_ Oil Spill by the Oil Rig _Deepwater Horizon_ in the Gulf of Mexico, on April 20, 2010/2179, Doc. 1074, P.T. ORDER 26 Appointing Gov.Coordinating Csl .pdf",extracted
old,2179-5960,2179,5960,2012-03-05,CJB,DJ,False,1,0,True,,True,False,ClassCounsel,2,False,False,False,False,True,False,,,False,True,,"2179 IN RE_ Oil Spill by the Oil Rig _Deepwater Horizon_ in the Gulf of Mexico, on April 20, 2010/2179, Doc. 5960, ORDER Appointing Interim Class Csl .pdf",extracted
old,2179-13817,2179,13817,2014-12-10,CJB,DJ,False,0,0,True,,True,,Management; Communications,18,False,,,,,,,"Order reappoints existing Plaintiffs' Steering Committee, Plaintiffs' Executive Committee, and Plaintiffs' Co-Liaison Counsel for one year.",False,True,,"2179 IN RE_ Oil Spill by the Oil Rig _Deepwater Horizon_ in the Gulf of Mexico, on April 20, 2010/2179, Doc. 13817, ORDER Reappointing .pdf",extracted
old,2179-15394,2179,15394,2015-09-29,CJB,DJ,False,0,0,True,False,True,False,Management; Communications,18,False,False,False,False,False,False,,"Order re-appoints existing Plaintiffs' Steering Committee, Plaintiffs' Executive Committee, and Plaintiffs' Co-Liaison Counsel for one year; it states the Court did not need new applications for re-appointment.",False,True,,"2179 IN RE_ Oil Spill by the Oil Rig _Deepwater Horizon_ in the Gulf of Mexico, on April 20, 2010/2179, Doc. 15394, ORDER Reappointing .pdf",extracted
new,2100-4234,2100,4234,2018-11-20,DRH,DJ,False,0,2,True,True,True,False,LeadCounsel; Management; Communications,14,False,False,True,False,False,False,,Order disbands/discharges plaintiffs' co-lead counsel and PSC from further CMO No. 2 obligations; liaison counsel continues limited wind-down duties. Court-appointed CPA and bank excluded as non-attorney/non-law-firm roles.,False,False,shares date+title with 1 other order(s),"2100 IN RE Yasmin and Yaz (Drospirenone) Marketing, Sales Practices and Products Liability Litigation/US_DIS_ILSD_3_09md2100_4234_CASE MANAGEMENT ORDER NO. 85 - Order Disbanding th_4234_0.pdf",extracted
old,2179-21767,2179,21767,2016-10-04,CJB,DJ,False,0,0,False,False,True,False,Management; Communications,18,False,False,False,False,False,False,,"Order reappoints existing Plaintiffs' Steering Committee, Plaintiffs' Executive Committee, and Plaintiffs' Co-Liaison Counsel for a one-year term.",False,True,,"2179 IN RE_ Oil Spill by the Oil Rig _Deepwater Horizon_ in the Gulf of Mexico, on April 20, 2010/2179, Doc. 21767, ORDER Reappointing Pl Leadership .pdf",extracted
old,2067-19,2067,19,2009-12-30,NMG,DJ,False,4,0,True,True,True,False,Management; ClassCounsel,4,False,False,True,True,True,True,,,False,False,,"2067 IN RE_ Celexa and Lexapro Marketing and Sales Practices Litigation/2067, Doc. 19, P.T. ORDER 1 Appointing .pdf",extracted
old,2151-3399,2151,3399,2013-02-15,JVS,DJ,False,0,0,False,False,True,False,LeadCounsel; Communications; Management; Coordination,18,False,False,False,False,False,False,,Order No. 22 renews/reappoints plaintiffs' counsel for 2013-14 without need of application.,False,False,,"2151 IN RE_ Toyota Motor Corp. Unintended Acceleration Marketing, Sales Practices, and Products Liability Litigation/2151, Doc. 3399, ORDER 22 Reappointing Pl Csl .pdf",extracted
old,2179-14863,2179,14863,2015-07-15,CJB,DJ,False,2,0,True,True,True,False,Fees,9,False,False,False,False,False,False,,Pretrial Order No. 59 appoints a Common Benefit Fee and Cost Committee and Special Counsel to the FCC.,False,True,,"2179 IN RE_ Oil Spill by the Oil Rig _Deepwater Horizon_ in the Gulf of Mexico, on April 20, 2010/2179, Doc. 14863, P.T. ORDER 59 Appointing Com.Ben.Fee Committee .pdf",extracted
old,2187-113,2187,113,2011-11-17,JRG,DJ,False,0,0,True,,False,True,LeadCounsel,1,False,False,False,False,False,False,,,False,False,,"2187 IN RE_ C.R. Bard, Inc., Pelvic Repair System Products Liability Litigation/2187, Doc. 113, P.T. ORDER 21 D_s Lead Csl .pdf",extracted
old,2185-141,2185,141,2011-04-13,KPE,DJ,False,0,0,False,False,True,False,Management,2,False,False,False,False,False,False,,,False,False,,"2185 IN RE_ BP p.l.c. Securities Litigation/2185, Doc. 141, ORDER Modifying Appointments to Exec. Committee .pdf",extracted
old,2179-567,2179,567,2010-10-19,CJB,DJ,False,0,0,False,False,False,True,Management; Communications,16,False,False,False,False,False,False,,,False,False,,"2179 IN RE_ Oil Spill by the Oil Rig _Deepwater Horizon_ in the Gulf of Mexico, on April 20, 2010/2179, Doc. 567, P.T. ORDER 10 Appointments to D_s Steering .pdf",extracted
old,2187-181,2187,181,2012-03-05,JRG,DJ,False,0,0,True,,False,True,LeadCounsel,2,False,False,False,False,False,False,,Substitutes Deborah A. Moeller for Sandra A. Bresnick as Lead Counsel for Sofradim Production SAS.,False,False,,"2187 IN RE_ C.R. Bard, Inc., Pelvic Repair System Products Liability Litigation/2187, Doc. 181, P.T. ORDER 30 Substituting Lead Csl  .pdf",extracted
old,2179-4226,2179,4226,2011-10-05,CJB,DJ,True,0,0,True,False,True,False,Management; Communications,19,False,False,False,False,False,False,,"The order appoints or re-appoints members of the existing Plaintiffs' Steering Committee, Plaintiffs' Co-Liaison Counsel, and Plaintiff Executive Committee for one-year terms.",False,True,,"2179 IN RE_ Oil Spill by the Oil Rig _Deepwater Horizon_ in the Gulf of Mexico, on April 20, 2010/2179, Doc. 4226, P.T. ORDER 46 Pl Leadership Appointments and Reappointments.pdf",extracted
old,2151-2511,2151,2511,2012-05-08,JVS,DJ,False,0,0,False,False,True,False,LeadCounsel; Communications; Management; Coordination,21,False,False,False,False,False,False,,"Order No. 20 reappoints counsel for 2012-13. Signature date appears as May 8, 2011, but the PACER header/filed date is 05/08/12; used filed date.",False,True,,"2151 IN RE_ Toyota Motor Corp. Unintended Acceleration Marketing, Sales Practices, and Products Liability Litigation/2151, Doc. 2511, ORDER 20 Reappointing Csl .pdf",extracted
old,2185-857,2185,857,2014-05-20,KPE,DJ,False,1,0,False,False,True,False,ClassCounsel,2,False,True,False,False,True,False,,,False,False,,"2185 IN RE_ BP p.l.c. Securities Litigation/2185, Doc. 857. ORDER MEMO Granting Motion to Certify.pdf",extracted
old,2151-1430,2151,1430,2011-05-04,JVS,DJ,False,0,0,False,False,True,False,LeadCounsel; Management; Communications; Coordination,23,False,False,False,False,False,False,,Order renews/reappoints existing plaintiffs' counsel appointments under prior Order No. 9. Monica R. Kelley is also referenced with the spelling “Monica R. Kelly” in the specialized-appointment paragraph.,False,False,,"2151 IN RE_ Toyota Motor Corp. Unintended Acceleration Marketing, Sales Practices, and Products Liability Litigation/2151, Doc. 1430, ORDER 13 Reappointing Csl .pdf",extracted
old,2187-70,2187,70,2011-07-25,JRG,DJ,False,0,0,False,False,True,False,Management,1,False,False,False,False,False,False,,,False,False,,"2187 IN RE_ C.R. Bard, Inc., Pelvic Repair System Products Liability Litigation/2187, Doc. 70, P.T. ORDER 14 Additional Appointments Pl Steering .pdf",extracted
old,2184-47,2184,47,2010-10-08,JW,DJ,True,3,0,True,True,True,False,LeadCounsel; Communications; ClassCounsel,3,False,True,False,False,True,False,,,False,False,,"2184 IN RE_ Google Inc. Street View Electronic Communications Litigation/2184, Doc. 47, ORDER Appointing Interim Class Csl, Co-Lead and Liaison .pdf",extracted
old,2187-654,2187,654,2013-09-17,JRG,DJ,False,0,0,True,,False,True,Communications,2,False,False,False,False,False,False,,,False,False,,"2187 IN RE_ C.R. Bard, Inc., Pelvic Repair System Products Liability Litigation/2187, Doc. 654, P.T. ORDER 86 Substituting D Liaison Csl .pdf",extracted
old,2187-701,2187,701,2013-12-06,JRG,DJ,False,0,0,False,,True,False,Management,3,False,False,,,False,,,Order amends prior counsel structure and appoints three attorneys to the existing Plaintiffs’ Executive Committee; no new organizational unit clearly created for the first time.,False,False,,"2187 IN RE_ C.R. Bard, Inc., Pelvic Repair System Products Liability Litigation/2187, Doc. 701, P.T. ORDER 93 Amending P.T.O. 3 Adding Pl Co-Liaison .pdf",extracted
old,2179-7350,2179,7350,2012-09-10,CJB,DJ,False,0,0,,,True,False,Management; Communications,19,False,False,,,False,False,,"Re-appoints existing Plaintiffs' Co-Liaison Counsel, Plaintiffs' Executive Committee, and Plaintiffs' Steering Committee for one year; the Court states it does not need new applications for these re-appointments.",False,True,,"2179 IN RE_ Oil Spill by the Oil Rig _Deepwater Horizon_ in the Gulf of Mexico, on April 20, 2010/2179, Doc. 7350, P.T. ORDER 53 Re Appointing P. Leadership.pdf",extracted
old,2187-748,2187,748,2014-01-28,,,False,0,0,False,,True,False,Management,4,False,False,False,False,False,False,,Order grants plaintiffs' motion to amend membership of the existing Plaintiffs' Steering Committee; it removes one member and adds three members.,False,False,,"2187 IN RE_ C.R. Bard, Inc., Pelvic Repair System Products Liability Litigation/2187, Doc. No. 748, PTO_105.pdf",extracted
old,2187-1744,2187,1744,2016-01-15,,,False,1,0,True,True,True,False,Fees,8,False,False,False,False,False,False,,"William H. McKee, Jr. is expressly described as a non-attorney participant and is excluded from Appointments.",False,True,,"2187 IN RE_ C.R. Bard, Inc., Pelvic Repair System Products Liability Litigation/2187, Doc. 1744, P.T. ORDER 207 Est. C.B.Fund Criteria and Appointing Com.Ben.Cost Committee  .pdf",extracted
old,2179-506,2179,506,2010-10-08,CJB,DJ,True,0,0,True,True,True,False,Management,17,False,False,True,True,False,False,,,False,True,,"2179 IN RE_ Oil Spill by the Oil Rig _Deepwater Horizon_ in the Gulf of Mexico, on April 20, 2010/2179, Doc. 506, P.T. ORDER 8 .pdf",extracted
old,2187-656,2187,656,2013-09-20,,,False,0,0,False,False,True,False,Management,11,False,False,False,False,False,False,,Order grants plaintiffs' omnibus motion to amend membership of the Plaintiffs' Steering Committee and applies across multiple pelvic repair MDLs listed in the caption.,False,True,,"2187 IN RE_ C.R. Bard, Inc., Pelvic Repair System Products Liability Litigation/2187, Doc. 656, P.T. ORDER 87, Granting Pl Mot to Amend PSC Membership.pdf",extracted
old,2187-22,2187,22,2011-02-01,JRG,DJ,False,0,0,True,True,True,True,LeadCounsel; Management; Communications,9,False,False,True,True,False,False,,,False,False,,"2187 IN RE_ C.R. Bard, Inc., Pelvic Repair System Products Liability Litigation/2187, Doc. 22, P.T. ORDER 3 Appointment of Leads and Pl Steering  .pdf",extracted
old,2187-7072,2187,7072,2019-03-14,,,False,0,0,True,,,,Fees,8,False,False,False,False,False,False,,"The Common Benefit Fee and Cost Committee is reappointed by reference to the prior FCC Order, but the order does not name the committee members. The External Review Specialist is excluded as not a counsel/committee leadership appointment under the allowed categories. | [inherited from 2187-1744 (reappointment; cited Docket 1744)] -- verify against any later substitution/removal",False,False,,"2187 IN RE_ C.R. Bard, Inc., Pelvic Repair System Products Liability Litigation/2187, Doc. 7072, P.T. ORDER 302 Reappointing Com.Ben. Cost Committee .pdf",inherited-reappointment (verify)
old,2185-248,2185,248,2010-10-12,KE,DJ,False,2,0,True,True,True,False,LeadCounsel; Management; Communications,6,False,False,False,True,False,False,,,False,True,,"2185 IN RE_ BP p.l.c. Securities Litigation/2185, Doc. 248, ORDER Consolidating and Appointing Pl Co-Leads . .pdf",extracted
old,2243-216,2243,216,2011-09-22,GEB,DJ,False,0,0,False,False,True,False,Management,1,False,False,False,False,False,False,,,False,False,,"2243-Fosamax (Alendronate Sodium)/2243, Doc. 216, C.M. ORDER 3B Appointing Levin Pap to PSC.pdf",extracted
old,2179-2,2179,2,2010-08-10,CJB,DJ,False,0,0,True,True,True,True,Communications; Management,3,True,False,False,True,False,True,,,False,False,,"2179 IN RE_ Oil Spill by the Oil Rig _Deepwater Horizon_ in the Gulf of Mexico, on April 20, 2010/2179, Doc. 2, P.T. ORDER 1 Outlining Organization .pdf",extracted
old,2197-958,2197,958,2015-10-14,DAK,DJ,False,1,0,True,True,True,False,Fees,14,False,False,,False,False,False,,,False,False,,"2197 IN RE_ DePuy Orthopaedics, Inc., ASR Hip Implant Products Liability Litigation/2197, Doc. 958, ORDER Creating Fee Committee.pdf",extracted
old,2185-79,2185,79,2010-12-28,KPE,DJ,True,2,0,True,True,True,False,LeadCounsel,5,False,False,False,False,True,False,Securities,Two competing lead-plaintiff/lead-counsel motions remained pending; order approves each lead-plaintiff group's chosen law firms as lead counsel. Non-attorney lead plaintiffs were excluded from Appointments.,False,False,,"2185 IN RE_ BP p.l.c. Securities Litigation/2185, Doc. 79, ORDER MEMO Appointing Lead Pl and Co-Lead Csl .pdf",extracted
old,2243-215,2243,215,2011-09-22,GEB,DJ,True,0,0,False,False,True,False,Management,1,False,False,False,False,False,False,,"Order amends Case Management Order No. 3 to appoint Perry Weitz to the Plaintiffs' Steering Committee; order references applications by Becnel Law Firm LLC and Weitz & Luxenberg, P.C.",False,False,,"2243-Fosamax (Alendronate Sodium)/2243, Doc. 215, C.M. ORDER 3A Appointing Perry Weitz PSC.pdf",extracted
old,2243-110,2243,110,2011-07-14,LHG,MJ,False,1,0,True,True,False,True,Communications,2,False,False,False,False,False,False,,,False,False,,"2243-Fosamax (Alendronate Sodium)/2243, Doc. 110, C.M. ORDER 2 Appointing Generic Liaison Csl .pdf",extracted
old,2221-14,2221,14,2011-03-02,RER,MJ,False,1,0,True,True,True,False,LeadCounsel; ClassCounsel,3,False,True,False,True,True,False,,Order consolidates class actions and appoints interim lead class counsel; the order states counsel for all plaintiffs in the Class Cases agreed to the appointment.,False,False,,"2221 IN RE_ American Express Anti-Steering Rules Antitrust Litigation (No. II)/2221, Doc. 14, ORDER Consolidating and Appointing Interim Lead Cls  .pdf",extracted
old,2187-5,2187,5,2010-12-09,JRG,DJ,False,2,0,True,True,True,True,Communications; Management,4,True,False,False,True,False,False,,,False,False,,"2187 IN RE_ C.R. Bard, Inc., Pelvic Repair System Products Liability Litigation/2187, Doc. 5, P.T. ORDER 2 Initial Appointment .pdf",extracted
old,2243-411,2243,411,2011-12-22,GEB,DJ,False,0,0,False,False,True,False,Management,1,False,False,False,False,False,False,,Order amends prior Case Management Order No. 3 to update the firm affiliation for PSC member Leonard A. Davis; no new organizational unit is created.,False,False,,"2243-Fosamax (Alendronate Sodium)/2243, Doc. 411, C.M. ORDER 3C Amending Steering Appointment  .pdf",extracted
old,2244-1052,2244,1052,2019-09-11,K,DJ,False,0,0,True,False,True,False,Fees,5,False,False,False,False,False,False,,James M. Stanton was appointed as Common Benefit Allocation Special Master; excluded from Appointments because Special Masters are not leadership appointees under the extraction rules.,False,False,,"2244 IN RE_ DePuy Orthopaedics, Inc., Pinnacle Hip Implant Products Liability Litigation/2244, Doc. 1052, ORDER Com.Ben. Fee and Allocation .pdf",extracted
old,2187-222,2187,222,2012-04-18,JRG,DJ,False,0,0,True,False,True,False,LeadCounsel; Management; Communications,11,False,False,False,False,False,False,,"Order refers to an attachment listing attorneys appointed to the PSC, but that attachment roster is not included in the supplied text; only named appointees appearing in the provided order text were extracted.",False,False,,"2187 IN RE_ C.R. Bard, Inc., Pelvic Repair System Products Liability Litigation/2187, Doc. 222, P.T. ORDER 33 Changes to Csl Structure .pdf",extracted
old,2243-212,2243,212,2011-07-14,GEB,DJ,False,1,0,True,True,True,False,Management,11,False,False,False,True,False,False,,PACER header filed date used over apparent signature date. Order appoints Plaintiffs' Steering Committee members and specifies PSC responsibilities.,False,False,,"2243-Fosamax (Alendronate Sodium)/2243, Doc. 212, C.M. ORDER 3 (Appointment of PSC).pdf",extracted
old,2221-707,2221,707,2015-11-09,NGG,DJ,False,1,0,True,True,True,False,LeadCounsel; ClassCounsel; Management,3,False,True,,True,True,False,,Order describes prior removals/withdrawals of Interim Co-Lead Class Counsel by earlier orders; those are not treated as removals made by this order.,False,False,,"2221 IN RE_ American Express Anti-Steering Rules Antitrust Litigation (No. II)/2221, Doc. 707, ORDER re Appointment of Lead Csl and Exec. Comm. .pdf",extracted
old,2243-93,2243,93,2011-07-06,JAP,DJ,False,1,0,True,True,True,False,Communications,2,False,False,False,False,False,False,,Order appoints two plaintiff firms as co-liaison counsel and directs them to submit a proposed case management order forming a Plaintiffs' Steering Committee.,False,True,,"2243-Fosamax (Alendronate Sodium)/2243, Doc. 93, C.M. ORDER 1 Appointing Co-Liaison Csl .pdf",extracted
old,2151-169,2151,169,2010-05-14,JVS,DJ,True,7,0,True,,True,True,LeadCounsel; Management; Communications; Discovery; Coordination; Motions,26,False,False,True,False,True,True,,Order discusses comments on potential conflicts concerning counsel leadership appointments.,False,True,,"2151 IN RE_ Toyota Motor Corp. Unintended Acceleration Marketing, Sales Practices, and Products Liability Litigation/2151, Doc. 169, ORDER 2 Adopting Organization and Appointing Csl .pdf",extracted
old,2262-206,2262,206,2012-08-14,NRB,DJ,False,1,0,True,True,True,False,LeadCounsel; ClassCounsel,2,False,False,True,True,True,False,,Pre-Trial Order No. 2 consolidates/coordinates Bondholder Plaintiff Actions and designates Bondholder Plaintiff Interim Co-Leads.,False,False,,"2262 IN RE_ Libor-Based Financial Instruments Antitrust Litigation/2262, Doc. 206, P.T. ORDER 2 Consolidating and Appointing .pdf",extracted
old,2262-2687,2262,2687,2018-08-20,NRB,DJ,False,1,0,True,True,True,False,ClassCounsel; Settlement; SettlementAdministration,1,False,True,False,False,True,False,,Order appoints Pomerantz LLP as counsel for the Settlement Class under Rule 23(g). Non-attorney/non-law-firm appointees (Claims Administrator and Escrow Agent) excluded.,False,False,,"2262 IN RE_ Libor-Based Financial Instruments Antitrust Litigation/2262, Doc. 2687, ORDER Certifying Settlem. Class .pdf",extracted
old,2197-71,2197,71,2011-01-26,DAK,DJ,False,0,0,True,True,True,True,Management; LeadCounsel; Communications; Coordination; Expert; Discovery; Motions,37,False,False,False,False,False,False,,,False,False,,"2197 IN RE_ DePuy Orthopaedics, Inc., ASR Hip Implant Products Liability Litigation/2197, Doc. 71, C.M. ORDER 3 Appointing Leadership and Committees.pdf",extracted
old,2262-3024,2262,3024,2020-01-23,NRB,DJ,False,1,0,True,True,True,False,ClassCounsel,1,False,True,False,False,True,False,,,False,False,,"2262 IN RE_ Libor-Based Financial Instruments Antitrust Litigation/2262, Doc. 3024, ORDER Certifying Settlem. Class .pdf",extracted
old,2221-658,2221,658,2015-08-04,NGG,DJ,True,0,0,True,True,True,False,ClassCounsel,2,False,True,False,False,True,True,,"Order denies final approval of class settlement and attorneys' fees, removes Gary B. Friedman and Friedman Law Group LLP as Co-Lead Class Counsel and interim class counsel, and orders other listed interim class counsel to show cause why they should continue and to propose replacement interim class counsel.",False,False,,"2221 IN RE_ American Express Anti-Steering Rules Antitrust Litigation (No. II)/2221, Doc. 658, ORDER removing lead counsel.pdf",extracted
old,2262-3081,2262,3081,2020-05-05,NRB,DJ,False,1,0,True,True,True,False,ClassCounsel,2,False,True,False,False,True,False,,,False,False,,"2262 IN RE_ Libor-Based Financial Instruments Antitrust Litigation/2262, Doc. 3081, ORDER Certifying Settlem. Class .pdf",extracted
old,2187-229,2187,229,2012-05-04,JRG,DJ,False,0,0,False,False,True,False,Management,62,False,False,False,False,False,False,,Revised PSC list replaces the prior list attached to PTO #33; order notes Norwood S. Wilner had been previously appointed and will continue on the PSC.,False,False,,"2187 IN RE_ C.R. Bard, Inc., Pelvic Repair System Products Liability Litigation/2187, Doc. 229, P.T. ORDER 36 Revised PSC List .pdf",extracted
old,2262-3038,2262,3038,2020-03-02,NRB,DJ,False,1,0,,False,True,False,ClassCounsel,2,False,True,False,False,True,False,,Order preliminarily certifies settlement classes and appoints two law firms as Settlement Class Counsel. Claims Administrator and Escrow Agents excluded as non-leadership/non-attorney roles.,False,False,,"2262 IN RE_ Libor-Based Financial Instruments Antitrust Litigation/2262, Doc. 3038, ORDER Certifying Settlem. Class .pdf",extracted
old,2262-3008,2262,3008,2019-11-21,NRB,DJ,False,1,0,True,True,True,False,ClassCounsel,1,False,True,False,False,True,False,,,False,False,,"2262 IN RE_ Libor-Based Financial Instruments Antitrust Litigation/2262, Doc. 3008, ORDER Certifying Settlem. Class .pdf",extracted
old,2262-2038,2262,2038,2020-03-02,NRB,DJ,False,1,0,True,False,True,False,ClassCounsel,2,False,True,False,False,True,False,,"PACER header shows Document 3038, while source filename suggests Doc. 2038.",False,False,,"2262 IN RE_ Libor-Based Financial Instruments Antitrust Litigation/2262, Doc. 2038, ORDER Settlement Aprvl. Awarding Attnys_ Fees .pdf",extracted
old,2262-3175,2262,3175,2020-09-17,NRB,DJ,False,0,0,False,False,True,False,ClassCounsel,2,False,True,False,False,True,False,,,False,False,,"2262 IN RE_ Libor-Based Financial Instruments Antitrust Litigation/2262, Docket #3175, Order Approving Final Settlement (09-17-2020).pdf",extracted
old,2221-658,2221,658,2015-08-04,NGG,DJ,True,0,0,True,True,True,False,ClassCounsel; Fees,1,False,True,,,True,True,,"The order denies final approval of the class settlement and class counsel's fee motion, removes Gary B. Friedman and Friedman Law Group LLP as Co-Lead Class Counsel and interim class counsel, and orders remaining interim class counsel to show cause why they should continue. Class counsel adequacy and the settlement were challenged by objectors.",False,False,,"2221 IN RE_ American Express Anti-Steering Rules Antitrust Litigation (No. II)/2221, Doc. 658, MEMO ORDER Settlement and Motion for Attnys_ Fees Denied .pdf",extracted
old,2262-66,2262,66,2011-11-29,NRB,DJ,True,2,0,True,True,True,False,ClassCounsel,4,True,True,False,False,True,True,,Order addresses competing interim class counsel proposals for over-the-counter and exchange-based putative plaintiff classes.,False,False,,"2262 IN RE_ Libor-Based Financial Instruments Antitrust Litigation/2262, Doc. 66, MEMO ORDER Appointing Interim Class Csl .pdf",extracted
old,2262-3177,2262,3177,2020-09-17,NRB,DJ,False,0,0,,,True,False,ClassCounsel,2,False,True,,,True,False,,,False,False,,"2262 IN RE_ Libor-Based Financial Instruments Antitrust Litigation/2262, Docket #3177, Order Approving Final Settlement (09-17-2020).pdf",extracted
old,2262-692,2262,692,2014-10-14,NRB,DJ,False,4,0,True,True,True,False,ClassCounsel,5,False,True,False,False,True,True,,Order designates interim class counsel for several proposed plaintiff class groups. A limited objection concerning overlap with the existing OTC Plaintiffs class was resolved by limiting representation in Berkshire Bank and Directors Financial.,False,False,,"2262 IN RE_ Libor-Based Financial Instruments Antitrust Litigation/2262, Doc. 692, MEMO ORDER Designating Interim Class Csl .pdf",extracted
old,2262-3246,2262,3246,2020-12-16,NRB,DJ,False,1,0,,,True,False,ClassCounsel; Fees; Settlement,2,False,True,False,False,True,False,,,False,False,,"2262 IN RE_ Libor-Based Financial Instruments Antitrust Litigation/2262, Docket #3246, Order Approving Final Settlement (12-16-2020).pdf",extracted
old,2262-3176,2262,3176,2020-09-17,NRB,DJ,False,0,0,False,True,True,False,ClassCounsel,2,False,True,False,False,True,False,,"A.B. Data, Ltd. is confirmed as Settlement Administrator but excluded from Appointments as a non-legal settlement administrator.",False,False,,"2262 IN RE_ Libor-Based Financial Instruments Antitrust Litigation/2262, Docket #3176, Order Approving Final Settlement (09-17-2020).pdf",extracted
old,2262-3217,2262,3217,2020-10-27,NRB,DJ,False,1,0,False,False,True,False,ClassCounsel,2,False,True,False,False,True,False,,,False,False,,"2262 IN RE_ Libor-Based Financial Instruments Antitrust Litigation/2262, Docket #3217, Order Approving Final Settlement (10-27-2020).pdf",extracted
old,2262-3179,2262,3179,2020-09-17,NRB,DJ,False,0,0,False,False,True,False,ClassCounsel,2,False,True,False,False,True,False,,"A.B. Data, Ltd. confirmed as Settlement Administrator, but excluded as a non-legal settlement administrator.",False,False,,"2262 IN RE_ Libor-Based Financial Instruments Antitrust Litigation/2262, Docket #3179, Order Approving Final Settlement (09-17-2020).pdf",extracted
old,2262-3180,2262,3180,2020-09-17,NRB,DJ,False,0,0,False,False,True,False,ClassCounsel,2,False,True,False,False,True,False,,,False,False,,"2262 IN RE_ Libor-Based Financial Instruments Antitrust Litigation/2262, Docket #3180, Order Approving Final Settlement (09-17-2020).pdf",extracted
old,2244-414,2244,414,2014-06-20,K,DJ,False,0,0,False,False,True,False,LeadCounsel; Management; Discovery; Expert; Motions; Trial; Coordination,38,False,False,False,False,False,False,,Second amended order reappointing or newly appointing plaintiffs' leadership; supersedes Amended Case Management Order No. 3.,False,False,,"2244 IN RE_ DePuy Orthopaedics, Inc., Pinnacle Hip Implant Products Liability Litigation/2244, Doc. 414, Amdended C.M. ORDER 3 Appointing Pl Leadership.pdf",extracted
old,2262-3218,2262,3218,2020-10-30,NRB,DJ,False,1,0,True,True,True,False,ClassCounsel,1,False,True,,,True,False,,"Order preliminarily approves settlement, conditionally certifies the Lender Settlement Class, and appoints Pomerantz LLP as counsel for the Lender Class. JND Legal Administration and Huntington Bank are excluded as non-attorney claims administrator/escrow agent roles.",False,True,,"2262 IN RE_ Libor-Based Financial Instruments Antitrust Litigation/2262, Docket #3218, Order Appointing Lead Counsel for Settlement (10-30-2020).pdf",extracted
old,2262-3654,2262,3654,2023-03-28,NRB,DJ,False,1,0,False,False,True,False,ClassCounsel; Settlement; Fees,2,False,True,False,False,True,False,,,False,False,,"2262 IN RE_ Libor-Based Financial Instruments Antitrust Litigation/2262, Docket #3654, Order Approving Final Settlement (03-28-2023).pdf",extracted
old,2262-3378,2262,3378,2022-03-11,NRB,DJ,False,1,0,True,True,True,False,ClassCounsel; Settlement,1,False,True,False,False,True,False,,,False,False,,"2262 IN RE_ Libor-Based Financial Instruments Antitrust Litigation/2262, Docket #3378, Order Appointing Lead Counsel for Settlement (03-11-2022).pdf",extracted
old,2262-3178,2262,3178,2020-09-17,NRB,DJ,False,0,0,,,True,False,ClassCounsel,2,False,True,False,False,True,False,,,False,False,,"2262 IN RE_ Libor-Based Financial Instruments Antitrust Litigation/2262, Docket #3178, Order Approving Final Settlement (09-17-2020).pdf",extracted
old,2262-3184,2262,3184,2020-10-05,NRB,DJ,False,1,0,False,False,True,False,ClassCounsel; Settlement,2,False,True,False,False,True,False,,Filed date used from PACER header. Order grants final settlement approval and designates firms as settlement class counsel.,False,False,,"2262 IN RE_ Libor-Based Financial Instruments Antitrust Litigation/2262, Docket #3184, Order Approving Final Settlement (10-05-2020).pdf",extracted
old,2286-21,2286,21,2012-03-13,MMA,DJ,False,2,0,True,True,True,False,LeadCounsel; Communications; ClassCounsel,5,False,True,False,False,True,True,,,False,False,,"2286 IN RE_ Midland Credit Management, Inc., Telephone Consumer Protection Act (TCPA) Litigation/2286, Doc. 21, ORDER Appointing Lead and Liaison Csl .pdf",extracted
old,2244-80,2244,80,2012-01-09,K,DJ,False,6,0,True,False,True,False,LeadCounsel; Management; Discovery; Expert; Motions; Trial; Coordination,41,False,False,False,False,False,False,,,False,False,,"2244 IN RE_ DePuy Orthopaedics, Inc., Pinnacle Hip Implant Products Liability Litigation/2244, Doc. 80, C.M. ORDER 3 Appointments to Pl Leadership.pdf",extracted
old,2262-3578,2262,3578,2022-11-07,NRB,DJ,False,1,0,True,True,True,False,ClassCounsel,2,False,True,False,False,True,False,,,False,False,,"2262 IN RE_ Libor-Based Financial Instruments Antitrust Litigation/2262, Docket #3578, Order Appointing Lead Counsel for Settlement (11-07-2022).pdf",extracted
old,2244-254,2244,254,2013-01-23,K,DJ,False,0,0,False,False,True,False,LeadCounsel; Management; Discovery; Expert; Motions; Trial; Coordination,38,False,False,False,False,False,False,,First Amended Case Management Order No. 3 reappoints or newly appoints plaintiffs' leadership and supersedes prior Case Management Order No. 3.,False,False,,"2244 IN RE_ DePuy Orthopaedics, Inc., Pinnacle Hip Implant Products Liability Litigation/2244, Doc. 254, Amended C.M. ORDER 3 Appointing Pl Leadership .pdf",extracted
old,2263-20,2263,20,2011-11-10,SM,DJ,True,0,0,True,True,True,False,LeadCounsel; Management,11,False,True,False,False,True,False,,Date from Filed header. Order states it reviewed competing motions for appointment of interim case leadership.,False,True,,"2263 IN RE_ Dial Complete Marketing and Sales Practices Litigation/2263, Doc. 20, ORDER Appointing Lead, Exec.Com., and Steering .pdf",extracted
old,2286-548,2286,548,2017-11-29,MMA,DJ,False,0,0,True,True,True,False,Communications,1,True,False,False,False,False,False,,Order grants unopposed motion of prior Liaison Counsel to withdraw and solicits applications for appointment of new Liaison Counsel.,False,False,,"2286 IN RE_ Midland Credit Management, Inc., Telephone Consumer Protection Act (TCPA) Litigation/2286, Doc. 548, ORDER Soliciting Liaison Apps .pdf",extracted
old,2296-2445,2296,2445,2013-04-10,RJS,DJ,False,0,0,False,False,False,True,Management,3,False,False,False,False,False,False,,,False,False,,"2296 IN RE_ Tribune Company Fraudulent Conveyance Litigation/2296, Doc. 2445, ORDER subsituting DEC member.pdf",extracted
old,2244-575,2244,575,2015-11-09,K,DJ,False,0,0,True,False,True,False,LeadCounsel; Management; Discovery; Expert; Motions; Trial; Coordination,42,False,False,False,False,False,False,,Fourth Amended Case Management Order No. 3 supersedes prior Amended Case Management Order No. 3 and reappoints or newly appoints plaintiffs' leadership.,False,False,,"2244 IN RE_ DePuy Orthopaedics, Inc., Pinnacle Hip Implant Products Liability Litigation/2244, Doc. 575, Amended C.M. ORDER 3 Appointing Pl Leadership .pdf",extracted
old,2244-495,2244,495,2015-03-05,K,DJ,False,0,0,False,False,True,False,LeadCounsel; Management; Discovery; Expert; Motions; Trial; Coordination,42,False,False,False,False,False,False,,,False,False,,"2244 IN RE_ DePuy Orthopaedics, Inc., Pinnacle Hip Implant Products Liability Litigation/2244, Doc. 495, Amended C.M. ORDER 3 Appointing Pl Leadership .pdf",extracted
old,2295-17,2295,17,2012-04-10,JAH,DJ,False,2,0,False,False,True,False,LeadCounsel; ClassCounsel; Communications,3,False,False,False,False,False,False,,,False,False,,"2295 IN RE_ Portfolio Recovery Associates, LLC, Telephone Consumer Protection Act (TCPA) Litigation/2295, Doc. 17, ORDER Appointing Leadership Structure Mot.6.pdf",extracted
old,2323-3587,2323,3587,2012-08-29,AB,DJ,False,0,0,False,False,False,True,Communications,1,False,False,False,False,False,False,,,False,False,,"2323 IN RE_ National Football League Players_ Concussion Injury Litigation/2323, Doc. 3587, ORDER Appointing D Co-Liaison .pdf",extracted
old,2295-596,2295,596,2017-06-09,JAH,DJ,False,0,0,True,True,True,False,LeadCounsel; Communications,3,False,False,False,False,False,False,,,False,False,,"2295 IN RE_ Portfolio Recovery Associates, LLC, Telephone Consumer Protection Act (TCPA) Litigation/2295, Doc. 596, ORDER Appointing Lead Csl .pdf",extracted
old,2244-731,2244,731,2017-01-19,K,DJ,False,0,0,False,False,True,False,LeadCounsel; Management; Discovery; Expert; Motions,43,False,False,False,False,False,False,,Fifth amended case management order reappointing or newly appointing plaintiff leadership; no newly created organizational units counted because the order supersedes a prior amended case management order.,False,False,,"2244 IN RE_ DePuy Orthopaedics, Inc., Pinnacle Hip Implant Products Liability Litigation/2244, Doc. 731, Amended C.M. ORDER 3 Appointing Pl Leadership .pdf",extracted
old,2296-7566,2296,7566,2018-06-28,RJS,DJ,False,0,0,False,False,False,True,Management,2,False,False,False,False,False,False,,Letter request SO ORDERED; adds Kirkland & Ellis LLP to existing defense executive committees and permits Katten Muchin Rosenman LLP to continue serving. Order states no current member objects.,False,False,,"2296 IN RE_ Tribune Company Fraudulent Conveyance Litigation/2296, Doc. 7566, ORDER adding Kirkland & Ellis to DEC.pdf",extracted
old,2296-1050,2296,1050,2012-06-05,WHP,DJ,False,1,0,True,True,True,False,Communications,1,False,False,False,False,False,False,,,False,False,,"2296 IN RE_ Tribune Company Fraudulent Conveyance Litigation/2296, Doc. 1050, M.C. ORDER 2 Appointing Liaison  .pdf",extracted
old,2323-72,2323,72,2012-05-11,AB,DJ,False,0,0,False,False,True,False,LeadCounsel; Management,3,False,False,False,False,False,False,,,False,False,,"2323 IN RE_ National Football League Players_ Concussion Injury Litigation/2323, Doc. 72, C.M. ORDER 3 Appointing Pl Co-Lead and PSC .pdf",extracted
old,2323-10855,2323,10855,2019-09-26,AB,DJ,False,0,0,True,True,True,False,LeadCounsel,2,False,False,,,False,False,,"Order revokes prior appointments of Plaintiffs' Counsel as they relate to claims against the Riddell Defendants, but does not name the removed counsel.",False,False,,"2323 IN RE_ National Football League Players_ Concussion Injury Litigation/2323, Doc. 10855, ORDER Revoking Prior Appointments and Appointing New Co-Lead Csl .pdf",extracted
old,2286-539,2286,539,2017-10-26,MMA,DJ,False,0,0,True,True,True,False,LeadCounsel; ClassCounsel; Communications,3,False,False,False,False,False,False,,"Order specifies respective authorities, responsibilities, and compensation framework for previously appointed interim co-lead class counsel and interim liaison counsel.",False,False,,"2286 IN RE_ Midland Credit Management, Inc., Telephone Consumer Protection Act (TCPA) Litigation/2286, Doc. 539, ORDER Re Lead and Liaison Responsibilities .pdf",extracted
old,2323-10624,2323,10624,2019-05-24,AB,DJ,False,0,0,False,False,True,False,ClassCounsel,1,False,False,False,False,True,,,,False,False,,"2323 IN RE_ National Football League Players_ Concussion Injury Litigation/2323, Doc. 10624, ORDER Terminating Pl Class Csl, Co-Lead, and Sub-Class Csl .pdf",extracted
old,2272-162,2272,162,2011-11-10,RRP,DJ,False,2,0,True,True,True,True,LeadCounsel; Management; Communications,22,False,False,True,True,False,True,,"Plaintiffs' leadership roster is stated as having been appointed by prior Order dated September 16, 2011 (Doc. 48); this order corrects that minute entry to reflect withdrawal of Vincent J. Moccio's application.",False,False,,"2272 IN RE_ Zimmer NexGen Knee Implant Products Liability Litigation/2272, Doc. 162, C.M. ORDER 1 Pl Organization .pdf",extracted
old,2326-4178,2326,4178,2017-08-09,,,False,0,0,True,False,False,True,LeadCounsel,2,False,False,False,False,False,False,,Pretrial Order #170 amends PTO #4 to remove Robert T. Adams and appoint Michael A. Tanenbaum as defendant Boston Scientific Corp.'s lead counsel only.,False,False,,"2326 IN RE_ Boston Scientific Corp. Pelvic Repair System Products Liability Litigation/2326, Doc. 4178, P.T. ORDER 170, Amending P.T.O.4 Replacing D_s Lead Csl .pdf",extracted
old,2325-7250,2325,7250,2019-03-14,,,False,0,0,True,True,,,Fees,8,False,False,False,False,False,False,,"Order reappoints the previously appointed Common Benefit Fee and Cost Committee by reference but does not name the committee members. The Honorable Daniel J. Stack, Retired, is reappointed as External Review Specialist and is excluded as a non-leadership/non-counsel role. | [inherited from 2325-2020 (reappointment; no resolvable docket -- most recent prior appointment)] -- verify against any later substitution/removal",False,False,,"2325 IN RE_ American Medical Systems, Inc., Pelvic Repair System Products Liability Litigation/2325, Doc. 7250, P.T. ORDER 278 Reappointing Com.Ben.Committee .pdf",inherited-reappointment (verify)
old,2311-60,2311,60,2012-03-19,MOB,DJ,False,2,0,True,True,True,False,LeadCounsel; Communications,5,False,False,,True,False,False,Antitrust,Order appoints interim lead counsel and liaison counsel for the Direct Purchaser Plaintiffs.,False,False,,"2311 IN RE_ Automotive Parts Antitrust Litigation/2311, Doc. 60, ORDER Appointing Interim and Liaison Csl .pdf",extracted
old,2311-65,2311,65,2012-03-23,MOB,DJ,False,2,0,True,True,True,False,LeadCounsel; ClassCounsel; Communications,4,False,True,False,True,True,False,,,False,False,shares date+title with 1 other order(s),"2311 IN RE_ Automotive Parts Antitrust Litigation/2311, Doc. 65, ORDER Appointing Interim Co-Lead and Liaison  .pdf",extracted
old,2311-64,2311,64,2012-03-23,MOB,DJ,False,2,0,True,True,True,False,LeadCounsel; ClassCounsel; Communications,4,True,True,True,True,True,False,,,False,False,shares date+title with 1 other order(s),"2311 IN RE_ Automotive Parts Antitrust Litigation/2311, Doc. 64, ORDER Appointing Interim Co-Lead and Liaison.pdf",extracted
old,2295-374,2295,374,2016-06-23,JAH,DJ,False,2,0,True,False,True,False,ClassCounsel; Communications,3,False,True,False,False,True,False,,,False,False,,"2295 IN RE_ Portfolio Recovery Associates, LLC, Telephone Consumer Protection Act (TCPA) Litigation/2295, Doc. 374, ORDER Granting Prelim.Aprvl. Settlem.Class Cert. .pdf",extracted
old,2325-2020,2325,2020,2016-01-15,,,False,1,0,True,True,True,False,Fees,8,False,False,False,False,False,False,,"William H. McKee, Jr. was listed as a non-attorney participant and excluded from Appointments.",False,True,,"2325 IN RE_ American Medical Systems, Inc., Pelvic Repair System Products Liability Litigation/2325, Doc. 2020, P.T. ORDER 204 Est. Criteria for C.B. Apps and Appointing Com.Ben.Committee.pdf",extracted
old,2296-569,2296,569,2012-02-23,WHP,DJ,False,2,0,True,True,True,True,Communications; Management,5,True,False,True,False,False,True,,Order appoints interim liaison counsel as firms and solicits future proposed or competing applications for defendants' executive committee structure.,False,False,,"2296 IN RE_ Tribune Company Fraudulent Conveyance Litigation/2296, Doc. 569, M.C ORDER 1 MDL Structure  .pdf",extracted
old,2286-524,2286,524,2017-08-01,MMA,DJ,False,0,0,True,True,True,False,ClassCounsel; Communications,4,True,True,False,False,True,True,,,False,False,,"2286 IN RE_ Midland Credit Management, Inc., Telephone Consumer Protection Act (TCPA) Litigation/2286, Doc. 524, ORDER Appointing Co-Lead Liaison 508, 510 .pdf",extracted
old,2332-647,2332,647,2017-04-03,PGS,DJ,False,0,0,False,False,True,False,LeadCounsel,2,False,False,False,False,False,False,,Order substitutes interim co-lead counsel for End-Payor Class Plaintiffs.,False,False,,"2332 IN RE_ Lipitor Antitrust Litigation/2332, Doc. 647, ORDER Substituting Interim Co-Lead.pdf",extracted
old,2326-1289,2326,1289,2016-01-15,,,False,1,0,True,True,True,False,Fees,8,False,False,False,False,False,False,,"William H. McKee, Jr. was not included as an appointee because the order expressly states he is appointed to the FCC as a non-attorney participant.",False,False,,"2326 IN RE_ Boston Scientific Corp. Pelvic Repair System Products Liability Litigation/2326, Doc. 1289, P.T. ORDER 136 Order Est. Comm.Ben. Applications and Appointing Com.Ben.Committee.pdf",extracted
old,2331-390,2331,390,2018-04-13,BMC,DJ,False,1,0,True,False,True,False,SettlementAdministration,3,False,False,False,False,False,False,,Filed date used rather than signature date. Retired Magistrate Judge Arthur Boylan appointed as Special Master is excluded from Appointments.,False,True,,"2331 IN RE Propecia (Finasteride)/2331, Doc. 390, ORDER Approving Settlem. Plan and Allocation Committee .pdf",extracted
old,2329-79,2329,79,2012-05-03,WSD,DJ,False,2,0,True,True,True,False,LeadCounsel; Communications,2,False,True,True,True,True,True,,,False,True,,"2329 IN RE_ Wright Medical Technology, Inc., Conserve Hip Implant Products Liability Litigation/2329, Doc. 79, ORDER Appointing Pl Co-Lead Co-Liaison  .pdf",extracted
old,2332-1031,2332,1031,2021-01-11,PGS,DJ,True,1,0,True,,True,False,Settlement,5,,False,,,True,,,Order states counsel had not agreed on the composition of the settlement committee.,False,False,,"2332 IN RE_ Lipitor Antitrust Litigation/2332, Doc. 1031, Order Appointing Leadership of Plaintiff Settlement Committee (01-11-2021).pdf",extracted
old,2323-64,2323,64,2012-04-26,AB,DJ,False,6,0,True,,True,True,LeadCounsel; Management; Communications,22,False,,,,,,,,False,True,,"2323 IN RE_ National Football League Players_ Concussion Injury Litigation/2323, Doc. 64, C.M. ORDER 2 Appointing Pl Leadership .pdf",extracted
old,2325-147,2325,147,2012-04-17,JRG,DJ,False,7,0,True,True,True,True,LeadCounsel; Management; Communications,17,False,False,True,False,False,False,,"The order states that the attorneys listed on an attachment to the PTO were appointed to the PSC, but the attachment roster is not included in the provided text. Fred Thompson appears as 'Fred Thompson, III' in the lead-counsel listing and as 'Fred Thompson, II' in the Executive Committee listing.",False,True,,"2325 IN RE_ American Medical Systems, Inc., Pelvic Repair System Products Liability Litigation/2325, Doc. 147, P.T. ORDER 4 Counsel Structure .pdf",extracted
old,2332-904,2332,904,2019-10-21,PGS,DJ,False,0,0,False,False,True,False,LeadCounsel,2,False,False,False,False,False,False,,Letter order amending Case Management Order No. 1 to substitute Renae Steiner of Grant & Eisenhofer P.A. for Vincent J. Esades as End-Payor Plaintiffs' co-lead counsel; defendants took no position.,False,True,,"2332 IN RE_ Lipitor Antitrust Litigation/2332, Doc. 904, Letter ORDER Substituting Co-Lead Csl .pdf",extracted
old,2327-1845,2327,1845,2016-01-15,,,False,1,0,True,True,True,False,Fees,8,False,False,False,False,False,False,,"William H. McKee, Jr. excluded from Appointments because the order identifies him as a non-attorney participant.",False,True,,"2327 IN RE_ Ethicon, Inc., Pelvic Repair System Products Liability Litigation/2327, Doc. 1845, P.T. ORDER 211 Est. Criteria for Applications for Com.Ben. Reimbursment.pdf",extracted
old,2331-20,2331,20,2012-06-22,VVP,MJ,False,3,0,True,True,True,False,Management; Communications,15,False,False,,False,False,,,,False,False,,"2331 IN RE Propecia (Finasteride)/2331, Doc. 20, P.P. ORDER 2 Appointing Pl Leadership Struct. .pdf",extracted
old,2387-2392,2387,2392,2019-03-13,,,False,0,0,True,,,,Fees,8,False,False,,,False,False,,"Common Benefit Fee and Cost Committee reappointed by reference to prior FCC Order; members are not named in this order. Hon. Daniel J. Stack, Retired, is reappointed as External Review Specialist and excluded as non-leadership/non-attorney appointee. | [inherited from 2387-441 (reappointment; cited Docket 441)] -- verify against any later substitution/removal",False,True,,"2387 IN RE_ Coloplast Corp. Pelvic Support Systems Products Liability Litigation/2387, Doc. 2392, ORDER Reappointing Common Benefit Committee .pdf",inherited-reappointment (verify)
old,2387-425,2387,425,2015-12-04,,,False,0,0,True,True,True,False,LeadCounsel,1,False,False,False,True,False,False,,,False,True,,"2387 IN RE_ Coloplast Corp. Pelvic Support Systems Products Liability Litigation/2387, Doc. 425, P.T. ORDER 82 Appointing Pl Co-Lead Csl .pdf",extracted
old,2338-70,2338,70,2013-12-20,VM,DJ,False,0,0,True,True,True,False,ClassCounsel,2,False,True,False,False,True,False,,,False,False,,"2338 IN RE_ MF Global Holdings Ltd. Investment Litigation/2338, Doc. 70, ORDER Prelim. Aprvl. Certifying Settlement Class .pdf",extracted
old,2332-310,2332,310,2013-01-16,PGS,DJ,True,0,0,True,True,True,False,LeadCounsel; Management,1,False,False,True,False,False,False,,"Motion to disqualify Cohen Milstein Sellers & Toll as interim co-lead counsel denied; James R. Dugan appointed to the end-payor Executive Committee. Cohen Milstein Sellers & Toll and Mr. Wexler are referenced as existing interim/co-lead counsel, not newly appointed here.",False,False,,"2332 IN RE_ Lipitor Antitrust Litigation/2332, Doc. 310, ORDER MEMO Denying Mot.172 to Disqualify Csl .pdf",extracted
old,2327-120,2327,120,,JRG/MES,DJ; MJ,False,7,0,True,True,True,True,LeadCounsel; Management; Communications,17,False,False,True,False,False,,,"Multiple judges. PSC members are referenced as listed on an attachment, but the attachment roster is not included in the provided text.",False,True,,"2327 IN RE_ Ethicon, Inc., Pelvic Repair System Products Liability Litigation/2327, Doc. 120, P.T. ORDER 4 Counsel Structure .pdf",extracted
old,2391-179,2391,179,2013-01-08,RLM,DJ,False,0,0,False,False,False,True,Communications,1,False,False,False,False,False,False,,,False,False,,"2391 IN RE_ Biomet M2a Magnum Hip Implant Products Liability Litigation/2391, Doc. 179, ORDER Granting Mot.178 Adding D Liaison.pdf",extracted
old,2338-43,2338,43,2013-03-28,VM,DJ,False,1,0,True,True,True,False,ClassCounsel,2,False,True,False,False,True,False,,,False,False,,"2338 IN RE_ MF Global Holdings Ltd. Investment Litigation/2338, Doc. 43, ORDER Certifying Class Cert .pdf",extracted
old,2353-18,2353,18,2012-02-14,DMC-JAD,DJ; MJ,False,1,0,True,True,True,False,LeadCounsel; Management,1,False,False,False,False,False,False,,Multiple judges,False,False,,"2353 IN RE_ Tropicana Orange Juice Marketing and Sales Practices Litigation/2353, Doc. 18, ORDER Appointing Interim Lead Csl .pdf",extracted
old,2338-72,2338,72,2014-01-31,VM,DJ,False,0,0,True,True,True,False,ClassCounsel; Settlement,2,False,True,False,False,True,False,,,False,False,,"2338 IN RE_ MF Global Holdings Ltd. Investment Litigation/2338, Doc. 72, ORDER Prelim Aprvl. Certifying Settlem.Class .pdf",extracted
old,2326-103,2326,103,2012-04-17,JRG,DJ,False,7,0,True,True,True,True,LeadCounsel; Management; Communications,16,,False,True,True,False,False,Products Liability,"PSC members were appointed by reference to an attachment, but the attachment text is not included in the provided OCR and those PSC-only members are not extracted.",False,True,,"2326 IN RE_ Boston Scientific Corp. Pelvic Repair System Products Liability Litigation/2326, Doc. 103, P.T. ORDER 4 Appointing Leadership Structure  .pdf",extracted
old,2387-21,2387,21,2012-11-05,,,True,0,0,False,False,False,True,Communications,2,False,False,False,False,False,False,,"The order states that PTO #2 instructed parties to submit recommendations for one local attorney for defendants' co-liaison counsel; Mentor and Coloplast submitted separate submissions, and the court appointed one co-liaison counsel for each.",False,False,,"2387 IN RE_ Coloplast Corp. Pelvic Support Systems Products Liability Litigation/2387, Doc. 21, P.T. ORDER 9 Appointing D Co-Liaison.pdf",extracted
old,2387-441,2387,441,2016-01-15,,,False,1,0,True,False,True,False,Fees,8,False,False,True,False,False,False,,"William H. McKee, Jr. d/b/a WHM Resources LLC was listed and appointed to the FCC as a non-attorney participant, so he is excluded from Appointments.",False,False,,"2387 IN RE_ Coloplast Corp. Pelvic Support Systems Products Liability Litigation/2387, Doc. 441, P.T. ORDER Est. Common Benefit Fee Cost Committee  .pdf",extracted
old,2338-69,2338,69,2013-12-20,VM,DJ,False,0,0,True,True,True,False,LeadCounsel; ClassCounsel,2,False,True,False,False,True,False,,"Preliminary approval order for settlement assignment agreement; order states the law firms of Berger & Montague, P.C. and Entwistle & Cappucci LLP will continue as Co-Lead Counsel for the Settlement Class.",False,False,,"2338 IN RE_ MF Global Holdings Ltd. Investment Litigation/2338, Doc. 69, ORDER Prelim Aprvl. Settlem.Class .pdf",extracted
old,2391-2934,2391,2934,2015-07-14,RLM,DJ,False,0,0,False,False,True,False,Management,2,False,False,False,False,False,False,,,False,False,,"2391 IN RE_ Biomet M2a Magnum Hip Implant Products Liability Litigation/2391, Doc. 2934, ORDER Replacing Pl Steering Member.pdf",extracted
old,2406-2673,2406,2673,2021-01-25,RDP,DJ,False,0,0,False,False,True,False,Management,1,False,False,False,False,False,False,,,False,False,,"2406 IN RE_ Blue Cross Blue Shield Antitrust Litigation/2406, Doc. 2673, Order Appointing for Plaintiff Leadership (01-25-2021).pdf",extracted
old,2406-374,2406,374,2015-06-15,RDP,DJ,False,0,0,False,False,True,False,Discovery,1,False,False,False,False,False,False,,,False,False,,"2406 IN RE_ Blue Cross Blue Shield Antitrust Litigation/2406, Doc. 374, ORDER Appointing to Committees .pdf",extracted
old,2406-82,2406,82,2013-06-04,RDP,DJ,True,0,0,False,False,True,False,Management,93,False,False,False,False,False,False,,"Order adopts Special Master's Rule 53 Report recommending interim committee chairs and committee members, but the appointees are not named in the order text.",False,False,,"2406 IN RE_ Blue Cross Blue Shield Antitrust Litigation/2406, Doc. 82, C.M. ORDER Appointing Interim Comm.Chairs and Membrs .pdf",report-read
old,2391-987,2391,987,2013-11-13,RLM,DJ,False,0,0,False,False,True,False,LeadCounsel; Communications; Management,1,True,False,False,False,False,False,,"Order solicits applications and nominations for appointment or re-appointment and extends current plaintiffs' leadership appointments through December 31, 2013, but does not name the current appointees.",False,False,,"2391 IN RE_ Biomet M2a Magnum Hip Implant Products Liability Litigation/2391, Doc. 987, ORDER re App_s and Reappointments.pdf",motion-read (low-confidence)
old,2391-3245,2391,3245,2016-10-28,RLM,DJ,False,0,0,False,False,True,False,Fees,4,False,False,False,False,False,False,,Non-attorney escrow agent and non-attorney compliance Fee Committee #2 member excluded from Appointments.,False,False,,"2391 IN RE_ Biomet M2a Magnum Hip Implant Products Liability Litigation/2391, Doc. 3245, ORDER Appointing Fee Committee II .pdf",extracted
old,2406-199,2406,199,2014-06-12,RDP,DJ,False,0,0,False,False,,,Expert,2,False,False,False,False,False,False,,,False,False,,"2406 IN RE_ Blue Cross Blue Shield Antitrust Litigation/2406, Doc. 199, ORDER Replacing Co-Chair of Committee .pdf",extracted
old,2391-2925,2391,2925,2015-06-24,RLM,DJ,False,0,0,True,False,True,False,Fees,5,False,False,False,False,False,False,,"Excluded Jessica Larbes, C.P.A. as escrow agent and Sylvius von Saucken as non-attorney compliance Fee Committee member because they are non-attorneys/non-legal professionals.",False,False,,"2391 IN RE_ Biomet M2a Magnum Hip Implant Products Liability Litigation/2391, Doc. 2925, ORDER Appointing Fee Committee .pdf",extracted
old,2391-79,2391,79,2012-11-02,RLM,DJ,False,0,0,False,False,True,True,Communications,4,False,False,False,False,False,False,,Clarifies Pretrial Order #1 regarding interim liaison counsel.,False,False,,"2391 IN RE_ Biomet M2a Magnum Hip Implant Products Liability Litigation/2391, Doc. 79, Clarification of P.T. ORDER 1 .pdf",extracted
old,2391-2929,2391,2929,2015-06-30,RLM,DJ,False,1,0,True,True,True,False,Management; Communications,5,False,False,False,False,False,False,,"Order states no objections were filed. It appoints members of the Plaintiffs' Executive Committee for PSC II, appoints Ahmed Diab as Plaintiffs' Liaison Counsel, and terminates John Fiske's appointment to the Plaintiffs' Steering Committee.",False,False,,"2391 IN RE_ Biomet M2a Magnum Hip Implant Products Liability Litigation/2391, Doc. 2929, ORDER Modifying C.M, Order 3 .pdf",extracted
old,2418-126,2418,126,2015-03-04,FLW,DJ,False,0,0,True,False,True,False,Communications,2,False,False,False,False,False,False,,,False,False,,"2418 IN RE_ Plavix Marketing, Sales Practices and Products Liability Litigation (No. II)/2418, Doc. 126, C.M. ORDER 3 Pl Liaison.pdf",extracted
old,2391-2806,2391,2806,2014-12-22,RLM,DJ,False,0,0,False,,True,False,Management; LeadCounsel; Communications,24,False,,,False,,,,"Order reappoints plaintiffs' PSC, PSC Executive Committee members, Lead Counsel, and Plaintiffs' Liaison Counsel; no new organizational unit is created.",False,False,,"2391 IN RE_ Biomet M2a Magnum Hip Implant Products Liability Litigation/2391, Doc. 2806, ORDER Reappointing Pl_s Org. Structure .pdf",extracted
old,2406-3011,2406,3011,2022-12-09,RDP,DJ,False,1,0,True,False,True,True,Settlement,8,False,False,False,False,False,False,,Order establishes a Monitoring Committee to oversee compliance with the Subscriber Settlement during the Monitoring Period.,False,False,,"2406 IN RE_ Blue Cross Blue Shield Antitrust Litigation/2406, Doc. 3011, Order Appointing Monitoring Committee (12-09-2022).pdf",extracted
old,2406-15,2406,15,2013-02-28,RDP,DJ,False,1,0,True,False,True,False,Communications; Management; Discovery; Expert; Coordination; Settlement,1,True,False,False,False,False,False,Antitrust,Order states the parties confirmed there was no objection to Barry A. Ragsdale's appointment or job description. The order invites applications/nominations for future plaintiffs' committee positions.,False,True,,"2406 IN RE_ Blue Cross Blue Shield Antitrust Litigation/2406, Doc. 15, ORDER Appointing Liaison Inviting Apps for Leadership Committees .pdf",extracted
old,2391-1144,2391,1144,2013-12-26,RLM,DJ,False,0,0,False,False,True,False,Management; LeadCounsel; Communications,23,False,False,False,False,False,False,,,False,False,,"2391 IN RE_ Biomet M2a Magnum Hip Implant Products Liability Litigation/2391, Doc. 1144, ORDER re Pl Organization Structure .pdf",extracted
old,2418-51,2418,51,2013-07-16,FLW,DJ,False,2,0,True,False,True,True,LeadCounsel; Communications,2,False,False,False,False,False,False,,,False,False,,"2418 IN RE_ Plavix Marketing, Sales Practices and Products Liability Litigation (No. II)/2418, Doc. 51, C.M. ORDER 1 Appointing D_s Lead and Interim PL Lead.pdf",extracted
old,2419-1752,2419,1752,2015-03-25,RWZ,DJ,False,0,0,True,True,,,ProSe,1,False,False,False,False,False,False,,,False,False,,"2419 IN RE_ New England Compounding Pharmacy, Inc., Products Liability Litigation/2419, Doc. 1752, ORDER Appointing Pro Se Liaison .pdf",extracted
old,2391-1154,2391,1154,2013-12-30,RLM,DJ,False,0,0,False,False,True,False,Management; LeadCounsel; Communications,24,False,False,False,False,False,False,,"No objections were filed to applications for appointment/reappointment; amended order appoints PSC members, reappoints Executive Committee members, and continues Lead Counsel and Plaintiffs' Liaison Counsel.",False,False,,"2391 IN RE_ Biomet M2a Magnum Hip Implant Products Liability Litigation/2391, Doc. 1154, Amended ORDER re Pl_s Org, Structure .pdf",extracted
old,2420-1182,2420,1182,2016-03-25,YGR,DJ,False,1,0,True,True,True,False,ClassCounsel,3,False,True,False,False,True,False,,,False,False,,"2420 IN RE_ Lithium Ion Batteries Antitrust Litigation/2420, Doc. 1182, ORER Granting Settlement Class Cert .pdf",extracted
old,2387-10,2387,10,,JRG/MES,DJ; MJ,False,2,0,True,True,True,True,LeadCounsel; Communications,6,True,False,True,,False,False,,Multiple judges,False,False,,"2387 IN RE_ Coloplast Corp. Pelvic Support Systems Products Liability Litigation/2387, Doc. 10, P.T. ORDER 2 Appointing PL Co-Lead Csl and D Co-Lead Csl  .pdf",extracted
old,2338-10,2338,10,2012-05-21,VM,DJ,True,2,0,True,True,True,False,LeadCounsel; Management; ClassCounsel,6,,True,,,True,True,,The order grants the Consensus Plaintiffs' motions in part and denies competing motions for interim lead plaintiff/interim lead counsel in the Commodities Action.,False,False,,"2338 IN RE_ MF Global Holdings Ltd. Investment Litigation/2338, Doc. 10,  ORDER Appointing Interim Class Csl .pdf",extracted
old,2391-3,2391,3,2012-10-12,RLM,DJ,False,2,0,True,True,True,True,Communications,4,True,False,False,False,False,True,,,False,False,,"2391 IN RE_ Biomet M2a Magnum Hip Implant Products Liability Litigation/2391, Doc. 3, P.T. ORDER 1 .pdf",extracted
old,2420-1758,2420,1758,2017-04-26,YGR,DJ,False,0,0,True,True,True,False,ClassCounsel,3,False,True,False,False,True,False,,,False,False,shares date+title with 3 other order(s),"2420 IN RE_ Lithium Ion Batteries Antitrust Litigation/2420, Doc. 1758, ORDER Granting Settlement Class Cert .pdf",extracted
old,2420-1759,2420,1759,2017-04-26,YGR,DJ,False,1,0,True,True,True,False,ClassCounsel,3,False,True,False,False,True,False,,,False,True,shares date+title with 3 other order(s),"2420 IN RE_ Lithium Ion Batteries Antitrust Litigation/2420, Doc. 1759, ORDER Granting Settlement Class Cert .pdf",extracted
old,2420-2104,2420,2104,2017-12-22,YGR,DJ,False,1,0,True,True,True,False,ClassCounsel; Settlement; SettlementAdministration,3,False,True,False,False,True,False,,,False,False,shares date+title with 2 other order(s),"2420 IN RE_ Lithium Ion Batteries Antitrust Litigation/2420, Doc. 2104, ORDER Granting Settlement Class Cert .pdf",extracted
old,2420-1757,2420,1757,2017-04-26,YGR,DJ,False,1,0,True,,True,False,ClassCounsel,3,False,True,False,False,True,False,,,False,False,shares date+title with 3 other order(s),"2420 IN RE_ Lithium Ion Batteries Antitrust Litigation/2420, Doc. 1757, ORDER Granting Settlement Class Cert .pdf",extracted
old,2420-1756,2420,1756,2017-04-26,YGR,DJ,False,1,0,True,True,True,False,ClassCounsel,3,False,True,False,False,True,False,,,False,False,shares date+title with 3 other order(s),"2420 IN RE_ Lithium Ion Batteries Antitrust Litigation/2420, Doc. 1756, ORDER Granting Settlement Class Cert .pdf",extracted
old,2420-2105,2420,2105,2017-12-22,YGR,DJ,False,1,0,True,True,True,False,ClassCounsel,3,False,True,False,False,True,False,,PACER filed date used; signature date line is blank.,False,False,shares date+title with 2 other order(s),"2420 IN RE_ Lithium Ion Batteries Antitrust Litigation/2420, Doc. 2105, ORDER Granting Settlement Class Cert .pdf",extracted
old,2382-61,2382,61,2013-05-31,HEA,DJ,True,2,0,False,True,True,False,LeadCounsel; ClassCounsel; Management,6,False,True,False,False,True,True,,,False,False,,"2382 IN RE_ Emerson Electric Co. Wet-Dry Vac Marketing and Sales Practices Litigation/2382, Doc. 61 ORDER Appointing Co-Lead Csl and Exec. Committee .pdf",extracted
old,2420-2106,2420,2106,2017-12-22,YGR,DJ,False,1,0,True,False,True,False,ClassCounsel,3,False,True,False,False,True,False,,,False,False,shares date+title with 2 other order(s),"2420 IN RE_ Lithium Ion Batteries Antitrust Litigation/2420, Doc. 2106, ORDER Granting Settlement Class Cert .pdf",extracted
old,2419-82,2419,82,2013-04-09,FDS,DJ,False,3,0,True,True,True,False,LeadCounsel; Management; Coordination,9,False,False,True,True,False,False,,,False,False,,"2419 IN RE_ New England Compounding Pharmacy, Inc., Products Liability Litigation/2419, Doc. 82, MDL Order 2 Appointing Lead, Liaison and P Steering  .pdf",extracted
old,2332-109,2332,109,2012-08-10,PGS,DJ,True,5,0,True,True,True,False,LeadCounsel; ClassCounsel; Communications; Management,19,False,,True,True,True,False,,Order states James R. Dugan may file motions to disqualify J. Douglas Richards from serving as Interim Co-Lead Counsel and to name Dugan as additional Interim Co-Lead Counsel.,False,False,,"2332 IN RE_ Lipitor Antitrust Litigation/2332, Doc. 109, C.M. ORDER 1 Appointing Direct Class Organization.pdf",extracted
old,2406-2641,2406,2641,2020-11-30,RDP,DJ,True,3,0,True,True,True,True,ClassCounsel,3,False,True,False,False,True,True,,"Preliminary settlement approval order. It preliminarily designates Settlement Class Counsel and Self-Funded Settlement Sub-Class Counsel; JND is appointed Claims Administrator but excluded from Appointments as a non-attorney/non-leadership administrator. Former class representatives through counsel raised concerns bearing on class counsel adequacy/access to mediation materials, but no competing applications are described.",False,False,,"2406 IN RE_ Blue Cross Blue Shield Antitrust Litigation/2406, Doc. 2641, Order Appointing Lead Counsel for Settlement (11-30-2020).pdf",extracted
old,2391-127,2391,127,2012-12-05,RLM,DJ,False,6,0,True,True,True,True,LeadCounsel; Management; Communications,26,False,False,True,True,False,False,,,False,False,,"2391 IN RE_ Biomet M2a Magnum Hip Implant Products Liability Litigation/2391, Doc. 127, ORDER Appointing Pl Csl Org. Structure and Responsibilities .pdf",extracted
old,2420-229,2420,229,2013-07-10,YGR,DJ,True,2,0,True,True,True,False,Management,14,False,False,False,False,False,False,,Order notes an objection/supplemental application to the Direct Purchaser Plaintiffs' PSC appointment request.,False,False,,"2420 IN RE_ Lithium Ion Batteries Antitrust Litigation/2420, Doc. 229, ORDER Appointing P Steering Committees .pdf",extracted
old,2434-103,2434,103,2013-05-22,CS,DJ,False,2,0,True,False,True,False,LeadCounsel; Communications,4,False,False,False,False,False,False,,,False,True,,"2434 IN RE_ Mirena IUD Products Liability Litigation/2434, Doc. 103, ORDER Appointing Pl Co-Lead and Liaison.pdf",extracted
old,2434-960,2434,960,2014-05-07,CS,DJ,False,0,0,False,False,True,False,Management,2,False,False,False,False,False,False,,,False,False,,"2434 IN RE_ Mirena IUD Products Liability Litigation/2434, Doc. 960, ORDER Appointing New Member to Pl_s Steering .pdf",extracted
old,2391-2909,2391,2909,2015-05-27,RLM,DJ,True,3,1,True,True,True,False,Management; LeadCounsel; Communications,11,True,False,False,False,False,True,,"The order appoints PSC II members effective June 1, 2015. It directs either Ahmed Diab or John Fiske to serve as Liaison Counsel after they notify the court which one will serve; the order does not specify which individual. Justin Presnal is substituted for Wayne Fisher on PSC I and is also appointed to PSC II.",False,False,,"2391 IN RE_ Biomet M2a Magnum Hip Implant Products Liability Litigation/2391, Doc. 2909, C.M .ORDER 3 Announcing Plaintiff Steering Committee II .pdf",extracted
old,2433-5136,2433,5136,2018-06-06,EAS,DJ,False,1,0,True,True,True,False,Fees,4,False,False,False,False,False,,,"Order expands duties of Special Master Daniel Stack, but Special Master appointments are excluded.",False,False,,"2433 IN RE_ E. I. du Pont de Nemours and Company C-8 Personal Injury Litigation/2433, Doc. 5136, C.M. ORDER 23 Est. Fee Committee .pdf",extracted
old,2436-27,2436,27,2013-05-23,LS,DJ,False,0,0,False,False,False,True,LeadCounsel; Communications,3,False,False,False,False,False,False,,,False,False,,"2436 IN RE_ Tylenol (Acetaminophen) Marketing, Sales Practices and Products Liability Litigation/2436, Doc. 27, C.M. ORDER 5 Appointing D_s Lead and Liaison.pdf",extracted
old,2434-3240,2434,3240,2016-06-20,CS,DJ,False,0,0,False,False,True,False,LeadCounsel; Management,3,False,False,False,False,False,False,,,False,False,,"2434 IN RE_ Mirena IUD Products Liability Litigation/2434, Doc. 3240, ORDER Appointing New Co-Lead and Plaintiff_s Steering .pdf",extracted
old,2420-2681,2420,2681,2020-12-10,YGR,DJ,False,1,0,True,True,True,False,ClassCounsel; Settlement; Fees,3,False,True,,,True,True,,,False,False,,"2420 IN RE_ Lithium Ion Batteries Antitrust Litigation/2420, Doc. 2681, Order Approving Final Settlement & Awarding Attorneys_ fees (12-10-2020).pdf",extracted
old,2420-194,2420,194,2013-05-17,YGR,DJ,True,4,0,True,True,True,False,LeadCounsel; Communications; ClassCounsel,8,False,True,True,True,True,False,,,False,False,,"2420 IN RE_ Lithium Ion Batteries Antitrust Litigation/2420, Doc. 194, ORDER Appointing Interim Co-Lead and Liaison Csl -Lithium Batteries.pdf",extracted
old,2440-78,2440,78,2014-01-28,,,False,0,0,False,False,True,False,Management,4,False,False,False,False,False,False,,,False,False,,"2440 IN RE_ Cook Medical, Inc., Pelvic Repair System Products Liability Litigation/2440, Doc. 78, ORDER Amending Membership of PSC.pdf",extracted
old,2437-631,2437,631,2017-08-23,MMB,DJ,False,0,0,True,,True,False,ClassCounsel,3,False,True,,,True,False,Antitrust,,False,False,,"2437 IN RE_ Domestic Drywall Antitrust Litigation/2437, Doc. 631, ORDER Granting Mot.431 Class Cert.pdf",extracted
old,2296-1395,2296,1395,2012-09-07,WHP,DJ,False,9,0,True,True,True,True,Communications; Management; Motions,44,False,False,False,True,True,False,,,False,False,,"2296 IN RE_ Tribune Company Fraudulent Conveyance Litigation/2296, Doc. 1395, M.C. ORDER 3 Appointing Liaison and Exec.Comm. .pdf",extracted
old,2437-2,2437,2,2013-04-11,MMB,DJ,False,5,0,True,,True,True,LeadCounsel; Communications,5,False,False,False,False,False,True,,"Order body is dated February 7, 2013; PACER header shows filed April 11, 2013.",False,False,,"2437 IN RE_ Domestic Drywall Antitrust Litigation/2437, Doc. 2, P.T. ORDER 1 Appointing .pdf",extracted
old,2406-61,2406,61,2013-04-26,RDP,DJ,True,9,0,True,True,True,True,LeadCounsel; ClassCounsel; Management; Communications; Discovery,22,False,True,False,True,True,True,,Written objections were lodged by Carefirst with respect to Provider Lead Counsel and were overruled.,False,False,,"2406 IN RE_ Blue Cross Blue Shield Antitrust Litigation/2406, Doc. 61, C.M. ORDER 2 Appointing Co-Lead, Local Csl, PSC, and Discov.Liaison Csl .pdf",extracted
old,2437-186,2437,186,2015-03-16,MMB,DJ,False,1,0,True,True,True,False,ClassCounsel; Settlement,3,False,True,False,False,True,False,,,False,False,shares date+title with 1 other order(s),"2437 IN RE_ Domestic Drywall Antitrust Litigation/2437, Doc. 186, ORDER Granting Prelim.Apprvl.Settlem. and Class Cert.pdf",extracted
old,2440-13,2440,13,,,,False,1,0,True,True,True,False,LeadCounsel,2,False,False,True,True,False,False,,"Order text states plaintiffs submitted a joint application nominating three attorneys, but only two appointees are named in the provided text.",False,False,,"2440 IN RE_ Cook Medical, Inc., Pelvic Repair System Products Liability Litigation/2440, Doc. 13, P.T. ORDER Appointing .pdf",extracted
old,2428-245,2428,245,2013-07-18,DPW,DJ,False,4,0,True,True,True,False,LeadCounsel; Management; Communications; Coordination,19,False,False,False,True,False,False,,,False,False,,"2428 IN RE_ Fresenius GranuFlo-NaturaLyte Dialysate Products Liability Litigation/2428, Doc. 245, C.M. ORDER 1 Appointing PL Exec.Comm., PL Steering, and Liaisons .pdf",extracted
old,2420-2516,2420,2516,2019-08-16,YGR,DJ,False,0,0,True,True,True,False,ClassCounsel; Fees; Settlement,3,False,True,False,False,True,False,,,False,False,,"2420 IN RE_ Lithium Ion Batteries Antitrust Litigation/2420, Doc. 2516, ORDER Granting Attnys_ Fees .pdf",extracted
old,2441-785,2441,785,2016-02-26,DWF,DJ,False,0,0,True,False,,,Fees,4,False,False,False,False,False,False,,,False,False,,"2441 IN RE_ Stryker Rejuvenate and ABG II Hip Implant Products Liability Litigation/2441, Doc. 785, ORDER Appointing Com.Ben.Committee.pdf",extracted
old,2440-32,2440,32,2013-09-20,,,False,0,0,False,False,True,False,Management,11,False,False,False,False,False,False,,Order applies to multiple pelvic repair MDLs and amends existing Plaintiffs' Steering Committee membership.,False,False,,"2440 IN RE_ Cook Medical, Inc., Pelvic Repair System Products Liability Litigation/2440, Doc. 32, ORDER Granting Motion to Amend PSC .pdf",extracted
old,2440-414,2440,414,2016-01-15,,,False,1,0,True,True,True,False,Fees,8,False,False,False,False,False,False,,"William H. McKee, Jr. was excluded from Appointments because the order expressly identifies him as a non-attorney participant.",False,False,,"2440 IN RE_ Cook Medical, Inc., Pelvic Repair System Products Liability Litigation/2440, Doc. 414, P.T. ORDER Appointing Com.Ben.Committee .pdf",extracted
old,2433-20,2433,20,2013-05-29,EAS/EPD,DJ; MJ,False,3,0,True,True,True,False,LeadCounsel; Management; Communications,9,False,False,False,True,False,False,,Multiple judges,False,False,,"2433 IN RE_ E. I. du Pont de Nemours and Company C-8 Personal Injury Litigation/2433, Doc. 20, P.T. ORDER 1 Appointing Pl Lead and Steering .pdf",extracted
old,2437-183,2437,183,2015-03-16,MMB,DJ,False,1,0,True,True,True,False,ClassCounsel,3,False,True,False,False,True,False,,,False,False,shares date+title with 1 other order(s),"2437 IN RE_ Domestic Drywall Antitrust Litigation/2437, Doc. 183, ORDER Granting Prelim.Apprvl.Settlem. and Class Cert .pdf",extracted
old,2441-258,2441,258,2014-04-22,DWF/FLN,DJ; MJ,False,1,0,True,False,True,False,Coordination,4,False,False,False,False,False,False,,Multiple judges,False,False,,"2441 IN RE_ Stryker Rejuvenate and ABG II Hip Implant Products Liability Litigation/2441, Doc. 258, P.T. ORDER 14.pdf",extracted
old,2441-789,2441,789,2016-03-15,DWF,DJ,False,0,0,False,False,,,Fees,5,False,False,False,False,False,False,,Order adds Anthony J. Nemo to an existing Common Benefit Fee Committee appointed by prior order.,False,False,,"2441 IN RE_ Stryker Rejuvenate and ABG II Hip Implant Products Liability Litigation/2441, Doc. 789, ORDER Appointing Addtl. Member of Com.Ben.Comittee.pdf",extracted
old,2434-207,2434,207,2013-07-10,CS,DJ,False,1,0,True,True,True,False,LeadCounsel; Management; Communications; Fees,17,False,False,True,True,False,True,,"Order appoints the Plaintiffs' Steering Committee; it also restates Plaintiffs' Co-Lead Counsel and Plaintiffs' Liaison Counsel previously appointed by the May 22, 2013 order.",False,True,,"2434 IN RE_ Mirena IUD Products Liability Litigation/2434, Doc. 207, ORDER 5 Organization Pl_s Counsel and Com.Ben.Expenses.pdf",extracted
old,2452-143,2452,143,2013-10-18,AJB,DJ,False,0,0,False,False,True,True,LeadCounsel; Communications,0,False,False,False,False,False,False,,"Order grants the parties' joint application to appoint lead, liaison, coordinating counsel and co-counsel for Plaintiffs and various Defendants, but states that an order detailing these appointments will follow and does not name appointees.",True,False,,"2452 IN RE_ Incretin-Based Therapies Products Liability Litigation/2452, Doc. 143, ORDER Following Initial Status Conf .pdf",extracted
old,2436-26,2436,26,2013-05-21,LFS,DJ,False,3,0,True,True,True,False,Management; LeadCounsel; Communications; Coordination,8,False,False,True,True,False,False,,,False,False,,"2436 IN RE_ Tylenol (Acetaminophen) Marketing, Sales Practices and Products Liability Litigation/2436, Doc. 26, C.M. ORDER 4 Appointing PL Steering Committee Members .pdf",extracted
old,2437-11,2437,11,2013-05-07,MMB,DJ,False,0,0,True,,True,True,LeadCounsel; Communications,7,False,False,True,True,True,True,,,False,False,,"2437 IN RE_ Domestic Drywall Antitrust Litigation/2437, Doc. 11, P.T. ORDER 3.pdf",extracted
old,2460-32,2460,32,2013-12-19,JD,DJ,False,3,0,True,True,True,True,Communications,3,False,False,False,True,False,False,,"Order appoints interim liaison counsel for end-payor plaintiffs, direct purchaser plaintiffs, and defendants; pending motions, including interim class counsel motion, are not resolved.",False,False,,"2460 IN RE_ Niaspan Antitrust Litigation/2460, Doc. 32, ORDER Appointing Interim Liaisons .pdf",extracted
old,2472-1226,2472,1226,2019-09-17,WES,DJ,False,0,0,True,,True,False,ClassCounsel; Communications,4,False,True,False,False,False,False,,,False,False,,"2472 IN RE_ Loestrin 24 Fe Antitrust Litigation/2472, Doc. 1226, ORDER re Mot.526 Granting Denying in Part .pdf",extracted
old,2441-5,2441,5,2013-07-05,DWF,DJ,False,2,0,True,True,True,False,LeadCounsel; Communications,2,False,False,False,False,False,False,,,False,False,,"2441 IN RE_ Stryker Rejuvenate and ABG II Hip Implant Products Liability Litigation/2441, Doc. 5, P.T. ORDER 1 Appointing Interim Csl .pdf",extracted
old,2460-688,2460,688,2019-08-14,JD,DJ,False,1,0,False,False,True,False,LeadCounsel; ClassCounsel,3,False,True,False,False,True,False,,,False,False,,"2460 IN RE_ Niaspan Antitrust Litigation/2460, Doc. 688, ORDER Granting Class Cert Appointing Class Csl .pdf",extracted
old,2428-244,2428,244,2013-07-18,DPW,DJ,False,4,0,True,True,True,False,LeadCounsel; Management; Communications; Coordination,19,False,False,False,True,False,False,,The order states that no opposition was filed and adopts the plaintiffs' leadership structure on a provisional basis.,False,False,,"2428 IN RE_ Fresenius GranuFlo-NaturaLyte Dialysate Products Liability Litigation/2428, Doc. 244 MEMO ORDER Granting Mot.209 Pl_s Leadership Structure.pdf",extracted
old,2441-1257,2441,1257,2019-04-25,DWF,DJ,False,0,0,False,False,True,False,Management,8,False,False,False,False,False,False,,Order substitutes Jason P. Johnston for Zimmerman; text refers both to Charles S. Zimmerman and Bucky S. Zimmerman.,False,False,,"2441 IN RE_ Stryker Rejuvenate and ABG II Hip Implant Products Liability Litigation/2441, Doc. 1257, P.T. ORDER 40 Appointing to Lead Csl Committee .pdf",extracted
old,2445-588,2445,588,2019-09-27,MSG,DJ,False,0,0,True,True,True,False,LeadCounsel; ClassCounsel; Communications,8,False,True,False,False,True,False,,,False,False,,"2445 IN RE_ Suboxone (Buprenorphine Hydrochloride and Naloxone) Antitrust Litigation/2445, Doc. 588, ORDER on Both Motions for Class Cert .pdf",extracted
old,2472-1274,2472,1274,2019-10-17,WES,DJ,False,0,0,False,False,True,False,ClassCounsel,4,False,True,False,False,True,False,,"The order resolves class certification issues and references EPPs' Motion for Class Certification and Appointment of Class Counsel, ECF No. 526, but does not name any class counsel in the order text provided.",False,False,,"2472 IN RE_ Loestrin 24 Fe Antitrust Litigation/2472, Doc. 1274, ORDER MEMO on Class Cert .pdf",motion-read
old,2472-10,2472,10,2013-11-08,S,DJ,False,2,0,True,False,True,False,LeadCounsel,8,False,False,False,False,False,False,,,False,False,,"2472 IN RE_ Loestrin 24 Fe Antitrust Litigation/2472, Docket #10, Order Appointing Interim Co-Lead Counsel (11-08-2013).pdf",extracted
old,2441-114,2441,114,2013-11-05,DWF,DJ,False,6,0,True,True,True,True,LeadCounsel; Management; Communications; Coordination,29,False,False,False,False,False,False,,,False,False,,"2441 IN RE_ Stryker Rejuvenate and ABG II Hip Implant Products Liability Litigation/2441, Doc. 114, P.T. ORDER 5.pdf",extracted
old,2452-157,2452,157,2013-10-21,AJB,DJ,False,4,0,True,True,True,False,LeadCounsel; Management; Communications,23,False,False,,False,False,False,,,False,False,,"2452 IN RE_ Incretin-Based Therapies Products Liability Litigation/2452, Doc. 157, ORDER Appointing Pl_s Steering Comm.pdf",extracted
old,2475-155,2475,155,2014-05-28,ALC,DJ,False,0,0,False,False,True,False,LeadCounsel,4,False,False,False,False,False,False,,,False,False,,"2475 IN RE_ North Sea Brent Crude Oil Futures Litigation/2475, Doc. 155, ORDER Appointing Interim Lead Csl.pdf",extracted
old,2472-1462,2472,1462,2020-09-01,WES,DJ,False,0,0,True,False,True,False,LeadCounsel; ClassCounsel; Fees; Settlement; SettlementAdministration,6,False,True,False,False,True,False,,,False,False,,"2472 IN RE_ Loestrin 24 Fe Antitrust Litigation/2472, Docket #1462, Order Awarding Attorneys_ fees (09-01-2020).pdf",extracted
old,2492-75,2492,75,2014-07-30,JZL,DJ,True,0,0,False,False,True,True,LeadCounsel; Management; Communications; ClassCounsel,6,False,False,False,False,False,False,,Minute entry approves appointment/designation applications but does not name appointees; refers to Case Management Order No. 3 for details. Plaintiff Anthony Nichols' motion to appoint Jay Edelson as Lead Counsel was denied without prejudice.,False,False,,"2492 IN RE_ National Collegiate Athletic Association Student-Athlete Concussion Injury Litigation/2492, Doc. 75, Minute Entry Appointing .pdf",motion-read
old,2472-1426,2472,1426,2020-03-23,WES,DJ,False,0,0,,,True,False,LeadCounsel; Settlement,0,False,,,,,True,,"Source filename indicates an order appointing lead counsel for settlement, but the provided OCR text does not reveal the appointee names. Appointments left empty.",True,False,,"2472 IN RE_ Loestrin 24 Fe Antitrust Litigation/2472, Docket #1426, Order Appointing Lead Counsel for Settlement (03-23-2020).pdf",extracted
old,2460-36,2460,36,2013-12-23,JD,DJ,False,3,0,True,True,True,True,LeadCounsel; ClassCounsel; Management; Communications,19,False,False,False,False,False,False,,"Order restates that interim liaison counsel were appointed by a prior order dated December 18, 2013.",False,False,,"2460 IN RE_ Niaspan Antitrust Litigation/2460, Doc. 36, ORDER  Appointing Interim Class Csl  .pdf",extracted
old,2493-1214,2493,1214,2018-06-12,JPB,DJ,False,0,0,False,False,True,False,ClassCounsel,7,False,True,False,False,True,False,,,False,False,,"2493 IN RE_ Monitronics International, Inc., Telephone Consumer Protection Act (TCPA) Litigation/2493, Doc. 1214, ORDER granting final approval of settlement.pdf",extracted
old,2504-353,2504,353,2024-04-02,DJH,DJ,False,0,0,True,,True,False,ClassCounsel,1,False,True,False,False,True,False,,,False,False,,"2504 IN RE_ Amazon.com, Inc., Fulfillment Center Fair Labor Standards Act (FLSA) and Wage and Hour Litigation/2504, Doc. 353, ORDER granting prelim. approval of class settlement .pdf",extracted
old,2472-1050,2472,1050,2019-07-02,WES,DJ,False,1,0,False,False,True,False,LeadCounsel; ClassCounsel,4,False,True,False,False,True,False,,"The order also appoints Ahold USA, Inc. as class representative, excluded from Appointments because it is not an attorney or law firm.",False,False,,"2472 IN RE_ Loestrin 24 Fe Antitrust Litigation/2472, Docket #1050, Order on Motion for Class Certification (07-02-2019).pdf",extracted
old,2472-1278,2472,1278,2019-10-23,WES,DJ,False,0,0,False,False,True,False,ClassCounsel; Communications,5,False,True,False,False,True,False,,Preliminary approval order for end-payor plaintiffs' settlement with Lupin; non-attorney notice administrator and escrow agent excluded.,False,False,,"2472 IN RE_ Loestrin 24 Fe Antitrust Litigation/2472, Docket #1278, Order Appointing Lead Counsel for Settlement (10-23-2019).pdf",extracted
old,2504-295,2504,295,2021-07-23,DJH,DJ,False,0,0,False,False,True,False,ClassCounsel; Fees; Settlement; SettlementAdministration,1,False,True,False,False,True,False,,Final approval order confirms Thierman Buck LLP as Class Counsel; claims/settlement administrator excluded as non-legal professional.,False,False,,"2504 IN RE_ Amazon.com, Inc., Fulfillment Center Fair Labor Standards Act (FLSA) and Wage and Hour Litigation/2504, Doc. 295, ORDER for final approval of class settlement .pdf",extracted
old,2472-85,2472,85,2014-02-14,WES,DJ,False,3,0,True,True,True,False,Communications; LeadCounsel; Management; Fees,16,False,False,True,True,True,False,,,False,False,,"2472 IN RE_ Loestrin 24 Fe Antitrust Litigation/2472, Doc. 85, C.M. ORDER 2 Appointing   .pdf",extracted
old,2504-194,2504,194,2016-05-04,DJH,DJ,False,2,0,,,True,False,ClassCounsel; Settlement,5,False,True,,,True,True,,"Unopposed preliminary approval order. Class representatives and Simpluris, Inc. as Settlement Administrator are excluded from Appointments.",False,False,,"2504 IN RE_ Amazon.com, Inc., Fulfillment Center Fair Labor Standards Act (FLSA) and Wage and Hour Litigation/2504, Doc. 194, ORDER Settlem.Class Cert and Appointing Lead Class Csl .pdf",extracted
old,2522-436,2522,436,2015-06-02,PAM,DJ,False,0,0,False,False,,,LeadCounsel; Communications,8,False,False,False,False,False,False,,Reappoints previously appointed Lead and Liaison Counsel by reference to prior orders; the order does not name the appointees. | [inherited from 2522-64 (reappointment; cited Docket 64)] -- verify against any later substitution/removal,False,False,,"2522 IN RE_ Target Corporation Customer Data Security Breach Litigation/2522, Doc. 436, ORDER Reappointing Lead and Liaison .pdf",inherited-reappointment (verify)
old,2445-44,2445,44,2013-08-07,MSG,DJ,False,3,0,True,True,True,True,Communications; LeadCounsel; Management,23,False,False,True,True,False,False,,,False,False,,"2445 IN RE_ Suboxone (Buprenorphine Hydrochloride and Naloxone) Antitrust Litigation/2445, Doc. 44, P.T. Order 2 Appointing .pdf",extracted
old,2493-23,2493,23,2014-02-11,IMK,DJ,False,0,0,True,True,True,True,LeadCounsel; Communications,5,False,False,False,False,False,False,,,False,False,,"2493 IN RE_ Monitronics International, Inc., Telephone Consumer Protection Act (TCPA) Litigation/2493, Doc. 23, ORDER Appointing .pdf",extracted
new,1674-435,1674,435,2008-08-15,GLL,DJ,False,0,0,False,False,True,False,ClassCounsel,2,False,True,False,False,True,False,,"Order filed 2008-08-15; signed/dated 2008-08-14. Header case number contains AJS, but order is signed by Gary L. Lancaster.",False,False,shares date+title with 1 other order(s),"2506 IN RE AZEK Building Products, Inc., Marketing & Sales Practices Litigation/US_DIS_PAWD_2_03cv425_435_ORDER approving Class Action Certification and Set_435_0.pdf",extracted
new,1674-776,1674,776,2016-12-13,AJS,DJ,False,0,0,True,True,True,False,ClassCounsel; Settlement; Fees,7,False,True,False,False,True,False,,Final approval of class action settlement; order states no objections or opposition were filed.,False,True,shares date+title with 1 other order(s),"2506 IN RE AZEK Building Products, Inc., Marketing & Sales Practices Litigation/US_DIS_PAWD_2_03cv425_776_FINAL ORDER PURSUANT TO FED. R. CIV. P. 23 GRANTIN_776_0.pdf",extracted
old,2504-377,2504,377,2024-12-23,DJH,DJ,True,0,0,False,False,True,False,ClassCounsel; Fees,5,False,True,False,False,True,False,,Class member Taylor objected to the proposed settlement and challenged adequacy of representation/fees; no competing class-counsel applications stated.,False,False,,"2504 IN RE_ Amazon.com, Inc., Fulfillment Center Fair Labor Standards Act (FLSA) and Wage and Hour Litigation/2504, Doc. 377, Final approval of class settlement.pdf",extracted
old,2516-685,2516,685,2017-09-19,SRU,DJ,False,0,0,True,True,True,False,LeadCounsel; Management; Communications; ClassCounsel,14,False,True,False,False,True,True,,"Order appoints Lead Counsel, Liaison Counsel, and Executive Committee as Class Counsel by reference to prior ECF No. 94, but does not name the appointees in this order. Berdon Claims Administration LLC excluded as non-attorney claims administrator/escrow agent.",False,False,,"2516 IN RE_ Aggrenox Antitrust Litigation/2516, Doc. 685, ORDER Granting Mot.667 Settlem.Cert and Appointing .pdf",motion-read
old,2522-74,2522,74,2014-05-22,PAM,DJ,False,0,0,True,False,True,False,Management,11,False,False,False,True,False,False,,Prior order (Dkt. 64) authorized appointment of the Executive Committee and Steering Committees; this order names the members.,False,False,,"2522 IN RE_ Target Corporation Customer Data Security Breach Litigation/2522, Doc. 74, ORDER Appointing Exec. and Steering Comm .pdf",extracted
old,2495-15,2495,15,2014-01-16,TWT,DJ,False,5,0,True,True,True,True,Communications; Management; LeadCounsel,13,False,False,True,False,False,False,,,False,False,,"2495 IN RE_ Atlas Roofing Corporation Chalet Shingle Products Liability Litigation/2495, Doc. 15, C.M. ORDER 1  Appointing .pdf",extracted
old,2516-766,2516,766,2018-03-06,SRU,DJ,False,0,0,True,True,True,False,LeadCounsel; Management; Communications; ClassCounsel,0,,True,,,True,True,,"Order grants unopposed motion for settlement class certification, preliminary settlement approval, and appointment of Class Counsel, but appoints Lead Counsel, Liaison Counsel, and Executive Committee by reference to prior Order Doc. 95 without naming the appointees in the appointment provision. Claims administrator and escrow agent excluded as non-attorney roles.",True,False,,"2516 IN RE_ Aggrenox Antitrust Litigation/2516, Doc. 766, ORDER Granting Mot,748, Settlem.Class Cert..pdf",extracted
old,2516-95,2516,95,2014-06-16,SRU,DJ,False,3,0,True,True,True,False,LeadCounsel; Management; Communications,9,False,False,True,True,False,False,,Order relates to all indirect purchaser actions.,False,False,,"2516 IN RE_ Aggrenox Antitrust Litigation/2516, Doc. 95, ORDER Appointing Indirect Purchaser.pdf",extracted
old,2472-90,2472,90,2014-02-28,WES,DJ,False,2,0,True,True,True,False,LeadCounsel; Communications,10,False,False,True,True,True,False,,Applies to Direct Purchaser Class Actions; the Court declined to appoint an Executive Committee for the Direct Purchaser Class.,False,False,,"2472 IN RE_ Loestrin 24 Fe Antitrust Litigation/2472, Docket #90, Order Appointing Interim Co-Lead Counsel & Plaintiff Leadership (02-28-2014).pdf",extracted
new,1674-285,1674,285,2008-01-25,GLL,DJ,True,1,0,True,False,True,False,ClassCounsel,4,False,True,False,False,True,True,,Objectors challenged the adequacy of the class representatives and class counsel and moved to intervene.,False,False,shares date+title with 1 other order(s),"2506 IN RE AZEK Building Products, Inc., Marketing & Sales Practices Litigation/US_DIS_PAWD_2_03cv425_285_MEMORANDUM and ORDER granting in part and denying _285_0.pdf",extracted
old,2541-82,2541,82,2014-08-22,CW,DJ,True,0,0,True,True,True,False,LeadCounsel; ClassCounsel,3,False,False,True,True,False,False,,The order denies competing motions/applications seeking appointment of additional or different co-lead counsel and reaffirms prior Plaintiffs' Interim Co-Lead Class Counsel appointments.,False,False,,"2541 IN RE_ National Collegiate Athletic Association Athletic Grant-in-Aid Cap Antitrust Litigation/2541, Doc. 82, ORDER Appointing .pdf",extracted
old,2516-94,2516,94,2014-06-16,SRU,DJ,False,3,0,True,True,True,False,LeadCounsel; Management; Communications,12,False,False,True,True,False,False,,,False,False,,"2516 IN RE_ Aggrenox Antitrust Litigation/2516, Doc. 94, ORDER Appointing Direct Purchasers.pdf",extracted
new,1674-618,1674,618,2013-07-31,AJS,DJ,False,2,0,False,False,True,False,LeadCounsel; ClassCounsel,6,False,True,False,False,False,False,,,False,False,shares date+title with 1 other order(s),"2506 IN RE AZEK Building Products, Inc., Marketing & Sales Practices Litigation/US_DIS_PAWD_2_03cv425_618_ORDER OF COURT granting 607 Motion to Certify Clas_618_0.pdf",extracted
old,2522-758,2522,758,2016-05-12,PAM,DJ,False,0,0,True,True,True,False,ClassCounsel; Fees,7,False,True,False,False,True,False,,"Final approval order confirms appointment of Settlement Class Counsel listed in the order and awards attorney's fees, costs, and expenses.",False,False,,"2522 IN RE_ Target Corporation Customer Data Security Breach Litigation/2522, Doc. 758, ORDER MEMO Granting Attnys_ Fees.pdf",extracted
old,2548-12,2548,12,2014-10-02,VEC,DJ,False,0,0,True,,False,True,Communications,1,False,False,,,False,False,,,False,True,,"2548 IN RE_ Commodity Exchange, Inc., Gold Futures and Options Trading Litigation/2548, Doc. 12, ORDER 2, Appointing D_s Liaison .pdf",extracted
old,2542-1216,2542,1216,2020-12-16,VSB,DJ,False,1,0,,,True,False,ClassCounsel,3,False,True,,,True,False,,"Plaintiffs' motion was unopposed. Non-attorney/non-law-firm appointments to Claims Administrator, Special Master, and escrow agent excluded.",False,True,,"2542 IN RE_ Keurig Green Mountain Single-Serve Coffee Antitrust Litigation/2542, Doc. 1216, Order Appointing Lead Counsel for Settlement (12-16-2020).pdf",extracted
old,2542-36,2542,36,2014-06-26,VSB,DJ,False,2,0,True,True,True,False,LeadCounsel; Communications; ClassCounsel,4,False,True,,True,True,False,,Order states the application was unopposed and relates to all indirect purchaser actions.,False,False,,"2542 IN RE_ Keurig Green Mountain Single-Serve Coffee Antitrust Litigation/2542, Doc. 36, ORDER Appointing Liaison and Interim Class Csl  .pdf",extracted
old,2545-2923,2545,2923,2018-11-21,MFK,DJ,True,0,0,,,True,,Fees,5,,,,,,,,,False,False,,"2545 IN RE_ Testosterone Replacement Therapy Products Liability Litigation/2545, Doc. 2923, C.M. ORDER 141, Appointing Com.Ben.Committee.pdf",extracted
old,2543-19,2543,19,2014-06-24,JMF,DJ,False,1,0,True,True,True,False,LeadCounsel,3,False,False,False,False,False,True,,,False,False,,"2543 IN RE_ General Motors LLC Ignition Switch Litigation/2543, Doc. 19, ORDER 1.pdf",extracted
old,2548-187,2548,187,2016-12-09,VEC,DJ,False,1,0,True,True,True,False,ClassCounsel,2,False,True,False,False,True,False,,,False,False,,"2548 IN RE_ Commodity Exchange, Inc., Gold Futures and Options Trading Litigation/2548, Doc. 187, ORDER Prelim Apprv. and Appointing Settlement Csl  .pdf",extracted
old,2545-254,2545,254,2014-08-13,MFK,DJ,False,0,0,True,False,False,True,Communications; LeadCounsel,13,False,False,False,False,False,True,,,False,True,,"2545 IN RE_ Testosterone Replacement Therapy Products Liability Litigation/2545, Doc. 254, C.M. ORDER D_s Liaison Csl .pdf",extracted
old,2522-64,2522,64,2014-05-15,PAM,DJ,False,11,0,True,True,True,False,LeadCounsel; Communications; Management,8,False,False,True,True,True,False,,,False,False,,"2522 IN RE_ Target Corporation Customer Data Security Breach Litigation/2522, Doc. 64, ORDER Appointing Lead and Liaison .pdf",extracted
old,2492-76,2492,76,2014-07-30,JZL,DJ,True,5,0,True,True,True,True,LeadCounsel; ClassCounsel; Management; Communications,8,True,True,True,True,True,False,,Plaintiffs' leadership appointment was contested by Jay Edelson's competing motion; Magistrate Judge Geraldine Soat Brown is listed in the caption but the order is signed only by District Judge John Z. Lee.,False,True,,"2492 IN RE_ National Collegiate Athletic Association Student-Athlete Concussion Injury Litigation/2492, Doc. 76, C.M. ORDER 3 Appointing Lead and Liaison .pdf",extracted
old,2522-589,2522,589,2015-09-15,PAM,DJ,False,2,0,True,True,True,False,LeadCounsel; ClassCounsel,11,False,True,False,False,True,False,,,False,False,,"2522 IN RE_ Target Corporation Customer Data Security Breach Litigation/2522, Doc. 589, ORDER MEMO Granting Mot.462 Certify Class .pdf",extracted
old,2541-305,2541,305,2015-12-04,CW,DJ,False,1,0,True,,True,False,LeadCounsel; ClassCounsel,3,False,True,False,False,True,False,Antitrust,,False,False,,"2541 IN RE_ National Collegiate Athletic Association Athletic Grant-in-Aid Cap Antitrust Litigation/2541, Doc. 305, ORDER Granting Mot.200 Class Cert .pdf",extracted
old,2543-249,2543,249,2014-08-15,JMF,DJ,True,0,0,True,True,True,False,LeadCounsel; Management; Communications; Coordination,15,False,False,False,False,False,False,,,False,False,,"2543 IN RE_ General Motors LLC Ignition Switch Litigation/2543, Doc. 249, ORDER 8 Appointing Co-Lead, Liaison.pdf",extracted
old,2548-3,2548,3,2014-08-20,VEC,DJ,False,0,0,True,True,True,False,ClassCounsel,0,False,False,False,False,False,True,,"Order affirms by reference that interim class counsel appointed by the Court's July 22, 2014 Memorandum Order shall remain interim class counsel, but does not name the appointees.",True,False,,"2548 IN RE_ Commodity Exchange, Inc., Gold Futures and Options Trading Litigation/2548, Doc. 3, ORDER 1  .pdf",extracted
old,2543-304,2543,304,2014-09-16,JMF,DJ,False,0,0,True,True,True,False,LeadCounsel; Communications; Coordination; Management; Fees,15,False,False,True,True,False,True,,"Order defines authority, duties, responsibilities, common-benefit work, fees, expenses, and protocols for plaintiffs' leadership; appointments were originally made in Order No. 8.",False,False,,"2543 IN RE_ General Motors LLC Ignition Switch Litigation/2543, Doc. 304, ORDER 13 Leadership_ Org, Duties and CommonBenefit  .pdf",extracted
old,2548-515,2548,515,2021-02-12,VEC,DJ,False,1,0,True,True,True,False,ClassCounsel,2,False,True,False,False,True,False,,,False,False,,"2548 IN RE_ Commodity Exchange, Inc., Gold Futures and Options Trading Litigation/2548, Doc. 515, ORDER, Certifying Settlement Class & Appointing Class Counsel Reps.pdf",extracted
old,2551-134,2551,134,2015-04-07,SRN,DJ,False,0,0,False,False,True,False,Management,1,False,False,False,False,False,False,,Order grants unopposed motion to appoint Robert K. Shelquist to the Plaintiffs' Executive Committee.,False,False,,"2551 IN RE_ National Hockey League Players_ Concussion Injury Litigation/2551, Doc. 134, ORDER Granting App.131 .pdf",extracted
old,2551-545,2551,545,2016-06-28,SRN,DJ,False,0,0,False,False,True,False,Management,2,False,False,False,False,False,False,,,False,False,,"2551 IN RE_ National Hockey League Players_ Concussion Injury Litigation/2551, Doc. 545, ORDER Granting App.542 .pdf",extracted
old,2548-628,2548,628,2022-01-13,VEC,DJ,False,0,0,,,True,False,ClassCounsel,2,False,True,,,True,,,,False,False,,"2548 IN RE_ Commodity Exchange, Inc., Gold Futures and Options Trading Litigation/2548, Doc. 628, ORDER, Certifying Settlement Class, Appointing Class Counsel.pdf",extracted
old,2522-364,2522,364,2015-03-19,PAM,DJ,False,1,0,True,True,True,False,ClassCounsel,6,False,True,False,False,True,False,,,False,False,,"2522 IN RE_ Target Corporation Customer Data Security Breach Litigation/2522, Doc. 364, ORDER Certifying Settlem.Class.pdf",extracted
old,2557-302,2557,302,2017-02-21,TBS,MJ,False,0,0,False,False,True,False,Communications,2,False,False,False,False,False,False,,Mark L. Shurtleff is substituted for Allison P. Fry as liaison counsel for all Plaintiffs; Ms. Fry remains counsel of record.,False,False,,"2557 IN RE_ Auto Body Shop Antitrust Litigation/2557, Doc. 302, ORDER Appointing Liason .pdf",extracted
old,2555-53,2555,53,2015-05-28,JSW,DJ,False,2,0,True,True,True,False,LeadCounsel; Management,2,False,False,,False,False,False,,"Order appoints co-lead plaintiffs' counsel by name, but appoints the plaintiffs' steering committee only as set forth in the motion; PSC roster is not named in the order.",True,False,,"2555 IN RE_ Coca-Cola Products Marketing and Sales Practices Litigation (No. II)/2555, Doc. 53, ORDER Granting App.46 .pdf",extracted
old,2557-42,2557,42,2014-09-15,GAP,DJ,False,0,0,True,True,True,True,Communications,2,False,False,,False,False,False,,,False,False,,"2557 IN RE_ Auto Body Shop Antitrust Litigation/2557, Doc. 42, ORDER Appointing Liaison.pdf",extracted
old,2545-255,2545,255,2014-08-13,MFK,DJ,False,0,0,True,True,True,False,LeadCounsel; Management; Communications,33,False,False,True,True,False,False,,,False,False,,"2545 IN RE_ Testosterone Replacement Therapy Products Liability Litigation/2545, Doc. 255, C.M. ORDER 6 Appointing P_s Leadership.pdf",extracted
old,2557-41,2557,41,2014-09-11,GAP; TBS,DJ; MJ,False,2,0,False,False,True,True,Communications,2,False,False,False,False,False,True,Antitrust,Multiple judges. Minutes appoint Hal Litchford as Defendants' liaison counsel and Allison Fry as Plaintiffs' liaison counsel.,False,False,,"2557 IN RE_ Auto Body Shop Antitrust Litigation/2557, Doc. 41, Minutes Hearing, Appointing Plaintiffs and Defense Liaison Counsel (09-11-2014).pdf",extracted
old,2566-116,2566,116,2015-03-19,TSH,DJ,False,2,0,True,True,True,False,LeadCounsel; Communications,2,False,False,True,True,False,False,,Lead Plaintiffs Svetlana Nayman and Igor Kunyanski are not included as Appointments because they are not attorneys or law firms.,False,False,,"2566 IN RE_ TelexFree Securities Litigation/2566, Doc. 116, ORDER Appointing Lead Pl and Lead Csl .pdf",extracted
old,2545-243,2545,243,2014-07-31,MFK,DJ,True,5,0,True,False,True,True,LeadCounsel; Management; Communications,34,False,False,False,False,False,True,,"The order names plaintiffs' appointees, but approves/adopts defendants' liaison counsel submission by reference without naming the defense appointee(s) in the order text.",True,False,,"2545 IN RE_ Testosterone Replacement Therapy Products Liability Litigation/2545, Doc. 243, C.M. ORDER 4, Appointing_ Lead, Liaison .pdf",extracted
old,2573-17,2573,17,2014-11-25,VEC,DJ,True,1,0,True,True,True,False,ClassCounsel,2,True,True,False,False,True,False,,,False,False,,"2573 IN RE_ London Silver Fixing, Ltd., Antitrust Litigation/2573, Docket #17, Order Appointing Interim Co-lead Counsel (11-25-2014).pdf",extracted
old,2567-489,2567,489,2020-11-30,GAF,DJ,False,1,0,True,True,True,False,ClassCounsel; Settlement,3,False,True,,,True,,,,False,False,,"2567 IN RE_ Pre-Filled Propane Tank Antitrust Litigation/2567, Doc. 489, Order Appointing Lead Counsel for Settlement (11-30-2020).pdf",extracted
old,2566-79,2566,79,2014-12-23,TSH,DJ,False,2,0,True,True,True,False,LeadCounsel; Management; ClassCounsel,6,False,False,True,True,False,False,,,False,False,,"2566 IN RE_ TelexFree Securities Litigation/2566, Doc. 79, C.M. ORDER 3 Appointing .pdf",extracted
old,2567-543,2567,543,2021-03-30,GAF,DJ,False,0,0,True,,True,False,ClassCounsel; Fees,3,False,True,False,False,True,False,Antitrust,,False,False,,"2567 IN RE_ Pre-Filled Propane Tank Antitrust Litigation/2567, Doc. 543, Order Approving Final Settlement (03-30-2021).pdf",extracted
old,2545-244,2545,244,2014-07-31,MFK,DJ,True,0,0,False,False,True,True,LeadCounsel; Management; Communications,33,False,False,False,False,False,True,,"The order adopts defendants' liaison-counsel submission by reference to docket no. 149, but the defense appointee names are not stated in the order text.",True,False,,"2545 IN RE_ Testosterone Replacement Therapy Products Liability Litigation/2545, Doc. 244, Corrected C.M. ORDER 4 .pdf",extracted
old,2570-645,2570,645,2015-09-08,TAB,MJ,False,0,0,False,False,True,False,Management,9,False,False,False,False,False,False,,Agreed proposed amendment approved; adds Matthew R. McCarley to the existing Plaintiffs' Executive Committee.,False,False,,"2570 IN RE_ Cook Medical, Inc., IVC Filters Marketing, Sales Practices and Products Liability Litigation/2570, Doc. 645, Proposed amendments to P_s leadership.pdf",extracted
old,2543-7877,2543,7877,2020-04-27,JMF,DJ,False,6,0,True,True,True,False,ClassCounsel,11,False,True,False,False,True,False,,Order appoints interim Class Counsel and interim Subclass Counsel for settlement purposes only. Non-attorney settlement administrators and class representatives are excluded from Appointments.,False,False,,"2543 IN RE_ General Motors LLC Ignition Switch Litigation/2543, Doc. 7877, ORDER Approving Settlem. and Appointing.pdf",extracted
old,2573-166,2573,166,2016-11-23,VEC,DJ,False,0,0,True,True,True,False,ClassCounsel,2,False,True,False,False,True,False,,,False,False,,"2573 IN RE_ London Silver Fixing, Ltd., Antitrust Litigation/2573, Docket #166, Order Appointing Lead Counsel for Settlement (11-23-2016).pdf",extracted
old,2567-78,2567,78,2014-12-15,GAF,DJ,True,4,0,True,False,True,False,LeadCounsel; Communications,6,False,False,False,True,False,False,,Competing motions and oppositions were filed regarding appointment of direct and indirect purchaser interim counsel.,False,False,,"2567 IN RE_ Pre-Filled Propane Tank Antitrust Litigation/2567, Doc. 78, ORDER Appointing .pdf",extracted
old,2580-786,2580,786,2022-03-09,HDL,DJ,False,0,0,False,False,True,False,LeadCounsel; ClassCounsel,2,False,False,False,False,False,False,,,False,False,,"2580 IN RE_ Opana ER Antitrust Litigation/2580, Doc. 786, Order Changing Class Co-Lead Counsel (03-09-2022).pdf",extracted
old,2573-78,2573,78,2015-06-01,VEC,DJ,False,0,0,False,False,True,False,ClassCounsel,2,False,False,False,False,False,False,,"Memo endorsed order accepts proposed arrangement for Nussbaum Law Group, P.C. to remain significantly involved and work closely with the interim class counsel; it does not appoint Nussbaum as interim class counsel. Lowey Dannenberg Cohen & Hart, P.C. and Grant & Eisenhofer P.A. are stated to continue serving as interim class counsel under a prior order.",False,False,,"2573 IN RE_ London Silver Fixing, Ltd., Antitrust Litigation/2573, Docket #78, Order Allowing Plaintiff Firm to work alongside Interim Co-lead Counsel (06-01-2015).pdf",extracted
old,2575-489,2575,489,2017-03-06,RMD,DJ,False,1,0,True,True,True,False,Communications,2,False,False,False,False,False,False,,"Order effective nunc pro tunc to May 3, 2016. Order states it does not supersede the Court's prior Order on Motion to Appoint Interim Co-Lead Counsel and Liaison Counsel for the Class Actions (Dkt. #25).",False,False,,"2575 IN RE_ Fluidmaster, Inc., Water Connector Components Products Liability Litigation/2575, Doc. 489, ORDER Appointing Pl_s Liaison Csl  .pdf",extracted
old,2570-506,2570,506,2015-07-01,TAB,MJ,False,0,0,False,False,True,False,LeadCounsel; Management; Coordination,15,False,False,False,False,False,False,,Approved agreed amendments to prior plaintiffs' leadership structure.,False,False,,"2570 IN RE_ Cook Medical, Inc., IVC Filters Marketing, Sales Practices and Products Liability Litigation/2570, Doc. 506, APPROVED MOTION re P_s Leadership Structure.pdf",extracted
old,2575-113,2575,113,2015-06-25,RMD,DJ,False,2,0,True,True,True,False,LeadCounsel; Communications; ClassCounsel,5,False,True,True,True,True,False,,,False,True,,"2575 IN RE_ Fluidmaster, Inc., Water Connector Components Products Liability Litigation/2575, Doc. 113, ORDER Appointing Interim and Liaison -Fluidmaster.pdf",extracted
old,2570-1749,2570,1749,2016-06-08,TAB,MJ,False,0,0,False,False,True,True,LeadCounsel; Communications; Management; Coordination,27,False,False,False,False,False,False,,,False,False,,"2570 IN RE_ Cook Medical, Inc., IVC Filters Marketing, Sales Practices and Products Liability Litigation/2570, Doc. 1749, CM ORDER #17, modifying P_s leadership.pdf",extracted
old,2570-10512,2570,10512,2019-04-23,TAB,MJ,False,0,0,True,,True,True,LeadCounsel; Communications; Coordination; Management,29,False,False,,,False,False,,Eighth amended case management plan restates plaintiffs' leadership structure as previously approved by the Court.,False,True,,"2570 IN RE_ Cook Medical, Inc., IVC Filters Marketing, Sales Practices and Products Liability Litigation/2570, Doc. 10512, ORDER amending P_s leadership structure.pdf",extracted
old,2580-78,2580,78,2015-04-02,HDL,DJ,True,1,0,True,True,True,False,LeadCounsel,2,True,True,False,False,True,False,,Order grants one of four competing motions for appointment of interim co-lead counsel for the End-Payor class and denies the remaining appointment motions.,False,False,,"2580 IN RE_ Opana ER Antitrust Litigation/2580, Doc. 78, ORDER Appointing .pdf",extracted
old,2591-3366,2591,3366,2017-08-09,JWL,DJ,False,1,0,True,True,True,False,Settlement,4,False,False,False,False,False,False,,,False,False,,"2591 IN RE_ Syngenta AG MIR162 Corn Litigation/2591, Doc. 3366, ORDER Appointing Pl Settle.Negotiation.Committee.pdf",extracted
old,2570-1664,2570,1664,2016-05-24,TAB,MJ,False,0,0,False,False,True,True,LeadCounsel; Management; Communications; Coordination,24,False,False,False,False,False,False,,Fifth Amended Case Management Plan restates plaintiffs' leadership structure as previously approved by the Court.,False,True,,"2570 IN RE_ Cook Medical, Inc., IVC Filters Marketing, Sales Practices and Products Liability Litigation/2570, Doc. 1664, 5th CM Plan.pdf",extracted
old,2592-1314,2592,1314,2015-09-24,EEF,DJ,False,0,0,False,False,True,False,Management,2,False,False,False,False,False,False,,,False,True,,"2592-Xarelto/2592, Doc. 1314, ORDER Appointing to Steering.pdf",extracted
old,2555-74,2555,74,2015-07-22,JSW,DJ,False,0,0,True,True,True,False,LeadCounsel; Management,14,False,False,True,True,False,False,,"Order restates prior Co-Lead Counsel and Plaintiffs' Steering Committee appointments, accepts Charles LaDuca's resignation, substitutes Jonathan Cuneo, and appoints Dewitt Lovelace and Zona Jones as additional Steering Committee members.",False,False,,"2555 IN RE_ Coca-Cola Products Marketing and Sales Practices Litigation (No. II)/2555, Doc. 74, ORDER Appointing and Est. Protocols .pdf",extracted
old,2591-2547,2591,2547,2016-09-26,JWL,DJ,False,1,0,True,,True,False,ClassCounsel,4,False,True,False,False,True,True,,,False,False,,"2591 IN RE_ Syngenta AG MIR162 Corn Litigation/2591, Doc. 2547, MEMO ORDER Granting Class Cert.2156  .pdf",extracted
old,2591-2547,2591,2547,2016-09-26,JWL,DJ,False,1,0,False,False,True,False,ClassCounsel,4,False,True,False,False,True,True,,"Class certification was opposed by Syngenta and the Phipps plaintiffs, but the order states the Court received no objections to appointment of the named attorneys as class counsel.",False,False,,"2591 IN RE_ Syngenta AG MIR162 Corn Litigation/2591, Doc. 2547, ORDER Class Cert. and Appointing Class Csl  .pdf",extracted
old,2580-1085,2580,1085,2022-11-03,HDL,DJ,False,0,0,True,,True,False,ClassCounsel; LeadCounsel; Fees; Settlement,2,,True,,,True,False,,,False,False,,"2580 IN RE_ Opana ER Antitrust Litigation/2580, Doc. 1085, Order Approving Final Settlement (11-03-2022).pdf",extracted
old,2592-150,2592,150,2015-02-03,EEF,DJ,False,0,0,False,False,False,True,LeadCounsel,2,False,False,False,False,False,False,,,False,True,,"2592-Xarelto/2592, Doc. 150, P.T. ORDER #6 Appointing Co-Lead .pdf",extracted
old,2590-27,2590,27,2015-03-05,JBG,DJ,True,2,0,True,True,True,False,LeadCounsel; Communications,4,False,True,True,True,True,False,,The order grants the Denis Gray plaintiffs' motion and denies the competing Par 4 plaintiffs' motion for appointment of interim counsel.,False,False,,"2590 IN RE_ Navistar MaxxForce Engines Marketing, Sales Practices and Products Liability Litigation/2590, Doc. 27, ORDER Appointing Interim Lead and Liaison -Navistar.pdf",extracted
old,2570-93,2570,93,2014-12-19,TAB,MJ,False,3,0,True,True,True,False,LeadCounsel; Communications; Coordination; Management,12,False,False,True,True,False,False,,,False,False,,"2570 IN RE_ Cook Medical, Inc., IVC Filters Marketing, Sales Practices and Products Liability Litigation/2570, Doc. 93, ORDER approving P_s leadership positions.pdf",extracted
old,2570-8845,2570,8845,2018-08-03,TAB,MJ,False,0,0,False,False,True,True,LeadCounsel; Communications; Coordination; Management,28,False,False,False,False,False,False,Products Liability,"Seventh Amended Case Management Plan. Plaintiffs’ leadership structure is described as previously approved by the Court, so no new organizational units are counted.",False,True,,"2570 IN RE_ Cook Medical, Inc., IVC Filters Marketing, Sales Practices and Products Liability Litigation/2570, Doc. 8845, 7th CM Plan.pdf",extracted
old,2592-830,2592,830,2015-04-29,EEF,DJ,False,0,0,False,False,,,Coordination,3,False,False,False,False,False,False,,,False,True,,"2592-Xarelto/2592, Doc. 830, P.T. ORDER 7A Appointing State Liaison .pdf",extracted
old,2570-875,2570,875,2015-12-03,TAB,MJ,False,0,0,False,False,True,True,LeadCounsel; Management; Communications; Coordination; Discovery; Motions; Expert; Bellwether; Trial,24,False,False,False,False,False,False,,Fourth Amended Case Management Plan. Plaintiffs' leadership structure is stated as previously approved by the Court.,False,False,,"2570 IN RE_ Cook Medical, Inc., IVC Filters Marketing, Sales Practices and Products Liability Litigation/2570, Doc. 875, 4th CM Plan.pdf",extracted
old,2551-18,2551,18,2014-09-18,SRN,DJ,False,3,0,True,True,True,False,LeadCounsel; ClassCounsel; Communications; Management,12,False,True,False,False,True,True,,,False,False,,"2551 IN RE_ National Hockey League Players_ Concussion Injury Litigation/2551, Doc. 18, ORDER Appointing Granting App.9  .pdf",extracted
old,2595-16,2595,16,2015-05-11,KOB,DJ,False,0,0,False,False,True,False,Management,2,False,False,False,False,False,False,,,False,False,,"2595 IN RE_ Community Health Systems, Inc., Customer Data Security Breach Litigation/2595, Doc. 16, ORDER, Grant Change Plaintiffs_ Steering Committee.pdf",extracted
old,2592-18012,2592,18012,2021-11-08,EEF,DJ,False,0,0,False,False,False,True,LeadCounsel,3,False,False,False,False,False,False,,Amended Pretrial Order No. 6 substitutes Andrew K. Solow for retired Steven Glickstein as Co-Lead Defense Counsel; Susan Sharko remains Co-Lead Defense Counsel.,False,False,,"2592-Xarelto/2592, Doc. 18012, ORDER substitute lead defense counsel.pdf",extracted
old,2592-38,2592,38,2015-01-16,EEF,DJ,False,0,0,True,True,True,False,Communications,2,False,False,False,False,False,False,,,False,True,,"2592-Xarelto/2592, Doc. 38, P.T. ORDER 2 Appointing Pl_s Liaison Csl .pdf",extracted
old,2591-3532,2591,3532,2018-04-10,JWL,DJ,True,4,0,True,True,True,False,ClassCounsel,6,False,True,False,False,True,False,,"The order notes written opposition to Plaintiffs' Motion for Preliminary Approval and other relief; non-attorney appointees such as Special Masters, Notice Administrator, and Claims Administrator excluded.",False,False,,"2591 IN RE_ Syngenta AG MIR162 Corn Litigation/2591, Doc. 3532, ORDER Prelim.Apprv.Appointing Class Csl .pdf",extracted
old,2592-39,2592,39,2015-10-02,EEF,DJ,False,0,0,True,True,False,True,Communications,1,False,False,False,False,False,False,,,False,True,,"2592-Xarelto/2592, Doc. 39, P.T. ORDER 3 Appointing D_s Liaison Csl .pdf",extracted
old,2595-12,2595,12,2015-04-13,KOB,DJ,False,2,0,True,False,True,False,LeadCounsel; Communications,4,False,False,False,False,False,False,,,False,False,,"2595 IN RE_ Community Health Systems, Inc., Customer Data Security Breach Litigation/2595, Doc. 12, ORDER Appointing .pdf",extracted
old,2599-4659,2599,4659,2023-06-20,FAM,DJ,False,1,0,True,True,True,False,ClassCounsel,1,False,True,False,False,True,False,,,False,False,,"2599 IN RE_ Takata Airbag Products Liability Litigation/2599, DOC. 4659, ORDER granting class cert.pdf",extracted
old,2592-17643,2592,17643,2020-04-13,EEF,DJ,False,1,0,True,True,True,False,Fees,5,False,False,False,False,False,False,,Order designates Fee Allocation Liaison Counsel to recommend allocation of common benefit attorneys' fees and costs.,False,False,,"2592-Xarelto/2592, Doc. 17643, ORDER allocating CB fees.pdf",extracted
old,2586-14,2586,14,2015-04-21,ADM,DJ,False,3,0,True,True,True,True,LeadCounsel; Management; Communications,7,False,True,False,False,True,False,,,False,False,,"2586 IN RE_ Supervalu, Inc., Customer Data Security Breach Litigation/2586, Doc. 14, P.T. ORDER Appointing Co-Lead, Exec.Com., and Liaison .pdf",extracted
old,2591-67,2591,67,2015-01-22,JWL,DJ,True,5,0,True,True,True,True,LeadCounsel; Management; Communications; ClassCounsel,15,False,False,True,True,True,True,,,False,False,,"2591 IN RE_ Syngenta AG MIR162 Corn Litigation/2591, Doc. 67, ORDER Appointing .pdf",extracted
old,2587-172,2587,172,2016-04-22,D,DJ,False,0,0,True,True,True,True,LeadCounsel; Communications; Management,19,False,False,False,True,True,True,,"First amended order appointing LEC lead/liaison counsel and two LEC steering committees. The order notes no objections to the applications and states that service as lead counsel, liaison counsel, or steering committee member does not create professional, ethical, fiduciary, or legal obligations to parties other than counsel's own clients.",False,False,,"2587 IN RE_ IntraMTA Switched Access Charges Litigation/2587, Doc. 172, AMENDED ORDER modying Lead_Liason Counsel and Steering Committees.pdf",extracted
old,2587-76,2587,76,2015-03-05,D,DJ,True,3,0,True,True,False,True,LeadCounsel; Communications; Management,20,False,False,False,False,True,True,,,False,False,,"2587 IN RE_ IntraMTA Switched Access Charges Litigation/2587, Doc. 76, ORDER Appointing Lead, Liaison, and Steering  .pdf",extracted
old,2595-202,2595,202,2018-12-19,KOB,DJ,False,1,0,False,True,True,False,ClassCounsel; Settlement,2,False,True,False,False,True,False,,,False,False,,"2595 IN RE_ Community Health Systems, Inc., Customer Data Security Breach Litigation/2595, Doc. 202, ORDER on Mot.f_Cert.Settle.Class .pdf",extracted
old,2599-1800,2599,1800,2017-06-12,FAM,DJ,False,1,0,True,True,True,False,LeadCounsel; ClassCounsel,6,False,True,False,False,True,True,,"Order preliminarily certifies a settlement class and appoints Settlement Class Counsel. Non-lawyer/non-leadership settlement special administrator, notice administrator, escrow agent, and tax administrator were excluded from Appointments.",False,False,shares date+title with 1 other order(s),"2599 IN RE_ Takata Airbag Products Liability Litigation/2599, Doc. 1800, ORDER Certifying Settle.Class .pdf",extracted
old,2599-2042,2599,2042,2017-09-19,FAM,DJ,False,1,0,True,True,True,False,ClassCounsel,6,False,True,False,False,True,True,,"Order preliminarily approves class settlement, preliminarily certifies settlement class, and appoints Settlement Class Counsel. Non-attorney/non-leadership settlement special administrator, notice administrator, escrow agent, and tax administrator are excluded from Appointments.",False,False,shares date+title with 1 other order(s),"2599 IN RE_ Takata Airbag Products Liability Litigation/2599, Doc. 2042, ORDER Preliminarily Approving Settle.Class.pdf",extracted
old,2599-1798,2599,1798,2017-06-12,FAM,DJ,False,0,0,True,False,True,False,ClassCounsel,6,False,True,False,False,True,True,,,False,False,,"2599 IN RE_ Takata Airbag Products Liability Litigation/2599, Doc. 1798, ORDER Certifying Settlement Class .pdf",extracted
old,2599-1801,2599,1801,2017-06-12,FAM,DJ,False,1,0,True,False,True,False,ClassCounsel,6,False,True,False,False,True,True,,,False,False,,"2599 IN RE_ Takata Airbag Products Liability Litigation/2599, Doc. 1801, ORDER Approving Settle.Class.pdf",extracted
old,2599-4660,2599,4660,2023-06-26,FAM,DJ,False,0,0,False,False,True,False,ClassCounsel,7,False,False,False,False,True,False,,,False,False,,"2599 IN RE_ Takata Airbag Products Liability Litigation/2599, Doc. 4660, ORDER appointing class counsel.pdf",extracted
old,2599-2385,2599,2385,2018-02-28,FAM,DJ,False,0,0,False,True,True,False,ClassCounsel; Settlement,6,False,True,False,False,True,False,,,False,False,shares date+title with 1 other order(s),"2599 IN RE_ Takata Airbag Products Liability Litigation/2599, Doc. 2385, FINAL ORDER Aprv.Settle.Class .pdf",extracted
old,2599-4689,2599,4689,2023-08-23,FAM,DJ,False,1,0,True,True,True,False,ClassCounsel,8,False,True,False,False,True,False,,,False,False,,"2599 IN RE_ Takata Airbag Products Liability Litigation/2599, Doc. 4689, ORDER Granting Class Cert in Part.pdf",extracted
old,2599-2162,2599,2162,2017-11-01,FAM,DJ,False,0,0,True,True,True,False,ClassCounsel; Fees,6,False,True,False,False,True,False,,PACER entered date used; signature date appears incomplete in OCR.,False,False,shares date+title with 3 other order(s),"2599 IN RE_ Takata Airbag Products Liability Litigation/2599, Doc. 2162, FINAL ORDER Aprv.Settle.Class .pdf",extracted
old,2606-18,2606,18,2015-05-20,RBK,DJ,False,2,0,False,False,True,False,Management,0,False,False,False,False,False,False,,Order grants plaintiffs' motion to approve appointments/form committees but names no appointees; appointees are in Doc. No. 10.,True,False,,"2606 IN RE_ Benicar (Olmesartan) Products Liability Litigation/2606, Doc. 18, Order Granting Motion Approving PSC.pdf",extracted
old,2599-2388,2599,2388,2018-02-28,FAM,DJ,False,0,0,False,False,True,False,ClassCounsel; Settlement,6,False,True,False,False,True,False,,,False,False,shares date+title with 1 other order(s),"2599 IN RE_ Takata Airbag Products Liability Litigation/2599, Doc. 2388, FINAL ORDER Aprv.Settle.Class .pdf",extracted
old,2599-2043,2599,2043,2017-09-19,FAM,DJ,False,2,0,True,True,True,False,ClassCounsel,6,False,True,False,False,True,True,,,False,False,shares date+title with 1 other order(s),"2599 IN RE_ Takata Airbag Products Liability Litigation/2599, Doc. 2043,  ORDER Preliminarily Approving Settle.Class .pdf",extracted
old,2592-169,2592,169,2015-02-09,EEF,DJ,False,2,0,True,True,True,False,LeadCounsel; Management; Communications; Coordination,15,False,False,True,True,False,False,,,False,True,,"2592-Xarelto/2592, Doc. 169, P.T. ORDER 7 Appointing Pl_s Steering .pdf",extracted
old,2606-1148,2606,1148,2017-08-23,RBK,DJ,False,0,0,True,True,True,False,ProSe,1,False,False,,,False,False,,,False,False,,"2606 IN RE_ Benicar (Olmesartan) Products Liability Litigation/2606, Doc. 1148, ORDER Appointing Pro Se Rep..pdf",extracted
old,2599-2168,2599,2168,2017-11-01,FAM,DJ,False,0,0,False,False,True,False,ClassCounsel; Settlement; Fees,6,False,True,False,False,True,False,,Final order approving Toyota economic loss class settlement and certifying settlement class; appoints Lead Settlement Class Counsel and Settlement Class Counsel.,False,False,shares date+title with 3 other order(s),"2599 IN RE_ Takata Airbag Products Liability Litigation/2599, Doc. 2168, FINAL ORDER Aprv.Settle.Class .pdf",extracted
old,2599-3182,2599,3182,2018-12-20,FAM,DJ,False,0,0,,,True,False,ClassCounsel,6,False,True,,,True,False,,,False,False,,"2599 IN RE_ Takata Airbag Products Liability Litigation/2599, Doc. 3182, FINAL ORDER Aprv.Settle.Class .pdf",extracted
old,2599-2164,2599,2164,2017-11-01,FAM,DJ,False,0,0,True,True,True,False,ClassCounsel; Fees; Settlement,6,False,True,False,False,True,False,,"Final order approving Mazda economic loss class settlement, certifying settlement class, appointing lead settlement class counsel and settlement class counsel, and awarding fees. Objections addressed relate to the settlement, not competing leadership appointments.",False,False,shares date+title with 3 other order(s),"2599 IN RE_ Takata Airbag Products Liability Litigation/2599, Doc. 2164, FINAL ORDER Aprv. Settle.Class .pdf",extracted
old,2606-18,2606,18,2015-05-20,RBK,DJ,False,1,0,False,False,True,False,Management,0,False,False,False,False,False,False,,Order grants plaintiffs' motion to approve appointments/proposed committee membership but does not name the attorneys; details are in Doc. No. 10.,True,False,,"2606 IN RE_ Benicar (Olmesartan) Products Liability Litigation/2606, Doc. 18,  ORDER Approving Pl_s Proposal f_Exec.Com and Steering .pdf",extracted
old,2595-14,2595,14,2015-04-16,KOB,DJ,False,0,0,True,True,True,True,LeadCounsel; Management; Communications,11,True,False,,True,True,True,,"The order states the court had appointed the listed leadership in an April 13, 2015 order and here restates/implements those appointments and duties. CHSPSC announced Daniel Warren would serve as defense lead counsel, but the order states the court does not set up a defense leadership structure, so he is not listed as a court appointee.",False,False,,"2595 IN RE_ Community Health Systems, Inc., Customer Data Security Breach Litigation/2595, Doc. 14, C.M. ORDER 2 Appointing .pdf",extracted
old,2599-2166,2599,2166,2017-11-01,FAM,DJ,False,0,0,True,True,True,False,ClassCounsel; Fees; Settlement; SettlementAdministration,6,False,True,False,False,True,False,,"Final order approving Subaru economic loss class settlement, certifying settlement class, appointing Lead Settlement Class Counsel and Settlement Class Counsel, and approving class counsel fees.",False,False,shares date+title with 3 other order(s),"2599 IN RE_ Takata Airbag Products Liability Litigation/2599, Doc. 2166, FINAL ORDER Aprv.Settle.Class .pdf",extracted
old,2606-1223,2606,1223,2019-04-04,RBK,DJ,False,0,0,True,True,True,False,Fees,9,False,False,False,False,False,False,,,False,False,,"2606 IN RE_ Benicar (Olmesartan) Products Liability Litigation/2606, Doc. 1223, C.M. ORDER Est. Com.Ben.Committee .pdf",extracted
old,2599-4856,2599,4856,2025-02-26,FAM,DJ,False,1,0,True,True,True,False,ClassCounsel,7,False,True,False,False,True,False,,,False,False,,"2599 IN RE_ Takata Airbag Products Liability Litigation/2599, Doc. 4856, ORDER granting in part class cert.pdf",extracted
old,2599-1799,2599,1799,2017-06-12,FAM,DJ,False,2,0,True,True,True,False,LeadCounsel; ClassCounsel; Settlement,6,,True,False,False,True,True,,"Order preliminarily certifies a settlement class and appoints Lead Settlement Class Counsel and Settlement Class Counsel. Non-attorney/non-lead administrative roles such as Settlement Special Administrator, Settlement Notice Administrator, Escrow Agent, and Tax Administrator are excluded from Appointments.",False,False,shares date+title with 1 other order(s),"2599 IN RE_ Takata Airbag Products Liability Litigation/2599, Doc. 1799, ORDER Certifying Settle.Class .pdf",extracted
old,2599-393,2599,393,2015-03-17,FAM,DJ,False,4,0,True,True,True,True,LeadCounsel; Management,7,False,False,True,True,False,False,,,False,False,,"2599 IN RE_ Takata Airbag Products Liability Litigation/2599, Doc. 393, ORDER Appointing Pl_s Csl .pdf",extracted
old,2599-2998,2599,2998,2018-09-05,FAM,DJ,False,1,0,True,False,True,False,LeadCounsel; ClassCounsel; Settlement,6,False,True,False,False,True,True,,"Unopposed motion for preliminary approval. Non-attorney/non-leadership settlement special administrator, notice administrator, escrow agent, and tax administrator excluded from appointments.",False,False,,"2599 IN RE_ Takata Airbag Products Liability Litigation/2599, Doc. 2998, ORDER Certifying Settle.Class .pdf",extracted
old,2599-3069,2599,3069,2018-12-20,FAM,DJ,False,0,0,True,True,True,False,ClassCounsel; Fees,6,False,True,False,False,True,False,,Final approval order overrules objections to the settlement and fee request; no objection to appointment of settlement class counsel is apparent.,False,False,,"2599 IN RE_ Takata Airbag Products Liability Litigation/2599, Doc. 3069, MOTION f_Settle.Class.Cert and Attnys_ Fees .pdf",extracted
old,2606-9,2606,9,2015-04-30,RBK,DJ,False,2,0,True,,True,True,Communications,2,True,,,,,,,,False,False,,"2606 IN RE_ Benicar (Olmesartan) Products Liability Litigation/2606, Doc. 9, C.M. ORDER 2, Appointing .pdf",extracted
old,2599-2162,2599,2162,2017-11-01,FAM,DJ,False,0,0,True,False,True,False,ClassCounsel; Fees; Settlement,6,False,True,False,False,True,False,,Peter Prieto is appointed as Lead Settlement Class Counsel; the other named attorneys are appointed as Settlement Class Counsel.,False,False,,"2599 IN RE_ Takata Airbag Products Liability Litigation/MISLABLELED BY MATT_2599, Doc. 2162, FINAL ORDER Aprv.Settle.Class .pdf",extracted
old,2613-169,2613,169,2018-02-22,BHH,DJ,False,1,0,False,False,True,False,ClassCounsel,9,False,True,False,False,True,False,,Order grants class certification in part and appoints listed firms as Class Counsel under Rule 23(g); denies EFTA actual-damages class certification and preliminarily grants EFTA statutory-damages class subject to revised class definition.,False,False,,"2613 IN RE_ TD Bank, N.A., Debit Card Overdraft Fee Litigation/2613, Doc. 169, ORDER re Class Certification.pdf",extracted
old,2627-1227,2627,1227,2017-11-30,AJT,DJ,False,0,0,False,False,True,False,LeadCounsel,2,False,False,False,False,False,False,,,False,False,,"2627 IN RE  Lumber Liquidators Chinese-Manufactured Flooring Product/2627, Doc. 1227, ORDER Granting Mot.1225 .pdf",extracted
old,2626-1257,2626,1257,2021-06-01,HES,DJ,False,0,0,False,False,True,False,ClassCounsel,3,False,True,False,False,True,False,,Final approval order certifies named firms as settlement class counsel; non-attorney claims administrator and escrow agent excluded.,False,False,,"2626 IN RE_ Disposable Contact Lens Antitrust Litigation/2626, Doc. 1257, Order Approving Final Settlement (06-01-2021).pdf",extracted
old,2615-90,2615,90,2016-03-04,KM,DJ,False,0,0,False,False,True,False,ClassCounsel; Communications,5,False,True,False,False,True,False,,Order states it granted plaintiffs' unopposed motion for appointment of interim class counsel.,False,False,,"2615 IN RE_ Michaels Stores, Inc., Fair Credit Reporting Act (FCRA) Litigation/2615, Doc. 90, ORDER Appointing  .pdf",extracted
old,2624-153,2624,153,2016-10-27,RMW,DJ,False,1,0,False,False,True,False,ClassCounsel,3,False,True,False,False,True,False,,,False,False,,"2624 IN RE_ Lenovo Adware Litigation/2624, Doc. 153, ORDER Granting in Part_Denying in Part Mot.131 .pdf",extracted
old,2624-44,2624,44,2015-07-27,RMW,DJ,True,1,0,True,True,True,False,LeadCounsel,7,False,True,False,False,True,False,,Four competing motions sought appointment as interim lead counsel; the court selected the Sterling movants.,False,False,,"2624 IN RE_ Lenovo Adware Litigation/2624, Doc. 44, ORDER Appointing.pdf",extracted
old,2627-1382,2627,1382,2018-04-06,AJT,DJ,True,0,0,True,True,True,False,LeadCounsel,2,False,False,False,False,False,False,,"Order notes memoranda in support of and in opposition to the motion, and arguments of counsel.",False,False,,"2627 IN RE  Lumber Liquidators Chinese-Manufactured Flooring Product/2627, Doc. 1382, ORDER Appointing .pdf",extracted
old,2626-1224,2626,1224,2020-11-13,HES,DJ,False,0,0,True,True,True,False,LeadCounsel; ClassCounsel,3,False,True,False,False,True,False,,,False,False,,"2626 IN RE_ Disposable Contact Lens Antitrust Litigation/2626, Doc. 1224, Order Appointing Lead Counsel for Settlement (11-13-2020).pdf",extracted
old,2626-940,2626,940,2018-12-04,HES,DJ,False,0,0,False,False,True,False,ClassCounsel,3,False,True,False,False,True,False,,"Order grants class certification and states Hausfeld LLP, Robins Kaplan LLP, and Scott + Scott LLP remain appointed as class counsel.",False,False,,"2626 IN RE_ Disposable Contact Lens Antitrust Litigation/2626, Doc. 940, ORDER CErtifying Class Mot.396 .pdf",extracted
old,2626-1362,2626,1362,2022-10-12,HES,DJ,False,0,0,True,True,True,False,LeadCounsel; ClassCounsel,3,False,True,,False,True,False,,"Final approval order certifies/designates settlement class counsel. Claims Administrator, Escrow Agent, and class representatives are not included as attorney/law-firm leadership appointees.",False,False,,"2626 IN RE_ Disposable Contact Lens Antitrust Litigation/2626, Doc. 1362, Order Approving Final Settlement (10-12-2022).pdf",extracted
old,2633-35,2633,35,2015-08-07,SI,DJ,False,2,0,True,False,True,False,LeadCounsel; Communications,7,False,False,False,False,True,False,,,False,False,,"2633 IN RE_ Premera Blue Cross Customer Data Security Breach Litigation/2633, Doc. 35, P.T. ORDER 2 Appointing .pdf",extracted
old,2645-126,2645,126,2018-03-02,WHP,DJ,False,0,0,False,False,True,False,ClassCounsel,3,False,False,False,False,False,False,,Order renews existing Co-Lead Interim Class Counsel appointment; no new organizational unit created.,False,False,,"2645 IN RE_ Kind LLC _All Natural_ Litigation/2645, Doc. 126, ORDER Renewing Interim Class.pdf",extracted
old,2627-457,2627,457,2015-08-05,AJT,DJ,True,0,0,False,False,True,True,LeadCounsel,5,False,False,False,False,False,False,,"Order states applications, nominations, and objections were filed regarding the appointments. Appointment of a Plaintiffs' Steering Committee was deferred.",False,False,,"2627 IN RE  Lumber Liquidators Chinese-Manufactured Flooring Product/2627, Doc. 457, P.T. ORDER 2 Appointing D_Pl_s Co-Lead and Steering .pdf",extracted
old,2627-1524,2627,1524,2018-06-15,AJT,DJ,False,1,0,True,False,True,False,ClassCounsel,6,False,True,False,False,True,False,,,False,False,,"2627 IN RE  Lumber Liquidators Chinese-Manufactured Flooring Product/2627, Doc. 1524, ORDER Appointing Class Rep..pdf",extracted
old,2613-233,2613,233,2020-01-09,BHH,DJ,False,1,0,True,True,True,False,ClassCounsel; Fees; Settlement,2,False,True,False,False,True,False,,"Final approval order appoints E. Adam Webb and Richard D. McCune as Settlement Class Counsel; prior co-lead, executive committee, and liaison counsel appointments are recited only as background.",False,False,,"2613 IN RE_ TD Bank, N.A., Debit Card Overdraft Fee Litigation/2613, Doc. 233, Final ORDER Awarding Attnys_ Fees .pdf",extracted
old,2645-3,2645,3,2015-08-24,WHP,DJ,False,1,0,True,False,True,False,Communications,1,False,False,False,False,False,True,,,False,False,,"2645 IN RE_ Kind LLC _All Natural_ Litigation/2645, Doc. 3, C.M. ORDER 1.pdf",extracted
old,2633-43,2633,43,2015-10-06,SI,DJ,False,1,0,True,True,True,False,LeadCounsel; Management; Communications,10,False,False,True,True,True,False,,,False,False,,"2633 IN RE_ Premera Blue Cross Customer Data Security Breach Litigation/2633, Doc. 43, -Premera Blue Cross 1.pdf",extracted
old,2656-202,2656,202,2018-01-19,CKK,DJ,False,0,0,False,False,True,False,LeadCounsel; ClassCounsel,2,False,False,False,False,False,False,,,False,False,,"2656 IN RE_ Domestic Airline Travel Antitrust Litigation/2656, Doc. 202, ORDER Granting Motion 199.pdf",extracted
old,2656-151,2656,151,2017-01-26,CKK,DJ,False,0,0,False,False,True,False,ClassCounsel; Management,5,False,False,False,False,False,False,,Order extends prior designations until 45 days after resolution of class certification issue.,False,False,,"2656 IN RE_ Domestic Airline Travel Antitrust Litigation/2656, Doc. 151, ORDER Extending Appointment.pdf",extracted
old,2626-841,2626,841,2018-07-10,HES,DJ,False,1,0,True,True,True,False,ClassCounsel,3,False,True,False,False,True,False,,,False,False,,"2626 IN RE_ Disposable Contact Lens Antitrust Litigation/2626, Doc. 841, ORDER Appointing Settlement Class Cls .pdf",extracted
old,2626-1343,2626,1343,2022-05-09,HES,DJ,False,0,0,True,True,True,False,LeadCounsel; ClassCounsel,3,False,True,False,False,True,False,,"Order preliminarily approves settlements, notice plan, and settlement classes; it recounts the prior appointment of the listed firms as Lead Counsel/class counsel in ECF No. 940.",False,False,,"2626 IN RE_ Disposable Contact Lens Antitrust Litigation/2626, Doc. 1343, Order Appointing Lead Counsel for Settlement (05-09-2022).pdf",extracted
old,2642-112,2642,112,2016-03-17,JRT,DJ,False,4,0,True,True,True,False,LeadCounsel; Management; Communications,15,False,False,True,True,False,False,,,False,False,,"2642 IN RE_ Fluoroquinolone Products Liability Litigation/2642, Doc. 112, P.T. ORDER 4, Appointing Leadership .pdf",extracted
old,2645-95,2645,95,2016-12-30,WHP,DJ,False,0,0,True,,True,False,LeadCounsel; ClassCounsel,3,False,False,,,False,False,,Order renews and continues prior appointment of Co-Lead Interim Class Counsel for another year.,False,False,,"2645 IN RE_ Kind LLC _All Natural_ Litigation/2645, Doc. 95, ORDER Renewing Appointment of Interim Class Csl .pdf",extracted
old,2657-1486,2657,1486,2019-05-09,FDS,DJ,False,0,0,False,False,True,False,Management,2,False,False,False,False,False,False,,Order amends MDL Order No. 8 to remove Jeffrey Gibson and add Edward B. Mulligan V to the Plaintiffs’ Steering Committee.,False,False,,"2657 IN RE_ Zofran (Ondansetron) Products Liability Litigation/2657, Doc. 1486, ORDER Substituting Csl on Steering Com.pdf",extracted
old,2656-198,2656,198,2018-01-04,CKK,DJ,False,0,0,False,False,True,False,ClassCounsel; Management,5,False,False,False,False,False,False,,Order extends/continues prior appointments absent any objection or changed circumstances.,False,False,,"2656 IN RE_ Domestic Airline Travel Antitrust Litigation/2656, Doc. 198, ORDER re Extension of Appointments .pdf",extracted
old,2645-216,2645,216,2021-03-24,WHP,DJ,False,1,0,False,False,True,False,ClassCounsel,3,False,True,False,False,True,False,,,False,False,,"2645 IN RE_ Kind LLC _All Natural_ Litigation/2645, Doc. 216, ORDER Granting in Part Motion to Certify Class and Appointing Lead Counsel.pdf",extracted
old,2666-2263,2666,2263,2022-12-28,JNE,DJ,False,0,0,False,False,False,True,LeadCounsel,2,False,False,False,False,False,False,,,False,False,,"2666 IN RE_ Bair Hugger Forced Air Warming Devices Products Liability Litigation/2666, Doc. 2263, Appt_g Ds co-lead counsel.pdf",extracted
old,2657-630,2657,630,2017-03-15,FDS,DJ,False,0,0,False,False,,,Communications,3,False,False,False,False,False,False,,,False,False,,"2657 IN RE_ Zofran (Ondansetron) Products Liability Litigation/2657, Doc. 630, ORDER Appointing Liaison .pdf",extracted
old,2645-41,2645,41,2015-11-13,WHP,DJ,True,1,0,True,True,True,False,LeadCounsel; ClassCounsel,3,True,True,,True,True,False,,Two competing groups sought appointment as co-lead interim class counsel; the Court appointed the FBFG/Adhoot & Wolfson/Pearson Simon & Warshaw group for a one-year term.,False,False,,"2645 IN RE_ Kind LLC _All Natural_ Litigation/2645, Doc. 41, C.M. ORDER 3, Appointing Interim Class Csl  .pdf",extracted
old,2667-102,2667,102,2017-01-31,RLM,DJ,False,0,0,True,,True,False,LeadCounsel; ClassCounsel,1,True,,,,,,,"Order extends Irwin Levin's appointment as lead counsel/interim class counsel for 60 days, through April 4, 2017.",False,False,,"2667 IN RE_ Medical Informatics Engineering, Inc., Customer Data Security Breach Litigation/2667, Doc. 102, ORDER Extending Appointment .pdf",extracted
old,2626-116,2626,116,2015-10-07,HES,DJ,True,4,0,True,True,True,False,LeadCounsel; Communications; Trial,8,False,True,True,False,True,True,Antitrust,"Order resolved competing leadership applications/motions, including applications by Hausfeld, Scott + Scott, and Robins Kaplan and by Hagens Berman and Cohen Milstein.",False,False,,"2626 IN RE_ Disposable Contact Lens Antitrust Litigation/2626, Doc. 116, ORDER Appointing .pdf",extracted
old,2641-4016,2641,4016,2016-11-16,DGC,DJ,False,0,0,True,True,True,False,LeadCounsel; Communications; Coordination; Management,25,False,False,True,True,False,False,,,False,False,,"2641 IN RE_ Bard IVC Filters Products Liability Litigation/2641, Doc. 4016, Amended C.M. ORDER 1 .pdf",extracted
old,2667-116,2667,116,2017-03-29,RLM,DJ,False,0,0,True,False,True,False,LeadCounsel; ClassCounsel,1,False,False,False,True,False,False,,Order reappoints Irwin B. Levin as plaintiffs' Lead Counsel and Interim Class Counsel for one year.,False,False,,"2667 IN RE_ Medical Informatics Engineering, Inc., Customer Data Security Breach Litigation/2667, Doc. 116, ORDER Reappointing.pdf",extracted
old,2667-135,2667,135,2018-04-23,RLM,DJ,False,0,0,False,False,True,False,LeadCounsel; ClassCounsel,1,False,False,False,True,False,False,,,False,False,,"2667 IN RE_ Medical Informatics Engineering, Inc., Customer Data Security Breach Litigation/2667, Doc. 135, ORDER Reappointing Lead_Interim.pdf",extracted
old,2667-133,2667,133,2018-03-28,RLM,DJ,False,0,0,False,False,True,False,LeadCounsel; ClassCounsel,1,True,False,False,False,False,False,,,False,False,,"2667 IN RE_ Medical Informatics Engineering, Inc., Customer Data Security Breach Litigation/2667, Doc. 133, ORDER Extending Appointment.pdf",extracted
old,2633-43,2633,43,2015-10-06,SI,DJ,False,1,0,True,True,True,False,LeadCounsel; Management; Communications,10,False,False,False,True,True,False,,Order restates prior interim lead and liaison counsel appointments and lists the Plaintiffs' Executive Leadership Committee; it defines leadership responsibilities and restricts generic discovery or common action absent Lead Counsel direction or permission.,False,False,,"2633 IN RE_ Premera Blue Cross Customer Data Security Breach Litigation/2633, Doc. 43, PROPOSED ORDER, Leadership Structure & Resp.pdf",extracted
old,2670-1021,2670,1021,2018-05-24,JLS,DJ,False,0,0,False,False,True,False,Management,1,False,False,False,False,False,False,,,False,False,,"2670 IN RE_ Packaged Seafood Products Antitrust Litigation/2670, Doc. 1021, ORDER Granting 1008.pdf",extracted
old,2641-248,2641,248,2015-10-30,DGC,DJ,False,3,0,True,True,True,False,LeadCounsel; Communications; Management; Coordination; Discovery; Motions; Settlement,24,False,False,True,True,False,False,,,False,False,,"2641 IN RE_ Bard IVC Filters Products Liability Litigation/2641, Doc. 248, C.M. ORDER 1 Appointing .pdf",extracted
old,2657-115,2657,115,2015-12-17,FDS,DJ,False,1,0,True,True,True,False,Management,14,False,False,True,True,False,False,,"Order appoints members to the Plaintiffs’ Steering Committee. It also notes that Lead Counsel designated Edward Blizzard, Russell Budd, Wendy Fleishman, and Walter Kelley as members of a de facto Executive Committee.",False,False,,"2657 IN RE_ Zofran (Ondansetron) Products Liability Litigation/2657, Doc. 115, MDL ORDER 8 Appointing Steering .pdf",extracted
old,2656-76,2656,76,2016-02-04,CKK,DJ,True,2,0,,,True,False,LeadCounsel; ClassCounsel; Management,5,False,False,,,False,False,,Order describes four competing motions/proposals for Plaintiffs' Interim Class Counsel or Co-Counsel.,False,False,,"2656 IN RE_ Domestic Airline Travel Antitrust Litigation/2656, Doc. 76, ORDER Appointing Pl_s Interim Class Csl .pdf",extracted
old,2657-28,2657,28,2015-11-18,FDS,DJ,False,3,0,True,True,True,False,LeadCounsel; Communications; Management,5,False,False,False,True,False,False,,,False,False,,"2657 IN RE_ Zofran (Ondansetron) Products Liability Litigation/2657, Doc. 28, MDL ORDER 3 Appointing Lead & Desig. Duties .pdf",extracted
old,2666-21,2666,21,2016-02-23,JNE,DJ,False,5,0,True,True,True,True,LeadCounsel; Management; Communications,22,False,False,,,False,False,,,False,False,,"2666 IN RE_ Bair Hugger Forced Air Warming Devices Products Liability Litigation/2666, Doc. 21, ORDER re Appointment & Leadership  .pdf",extracted
old,2667-59,2667,59,2016-02-11,RLM,DJ,True,1,0,False,False,True,False,LeadCounsel,1,False,False,False,False,False,False,,"Order grants Irwin B. Levin's motion for plaintiffs' sole lead counsel and denies competing motions for co-lead counsel or positions on a plaintiff's steering committee without prejudice. The order references Doc. No. 55 as appointing sole lead counsel and interim class counsel, but this order's operative appointment names Levin as sole lead counsel.",False,False,,"2667 IN RE_ Medical Informatics Engineering, Inc., Customer Data Security Breach Litigation/2667, Doc. 59, ORDER Appointing .pdf",extracted
old,2664-58,2664,58,2016-01-28,ABJ,DJ,False,0,0,False,False,True,False,LeadCounsel; ClassCounsel; Communications; Management,5,False,False,False,False,False,False,,Order also requires all counsel to keep daily time and expense records.,False,False,,"2664 IN RE_ U.S. Office of Personnel Management Data Security Breach Litigation/2664, Doc. 58, ORDER Appointing Leadership, Setting Time Reporting .pdf",extracted
old,2669-354,2669,354,2017-07-21,JAR,DJ,False,1,0,True,True,True,False,ClassCounsel; SettlementAdministration,3,False,True,False,False,True,False,,"Order grants preliminary approval of class settlement, certifies a settlement class, and appoints three law firms as Class Settlement Counsel/Class Counsel. Angeion Group is approved as Settlement Administrator but excluded from Appointments as a non-legal settlement administrator.",False,False,,"2669 IN RE_ Ashley Madison Customer Data Security Breach Litigation/2669, Doc. 354, ORDER prelim approval of stlmt.pdf",extracted
old,2670-2735,2670,2735,2022-01-26,DMS,DJ,False,1,0,True,True,True,False,ClassCounsel,1,False,True,False,False,True,False,Antitrust,,False,False,shares date+title with 2 other order(s),"2670 IN RE_ Packaged Seafood Products Antitrust Litigation/2670, Doc. 2735, Order Appointing Lead Counsel for Settlement (01-26-2022).pdf",extracted
old,2670-2734,2670,2734,2022-01-26,DMS,DJ,False,0,0,False,False,True,False,ClassCounsel,1,False,True,False,False,True,False,,JND was appointed as Claims Administrator but is excluded because claims/settlement administrators are not attorney leadership appointees.,False,False,shares date+title with 2 other order(s),"2670 IN RE_ Packaged Seafood Products Antitrust Litigation/2670, Doc. 2734, Order Appointing Lead Counsel for Settlement (01-26-2022).pdf",extracted
old,2672-1327,2672,1327,2016-03-04,CRB,DJ,False,0,0,True,False,True,False,Coordination,2,False,False,False,False,False,,,,False,False,,"2672 IN RE_ Volkswagen _Clean Diesel_ Marketing, Sales Practices, and Products Liability Litigation/2672, Doc. 1327, ORDER Appointing Pl State Ct. Liaison.pdf",extracted
old,2670-3011,2670,3011,2023-03-07,DMS,DJ,False,0,0,False,False,True,False,ClassCounsel; Settlement,1,False,True,False,False,True,False,,,False,False,,"2670 IN RE_ Packaged Seafood Products Antitrust Litigation/2670, Doc. 3011, Order Approving Final Settlement (03-07-2023).pdf",extracted
old,2667-55,2667,55,2016-02-04,RLM,DJ,True,2,0,True,True,True,False,LeadCounsel; ClassCounsel,1,False,True,True,True,True,False,,The order states that three attorneys applied for lead counsel and appoints Irwin B. Levin as lead counsel and interim class counsel for a one-year term.,False,False,,"2667 IN RE_ Medical Informatics Engineering, Inc., Customer Data Security Breach Litigation/2667, Doc. 55, ORDER Appointing Lead_Interim Class  .pdf",extracted
old,2656-203,2656,203,2018-01-19,CKK,DJ,False,0,0,False,False,True,False,LeadCounsel; ClassCounsel; Management,6,False,False,False,False,False,False,,Order extends prior appointment of Plaintiffs' Interim Class Counsel and notes substitution of Adam J. Zapala for Steven N. Williams.,False,False,,"2656 IN RE_ Domestic Airline Travel Antitrust Litigation/2656, Doc. 203, ORDER Extending Appointments.pdf",extracted
old,2664-8,2664,8,2015-11-10,ABJ,DJ,False,2,0,True,True,True,True,Communications,4,False,False,True,True,True,True,,,False,False,,"2664 IN RE_ U.S. Office of Personnel Management Data Security Breach Litigation/2664, Doc. 8, ORDER Initial Practice_Procedure .pdf",extracted
old,2670-1931,2670,1931,2019-07-30,JLS,DJ,False,3,0,True,True,True,False,ClassCounsel,3,False,True,False,False,True,False,,,False,False,,"2670 IN RE_ Packaged Seafood Products Antitrust Litigation/2670, Doc. 1931, ORDER Granting Class Cert .pdf",extracted
old,2667-11,2667,11,2015-12-17,RLM,DJ,False,1,0,True,True,True,False,LeadCounsel,4,True,False,,True,True,True,,,False,False,,"2667 IN RE_ Medical Informatics Engineering, Inc., Customer Data Security Breach Litigation/2667, Doc. 11, ORDER Practice & Procedure  .pdf",extracted
old,2672-2023,2672,2023,2016-10-11,CRB,DJ,True,0,0,True,,True,False,LeadCounsel,1,False,False,,,True,False,,Competing motions by BRS and PRGERS for appointment as Lead Plaintiff and Lead Counsel. PRGERS appointed Lead Plaintiff but excluded from Appointments because it is not an attorney or law firm.,False,False,,"2672 IN RE_ Volkswagen _Clean Diesel_ Marketing, Sales Practices, and Products Liability Litigation/2672, Doc. 2023, ORDER Appointing Lead PL & Lead Csl.pdf",extracted
old,2669-87,2669,87,2016-02-05,JAR,DJ,True,5,0,True,True,True,True,LeadCounsel; Management; Communications,10,False,False,False,True,False,True,,Plaintiffs were not in agreement on leadership; multiple motions to appoint counsel were denied while the Dowd-Driscoll-Harrison/Dowd-Driscoll-Garrison group motion was granted in part.,False,False,,"2669 IN RE_ Ashley Madison Customer Data Security Breach Litigation/2669, Doc. 87, ORDER Appointing .pdf",extracted
old,2672-2077,2672,2077,2016-10-18,CRB,DJ,False,1,0,True,False,True,False,ClassCounsel,2,False,True,False,False,True,True,,,False,False,,"2672 IN RE_ Volkswagen _Clean Diesel_ Marketing, Sales Practices, and Products Liability Litigation/2672, Doc. 2077, ORDER Granting Prelim Aproval & Appointing Settlement Class Csl.pdf",extracted
old,2673-198,2673,198,2017-09-13,PGG,DJ,False,0,0,False,False,True,False,Management,3,False,False,False,False,False,False,,The order states that no oppositions were filed to lead counsel's recommendation.,False,False,,"2673 IN RE_ Treasury Securities Auction Antitrust Litigation/2673, Doc. 198, Order Appointing Plaintiff Leadership (09-13-2017).pdf",extracted
old,2670-2733,2670,2733,2022-01-26,DMS,DJ,False,0,0,True,True,True,False,ClassCounsel; Settlement,1,False,True,False,False,True,False,,Order preliminarily approves settlement and appoints Hausfeld LLP as Class Counsel for settlement purposes; class representatives and non-attorney administrators are excluded from Appointments.,False,False,shares date+title with 2 other order(s),"2670 IN RE_ Packaged Seafood Products Antitrust Litigation/2670, Doc. 2733, Order Appointing Lead Counsel for Settlement (01-26-2022).pdf",extracted
old,2672-8088,2672,8088,2022-11-09,CRB,DJ,False,0,0,False,False,True,False,ClassCounsel,0,False,True,False,False,True,False,,"Order grants final approval of class settlement and confirms Lead Counsel as Settlement Class Counsel, but does not name the counsel in the order text. JND is appointed as Claims and Notice Administrator but is excluded as a non-legal administrator.",True,False,,"2672 IN RE_ Volkswagen _Clean Diesel_ Marketing, Sales Practices, and Products Liability Litigation/2672, Doc. 8088, ORDER, Granting Final App_l of Class Settl_t.pdf",extracted
old,2672-545,2672,545,2016-01-05,CRB,DJ,False,1,0,True,True,True,False,LeadCounsel,1,False,False,False,False,True,False,,,False,True,,"2672 IN RE_ Volkswagen _Clean Diesel_ Marketing, Sales Practices, and Products Liability Litigation/2672, Doc. 545, P.T. ORDER 4, Appointing Lead Pl in Securities Actions .pdf",extracted
old,2673-70,2673,70,2016-08-22,PGG,DJ,False,0,0,True,False,True,True,LeadCounsel; Management; Communications,3,True,False,False,False,False,False,,,False,False,,"2673 IN RE_ Treasury Securities Auction Antitrust Litigation/2673, Doc. 70, ORDER Scheduling App Submissions.pdf",extracted
old,2670-119,2670,119,2016-03-24,JLS,DJ,True,6,0,True,True,True,False,LeadCounsel; Management; Communications,11,False,True,True,True,True,True,Antitrust,Order grants some leadership motions and denies competing motions for DPP and EPP leadership.,False,False,,"2670 IN RE_ Packaged Seafood Products Antitrust Litigation/2670, Doc. 119, ORDER Appointing Lead .pdf",extracted
old,2687-162,2687,162,2016-05-10,JLL,DJ,False,0,0,,,True,False,Management,1,False,,,,,,,"Adds Stephen R. Neuwirth as a member of the pre-existing Plaintiffs' Steering Committee, subject to the prior Appointment Order.",False,False,,"2687 IN RE_ Liquid Aluminum Sulfate Antitrust Litigation/2687, Doc. 162, ORDER Appointing to Steering.pdf",extracted
old,2672-5077,2672,5077,2018-06-07,CRB,DJ,False,1,0,True,True,True,False,LeadCounsel,4,False,True,False,True,True,False,,,False,True,,"2672 IN RE_ Volkswagen _Clean Diesel_ Marketing, Sales Practices, and Products Liability Litigation/2672, Doc. 5077, ORDER Appointing Lead Csl.pdf",extracted
old,2673-186,2673,186,2017-08-23,PGG,DJ,True,0,0,False,False,True,True,LeadCounsel; Communications,6,True,True,False,False,True,False,,The order states that numerous competing motions sought appointment as interim lead counsel; it grants the Quinn-Cohen-Labaton group's motions and denies other movants' motions.,False,False,,"2673 IN RE_ Treasury Securities Auction Antitrust Litigation/2673, Doc. 186, ORDER Appoint_ Interim Co-Lead .pdf",extracted
old,2672-1698,2672,1698,2016-07-29,CRB,DJ,False,1,0,True,True,True,False,ClassCounsel,1,False,True,False,False,True,True,,"The order appoints Elizabeth J. Cabraser and the 21 PSC members listed in Pretrial Order No. 7 as Settlement Class Counsel, but the 21 PSC members are incorporated by reference and not individually named in this order. Kinsella Media, LLC and Ankura Consulting Group, LLC are excluded because they are appointed as non-attorney notice/claims administration professionals.",True,False,,"2672 IN RE_ Volkswagen _Clean Diesel_ Marketing, Sales Practices, and Products Liability Litigation/2672, Doc. 1698, ORDER Appointing Settlement Class Csl .pdf",extracted
old,2672-7997,2672,7997,2022-07-08,CRB,DJ,False,1,0,True,False,True,False,ClassCounsel,0,False,True,False,False,True,False,,"Order appoints Plaintiffs' Lead Counsel, previously appointed in Pretrial Order No. 7, as Interim Settlement Class Counsel, but does not name the appointees in this text.",True,False,,"2672 IN RE_ Volkswagen _Clean Diesel_ Marketing, Sales Practices, and Products Liability Litigation/2672, Doc. 7997, ORDER, Prelim App_l of Class Settl_t.pdf",extracted
old,2672-6285,2672,6285,2019-05-10,CRB,DJ,False,0,0,True,,True,False,ClassCounsel; LeadCounsel; Fees; Settlement,1,False,True,False,False,True,False,,"Final approval and fee order; Epiq Class Action & Claims Solutions, Inc. is excluded because it is a claims administrator, not an attorney/law firm. Class representatives are excluded because they are not attorney leadership appointees.",False,False,,"2672 IN RE_ Volkswagen _Clean Diesel_ Marketing, Sales Practices, and Products Liability Litigation/2672, Doc. 6285, ORDER Granting Attnys_ Fee.pdf",extracted
old,2695-247,2695,247,2019-06-24,JB,DJ,False,0,0,False,False,True,False,Communications,3,False,False,False,False,False,False,,,False,False,,"2695 IN RE_ Santa Fe Natural Tobacco Company Marketing and Sales Practices Litigation/2695, Doc. 247, ORDER Substituting Counsel.pdf",extracted
old,2672-1084,2672,1084,2016-01-21,CRB,DJ,True,4,0,True,True,True,True,LeadCounsel; Management; Communications,23,True,False,,True,False,False,,,False,False,,"2672 IN RE_ Volkswagen _Clean Diesel_ Marketing, Sales Practices, and Products Liability Litigation/2672, Doc. 1084, P.T. ORDER 7 Appointing Lead, Steering & Gov. Coord. Csl  .pdf",extracted
old,2695-205,2695,205,2018-08-31,JB,DJ,False,0,0,False,False,True,False,LeadCounsel,1,False,False,False,False,True,True,,"The order grants Mr. Yanchunis' request to withdraw as plaintiffs' co-lead counsel, but denies without prejudice his request to withdraw from the proceeding entirely.",False,False,,"2695 IN RE_ Santa Fe Natural Tobacco Company Marketing and Sales Practices Litigation/2695, Doc. 205, ORDER Removing Co-Lead Counsel.pdf",extracted
old,2705-110,2705,110,2016-09-16,GF,DJ,True,2,0,False,False,True,False,LeadCounsel; Management,12,False,False,False,False,False,False,,"Two competing plaintiff groups sought leadership positions; the order grants Majority Plaintiffs' motion and denies Moschetta Group's application, but does not name the appointees.",False,True,,"2705 IN RE_ 100_ Grated Parmesan Cheese Marketing and Sales Practices Litigation/2705, Doc. 110, C.M. ORDER 2 Denying App_ Leadership Pos..pdf",motion-read
old,2691-72,2691,72,2016-06-15,RS,DJ,False,5,0,True,True,True,False,LeadCounsel; Communications; Management; Coordination,14,False,False,False,True,False,False,,,False,False,,"2691 IN RE_ Viagra (Sildenafil Citrate) and Cialis (Tadalafil) Products Liability Litigation/2691, Doc. 72, ORDER 2 Appointing Leadership Struct.pdf",extracted
old,2693-85,2693,85,2016-06-08,JLS,DJ,True,3,0,True,True,True,True,LeadCounsel; Management; Communications,7,False,False,,True,True,False,,The order states that the Court considered numerous applications and was impressed by the quality of applicants for the plaintiffs' leadership positions; it also notes no objections were raised to Defendants' Liaison Counsel.,False,False,,"2693 IN RE_ Vizio, Inc., Consumer Privacy Litigation/2693, Doc. 85, ORDER re Organizatino & Appointment.pdf",extracted
old,2687-1410,2687,1410,2019-11-07,MCA,DJ,False,1,0,True,True,True,False,ClassCounsel; Fees; SettlementAdministration,2,False,True,False,False,True,False,Antitrust,,False,False,,"2687 IN RE_ Liquid Aluminum Sulfate Antitrust Litigation/2687, Doc. 1410, ORDER Granting Attnys_ Fees.pdf",extracted
old,2724-1009,2724,1009,2019-05-29,CMR,DJ,True,0,0,True,True,True,False,Communications,1,False,False,False,False,False,False,,Order appoints Direct Action Plaintiffs' liaison counsel after consideration of applications and Special Master report and recommendation.,False,False,,"2724 IN RE_ Generic Pharmaceuticals Pricing Antitrust Litigation/2724, Doc. 1009, P.T. ORDER 89 Appointing Liaison Csl.pdf",extracted
old,2687-211,2687,211,2016-07-06,JAD,MJ,False,2,0,True,True,True,False,LeadCounsel; Communications,3,False,False,True,False,False,False,,,False,False,,"2687 IN RE_ Liquid Aluminum Sulfate Antitrust Litigation/2687, Doc. 211, ORDER Appointing Interim Lead & Liaison .pdf",extracted
old,2724-160,2724,160,2017-03-20,CMR,DJ,False,0,0,False,False,True,False,Management,4,False,False,False,False,False,False,,Pretrial Order No. 9 amends the existing Plaintiffs' Steering Committee; no new organizational unit is created.,False,False,,"2724 IN RE_ Generic Pharmaceuticals Pricing Antitrust Litigation/2724, Doc. 160, P.T. ORDER 9 Changing Steering.pdf",extracted
old,2693-297,2693,297,2019-01-04,JLS,DJ,False,1,0,False,False,True,False,ClassCounsel,4,False,True,False,False,True,True,,The order grants an unopposed motion for preliminary approval of a class action settlement and appoints named attorneys as Class Counsel. Non-attorney Settlement Administrator and cy pres recipients excluded from Appointments.,False,True,,"2693 IN RE_ Vizio, Inc., Consumer Privacy Litigation/2693, Doc. 297, ORDER Prelim Class Settle Appointing Class Repres.pdf",extracted
old,2724-1385,2724,1385,2020-05-14,CMR,DJ,False,0,0,True,True,False,True,Communications,7,False,False,False,False,False,False,,,False,False,,"2724 IN RE_ Generic Pharmaceuticals Pricing Antitrust Litigation/2724, Doc. 1385, P.T. ORDER 125 Amending P.T.O 22.pdf",extracted
old,2724-37,2724,37,2016-09-08,CMR,DJ,False,0,0,True,True,False,True,Communications,1,False,False,,,False,False,,,False,False,,"2724 IN RE_ Generic Pharmaceuticals Pricing Antitrust Litigation/2724, Doc. 37, P.T. ORDER Appointing D_s Liaison.pdf",extracted
old,2705-111,2705,111,2016-09-16,GF,DJ,False,2,0,True,True,True,False,LeadCounsel; Management,12,False,False,True,True,True,False,,,False,False,,"2705 IN RE_ 100_ Grated Parmesan Cheese Marketing and Sales Practices Litigation/2705, Doc. 111, ORDER Appointing .pdf",extracted
old,2724-36,2724,36,2016-09-08,CMR,DJ,False,0,0,True,True,True,False,Communications,2,False,False,,False,False,False,,,False,False,,"2724 IN RE_ Generic Pharmaceuticals Pricing Antitrust Litigation/2724, Doc. 36, P.T. ORDER 2 Appointing_ PL Liaison.pdf",extracted
old,2695-24,2695,24,2016-05-24,JB,DJ,False,4,0,True,True,True,False,LeadCounsel; Management; Communications,17,True,False,False,False,True,True,,,False,False,,"2695 IN RE_ Santa Fe Natural Tobacco Company Marketing and Sales Practices Litigation/2695, Doc. 24, ORDER Appointing Pl_s Leadership Struct.pdf",extracted
old,2724-556,2724,556,2018-01-25,CMR,DJ,False,0,0,False,False,True,False,Management,2,False,False,False,False,False,False,,Order grants unopposed motion to replace a member of the End-Payer Plaintiffs' Steering Committee; amends Pretrial Order No. 21.,False,False,,"2724 IN RE_ Generic Pharmaceuticals Pricing Antitrust Litigation/2724, Doc. 556, P.T. ORDER Appointing_ Steering.pdf",extracted
old,2724-343,2724,343,2017-05-19,CMR,DJ,False,0,0,True,True,False,True,Communications,5,False,False,,False,False,False,,Pretrial Order No. 22 supersedes Pretrial Order No. 3 and appoints Defense Liaison Counsel.,False,False,,"2724 IN RE_ Generic Pharmaceuticals Pricing Antitrust Litigation/2724, Doc. 343, P.T. ORDER 22, D Liaison Csl.pdf",extracted
old,2704-99,2704,99,2016-08-03,PAE,DJ,True,2,0,True,True,True,True,LeadCounsel; Communications,6,True,True,,True,True,True,,"The order reflects competing leadership applications from multiple plaintiffs' firms; it grants Quinn Emanuel and Cohen Milstein's motion and denies other motions for interim co-lead counsel or a formal plaintiffs' committee. Hagens Berman, Kellogg Huber, and Susman Godfrey are pre-approved only for possible delegated support work and are not vested with responsibilities at this time.",False,False,,"2704 IN RE_ Interest Rate Swaps Antitrust Litigation/2704, Doc. 99, ORDER 4 re Appoint_ Co-Lead, Structure, & D_s Liaison Csl.pdf",extracted
old,2724-505,2724,505,2017-09-26,CMR,DJ,False,0,0,True,True,True,False,Communications,1,False,False,False,False,False,False,,,False,False,,"2724 IN RE_ Generic Pharmaceuticals Pricing Antitrust Litigation/2724, Doc. 505, P.T. ORDER 36,Appointing State Liaison.pdf",extracted
old,2704-11,2704,11,2016-06-10,PAE,DJ,False,2,0,True,True,True,True,LeadCounsel; Communications,2,False,False,False,False,False,True,Antitrust,Order designates temporary Plaintiffs' Counsel and temporary Defendants' Counsel solely to facilitate submissions before the initial conference; it requests views on future lead and liaison counsel structure and selection process.,False,False,,"2704 IN RE_ Interest Rate Swaps Antitrust Litigation/2704, Doc. 11, ORDER 1.pdf",extracted
old,2687-139,2687,139,2016-04-08,JLL,DJ,False,3,0,True,True,True,False,Management; LeadCounsel; Communications,12,False,False,True,True,False,False,,Amended order appointing plaintiffs' leadership positions; prior order announced intent to appoint a Plaintiffs' Steering Committee.,False,False,,"2687 IN RE_ Liquid Aluminum Sulfate Antitrust Litigation/2687, Doc. 139, Amended ORDER Appointing Pl Leadership.pdf",extracted
old,2677-174,2677,174,2016-03-31,GAO,DJ,True,0,0,True,True,True,False,LeadCounsel; Communications; Management; ClassCounsel,13,False,True,False,True,True,False,,Order grants the Weld Slate's motion for appointment as class counsel and denies an alternative slate's motion and two individual applications.,False,False,,"2677 IN RE_ Daily Fantasy Sports Litigation/2677, Doc. 174, Proced. ORDER 3 Appoint_ Co-Lead, Liaison & Exec. Com.pdf",extracted
old,2724-933,2724,933,2019-04-08,CMR,DJ,False,0,0,,False,True,False,Management,4,True,False,False,False,False,False,,Motion for substitution of counsel was unopposed; order also invites future applications for membership or leadership of the Indirect Reseller Plaintiffs’ Steering Committee.,False,False,,"2724 IN RE_ Generic Pharmaceuticals Pricing Antitrust Litigation/2724, Doc. 933, P.T. ORDER 84 Changes to Steering.pdf",extracted
old,2724-2274,2724,2274,2022-11-10,CMR,DJ,False,0,0,False,False,True,False,LeadCounsel,1,False,False,False,False,False,False,,,False,False,,"2724 IN RE_ Generic Pharmaceuticals Pricing Antitrust Litigation/2724, Docket #2274, Order Modifying Plaintiffs_ Leadership (11-10-2022).pdf",extracted
old,2724-2205,2724,2205,2022-08-24,CMR,DJ,False,0,0,False,False,False,True,Communications,6,False,False,False,False,False,False,,Order amends Pretrial Order No. 199 as to Defense Liaison Counsel and withdraws Sarah Kirkpatrick as Defense Liaison Counsel.,False,False,,"2724 IN RE_ Generic Pharmaceuticals Pricing Antitrust Litigation/2724, Docket #2205, Order Modifying Defense Liaison Appointment (08-24-2022).pdf",extracted
old,2738-26586,2738,26586,2022-12-08,FLW,DJ,False,0,0,False,False,True,False,Management,1,False,False,False,False,False,False,,,False,False,,"2738 IN RE_ Johnson & Johnson Talcum Powder Products Marketing, Sales Practices and Products Liability Litigation/2738, Doc. 26586, C.M. ORDER 8, Modification of Order Appointing PSC.pdf",extracted
old,2709-228,2709,228,2019-03-21,GAF,DJ,False,0,0,False,False,True,False,ClassCounsel,12,False,True,False,False,True,True,,"Order grants in part and denies in part plaintiffs' contested motion for class certification; no contest over counsel appointments appears on the face of the order. Kanner & Whiteley, LLC is appointed as lead counsel for all certified classes under Rule 23(g), and listed firms are appointed as class counsel for state classes.",False,False,,"2709 IN RE_ Dollar General Corp. Motor Oil Marketing and Sales Practices Litigation/2709, Doc. 228, ORDER re Class Certification.pdf",extracted
old,2724-2034,2724,2034,2022-04-04,CMR,DJ,False,0,0,True,True,False,True,Communications,7,False,False,False,False,False,False,,Pretrial Order No. 199 amends Pretrial Order No. 125 as to Defense Liaison Counsel; entered at the unanimous request of Defendants.,False,False,,"2724 IN RE_ Generic Pharmaceuticals Pricing Antitrust Litigation/2724, Docket #2034, Order Modifying Defense Liaison Appointment (04-04-2022).pdf",extracted
old,2734-180,2734,180,2017-01-31,MCR,DJ,False,0,0,False,False,False,True,Expert; Discovery,4,False,False,False,False,False,False,,,False,False,,"2734 IN RE_ Abilify (Aripiprazole) Products Liability Litigation/2734, Doc. 180, ORDER Appoint_ D_s Sub-Committee.pdf",extracted
old,2724-342,2724,342,2017-05-19,CMR,DJ,False,3,0,True,True,True,False,LeadCounsel; Management; Communications,23,False,False,False,False,False,False,,Order supersedes Pretrial Order Nos. 6 and 9 and appoints both the attorneys and their law firms to three Plaintiffs' Steering Committees.,False,False,,"2724 IN RE_ Generic Pharmaceuticals Pricing Antitrust Litigation/2724, Doc. 342, P.T. ORDER 21 Pl_s Steering.pdf",extracted
old,2709-5,2709,5,2016-06-22,GAF,DJ,False,2,0,True,True,True,False,LeadCounsel; Communications; ClassCounsel,2,True,False,True,True,True,,,PACER filed date used over signature date of 2016-06-21.,False,False,,"2709 IN RE_ Dollar General Corp. Motor Oil Marketing and Sales Practices Litigation/2709, Doc. 5, ORDER Appointing Interim Class Csl .pdf",extracted
old,2738-22196,2738,22196,2021-06-03,LHG,MJ,False,0,0,True,True,True,False,Communications; ProSe,1,False,False,False,False,False,False,,,False,False,,"2738 IN RE_ Johnson & Johnson Talcum Powder Products Marketing, Sales Practices and Products Liability Litigation/2738, Doc. 22196, ORDER, Appointing Liaison Counsel.pdf",extracted
old,2738-72,2738,72,2016-12-06,FLW,DJ,False,1,0,True,True,True,False,ClassCounsel,1,True,True,True,True,True,,,,False,False,,"2738 IN RE_ Johnson & Johnson Talcum Powder Products Marketing, Sales Practices and Products Liability Litigation/2738, Doc. 72, ORDER Appoint_ Interim Class Csl.pdf",extracted
old,2724-2092,2724,2092,2022-05-11,CMR,DJ,False,2,0,False,False,True,False,LeadCounsel; ClassCounsel,2,False,True,False,False,True,False,,"Order grants preliminary approval of a class action settlement, certifies a settlement class for settlement purposes, and appoints Lead Counsel and Settlement Class Counsel for Indirect Reseller Plaintiffs.",False,False,,"2724 IN RE_ Generic Pharmaceuticals Pricing Antitrust Litigation/2724, Docket #2092, Order Appointing Lead Counsel for Settlement (05-11-2022).pdf",extracted
old,2740-12102,2740,12102,2021-01-29,JTM,DJ,False,0,0,False,False,False,True,Settlement,2,False,False,False,False,False,False,,Consent motion granted; order replaces Hospira and Pfizer Defendants' settlement counsel on the existing 505(b)(2) Settlement Committee.,False,True,,"2740 IN RE_ Taxotere (Docetaxel) Products Liability Litigation/2740, Doc. 12102, ORDER apptg settlement counsel.pdf",extracted
old,2737-249,2737,249,2020-11-02,MSS,DJ,False,1,0,True,True,True,False,ClassCounsel,2,False,True,False,False,True,False,,,False,False,,"2737 IN RE_ 21st Century Oncology Customer Data Security Breach Litigation/2737, Doc. 249, ORDER re Class Settlement & Class Counsel.pdf",extracted
old,2738-9676,2738,9676,2019-04-30,FLW,DJ,False,0,0,False,False,True,False,Management,1,False,False,False,False,False,False,,"C. Mark Whitehead, III, MD is removed from the Plaintiffs’ Steering Committee but excluded from Appointments because the title indicates a non-attorney medical doctor.",False,False,,"2738 IN RE_ Johnson & Johnson Talcum Powder Products Marketing, Sales Practices and Products Liability Litigation/2738, Doc. 9676, C.M. ORDER 13 Modifying PL_s Steering .pdf",extracted
old,2734-8,2734,8,2016-10-19,MCR,DJ,False,2,0,True,True,True,False,LeadCounsel; Communications,3,True,False,,False,False,True,,,False,False,,"2734 IN RE_ Abilify (Aripiprazole) Products Liability Litigation/2734, Doc. 8, ORDER Est. Interim Proc..pdf",extracted
old,2724-2093,2724,2093,2022-05-11,CMR,DJ,False,1,0,True,True,True,False,LeadCounsel; ClassCounsel,6,False,True,False,False,True,False,,"The order appoints Lead Counsel and Settlement Class Counsel by reference to Lead Counsel and PSC members previously appointed in Pretrial Orders 21 and 37, but does not list the attorneys in this order. Claims administrator and escrow agent are excluded as non-leadership/non-attorney appointments.",False,False,,"2724 IN RE_ Generic Pharmaceuticals Pricing Antitrust Litigation/2724, Docket #2093, Order Appointing Lead Counsel for Settlement (05-11-2022).pdf",motion-read
old,2740-12759,2740,12759,2021-06-01,JTM,DJ,False,0,0,False,False,False,True,Settlement,2,False,False,False,False,False,False,,Pretrial Order No. 44C substitutes McKesson's settlement counsel on an existing 505(b)(2) Settlement Committee.,False,False,,"2740 IN RE_ Taxotere (Docetaxel) Products Liability Litigation/2740, Doc. 12759, ORDER substituting settlement counsel.pdf",extracted
old,2740-209,2740,209,2017-01-31,KDE,DJ,False,0,0,False,False,False,True,Settlement,2,False,False,False,False,False,False,,,False,False,,"2740 IN RE_ Taxotere (Docetaxel) Products Liability Litigation/2740, Doc. 209, P.T. ORDER 13 Appointment .pdf",extracted
old,2724-2171,2724,2171,2022-07-18,CMR,DJ,False,0,0,True,,True,False,Management; LeadCounsel; Communications,24,False,False,,False,False,False,,,False,False,,"2724 IN RE_ Generic Pharmaceuticals Pricing Antitrust Litigation/2724, Docket #2171, Order Modifying Plaintiffs_ Leadership (07-18-2022).pdf",extracted
old,2740-1507,2740,1507,2018-01-12,KDE,DJ,False,0,0,False,False,True,True,Communications; Management; Settlement; Coordination,17,True,False,False,False,False,False,Products Liability,Order reappoints counsel to prior positions by reference to earlier pretrial orders but does not name the appointees. | [inherited from 2740-104 (reappointment; cited Docket 104)] -- verify against any later substitution/removal,False,True,,"2740 IN RE_ Taxotere (Docetaxel) Products Liability Litigation/2740, Doc. 1507, P.T. ORDER 75, Reappointment.pdf",inherited-reappointment (verify)
old,2740-5377,2740,5377,2018-11-28,JTM,DJ,False,0,0,False,False,True,False,Settlement,5,False,False,False,False,False,False,,,False,False,,"2740 IN RE_ Taxotere (Docetaxel) Products Liability Litigation/2740, Doc. 5377, P.T. ORDER 89 Reappointing.pdf",extracted
old,2740-5379,2740,5379,2018-11-28,JTM,DJ,False,0,0,False,False,False,True,Communications; Settlement,5,False,False,False,False,False,False,,Reappointment of existing defense liaison counsel and settlement committee members.,False,False,,"2740 IN RE_ Taxotere (Docetaxel) Products Liability Litigation/2740, Doc. 5379, P.T. ORDER 90 ReAppoint_ Liaison & Settlement.pdf",extracted
old,2740-11412,2740,11412,2020-11-10,JTM,DJ,False,0,0,False,False,True,True,Management; Settlement,6,False,False,False,False,False,False,,"Order reappoints all existing counsel holding positions in the MDL, for both Plaintiffs and Defendants, by reference to prior appointment/reappointment orders without listing those counsel; it names only one PSC removal and five PSC additions.",True,False,,"2740 IN RE_ Taxotere (Docetaxel) Products Liability Litigation/2740, Doc. 11412, pretrial ORDER modifying apptmts.pdf",extracted
old,2740-6018,2740,6018,2019-01-29,JTM,DJ,False,0,0,,,True,False,Communications; Management; Coordination,5,False,False,,,False,False,,Order grants Motion to Appoint Counsel and reappoints prior plaintiffs' counsel positions; named appointees are not included in the provided order text. | [inherited from 2740-5379 (reappointment; no resolvable docket -- most recent prior appointment)] -- verify against any later substitution/removal,False,False,,"2740 IN RE_ Taxotere (Docetaxel) Products Liability Litigation/2740, Doc. 6018, P.T. ORDER 93 Reappointing.pdf",inherited-reappointment (verify)
old,2724-84,2724,84,2016-11-28,CMR,DJ,False,1,0,True,False,True,False,LeadCounsel; Management,14,False,False,False,False,False,False,,Co-Lead Counsel are described as previously-appointed Liaison Counsel; this order appoints them as Co-Lead Counsel and ex-officio PSC members.,False,False,,"2724 IN RE_ Generic Pharmaceuticals Pricing Antitrust Litigation/2724, Doc. 84, P.T. ORDER 6 Appointing P Steering-Generic Digoxin.pdf",extracted
old,2740-371,2740,371,2017-05-11,KDE,DJ,False,1,0,True,False,False,True,Settlement,6,False,False,False,False,False,False,,Lori G. Cohen is appointed as chairperson of the 505(b)(2) Defendant Settlement Committee.,False,True,,"2740 IN RE_ Taxotere (Docetaxel) Products Liability Litigation/2740, Doc. 371, ORDER Appointing Settle.Comm.pdf",extracted
old,2740-156,2740,156,2016-12-30,KDE,DJ,False,0,0,True,True,True,False,Coordination,1,False,False,False,False,False,False,,,False,True,,"2740 IN RE_ Taxotere (Docetaxel) Products Liability Litigation/2740, Doc. 156, Order State Coordination.pdf",extracted
old,2740-5376,2740,5376,2018-11-28,JTM,DJ,False,0,0,False,False,False,True,Communications; Settlement,7,False,False,False,False,False,False,,,False,True,,"2740 IN RE_ Taxotere (Docetaxel) Products Liability Litigation/2740, Doc. 5376, P.T. ORDER 88 Reappoint_ Liaison & Settle.Com..pdf",extracted
old,2709-259,2709,259,2021-02-08,GAF,DJ,False,1,0,True,True,True,False,LeadCounsel; Communications; ClassCounsel,23,False,True,False,False,True,False,,,False,False,,"2709 IN RE_ Dollar General Corp. Motor Oil Marketing and Sales Practices Litigation/2709, Doc. 259, ORDER re Settlement & Attys Fees.pdf",extracted
old,2740-133,2740,133,2016-12-13,KDE,DJ,True,2,0,True,,True,True,Settlement,9,True,False,False,False,False,False,,,False,True,,"2740 IN RE_ Taxotere (Docetaxel) Products Liability Litigation/2740, Doc. 133, P.T. ORDER Appointing Settle.Comm..pdf",extracted
old,2724-2055,2724,2055,2022-04-14,CMR,DJ,False,0,0,True,False,True,False,LeadCounsel; Management; Communications,23,False,False,False,False,False,False,Antitrust,"Order grants an unopposed motion to amend prior pretrial orders, substitutes DiCello Levitt Gutzler as the law firm affiliated with Gregory S. Asciolla, and restates the current compositions of the Direct Purchaser, End-Payer, and Indirect Reseller Plaintiffs' Steering Committees.",False,False,,"2724 IN RE_ Generic Pharmaceuticals Pricing Antitrust Litigation/2724, Docket #2055, Order Modifying Plaintiffs_ Leadership (04-14-2022).pdf",extracted
old,2740-154,2740,154,2016-12-28,KDE,DJ,False,1,0,True,False,True,False,LeadCounsel; Management; Communications,6,False,False,False,False,False,False,,,False,True,,"2740 IN RE_ Taxotere (Docetaxel) Products Liability Litigation/2740, Doc. 154, ORDER Appointing Exec. Comm.pdf",extracted
old,2738-73,2738,73,2016-12-06,FLW,DJ,True,4,0,False,False,True,False,LeadCounsel; Communications; Management,18,True,False,False,False,False,False,,"The order states that applications were solicited and that, besides a joint application for appointment of the Plaintiffs' Steering Committee, Richard L. Root filed a separate application to serve on the Plaintiffs' Steering Committee. Defendants did not object to the applications but raised discovery, litigation finance, and state-court liaison issues.",False,False,,"2738 IN RE_ Johnson & Johnson Talcum Powder Products Marketing, Sales Practices and Products Liability Litigation/2738, Doc. 73, ORDER Appoint_ Lead Csl & PL_s Steering.pdf",extracted
old,2743-43,2743,43,2017-03-01,AJT,DJ,False,0,0,False,False,True,False,LeadCounsel,2,False,False,False,False,False,False,,,False,False,,"2743 IN RE_ Lumber Liquidators Chinese-Manufactured Laminate Flooring Durability Marketing and Sales Practices Litigation/2743, Doc. 43, P.T. ORDER 4 Confirming Appointments.pdf",extracted
old,2740-104,2740,104,2016-11-17,KDE,DJ,True,0,0,True,False,True,True,Communications; Management,17,True,False,False,True,False,False,,"Initial appointments to plaintiffs' liaison counsel, defendants' liaison counsel, and the Plaintiffs' Steering Committee; the Court declined at this time to appoint a Defendants' Steering Committee.",False,True,,"2740 IN RE_ Taxotere (Docetaxel) Products Liability Litigation/2740, Doc. 104, ORDER Initial Appointments.pdf",extracted
old,2743-17,2743,17,2016-12-22,AJT,DJ,False,2,0,True,,True,True,LeadCounsel,3,True,,,False,,,,,False,False,,"2743 IN RE_ Lumber Liquidators Chinese-Manufactured Laminate Flooring Durability Marketing and Sales Practices Litigation/2743, Doc. 17-P.T. ORDER 2 Appointing.pdf",extracted
old,2741-16401,2741,16401,2023-03-31,VC,DJ,False,0,0,True,,True,False,ClassCounsel,0,False,True,False,False,True,False,,"Caption states MDL 2714, but case number and source filename indicate MDL 2741.",True,False,,"2741 IN RE_ Roundup Products Liability Litigation/2741, Doc. 16401, ORDER granting final approval of class cert.pdf",extracted
old,2741-14966,2741,14966,2022-06-21,VC,DJ,False,1,0,True,True,True,False,ClassCounsel,4,False,True,False,False,True,False,,Postlethwaite & Netterville is appointed as Claims Administrator but excluded from Appointments as a non-leadership settlement administrator role.,False,False,,"2741 IN RE_ Roundup Products Liability Litigation/2741, Doc. 14966, ORDER granting prelminary approval of class settlement.pdf",extracted
old,2742-103,2742,103,2016-12-22,PKC,DJ,False,1,0,True,True,True,False,LeadCounsel,1,False,False,,True,False,False,,,False,False,,"2742 IN RE_ SunEdison, Inc., Securities Litigation/2742, Doc. 103, ORDER Appointing.pdf",extracted
old,2743-85,2743,85,2017-07-10,AJT,DJ,False,0,0,True,False,True,True,Settlement,3,False,False,False,False,False,False,,Order relates to MDL Nos. 2627 and 2743; extracted identifiers use source MDL 2743.,False,False,,"2743 IN RE_ Lumber Liquidators Chinese-Manufactured Laminate Flooring Durability Marketing and Sales Practices Litigation/2743, Doc. 85, ORDER Appoint. Settlement Csl.pdf",extracted
old,2744-16,2744,16,2016-11-16,DML,DJ,False,3,0,True,True,True,False,LeadCounsel; Management; Communications,7,True,False,False,True,False,False,,,False,False,,"2744 IN RE_ FCA US LLC Monostable Electronic Gearshift Litigation/2744, Doc. 16, P.T. ORDER 2 Appointing Lead & Liaison .pdf",extracted
old,2742-549,2742,549,2019-01-07,PKC,DJ,False,1,0,True,False,True,False,ClassCounsel,1,False,True,False,False,True,False,,,False,False,,"2742 IN RE_ SunEdison, Inc., Securities Litigation/2742, Doc. 549, ORDER re Class Cert.pdf",extracted
old,2740-158,2740,158,2016-12-30,KDE,DJ,False,1,0,True,True,True,False,Coordination,1,False,False,False,False,False,False,,"Source filename indicates Doc. 158, but order text header shows Document 156.",False,True,,"2740 IN RE_ Taxotere (Docetaxel) Products Liability Litigation/2740, Doc. 158, P.T. ORDER 8 Appoint_ State Liaison.pdf",extracted
old,2741-62,2741,62,2016-12-07,VC,DJ,False,3,0,True,True,True,False,LeadCounsel; Management; Communications; Coordination,8,False,False,False,True,False,False,,,False,False,,"2741 IN RE_ Roundup Products Liability Litigation/2741, Doc. 62, P.T. ORDER 4 Appointing.pdf",extracted
old,2742-98,2742,98,2016-12-21,CEJ,DJ,True,2,0,True,True,True,False,LeadCounsel; Communications,2,False,False,True,True,False,False,,,False,False,,"2742 IN RE_ SunEdison, Inc., Securities Litigation/2742, Doc. 98, ORDER Appoiniting.pdf",extracted
old,2775-2103,2775,2103,2020-04-03,CCB,DJ,False,0,0,,,,,LeadCounsel,0,,False,,,False,False,,"Provided text shows filing header and filename indicating an order granting a motion to substitute lead counsel, but the order body and appointee names are not present.",True,False,,"2775 IN RE_ Smith & Nephew Birmingham Hip Resurfacing (BHR) Hip Implant Products Liability Litigation/2775, Doc. 2103, ORDER, Granting Motion to Substitute Lead Counsel.pdf",extracted
old,2775-108,2775,108,2017-07-20,CCB,DJ,False,1,0,True,False,True,False,Settlement,2,False,False,False,False,False,False,,,False,False,,"2775 IN RE_ Smith & Nephew Birmingham Hip Resurfacing (BHR) Hip Implant Products Liability Litigation/2775, Doc. 108, Appointing PL Settlement Counsel.pdf",extracted
old,2753-4,2753,4,2017-01-13,LM,DJ,False,1,0,True,True,True,True,LeadCounsel,1,False,False,False,False,False,True,,,False,True,,"2753 IN RE_ Atrium Medical Corp. C-Qur Mesh Products Liability Litigation/2753, Doc. 4, C.M. ORDER 1.pdf",extracted
old,2773-251,2773,251,2017-12-22,LHK,DJ,False,0,0,False,False,True,False,Management; ClassCounsel,2,False,False,False,False,False,False,,Order amends prior appointment order by substituting Joseph W. Cotchett for Steven N. Williams as member of Plaintiffs' Steering Committee and Co-Lead Class Counsel.,False,True,,"2773 Qualcomm Antitrust Litigation/2773, Doc. 251 ORDER Amending Appointment.pdf",extracted
old,2773-760,2773,760,2018-09-27,LHK,DJ,False,1,0,True,True,True,False,ClassCounsel,2,False,True,False,False,True,False,,,False,False,,"2773 Qualcomm Antitrust Litigation/2773, Doc. 760, ORDER Granting Class Cert.pdf",extracted
old,2753-40,2753,40,2017-03-13,LM,DJ,False,0,0,True,True,True,False,LeadCounsel; Management; Communications; Coordination,7,False,False,,True,False,False,,,False,False,,"2753 IN RE_ Atrium Medical Corp. C-Qur Mesh Products Liability Litigation/2753, Doc. 40, C.M. ORDER 3A Responsibilities of PL_s Designated Csl.pdf",extracted
old,2767-3,2767,3,2017-04-25,PAE,DJ,False,1,0,True,True,True,False,LeadCounsel; Management; Communications,1,False,False,,False,False,True,,,False,False,,"2767 IN RE_ Mirena IUS Levonorgestrel-Related Products Liability Litigation (No. II)/2767, Doc. 3, ORDER 1.pdf",extracted
old,2775-2579,2775,2579,2021-03-24,CCB,DJ,False,0,0,True,False,True,False,LeadCounsel,2,False,False,False,False,False,False,,"Order substitutes counsel for the plaintiffs identified on Exhibit A, rather than creating MDL-wide leadership.",False,False,,"2775 IN RE_ Smith & Nephew Birmingham Hip Resurfacing (BHR) Hip Implant Products Liability Litigation/2775, Doc. 2579, ORDER, Granting Motion to Substitute Lead Counsel.pdf",extracted
old,2775-3788,2775,3788,2022-07-01,CCB,DJ,False,0,0,False,False,,,Settlement,5,False,False,False,False,False,False,,Appointment made pursuant to Case Management Order No. 23 and with the agreement of Plaintiffs’ Lead Counsel and Smith & Nephew.,False,False,,"2775 IN RE_ Smith & Nephew Birmingham Hip Resurfacing (BHR) Hip Implant Products Liability Litigation/2775, Doc. 3788, ORDER, Appointment of Settlement Committee.pdf",extracted
old,2752-58,2752,58,2017-02-09,LHK,DJ,True,2,0,True,True,True,False,LeadCounsel; Management,5,True,False,False,True,True,False,,,False,False,,"2752 IN RE_ Yahoo! Inc. Customer Data Security Breach Litigation/2752, Doc. 58, ORDER Appointing.pdf",extracted
old,2775-780,2775,780,2018-06-12,CCB,DJ,False,0,0,False,,True,False,Management,7,False,False,,,False,False,,Revised CMO No. 1 amends existing plaintiff leadership; amendments have unanimous support of existing plaintiff leadership structure.,False,False,,"2775 IN RE_ Smith & Nephew Birmingham Hip Resurfacing (BHR) Hip Implant Products Liability Litigation/2775, Doc. 780, Revised C.M.ORDER 1 Appointing.pdf",extracted
old,2767-37,2767,37,2017-06-16,PAE,DJ,False,4,0,True,,True,False,LeadCounsel; Communications; Management,16,False,False,,,False,True,,"The Court appointed plaintiffs' co-lead counsel, liaison counsel, Executive Committee members, and Steering Committee members; it declined at present to appoint a proposed Settlement Committee.",False,False,,"2767 IN RE_ Mirena IUS Levonorgestrel-Related Products Liability Litigation (No. II)/2767, Doc. 37, ORDER 4 Appointing.pdf",extracted
old,2750-8,2750,8,2016-12-21,BRM,DJ,False,0,0,True,True,True,True,Communications; Management,3,True,False,True,True,False,True,,,False,False,,"2750 IN RE_ Invokana (Canagliflozin) Products Liability Litigation/2750, Doc. 8, Initial C.M. ORDER .pdf",extracted
old,2773-31,2773,31,2017-05-15,LHK,DJ,True,0,0,True,True,True,False,Management; LeadCounsel,3,False,True,False,True,True,False,,The order states that five separate motions sought interim lead Plaintiffs' counsel positions and grants some motions while denying others.,False,False,,"2773 Qualcomm Antitrust Litigation/2773, Doc. 31, ORDER  Appointing.pdf",extracted
old,2775-764,2775,764,2018-06-08,CCB,DJ,False,0,0,False,False,True,False,Management,7,False,False,False,False,False,False,,Captioned as a proposed first revised CMO; amends prior Case Management Order No. 1 with unanimous support of plaintiffs' existing leadership structure.,False,False,,"2775 IN RE_ Smith & Nephew Birmingham Hip Resurfacing (BHR) Hip Implant Products Liability Litigation/2775, Doc. 764, MOTION to Amend C.M.ORDER 1 Appointing.pdf",extracted
old,2743-128,2743,128,2018-06-15,AJT,DJ,False,1,0,True,False,True,False,ClassCounsel; Settlement; SettlementAdministration,6,False,True,False,False,True,False,,Order applies to MDL Nos. 2627 and 2743; PACER filed date used.,False,False,,"2743 IN RE_ Lumber Liquidators Chinese-Manufactured Laminate Flooring Durability Marketing and Sales Practices Litigation/2743, Doc. 128, ORDER Cert. Class.pdf",extracted
old,2775-1789,2775,1789,2019-09-24,CCB,DJ,False,0,0,False,False,True,False,LeadCounsel; Communications; Management,20,False,False,False,False,False,False,Products Liability,Second revised order modifies existing plaintiffs' leadership structure; text states amendments have unanimous support of plaintiffs' existing leadership and defendant does not object.,False,False,,"2775 IN RE_ Smith & Nephew Birmingham Hip Resurfacing (BHR) Hip Implant Products Liability Litigation/2775, Doc. 1789, 2nd Rev. C.M. Order 1, Appointing Lead Counsel, Liaison Counsel, & PSC.pdf",extracted
old,2753-39,2753,39,2017-03-13,LM,DJ,False,4,0,True,True,True,False,LeadCounsel; Communications; Management; Coordination,7,False,False,False,False,False,True,,,False,True,,"2753 IN RE_ Atrium Medical Corp. C-Qur Mesh Products Liability Litigation/2753, Doc. 39, C.M. ORDER 3 Appointing.pdf",extracted
old,2776-55,2776,55,2017-07-13,LGS,DJ,False,3,0,False,False,True,False,LeadCounsel; Communications; Management,7,False,False,False,False,False,False,,,False,False,,"2776 IN RE_ Farxiga (Dapagliflozin) Products Liability Litigation/2776, Doc. 55, ORDER 7 Appointing.pdf",extracted
old,2777-561,2777,561,2019-05-03,EMC,DJ,False,0,0,True,False,True,False,ClassCounsel; Fees,1,False,True,False,False,True,False,,"Order confirms appointment of Lead Plaintiffs' Counsel and PSC members listed in Pretrial Order No. 3 as Settlement Class Counsel, but does not name them in this text. Claims/Notice Administrator excluded as non-legal administrator.",False,False,,"2777 IN RE_ Chrysler-Dodge-Jeep EcoDiesel Marketing, Sales Practices and Products Liability Litigation/2777, Doc. 561, ORDER Granting Final Settlement & Attnys_ Fees.pdf",motion-read (low-confidence)
old,2785-2111,2785,2111,2020-06-24,DDC,DJ,False,0,0,False,,True,False,Management,2,False,False,,,False,False,,Order grants unopposed motion to substitute a member of plaintiffs' Steering Committee; committee was appointed in prior Doc. 40.,False,False,,"2785 IN RE_ EpiPen (Epinephrine Injection, USP) Marketing, Sales Practices and Antitrust Litigation/2785, Doc. 2111, Order Appointing Substitute Member Plaintiffs Steering Committee (06-24-2020).pdf",extracted
old,2782-207,2782,207,2017-08-03,RWS,DJ,False,2,0,True,False,False,True,LeadCounsel; Communications,4,False,False,False,False,False,False,,,False,False,,"2782-Ethicon/2782, Doc. 207, ORDER Appoing D_s Lead & Liaisino.pdf",extracted
old,2785-491,2785,491,2018-04-30,DDC,DJ,True,0,0,False,False,False,True,Communications,1,True,False,False,False,False,False,,Order terminates Brian C. Fries's appointment as defendants' liaison counsel after Sanofi expressed concerns about his service; court solicits recommendations/materials for possible replacement liaison counsel.,False,False,,"2785 IN RE_ EpiPen (Epinephrine Injection, USP) Marketing, Sales Practices and Antitrust Litigation/2785, Doc. 491, ORDER re Reappointment of D_s Liaison.pdf",extracted
old,2754-26,2754,26,2017-04-10,DLC,DJ,False,4,0,True,True,True,False,LeadCounsel; Management; Communications,16,True,False,True,True,False,False,,,False,False,,"2754 IN RE_ Eliquis (Apixaban) Products Liability Litigation/2754, Doc. 26, C.M. ORDER 1 Appointing.pdf",extracted
old,2750-28,2750,28,2017-01-24,BRM,DJ,False,4,0,True,True,True,False,LeadCounsel; Management; Communications,14,False,False,False,True,False,False,,,False,False,,"2750 IN RE_ Invokana (Canagliflozin) Products Liability Litigation/2750, Doc. 28, ORDER 2 Appointing.pdf",extracted
old,2785-522,2785,522,2018-05-15,DDC,DJ,True,0,0,True,True,False,True,Communications,1,False,False,False,False,False,,,Defendants stated they believed no defendants' liaison counsel was needed but suggested Philip A. Sechler if the court desired to appoint one.,False,False,,"2785 IN RE_ EpiPen (Epinephrine Injection, USP) Marketing, Sales Practices and Antitrust Litigation/2785, Doc. 522, ORDER Reappointing.pdf",extracted
old,2754-59,2754,59,2017-07-17,DLC,DJ,False,0,3,False,False,True,False,LeadCounsel; Management; Communications,5,False,False,False,False,False,False,,"Endorsed letter granted request to vacate CMO 1 and/or relieve/disband plaintiffs' Co-Lead Counsel, Co-Liaison Counsel, and PSC. OCR is heavily garbled; additional PSC roster names appear but are not reliably legible.",False,False,,"2754 IN RE_ Eliquis (Apixaban) Products Liability Litigation/2754, Doc. 59, Endorsed Letter Disbanding Steering Committee.pdf",extracted
old,2789-3,2789,3,2017-08-15,CCC,DJ,False,1,0,True,,True,False,LeadCounsel,1,False,False,,False,False,False,Products Liability,,False,False,,"2789 IN RE_ Proton-Pump Inhibitor Products Liability Litigation (No. II)/2789, Doc. 3, C.M. ORDER 1 Appointing.pdf",extracted
old,2789-771,2789,771,2022-03-11,CCC,DJ,False,0,0,True,,True,False,Management,1,False,False,False,False,False,False,,,False,False,,"2789 IN RE_ Proton-Pump Inhibitor Products Liability Litigation (No. II)/2789, Doc. 771, ORDER apptg to PEC.pdf",extracted
old,2785-2317,2785,2317,2021-01-28,DDC,DJ,False,0,0,True,True,True,True,Communications; Management,3,False,False,False,False,False,True,,All other parties consented to replacement of defendants' liaison counsel. Court removed one member from plaintiffs' Steering Committee and left the position vacant unless plaintiffs' counsel moves to appoint a substitute.,False,False,,"2785 IN RE_ EpiPen (Epinephrine Injection, USP) Marketing, Sales Practices and Antitrust Litigation/2785, Doc. 2317, Order Reappointing Defense Liaison Counsel & Removing Counsel Plaintiff Leadership (01-28-2021).pdf",extracted
old,2768-183,2768,183,2017-06-30,IT,DJ,False,5,0,True,True,True,False,LeadCounsel; Management; Communications; Coordination,17,False,False,False,False,False,False,,,False,False,,"2768 IN RE_ Stryker LFIT V40 Femoral Head Products Liability Litigation/2768, Doc. 183, ORDER 11 Structure and Appointments.pdf",extracted
old,2782-215,2782,215,2017-08-16,RWS,DJ,False,3,0,True,True,True,False,LeadCounsel; Communications; Management,12,False,False,False,False,False,False,,,False,False,,"2782-Ethicon/2782, Doc. 215, ORDER Appointing Lead, Liaison, and Steering.pdf",extracted
old,2792-10,2792,10,2017-10-18,D,DJ,False,0,0,False,False,False,True,Communications,2,False,False,False,False,False,False,,,False,False,,"2792 Samsung Top-Load Washing Machine Marketing, Sales Practices and Products Liability Litigation/2792, Doc. 10, ORDER  Relieving & Appointing.pdf",extracted
old,2734-143,2734,143,2016-12-16,MCR,DJ,True,3,0,True,False,True,True,LeadCounsel; Management; Communications; Coordination; Fees; Discovery; Expert; Settlement,24,False,False,False,False,False,False,,Order states that there were more applications for leadership positions than available positions.,False,False,,"2734 IN RE_ Abilify (Aripiprazole) Products Liability Litigation/2734, Doc. 143, ORDER Appointing Leadership Csl.pdf",extracted
old,2789-770,2789,770,2022-03-11,CCC,DJ,False,0,0,True,False,True,False,Management,1,False,False,False,False,False,False,,Appoints an additional member to the existing Plaintiffs’ Executive Committee; no new organizational unit created.,False,False,,"2789 IN RE_ Proton-Pump Inhibitor Products Liability Litigation (No. II)/2789, Doc. 770, CMO apptg to PEC.pdf",extracted
old,2785-40,2785,40,2017-09-12,DDC,DJ,True,4,0,True,True,True,True,LeadCounsel; Communications; Management,13,True,False,True,True,True,True,,The court received several applications for leadership positions and declined to appoint Special Trial Counsel at this time.,False,False,,"2785 IN RE_ EpiPen (Epinephrine Injection, USP) Marketing, Sales Practices and Antitrust Litigation/2785, Doc. 40, ORDER_ Appointing.pdf",extracted
old,2775-94,2775,94,2017-06-28,CCB,DJ,False,5,0,True,True,True,False,LeadCounsel; Management; Communications; Coordination,17,False,False,False,False,False,False,,,False,False,,"2775 IN RE_ Smith & Nephew Birmingham Hip Resurfacing (BHR) Hip Implant Products Liability Litigation/2775, Doc. 94, C.M. ORDER 1 Appointing.pdf",extracted
old,2777-173,2777,173,2017-06-19,EMC,DJ,True,0,0,True,True,True,False,LeadCounsel; Management; Coordination,11,True,False,,True,False,False,,,False,False,,"2777 IN RE_ Chrysler-Dodge-Jeep EcoDiesel Marketing, Sales Practices and Products Liability Litigation/2777, Doc. 173, ORDER Appointing.pdf",extracted
old,2792-160,2792,160,2019-06-07,D,DJ,False,0,0,False,False,False,True,LeadCounsel,3,False,False,False,False,False,False,,Order grants agreed motion; relieves two Defendants' Co-Lead Counsel and appoints Defendants' Lead Counsel.,False,False,,"2792 Samsung Top-Load Washing Machine Marketing, Sales Practices and Products Liability Litigation/2792, Doc. 160, ORDER Appointing.pdf",extracted
old,2779-61,2779,61,2017-08-22,MAS,DJ,True,3,0,True,True,True,False,LeadCounsel; Communications; Management,11,True,False,False,False,True,False,,"Steve W. Berman is appointed to the Plaintiffs' Executive Committee; the footnote states he will serve as a third Co-Lead Counsel only if the MDL grows, so that conditional future Co-Lead role is not extracted as a current appointment.",False,False,,"2779 FieldTurf Artificial Turf Marketing and Sales Practices Litigation/2779, Doc. 61,  ORDER Appointing.pdf",extracted
old,2785-2018,2785,2018,2020-02-27,DDC,DJ,True,1,0,True,True,True,False,ClassCounsel,5,,True,,,True,True,,"Class certification order certifying nationwide RICO damages and state antitrust damages classes, denying other requested classes, and appointing class counsel. The order notes Mylan made a conclusory objection to the same counsel representing plaintiffs with different theories of injury and damages claims.",False,False,,"2785 IN RE_ EpiPen (Epinephrine Injection, USP) Marketing, Sales Practices and Antitrust Litigation/2785, Doc. 2018-1, ORDER re Class Cert.pdf",extracted
old,2792-6,2792,6,2017-10-13,D,DJ,False,2,0,True,True,True,True,Communications,2,False,False,False,False,True,True,,,False,False,,"2792 Samsung Top-Load Washing Machine Marketing, Sales Practices and Products Liability Litigation/2792, Doc. 6, ORDER Appointing Interim.pdf",extracted
old,2800-1283,2800,1283,2023-12-18,TWT,DJ,False,0,0,,,,,LeadCounsel; Settlement,1,False,False,,,False,False,,,,True,,"2800 Equifax, Inc., Customer Data Security Breach Litigation/2800, Doc. 1283, ORDER granting 1282.pdf",extracted
old,2785-2027,2785,2027,2020-03-10,DDC,DJ,True,1,0,True,True,True,False,LeadCounsel; ClassCounsel,5,False,True,False,False,True,True,,PACER header filed date used over signature date of 2020-02-27. Order certifies RICO and state antitrust classes and appoints plaintiffs' class/co-lead counsel; Mylan objected in conclusory fashion to the same counsel representing plaintiffs with different theories of injury and competing damages claims.,False,False,,"2785 IN RE_ EpiPen (Epinephrine Injection, USP) Marketing, Sales Practices and Antitrust Litigation/2785, Doc. 2027, Order Granting Motion for Class Certification (03-10-2020).pdf",extracted
old,2795-400,2795,400,2019-04-23,MJD,DJ,True,1,0,True,False,True,False,LeadCounsel,1,False,False,False,False,False,False,,"Order reflects competing motions/applications by counsel for Ault, Tansey, and Inter-Marketing Group USA, Inc. seeking lead or co-lead counsel roles, plus an amicus objection to appointment of certain firms.",False,False,,"2795 CenturyLink Sales Practices and Securities Litigation/2795, Doc. 400, ORDER Appointing.pdf",extracted
old,2795-813,2795,813,2020-09-14,MJD,DJ,False,1,0,,,True,False,ClassCounsel,2,False,True,False,False,True,False,,,False,False,,"2795 CenturyLink Sales Practices and Securities Litigation/2795, Doc. 813, ORDER Certifying Class and Appointing Leadership.pdf",extracted
old,2801-385,2801,385,2018-11-14,JD,DJ,False,0,0,,,True,False,ClassCounsel,1,,True,,,True,,,,False,False,,"2801 Capacitors Antitrust Litigation (No. III)/2801, Doc. 385, ORDER re Class Cert.pdf",extracted
old,2800-1193,2800,1193,2020-11-16,TWT,DJ,False,0,0,False,False,True,False,ClassCounsel; Fees; Settlement,2,False,True,False,False,True,False,,,False,False,,"2800 Equifax, Inc., Customer Data Security Breach Litigation/2800, Doc. 1193, ORDER re 1133.pdf",extracted
old,2801-1551,2801,1551,2021-10-21,JD,DJ,False,1,0,True,True,True,False,ClassCounsel,1,False,True,False,False,True,False,,,False,False,,"2801 Capacitors Antitrust Litigation (No. III)/2801, Doc. 1551, Order Appointing Lead Counsel for Settlement (10-21-2021).pdf",extracted
old,2800-957,2800,957,2020-01-13,TWT,DJ,False,0,0,False,False,True,False,ClassCounsel,4,False,True,False,False,True,False,Consumer Actions,,False,False,,"2800 Equifax, Inc., Customer Data Security Breach Litigation/2800, Doc. 957, Final ORDER and Judgement.pdf",extracted
old,2801-1665,2801,1665,2022-03-23,JD,DJ,False,0,0,True,True,True,False,ClassCounsel,1,False,True,False,False,True,False,,,False,False,,"2801 Capacitors Antitrust Litigation (No. III)/2801, Doc. 1665, Order Approving Final Settlement (03-23-2022).pdf",extracted
old,2801-1344,2801,1344,2020-07-17,JD,DJ,False,0,0,False,False,True,False,ClassCounsel; Settlement,1,False,True,False,False,True,False,Antitrust,,False,False,,"2801 Capacitors Antitrust Litigation (No. III)/2801, Doc. 1344, Order Approving Final Settlement (07-17-2020).pdf",extracted
old,2792-52,2792,52,2017-12-06,D,DJ,False,5,0,True,True,True,True,LeadCounsel; Management; Communications; ClassCounsel,13,False,True,True,False,True,True,,,False,False,,"2792 Samsung Top-Load Washing Machine Marketing, Sales Practices and Products Liability Litigation/2792, Doc. 52, ORDER  Establishing Leadership Structure.pdf",extracted
old,2789-10,2789,10,2017-08-23,CCC,DJ,False,3,0,True,True,True,False,LeadCounsel; Management,21,False,False,False,True,False,False,,Plaintiffs' leadership appointments were based on consensus recommendations submitted by counsel.,False,True,,"2789 IN RE_ Proton-Pump Inhibitor Products Liability Litigation (No. II)/2789, Doc. 10, C.M. ORDER 2 Appointing.pdf",extracted
old,2800-1133,2800,1133,2020-06-04,TWT,DJ,False,1,0,True,True,True,False,ClassCounsel,2,False,True,False,False,True,False,,Preliminary approval order designates previously appointed interim co-lead counsel as Rule 23(g) Class Counsel. Settlement Administrator is non-attorney/non-law-firm role and excluded from Appointments.,False,False,,"2800 Equifax, Inc., Customer Data Security Breach Litigation/2800, Doc. 1133, Prelim approval order of settlement.pdf",extracted
old,2797-35,2797,35,2017-12-11,AG,DJ,False,3,0,True,True,True,False,LeadCounsel; Management; Communications,6,False,False,False,True,True,True,,,False,False,,"2797 Wells Fargo Auto Insurance Marketing and Sales Practices Litigation/2797, Doc. 35, Minute ORDER Appointing.pdf",extracted
old,2796-223,2796,223,2017-12-14,CRB,DJ,True,2,0,True,True,True,False,LeadCounsel; Management,11,True,False,False,True,False,False,,,False,False,,"2796 German Automotive Manufacturers Antitrust Litigation/2796, Doc. 223, ORDER Appointing.pdf",extracted
old,2809-607,2809,607,2020-12-22,KKC,DJ,False,0,0,True,False,True,False,Management,1,False,False,False,False,False,False,,,False,False,,"2809 IN RE_ Onglyza (Saxagliptin) and Kombiglyze XR (Saxagliptin and Metformin) Products Liability Litigation/2809, Doc. 607, ORDER, Appt. Add_l Counsel to PSC.pdf",extracted
old,2809-607,2809,607,2020-12-22,KKC,DJ,False,0,0,True,False,True,False,Management,1,False,False,False,False,False,False,,,False,False,,2809 IN RE_ Onglyza (Saxagliptin) and Kombiglyze XR (Saxagliptin and Metformin) Products Liability Litigation/US_DIS_KYED_5_18md2809_d97072851e121091_ORDER_APPOINTING_ASHLEY_BARRIERE_OF_KELLER_LENKNER.pdf,extracted
old,2804-4286,2804,4286,2022-02-25,DAP,DJ,False,0,0,True,True,True,False,Fees,4,False,False,False,False,False,False,,,False,False,,"2804-National Prescription Opiate Litigation/2804, Doc. 4286, ORDER Appt Fee Committee.pdf",extracted
old,2795-404,2795,404,2019-05-30,MJD,DJ,False,3,0,True,True,True,False,LeadCounsel; Communications; Management; Coordination,6,False,False,False,True,False,False,,,False,False,,"2795 CenturyLink Sales Practices and Securities Litigation/2795, Doc. 404, ORDER re Leadership Structure.pdf",extracted
old,2795-25,2795,25,2018-01-04,MJD,DJ,False,2,0,False,False,True,True,LeadCounsel; Management; Communications,20,False,False,False,False,False,False,,,False,False,,"2795 CenturyLink Sales Practices and Securities Litigation/2795, Doc. 25, P.T. ORDER 2 Appointing.pdf",extracted
old,2814-25,2814,25,2018-05-08,AB,DJ,False,0,0,True,True,True,False,LeadCounsel; Communications,1,False,False,True,True,False,False,,,False,False,,"2814 Ford Motor Co. DPS6 PowerShift Transmission Products Liability Litigation/2814, Doc. 25, ORDER Appointing.pdf",extracted
old,2801-1340,2801,1340,2020-07-10,JD,DJ,False,0,0,True,False,True,False,ClassCounsel; Settlement,1,False,True,False,False,True,False,,"Order grants preliminary approval of class action settlements and approves notice process. It references a prior appointment of the Joseph Saveri Law Firm as Lead Class Counsel. Rust Consulting, Inc. is appointed Claims Administrator but is excluded from Appointments as a non-attorney settlement/claims administrator.",,False,,"2801 Capacitors Antitrust Litigation (No. III)/2801, Doc. 1340, Order Appointing Lead Counsel for Settlement (07-10-2020).pdf",extracted
old,2807-343,2807,343,2020-11-02,JSG,DJ,False,0,0,False,False,True,False,ClassCounsel,2,False,True,False,False,True,False,,,False,False,,"2807 Sonic Corp. Customer Data Security Breach Litigation/2807, Doc. 343, ORDER granting class cert and appointing class counsel.pdf",extracted
old,2804-2490,2804,2490,2019-08-19,DAP,DJ,True,1,0,True,True,True,False,ClassCounsel,2,False,False,False,True,True,True,,Order appoints only Jayne Conroy and Christopher Seeger as Interim Co-Lead Negotiation Class Counsel; proposed additional Negotiation Class Counsel were not appointed at this time. The order notes opposition/requests to limit class counsel authority.,False,False,,"2804-National Prescription Opiate Litigation/2804, Doc. 2490, ORDER Appointing Interim Counsel.pdf",extracted
old,2816-87,2816,87,2018-07-10,JEJ,DJ,False,1,0,,,True,False,Coordination,3,False,False,,,False,False,,Plaintiffs' motion for appointment of State Court Liaison Committee was unopposed.,False,False,,"2816 IN RE_ Sorin 3T Heater-Cooler System Products Liability Litigation (No. II)/2816, Doc. 87, C.M. ORDER 10 Est. State Ct. Liaison Comm..pdf",extracted
old,2804-2591,2804,2591,2019-09-11,DAP,DJ,False,0,0,True,True,True,False,LeadCounsel; ClassCounsel,6,False,True,False,True,True,False,,,False,False,,"2804-National Prescription Opiate Litigation/2804, Doc. 2591, ORDER Cert. Class .pdf",extracted
old,2800-232,2800,232,2018-02-12,TWT,DJ,True,8,0,True,True,True,False,LeadCounsel; Communications; Management; Coordination; ClassCounsel,26,False,True,True,True,True,True,,"The order states it considered competing motions to appoint lead counsel, liaison counsel, and steering committee members.",False,False,,"2800 Equifax, Inc., Customer Data Security Breach Litigation/2800, Doc. 232, ORDER Appointing.pdf",extracted
old,2817-1285,2817,1285,2021-04-19,RMD,DJ,False,0,0,False,False,True,False,LeadCounsel,2,False,False,False,False,False,False,,Minute order grants motions for renewal of MDL Leadership by reference but does not name the appointees; no formal re-application process required.,False,False,,"2817 Dealer Management Systems Antitrust Litigation/2817, Doc. 1285, Order Reappointing Plaintiff Lead Counsel & Leadership (04-19-2021).pdf",motion-read (low-confidence)
old,2807-348,2807,348,2020-11-13,JSG,DJ,False,1,0,False,True,True,False,ClassCounsel,2,False,True,False,False,True,False,,Amended opinion and order granting Rule 23(b)(3) class certification and appointing law firms as class counsel.,False,False,,"2807 Sonic Corp. Customer Data Security Breach Litigation/2807, Doc. 348, AMENDED ORDER granting class cert.pdf",extracted
old,2804-118,2804,118,2018-02-07,DAP,DJ,False,0,0,True,False,True,True,Settlement,20,False,False,False,False,False,False,,Order confirms settlement negotiating teams; the body text refers to negotiating teams rather than expressly creating a committee or counsel role.,False,False,,"2804-National Prescription Opiate Litigation/2804, Doc. 118, ORDER appting Settlement Committee.pdf",extracted
old,2817-1340,2817,1340,2022-04-07,RMD,DJ,False,0,0,False,False,True,False,LeadCounsel; Coordination,2,False,False,False,False,False,False,,Order renews existing MDL plaintiff leadership appointments; no new organizational unit created.,False,False,,"2817 Dealer Management Systems Antitrust Litigation/2817, Doc. 1340, Order Reappointing Plaintiff Lead Counsel & Leadership (04-07-2022).pdf",extracted
old,2818-13,2818,13,2018-04-11,MFL,DJ,True,1,0,True,True,True,False,LeadCounsel,4,True,False,False,False,False,False,,Court received competing lead counsel applications and appointed the Miller Group as Co-Lead Counsel; court declined to appoint liaison counsel or a steering committee.,False,False,,"2818 General Motors Air Conditioning Marketing and Sales Practices Litigation/2818, Doc. 13, ORDER Appointing.pdf",extracted
old,2817-944,2817,944,2020-05-10,RMD,DJ,False,0,0,,,True,False,,2,False,False,,,False,False,,"Order grants motions for renewal of MDL Leadership [941, 942] but does not name the renewed appointees; underlying motions would need to be read to identify them.",False,False,,"2817 Dealer Management Systems Antitrust Litigation/2817, Doc. 944, Order Reappointing Plaintiff Lead Counsel (05-10-2020).pdf",motion-read (low-confidence)
old,2817-1343,2817,1343,2022-04-12,RMD,DJ,False,0,0,False,False,True,False,LeadCounsel; Management; Communications; Coordination,9,False,False,False,False,False,False,,Order renews existing plaintiff leadership appointments for one year and corrects the renewal term stated in a prior order.,False,False,,"2817 Dealer Management Systems Antitrust Litigation/2817, Doc. 1343, Order Reappointing Plaintiff Lead Counsel & Leadership (04-12-2022).pdf",extracted
old,2817-1379,2817,1379,2023-04-18,RRP,DJ,False,0,0,False,False,True,False,LeadCounsel; ClassCounsel; Management; Communications; Coordination,9,False,False,False,False,False,False,,,False,False,,"2817 Dealer Management Systems Antitrust Litigation/2817, Doc. 1379, Order Reappointing Plaintiff Lead Counsel & Leadership (04-18-2023).pdf",extracted
old,2816-57,2816,57,2018-06-01,JEJ,DJ,False,0,0,True,True,True,False,LeadCounsel; Communications; Management,7,False,False,,,False,False,,,False,True,,"2816 IN RE_ Sorin 3T Heater-Cooler System Products Liability Litigation (No. II)/2816, Doc. 57, C.M. ORDER 3 Appointing.pdf",extracted
old,2819-507,2819,507,2020-05-15,NG,DJ,False,0,0,True,True,True,False,LeadCounsel; ClassCounsel; Settlement,2,False,True,False,False,True,False,,Order preliminarily approves direct-purchaser class settlement and maintains appointment of Interim Lead Class Counsel.,False,False,,"2819 IN RE_ Restasis (Cyclosporine Ophthalmic Emulsion) Antitrust Litigation/2819, Doc. 507, Order Appointing Lead Counsel for Settlement (05-15-2022).pdf",extracted
old,2827-429,2827,429,2020-05-27,EJD,DJ,False,1,0,True,True,True,False,ClassCounsel,2,False,True,False,False,True,False,,,False,False,,"2827 Apple Inc. Device Performance Litigation/2827, Doc. 429, ORDER Cert. Settlement Class, Prelim Approval .pdf",extracted
old,2819-50,2819,50,2018-04-04,NG,DJ,False,2,0,True,True,True,False,LeadCounsel; Communications; Management; ClassCounsel,11,False,True,True,True,True,False,Antitrust,,False,False,shares date+title with 1 other order(s),"2819 IN RE_ Restasis (Cyclosporine Ophthalmic Emulsion) Antitrust Litigation/2819, Doc. 50, ORDER Appointing.pdf",extracted
old,2809-162,2809,162,2018-09-06,KKC,DJ,False,5,0,True,True,True,False,LeadCounsel; Communications; Management; Coordination,15,False,False,False,False,False,False,,The order grants an unopposed motion appointing plaintiffs' leadership structure.,False,False,,"2809 IN RE_ Onglyza (Saxagliptin) and Kombiglyze XR (Saxagliptin and Metformin) Products Liability Litigation/2809, Doc. 162, ORDER Appointing Plaintiffs_ Leadership Structure.pdf",extracted
old,2820-7,2820,7,2018-03-02,SNLJ,DJ,False,2,0,True,True,True,True,Communications,2,True,False,True,False,False,False,,,False,False,,"2820 IN RE_ Dicamba Herbicides Litigation/2820, Doc. 7, ORDER Initial Conf. (Temp. App).pdf",extracted
old,2833-20,2833,20,2018-09-12,CDJ,DJ,False,1,0,True,False,,,,1,True,False,False,False,False,False,,Attorney Laura K. Mummert appointed as interim counsel for purposes of the Initial Pretrial Conference; the order separately directs counsel seeking Lead Counsel or Co-Lead Counsel appointments to file proposed fee arrangements and present statements later.,False,False,,"2833 FedLoan Student Loan Servicing Litigation/2833, Doc. 20, ORDER Appointing Interim.pdf",extracted
old,2833-29,2833,29,2018-10-16,CDJ,DJ,False,0,0,True,False,True,False,LeadCounsel; Management,8,False,False,False,False,False,False,,,False,False,,"2833 FedLoan Student Loan Servicing Litigation/2833, Doc. 29, ORDER Appointing.pdf",extracted
old,2836-1316,2836,1316,2021-08-20,RBS,DJ,False,1,0,False,False,True,False,ClassCounsel,3,False,True,False,False,True,False,,,False,False,,"2836 Zetia (Ezetimibe) Antitrust Litigation/2836, Doc. 1316, Order Granting Motion for Class Certification (08-20-2021).pdf",motion-read
old,2842-178,2842,178,2018-11-09,MSS,DJ,False,0,0,False,False,True,False,Management,2,False,False,False,False,False,False,,,False,False,,"2842 IN RE_ Chicago Board Options Exchange Volatility Index Manipulation Antitrust Litigation/2842, Doc. 178, Order re steering committee.pdf",extracted
old,2819-51,2819,51,2018-04-04,NG,DJ,False,3,0,True,True,True,False,LeadCounsel; Communications; Management; ClassCounsel,6,False,True,True,True,True,True,,,False,False,shares date+title with 1 other order(s),"2819 IN RE_ Restasis (Cyclosporine Ophthalmic Emulsion) Antitrust Litigation/2819, Doc. 51, ORDER Appointing.pdf",extracted
old,2836-1570,2836,1570,2022-06-08,DEM,MJ,False,0,0,False,False,False,True,LeadCounsel,2,False,False,False,False,False,False,,,False,False,,"2836 Zetia (Ezetimibe) Antitrust Litigation/2836, Doc. 1570, Order Appointing New Defendants Lead Counsel (06-08-2022).pdf",extracted
old,2842-357,2842,357,2022-02-23,MSS,DJ,False,0,0,True,,True,False,LeadCounsel; Management,6,False,False,,,False,False,,,False,False,,"2842 IN RE_ Chicago Board Options Exchange Volatility Index Manipulation Antitrust Litigation/2842, Doc. 357, Order Reappointing Plaintiff Lead Counsel (02-23-2022).pdf",motion-read
old,2842-334,2842,334,2021-03-01,MSS,DJ,False,0,0,False,False,True,False,LeadCounsel; Management,6,False,False,False,False,False,False,,"Minute entry renews plaintiffs' co-lead counsel and steering committee for one year but does not name the appointees; duties referenced from August 16, 2018 order.",False,False,,"2842 IN RE_ Chicago Board Options Exchange Volatility Index Manipulation Antitrust Litigation/2842, Doc. 334, Order Reappointing Plaintiff Lead Counsel (03-01-2021).pdf",motion-read (low-confidence)
old,2842-268,2842,268,2019-08-08,MSS,DJ,False,0,0,True,,True,False,LeadCounsel; Management,6,False,,,,,,,Order renews existing plaintiff leadership appointments for six months; it does not create new units.,False,False,,"2842 IN RE_ Chicago Board Options Exchange Volatility Index Manipulation Antitrust Litigation/2842, Doc. 268, ORDER Renewing PL Leadership Council.pdf",extracted
old,2836-711,2836,711,2019-11-05,RBS,DJ,False,0,0,False,False,True,False,ClassCounsel,1,False,True,False,False,True,False,,"Order grants motion that included appointment of class counsel and adopts R&R, but the order itself does not name the class counsel; it notes class counsel had previously been appointed. RG/2 Claims Administration LLC is excluded as a settlement/claims administrator, not attorney leadership.",False,False,,"2836 Zetia (Ezetimibe) Antitrust Litigation/2836, Doc. 711, ORDER Granting Doc. 371 Motion.pdf",motion-read
old,2828-104,2828,104,2018-06-18,SI,DJ,False,0,0,True,False,True,False,LeadCounsel; Communications; Management,11,False,False,False,False,True,False,,,False,False,,"2828  Intel Corp. CPU Marketing, Sales Practices and Products Liability Litigation/2828, Doc. 104, P.T. ORDER 2.pdf",extracted
old,2817-123,2817,123,2018-04-16,AJSE,DJ,True,4,0,True,True,True,False,LeadCounsel; ClassCounsel; Communications; Management; Coordination,9,False,False,True,True,True,True,,,False,True,,"2817 Dealer Management Systems Antitrust Litigation/2817, Doc. 123, ORDER Appointing.pdf",extracted
old,2843-102,2843,102,2018-07-27,VC,DJ,False,0,0,,,,,LeadCounsel,2,False,,,,,,,,False,False,,"2843 Facebook/2843, Doc. 102, P.T. ORDER 4 Appointing Leads.pdf",extracted
old,2819-562,2819,562,2020-10-07,NG,DJ,False,0,0,True,False,True,False,ClassCounsel; Management; Fees; Settlement; SettlementAdministration,12,False,True,False,False,True,False,,Final settlement approval order appoints Rule 23 Lead Class Counsel and Class Counsel; the Direct Purchaser Class Plaintiffs' Executive Committee firms are listed in a footnote.,False,False,,"2819 IN RE_ Restasis (Cyclosporine Ophthalmic Emulsion) Antitrust Litigation/2819, Doc. 562, Order Approving Final Settlement & Awarding Attorneys_ fees (10-07-2020).pdf",extracted
old,2842-302,2842,302,2020-03-24,MSS,DJ,False,0,0,True,,True,False,LeadCounsel; Management,6,False,False,,,False,False,,,False,False,,"2842 IN RE_ Chicago Board Options Exchange Volatility Index Manipulation Antitrust Litigation/2842, Doc. 302, ORDER Appointing and Renewing Appointments.pdf",extracted
old,2841-59,2841,59,2018-08-17,DPG,DJ,False,2,0,True,True,True,False,LeadCounsel; Communications; Management,4,False,False,,True,False,False,,,False,False,,"2841 MONAT Hair Care Products Marketing, Sales Practices and Products Liability Litigation/2841, Doc. 59, C.M. ORDER.pdf",extracted
old,2819-501,2819,501,2020-05-05,NG,DJ,False,2,0,True,True,True,False,LeadCounsel; ClassCounsel; Communications,4,False,True,False,False,True,False,,Order grants Rule 23(b)(3) class certification and appoints class counsel by law firm; prior interim individual counsel appointments are recited as procedural history but not extracted as current appointments.,False,False,,"2819 IN RE_ Restasis (Cyclosporine Ophthalmic Emulsion) Antitrust Litigation/2819, Doc. 501, Order Granting Motion for Class Certification (05-05-2020).pdf",extracted
old,2842-119,2842,119,2018-08-16,MSS,DJ,False,2,0,True,True,True,False,LeadCounsel; Management,5,False,False,True,True,True,True,,"Appointments effective for one year, expiring August 16, 2019.",False,True,,"2842 IN RE_ Chicago Board Options Exchange Volatility Index Manipulation Antitrust Litigation/2842, Doc. 119, ORDER Appointing Lead.pdf",extracted
old,2842-241,2842,241,2019-04-16,MSS,DJ,False,0,0,True,False,True,False,LeadCounsel; Management,2,False,False,False,False,False,False,,"Sharan Nirmul's appointment to the plaintiffs' steering committee expires, along with all other appointments, on August 1, 2019.",False,True,,"2842 IN RE_ Chicago Board Options Exchange Volatility Index Manipulation Antitrust Litigation/2842, Doc. 241, ORDER Granting in Limited Part Motion to Modify.pdf",extracted
old,2846-855,2846,855,2024-09-16,EAS,DJ,False,0,0,False,False,True,False,Management,1,False,False,False,False,False,False,,,False,False,,"2846 IN RE_ Davol, Inc.-C.R. Bard, Inc., Polypropylene Hernia Mesh Products Liability Litigation/2846, Doc. 855, ORDER, Resignation from PSC.pdf",extracted
old,2843-120,2843,120,2018-08-17,VC,DJ,False,0,0,True,True,True,False,LeadCounsel,2,False,False,,True,False,False,,,False,True,,"2843 Facebook/2843, Doc. 120, P.T. ORDER 8 Duties and Authority of Co-Leads.pdf",extracted
old,2848-277,2848,277,2019-04-25,HB,DJ,False,0,0,False,False,True,False,Management,1,False,False,False,False,False,False,,Order appoints an additional stipulated member to an existing Plaintiffs' Steering Committee created by Pretrial Order No. 5.,False,False,,"2848 IN RE_ Zostavax (Zoster Vaccine Live) Products Liability Litigation/2848, Doc. 277,  P.T. ORDER 163 Appointment_ PL Steering Comm..pdf",extracted
old,2848-364,2848,364,2019-09-03,HB,DJ,False,0,0,False,False,True,False,Management,1,False,False,False,False,False,False,,Order appoints an additional stipulated member to the Plaintiffs' Steering Committee established by prior Pretrial Order No. 5.,False,False,,"2848 IN RE_ Zostavax (Zoster Vaccine Live) Products Liability Litigation/2848, Doc. 364, P.T. ORDER 207 Appointment_ PL Steering Comm..pdf",extracted
old,2848-19,2848,19,2018-09-25,HB,DJ,False,0,0,True,True,False,True,Communications,1,False,False,False,False,False,False,,,False,False,,"2848 IN RE_ Zostavax (Zoster Vaccine Live) Products Liability Litigation/2848, Doc. 19, P.T. ORDER 6 Appointing D_s Liaison.pdf",extracted
old,2848-495,2848,495,2020-02-04,HB,DJ,False,0,0,False,False,True,False,Management,1,False,False,False,False,False,False,,Order removes Timothy A. Litzenburg from the Plaintiffs' Steering Committee.,False,False,,"2848 IN RE_ Zostavax (Zoster Vaccine Live) Products Liability Litigation/2848, Doc. 495, P.T. ORDER 269 Removing Memb. of Steering.pdf",extracted
old,2827-653,2827,653,2023-02-17,EJD,DJ,False,0,0,False,False,True,False,ClassCounsel,2,False,True,False,False,True,False,,Order grants renewed final approval of class action settlement and attorneys' fees; it confirms provisional appointments of class representatives and class counsel. Co-Lead Class Counsel are identified indirectly in the order through the referenced declaration.,False,False,,"2827 Apple Inc. Device Performance Litigation/2827, Doc. 653, ORDER Granting Atty_s Fees.pdf",extracted
old,2820-36,2820,36,2018-04-17,SNLJ,DJ,True,4,0,True,True,True,False,LeadCounsel; Management; Communications; ClassCounsel,9,False,False,False,True,True,True,,The order adopts the Downing Group leadership proposal over the competing Paul Group proposal.,False,False,,"2820 IN RE_ Dicamba Herbicides Litigation/2820, Doc. 36, ORDER Appointing.pdf",extracted
old,2843-433,2843,433,2020-05-14,VC,DJ,False,1,0,True,,True,False,Discovery,7,False,False,True,True,False,False,,Order approves Co-Lead Counsel's request to engage named Plaintiffs' retained counsel as Participating Counsel for limited common benefit discovery/deposition work; Defendants did not object.,False,False,,"2843 Facebook/2843, Doc. 433, ORDER on Common Benefit Work Doc. 395.pdf",extracted
old,2842-120,2842,120,2018-08-16,MSS,DJ,True,1,0,True,True,True,False,LeadCounsel,1,False,False,False,False,False,False,,"The memorandum indicates several competing proposals for leadership structure and roles. It expressly appoints Mr. Bunge as counsel/lead counsel for securities-law claims, but does not provide his first name in the text provided. Other plaintiffs' leadership counsel appear to be referenced but are not named in this memorandum.",False,True,,"2842 IN RE_ Chicago Board Options Exchange Volatility Index Manipulation Antitrust Litigation/2842, Doc. 120, MEMO Accomp. Order Appointing_ Lead.pdf",extracted
old,2846-312,2846,312,2020-01-22,EAS-KAJ,DJ; MJ,False,0,0,True,False,True,False,Management,2,False,False,False,False,False,False,,Multiple judges. Pretrial order grants PSC request to replace Lauren E. Godshall with Bert Greenwell on the Plaintiffs' Steering Committee.,False,False,,"2846 IN RE_ Davol, Inc.-C.R. Bard, Inc., Polypropylene Hernia Mesh Products Liability Litigation/2846, Doc. 312, P.T. ORDER.pdf",extracted
old,2846-872,2846,872,2024-12-16,EAS,DJ,False,0,0,True,,True,False,SettlementAdministration,2,False,False,False,False,False,False,,"Order establishes a Qualified Settlement Fund and appoints non-attorney/non-leadership administrators excluded from Appointments: Archer Systems LLC as Lien Administrator, Wells Fargo Bank as Escrow Agent, Peter Haugh as QSF Administrator, and Special Masters referenced.",False,False,,"2846 IN RE_ Davol, Inc.-C.R. Bard, Inc., Polypropylene Hernia Mesh Products Liability Litigation/2846, Doc. 872, CM Order 56, Establishment of Qualified Settlement Fund.pdf",extracted
old,2850-117,2850,117,2018-11-13,JFC,DJ,False,0,0,True,True,True,False,Communications,1,False,False,False,False,False,True,,Order sets duties for liaison counsel appointed by prior ECF No. 112.,False,False,,"2850 Railway Industry Employee No-Poach Antitrust Litigation/2850, Doc. 117, ORDER Setting Duties of Liaison.pdf",extracted
old,2836-105,2836,105,2018-08-15,RBS,DJ,True,1,0,True,True,True,True,LeadCounsel; ClassCounsel; Management,13,False,True,False,False,True,True,,"The order states that the DPPs agreed to appointment of an executive committee and that the court appoints attorneys and firms to that committee under Exhibit 1/proposed order ECF No. 16-1, but the provided text does not include the committee roster.",True,False,,"2836 Zetia (Ezetimibe) Antitrust Litigation/2836, Doc. 105, P.T. ORDER 3 Appointments.pdf",extracted
old,2862-273,2862,273,2020-02-04,DWA,DJ,False,0,0,True,True,True,False,LeadCounsel; Communications,3,False,True,True,True,True,True,,,False,False,,"2862 Diisocyanates Antitrust Litigation/2862, Doc. 273, ORDER granting Motion for Reappointment.pdf",extracted
old,2850-314,2850,314,2020-08-26,JFC,DJ,False,0,0,False,False,True,False,LeadCounsel; ClassCounsel,2,False,True,False,False,True,False,,Final approval order confirms appointment of Co-Lead Counsel for the Settlement Class. KCC LLC notice/settlement administrator excluded as non-attorney administrator.,False,False,,"2850 Railway Industry Employee No-Poach Antitrust Litigation/2850, Doc. 314, Order Approving Final Settlement (08-26-2020).pdf",extracted
old,2846-189,2846,189,2019-06-27,EAS-KAJ,DJ; MJ,False,0,0,True,True,True,False,LeadCounsel; Communications; Management,17,False,False,True,True,False,False,,Multiple judges,False,False,,"2846 IN RE_ Davol, Inc.-C.R. Bard, Inc., Polypropylene Hernia Mesh Products Liability Litigation/2846, Doc. 189, C.M. ORDER 3A Amending Appointments.pdf",extracted
old,2862-444,2862,444,2021-02-01,DWA,DJ,False,0,0,True,True,True,False,LeadCounsel; Communications,3,False,True,True,True,True,True,,,False,True,,"2862 Diisocyanates Antitrust Litigation/2862, Doc. 444, Order Reappointing Plaintiffs Interim co-Lead Counsel (02-01-2021).pdf",extracted
old,2859-334,2859,334,2021-03-02,PAC,DJ,False,0,0,False,False,True,False,Management,11,False,False,False,False,False,False,,Amendment to prior leadership structure replacing Laura Pittner with Noah Lauricella.,False,True,,"2859 IN RE  Zimmer M L Taper Hip Prosthesis/2859, Doc. 334, Amendment to ORDER 2.pdf",extracted
old,2862-845,2862,845,2023-02-08,WSH,DJ,False,0,0,True,True,True,False,LeadCounsel; Communications,3,False,True,True,True,True,True,,Order reappoints existing Plaintiffs' Interim Co-Lead Counsel and Interim Liaison Counsel.,False,False,,"2862 Diisocyanates Antitrust Litigation/2862, Doc. 845, Order Reappointing Plaintiffs Interim co-Lead Counsel (02-08-2023).pdf",extracted
old,2862-624,2862,624,2022-01-28,DWA,DJ,False,0,0,True,True,True,False,LeadCounsel; Communications,3,False,True,True,True,True,True,,,False,True,,"2862 Diisocyanates Antitrust Litigation/2862, Doc. 624, Order Reappointing Plaintiffs Interim co-Lead Counsel (01-28-2022).pdf",extracted
old,2867-356,2867,356,2020-01-07,VMK,DJ,False,0,,,,,,LeadCounsel,4,,,,,,,,"Minute entry states parties had no objections to appointments of lead counsel and other leadership roles and that they may stand, but it does not name the appointees.",False,False,,"2867 Local TV Advertising Antitrust Litigation/2867, Doc. 356, MINUTE ENTRY Reappointments per 170.pdf",motion-read (low-confidence)
old,2865-30,2865,30,2018-11-20,LAK,DJ,False,0,0,True,False,False,True,LeadCounsel,1,False,False,False,False,False,False,,,False,False,,"2865 Customs and Tax Administration of the Kingdom of Denmark (Skatteforvaltningen) Tax Refund Scheme Litigation/2865, Doc. 30, P.T. ORDER 6, Appointment.pdf",extracted
old,2859-3,2859,3,2018-10-26,PAC,DJ,False,1,0,True,True,True,False,LeadCounsel,3,False,False,False,False,False,True,,Order designates temporary lead counsel for Plaintiffs and requests submissions regarding future lead/liaison counsel structure and possible committees.,False,False,,"2859 IN RE  Zimmer M L Taper Hip Prosthesis/2859, Doc. 3, ORDER 1.pdf",extracted
old,2846-3,2846,3,2018-08-17,EAS-KAJ,DJ; MJ,False,2,0,True,False,True,True,LeadCounsel; Communications,6,False,False,False,False,False,False,,Multiple judges. The order states the Court appoints interim plaintiff PSC co-lead counsel and intends to appoint interim plaintiff PSC liaison counsel; it also states defendants will designate named lead and liaison counsel.,False,False,,"2846 IN RE_ Davol, Inc.-C.R. Bard, Inc., Polypropylene Hernia Mesh Products Liability Litigation/2846, Doc. 3, C.M. ORDER 1 (Interim Appointments).pdf",extracted
old,2873-1112,2873,1112,2021-01-15,RMG,DJ,False,0,0,False,False,True,False,Management,1,False,False,False,False,False,False,,,False,False,,"2873 Aqueous Film-Forming Foams Products Liability Litigation/2873, Doc. 1112, Apptg counsel to PEC (CMO 14).pdf",extracted
old,2865-84,2865,84,2019-02-25,LAK,DJ,False,0,0,True,True,False,True,LeadCounsel,1,False,False,False,True,False,False,,,False,False,,"2865 Customs and Tax Administration of the Kingdom of Denmark (Skatteforvaltningen) Tax Refund Scheme Litigation/2865, Doc. 84, Proposed Order Governing Role of Lead Counsel.pdf",extracted
old,2846-16,2846,16,2018-09-19,EAS-KAJ,DJ; MJ,False,0,0,True,True,True,False,LeadCounsel; Management; Communications,15,False,False,True,True,False,False,,Multiple judges,False,False,,"2846 IN RE_ Davol, Inc.-C.R. Bard, Inc., Polypropylene Hernia Mesh Products Liability Litigation/2846, Doc. 16, C.M. ORDER 3 Appointments.pdf",extracted
old,2862-107,2862,107,2018-11-28,DWA,DJ,True,2,0,True,True,True,False,LeadCounsel; Communications,3,,True,True,True,True,True,,"Order grants ECF Nos. 71, 81, and 82 and denies ECF Nos. 74, 75, 76, 80, 88, 91, and 92 in connection with appointment of interim co-lead and liaison counsel.",False,False,,"2862 Diisocyanates Antitrust Litigation/2862, Doc. 107, ORDER App_ Pl_s Interim Co-Lead & Liaison.pdf",extracted
old,2850-106,2850,106,2018-11-06,JFC,DJ,False,1,0,True,True,True,False,LeadCounsel; ClassCounsel,2,False,False,True,True,True,True,,,False,False,,"2850 Railway Industry Employee No-Poach Antitrust Litigation/2850, Doc. 106, ORDER Appointing_ Interim Co-Lead.pdf",extracted
old,2827-99,2827,99,2018-05-15,EJD,DJ,True,15,0,True,True,True,False,LeadCounsel; Management; Coordination; Motions; Discovery; Expert; Settlement; Trial,39,True,True,True,True,True,True,,"The order states the Court invited motions, received three separate motions to serve as interim lead counsel, received an opposition from Apple to one motion, and notes a withdrawn Steering Committee candidacy.",False,False,,"2827 Apple Inc. Device Performance Litigation/2827, Doc. 99, ORDER Appointing_ Co-Lead, Executive & Steering Com.pdf",extracted
old,2873-3602,2873,3602,2023-08-22,RMG,DJ,False,0,0,True,False,True,False,LeadCounsel,1,False,False,False,False,False,False,,,False,False,,"2873 Aqueous Film-Forming Foams Products Liability Litigation/2873, Doc. 3602, ORDER granting 3600.pdf",extracted
old,2867-170,2867,170,2019-01-23,VMK,DJ,True,3,0,True,True,True,,LeadCounsel; Communications; Management,4,,,,True,True,True,,,False,False,,"2867 Local TV Advertising Antitrust Litigation/2867, Doc. 170, ORDER Appointing.pdf",extracted
old,2859-33,2859,33,2018-12-17,JMF,DJ,True,2,0,True,False,True,False,Management,10,False,False,False,False,False,False,,,False,True,,"2859 IN RE  Zimmer M L Taper Hip Prosthesis/2859, Doc. 33, ORDER 2 (Adopting Pl_s Leadership Structure).pdf",extracted
old,2873-5217,2873,5217,2024-06-28,RMG,DJ,False,0,0,False,False,True,False,ClassCounsel,2,False,False,False,False,False,False,,Text order grants motion to withdraw David P. Hersh as lead class counsel and substitute Michael S. Burg as lead class counsel.,False,False,,"2873 Aqueous Film-Forming Foams Products Liability Litigation/2873, Doc. 5217, text ORDER replacing lead class counsel.pdf",extracted
old,2867-437,2867,437,2021-01-19,VMK,DJ,False,0,0,False,False,True,False,LeadCounsel; Management; Communications,5,False,False,False,False,False,False,,,False,False,,"2867 Local TV Advertising Antitrust Litigation/2867, Doc. 437, Order Reappointing Plaintiffs Leadership (01-19-2021).pdf",extracted
old,2867-991,2867,991,2023-06-14,VMK,DJ,False,0,0,False,False,True,False,ClassCounsel,1,False,True,False,False,True,False,,,False,True,,"2867 Local TV Advertising Antitrust Litigation/2867, Doc. 991, Order Appointing Lead Counsel for Settlement (06-14-2023).pdf",extracted
old,2873-1858,2873,1858,2021-08-16,RMG,DJ,False,0,0,False,False,False,True,Management,2,False,False,False,False,False,False,,"Case Management Order No. 15.A. Jillian C. Kirn withdrew from the Defense Coordination Committee, and Kaitlyn R. Maxwell was appointed to replace her.",False,False,,"2873 Aqueous Film-Forming Foams Products Liability Litigation/2873, Doc. 1858, ORDER apptg defense counsel.pdf",extracted
old,2873-536,2873,536,2020-03-30,RMG,DJ,False,0,0,False,False,True,False,Management,1,False,False,False,False,False,False,,,False,False,,"2873 Aqueous Film-Forming Foams Products Liability Litigation/2873, Doc. 536, C.M. ORDER 10.A (Additional appointments).pdf",extracted
old,2873-391,2873,391,2019-11-01,RMG,DJ,False,0,0,True,False,False,True,Coordination,3,False,False,False,False,False,False,,,False,False,,"2873 Aqueous Film-Forming Foams Products Liability Litigation/2873, Doc. 391, C.M. ORDER 7 Additional Appointments to D_s Coordination Comm..pdf",extracted
old,2873-4543,2873,4543,2024-02-26,RMG,DJ,False,0,0,False,False,True,False,ClassCounsel,5,False,True,False,False,True,False,,"Final order and judgment confirms Class Counsel previously preliminarily approved. Non-attorney/non-leadership roles such as Special Master, Notice Administrator, Claims Administrator, and Escrow Agent excluded.",False,False,,"2873 Aqueous Film-Forming Foams Products Liability Litigation/2873, Doc. 4543, ORDER approving settlement agreement.pdf",extracted
old,2873-5147,2873,5147,2024-06-13,RMG,DJ,False,1,0,True,True,True,False,ClassCounsel; Settlement; SettlementAdministration,4,False,True,False,False,True,False,,"The order addresses objections by Toller Defendants to settlement terms, not objections to the Class Counsel appointment. Non-attorney/non-leadership roles such as Special Master, Claims Administrator, Escrow Agent, Notice Administrator, and Opt Out Administrator are excluded from Appointments.",False,False,,"2873 Aqueous Film-Forming Foams Products Liability Litigation/2873, Doc. 5147, Amended ORDER re 4911.pdf",extracted
old,2875-313,2875,313,2019-12-06,JS,MJ,False,0,0,False,False,False,True,Management,1,False,False,False,False,False,False,,Filed 12/06/2019; signed 12/05/2019. Order states there was no objection to the request.,False,False,,"2875 IN RE_ Valsartan Products Liability Litigation/2875, Doc. 313, C.M. ORDER 18 Appointment to D. Exec. Committee.pdf",extracted
old,2873-4754,2873,4754,2024-03-29,RMG,DJ,False,0,0,False,False,True,False,ClassCounsel,5,False,True,False,False,True,False,,"Final approval/final judgment confirms Class Counsel previously preliminarily approved. Non-attorney/non-leadership roles such as Special Master, notice administrator, claims administrator, QSF administrator, and escrow agent excluded from Appointments.",False,False,,"2873 Aqueous Film-Forming Foams Products Liability Litigation/2873, Doc. 4754, Final Judgment.pdf",extracted
old,2875-455,2875,455,2020-06-03,RBK,DJ,False,0,0,False,False,True,False,Management,4,False,False,False,False,False,False,,,False,False,,"2875 IN RE_ Valsartan Products Liability Litigation/2875, Doc. 455, ORDER Appointments to PSC.pdf",extracted
old,2873-5110,2873,5110,2024-06-11,RMG,DJ,False,1,0,True,,True,False,ClassCounsel; Settlement,4,False,True,False,False,True,False,,"The Toller Defendants objected to aspects of the proposed settlement, but the order does not indicate any objection to or competition for the Class Counsel appointments. Non-attorney/non-leadership roles such as Special Master, Claims Administrator, Escrow Agent, Notice Administrator, and Opt Out Administrator are excluded from Appointments.",False,False,,"2873 Aqueous Film-Forming Foams Products Liability Litigation/2873, Doc. 5110 Order re 4911.pdf",extracted
old,2875-500,2875,500,2020-06-29,RBK,DJ,False,0,0,False,False,True,False,Management,1,False,False,False,False,False,False,,,False,False,,"2875 IN RE_ Valsartan Products Liability Litigation/2875, Doc. 500, ORDER Granting withdrawl from PSC.pdf",extracted
old,2875-540,2875,540,2020-08-04,RBK,DJ,False,0,0,False,False,True,False,Management,1,False,False,False,False,False,False,,Order grants addition of Mila Bartos to the Plaintiffs' Steering Committee after Rosalee B.C. Thomas departed Finkelstein Thompson LLP and thereby the PSC.,False,False,,"2875 IN RE_ Valsartan Products Liability Litigation/2875, Doc. 540, ORDER Modifying PSC.pdf",extracted
old,2873-6357,2873,6357,2024-11-13,RMG,DJ,False,0,0,False,False,True,False,LeadCounsel; Management,5,False,False,False,False,False,False,,Accepted Paul J. Napoli's resignation as Plaintiff Co-Lead; other Plaintiff Co-Leads continue to serve; appointed Hunter J. Shkolnik to the Plaintiff Executive Committee.,False,False,,"2873 Aqueous Film-Forming Foams Products Liability Litigation/2873, Doc. 6357, ORDER apptg lead counsel.pdf",extracted
old,2874-48,2874,48,2019-04-08,SI,DJ,False,1,0,True,False,False,True,Communications,1,False,False,False,False,False,False,Patent,,False,False,,"2874 IN RE_ RAH Color Technologies LLC Patent Litigation/2874, Doc. 48, P.T. ORDER No. 2 re Appt Liaison.pdf",extracted
old,2875-1997,2875,1997,2022-04-08,RBK,DJ,False,0,0,False,False,True,False,Management,7,False,False,False,False,False,False,,Order modifies existing Plaintiffs' Steering Committee by removing and adding members.,False,False,,"2875 IN RE_ Valsartan Products Liability Litigation/2875, Doc. 1997, ORDER modifying PSC.pdf",extracted
old,2878-31,2878,31,2019-04-22,NMG,DJ,False,1,0,True,True,True,False,LeadCounsel; ClassCounsel,2,False,True,True,True,True,True,,,False,False,,"2878 Ranbaxy Generic Drug Application/2878, Doc. 31, ORDER allowing 23 Motion to Appoint(1).pdf",extracted
old,2873-2259,2873,2259,2022-03-30,RMG,DJ,False,0,0,False,False,True,True,LeadCounsel; Management; Communications,49,False,False,False,False,False,False,,Case Management Order No. 24; appointments and reappointments for March 2022 through March 2023 term.,False,False,,"2873 Aqueous Film-Forming Foams Products Liability Litigation/2873, Doc. 2259, ORDER apptg lead counsel.pdf",extracted
old,2873-1358,2873,1358,2021-03-24,RMG,DJ,False,0,0,False,False,True,True,LeadCounsel; Management; Communications,50,True,False,False,False,False,False,,,False,False,,"2873 Aqueous Film-Forming Foams Products Liability Litigation/2873, Doc. 1358, ORDER apptg counsel to leadership committee.pdf",extracted
old,2873-72,2873,72,2019-04-26,RMG,DJ,False,0,0,True,True,True,True,Management; Communications; Fees; Motions,11,False,False,True,True,False,False,,,False,False,,"2873 Aqueous Film-Forming Foams Products Liability Litigation/2873, Doc. 72, C.M. ORDER 3 (Additional appointments, Time_Expense Submissions).pdf",extracted
old,2873-5253,2873,5253,2024-07-03,RMG,DJ,False,1,0,True,False,True,False,ClassCounsel,4,False,True,False,False,True,False,,"Preliminary approval order for BASF settlement; appoints provisional Class Counsel under Rule 23(g)(3). Non-attorney and non-leadership roles such as Special Master, Claims Administrator, Notice Administrator, Opt Out Administrator, and Escrow Agent excluded from Appointments.",False,False,,"2873 Aqueous Film-Forming Foams Products Liability Litigation/2873, Doc. 5253, ORDER re 5053.pdf",extracted
old,2878-487,2878,487,2021-10-26,NMG,DJ,False,0,0,True,False,True,False,ClassCounsel,2,False,True,False,False,True,False,Antitrust,A.B. Data was appointed notice administrator but excluded because it is not an attorney or law firm leadership appointment.,False,False,,"2878 Ranbaxy Generic Drug Application/2878, Doc. 487, Order Appointing Class Lead Counsel (10-26-2021).pdf",extracted
old,2873-529,2873,529,2020-03-23,RMG,DJ,False,0,0,False,False,True,True,LeadCounsel; Communications; Management,42,False,False,False,False,False,False,,"Appointments for March 2020 through March 2021 term; order reappoints existing leadership and appoints three additional plaintiffs' PEC members. Existing organizational structure, authority, and responsibilities remain as provided in prior CMO No. 2.",False,False,,"2873 Aqueous Film-Forming Foams Products Liability Litigation/2873, Doc. 529, C.M. ORDER 10 (Appointments for 3_2020-2021).pdf",extracted
old,2873-4904,2873,4904,2024-04-25,RMG,DJ,False,0,0,False,False,True,True,LeadCounsel; Communications; Management,54,False,False,False,False,False,False,,,False,False,,"2873 Aqueous Film-Forming Foams Products Liability Litigation/2873, Doc. 4904, ORDER apptg counsel.pdf",extracted
old,2878-469,2878,469,2021-09-24,NMG,DJ,False,1,0,True,True,True,False,ClassCounsel,3,False,True,False,False,True,False,,"Order formally appoints Lead Class Counsel for the certified direct purchaser classes under Rule 23(g). Rust Consulting, Inc. is excluded as a non-attorney notice administrator.",False,False,,"2878 Ranbaxy Generic Drug Application/2878, Doc. 469, Order Appointing Class Lead Counsel (09-24-2021).pdf",extracted
old,2879-1015,2879,1015,2022-05-03,PWG,DJ,False,1,0,True,,True,False,ClassCounsel; Communications; Management,3,False,True,,,True,,,"The order appoints named Co-Lead Class Counsel. It also states that the individuals currently serving as Consumer Plaintiffs' Liaison Counsel and Consumer Plaintiffs' Steering Committee shall continue to do so, but does not name those attorneys and references ECF No. 238.",True,False,,"2879 Marriott International, Inc., Customer Data Security Breach Litigation/2879, Doc. 1015, ORDER Granting and Denying in Part Sealed Motion 858 to Certify Class Action.pdf",extracted
old,2873-48,2873,48,2019-03-20,RMG,DJ,False,7,0,True,True,True,True,LeadCounsel; Management; Communications; Coordination,27,False,False,True,True,False,False,,,False,False,,"2873 Aqueous Film-Forming Foams Products Liability Litigation/2873, Doc. 48, C.M. ORDER 2 (Organization of Counsel).pdf",extracted
old,2885-2177,2885,2177,2021-10-06,MCR,DJ,False,0,0,False,False,True,False,Management; Motions,6,False,False,False,False,False,False,,,False,False,,"2885 3M Combat Arms Earplug Products Liability Litigation/2885, Doc. 2177, CM ORDER No. 28.pdf",extracted
old,2879-3,2879,3,2019-02-13,PWG,DJ,False,2,0,True,True,True,True,Communications,6,True,False,False,True,False,True,,,False,False,,"2879 Marriott International, Inc., Customer Data Security Breach Litigation/2879, Doc. 3, C.M. ORDER 1_ Interim Appointments Marriott.pdf",extracted
old,2885-3,2885,3,2019-04-05,MCR,DJ,False,2,0,True,True,True,False,LeadCounsel; Communications,1,True,False,False,False,False,True,,,False,False,,"2885 3M Combat Arms Earplug Products Liability Litigation/2885, Doc. 3, P.T. ORDER 2 Interim Appointment.pdf",extracted
old,2885-1839,2885,1839,2021-07-12,MCR,DJ,False,1,0,True,False,,,Vetting; Trial,2,False,False,False,False,False,False,,Order states the Court will appoint a subcommittee led by Chris Seeger and Barry Fields to analyze current-case data and inform future handling of cases for trial; no firms or side stated.,False,False,,"2885 3M Combat Arms Earplug Products Liability Litigation/2885, Doc. 1839, CM ORDER No. 20.pdf",extracted
old,2878-32,2878,32,2019-04-22,NMG,DJ,False,1,0,True,,True,False,LeadCounsel; ClassCounsel,6,False,True,True,True,True,False,,,False,False,,"2878 Ranbaxy Generic Drug Application/2878, Doc. 32, ORDER allowing 18 Motion to Appoint.pdf",extracted
old,2885-1131,2885,1131,2020-05-17,MCR,DJ,False,0,0,True,True,True,False,LeadCounsel; Communications; Management; Fees; Discovery; Vetting; Motions; Expert; Settlement,49,False,False,,False,False,False,,,False,False,,"2885 3M Combat Arms Earplug Products Liability Litigation/2885, Doc. 1131, P.T. ORDER 38 Amended Reappointments 3M.pdf.pdf",extracted
old,2875-96,2875,96,2019-05-06,RBK,DJ,False,7,0,True,False,True,True,LeadCounsel; Communications; Management; Discovery; Expert; Motions; Fees,43,False,False,False,False,False,False,,,False,False,,"2875 IN RE_ Valsartan Products Liability Litigation/2875, Doc. 96, C.M. ORDER Approving PL and D_s Leadership Structures.pdf",extracted
old,2885-3836,2885,3836,2023-09-11,MCR,DJ,False,0,1,True,False,True,False,LeadCounsel; Management,1,False,False,False,False,False,False,,"Order terminates the existing plaintiff leadership structure, except Bryan Aylstock continues in his lead counsel role for settlement-related discussions. Source filename references Doc. 3836, but order header shows Document 3863.",False,False,,"2885 3M Combat Arms Earplug Products Liability Litigation/2885, Doc. 3836, CM ORDER No. 66, P_s leadership termination.pdf",extracted
old,2885-1130,2885,1130,2020-05-16,MCR,DJ,False,0,0,True,True,True,False,LeadCounsel; Communications; Management; Fees; Discovery; Vetting; Motions; Expert; Settlement,49,False,False,False,False,False,False,,,False,False,,"2885 3M Combat Arms Earplug Products Liability Litigation/2885, Doc. 1130, P.T. ORDER 37 Pl. Lead Reappointments.pdf",extracted
old,2885-453,2885,453,2019-06-20,MCR,DJ,False,0,0,True,False,False,True,Communications; Discovery; Settlement,10,False,False,False,False,False,False,,,False,False,,"2885 3M Combat Arms Earplug Products Liability Litigation/2885, Doc. 453, P.T. ORDER 11 Defense Leadership Appointments.pdf",extracted
old,2879-238,2879,238,2019-04-29,PWG,DJ,True,15,0,True,True,True,True,LeadCounsel; Communications; Management; Discovery; ClassCounsel,33,False,True,True,True,True,True,,"The order states it considered competing motions to appoint lead counsel, liaison counsel, and steering committee members. Some headings/text contain apparent typographical inconsistencies for liaison-counsel sections.",False,False,,"2879 Marriott International, Inc., Customer Data Security Breach Litigation/2879, Doc. 238, C.M. ORDER 2_ Appointing Lead Counsel, Liaison Counsel and Steering Committee.pdf",extracted
old,2886-22,2886,22,2019-12-17,DCN,DJ,False,5,0,True,True,True,True,LeadCounsel; Management; Communications,12,False,False,True,True,False,False,,,False,False,,"2886 IN RE_ Allura Fiber Cement Siding Products Liability Litigation/2886, Doc. 22, Appointment ORDER.pdf",extracted
old,2886-25,2886,25,2020-12-18,DCN,DJ,False,1,0,True,True,True,False,ClassCounsel,10,False,True,False,False,True,False,,Angeion Group was appointed as Claims Administrator and Adjudicator but is excluded as a non-attorney/non-law-firm appointment.,False,False,,"2886 IN RE_ Allura Fiber Cement Siding Products Liability Litigation/2886, Doc. 25, ORDER, Granting Preliminary Approval of Class Settlem_t.pdf",extracted
old,2885-1795,2885,1795,2021-05-26,MCR,DJ,False,0,0,True,True,True,False,LeadCounsel; Management; Communications; Fees; Discovery; Vetting; Motions; Expert; Settlement,45,False,False,False,False,False,False,,Pretrial Order No. 77 reappoints existing plaintiff leadership; all attorneys who reapplied were reappointed.,False,False,,"2885 3M Combat Arms Earplug Products Liability Litigation/2885, Doc. 1795, ORDER P_s leadership reappointments.pdf",extracted
old,2885-3080,2885,3080,2022-05-06,MCR,DJ,False,0,0,True,True,True,False,LeadCounsel; Management; Communications; Fees; Discovery; Vetting; Motions; Expert; Settlement,52,False,False,False,False,False,False,,,False,False,,"2885 3M Combat Arms Earplug Products Liability Litigation/2885, Doc. 3080, CM ORDER No. 46, P_s leadership reappointments.pdf",extracted
new,3043-1356,3043,1356,2023-11-29,DLC,DJ,False,0,0,True,False,True,False,LeadCounsel; Communications; Management; Motions; Vetting; Bellwether; Discovery; Expert; Settlement; Coordination,22,False,False,False,False,False,False,,Order renews certain plaintiffs' leadership appointments and adds new members; no firms stated.,False,False,shares date+title with 1 other order(s),"3047 IN RE Social Media Adolescent Addic/US_DIS_NYSD_1_22md3043_1356_ORDER_ PLAINTIFFS_ LEADERSHIP_ Accordingly, it is _1356_0.pdf",extracted
old,2887-20,2887,20,2019-07-31,JAR,DJ,True,6,0,True,True,True,True,LeadCounsel; Communications; ClassCounsel; Management,10,True,False,True,True,True,True,,,False,False,,"2887 Hill_s Pet Nutrition, Inc./2887, Doc. 20, ORDER Appointing Counsel.pdf",extracted
old,2885-3734,2885,3734,2023-05-15,MCR,DJ,False,0,0,True,True,True,False,LeadCounsel; Communications; Management; Fees; Discovery; Vetting; Motions; Expert; Settlement,52,False,False,False,False,False,False,,,False,False,,"2885 3M Combat Arms Earplug Products Liability Litigation/2885, Doc. 3734, CM ORDER no. 56, P_s leadership reappointment.pdf",extracted
old,2885-376,2885,376,2019-05-22,MCR,DJ,True,14,0,True,True,True,False,LeadCounsel; Communications; Management; Discovery; Vetting; Motions; Expert; Fees; Settlement,53,False,False,True,True,False,True,,Gregory C. Graf's appointment is contingent on a personal interview.,False,False,,"2885 3M Combat Arms Earplug Products Liability Litigation/2885, Doc. 376, P.T. ORDER 7 Pl Leadership Appointment.pdf",extracted
