MDL_NO,CAPTION,JUDGE,DISTRICT,DATE_FILED,DATE_TRANSFERRED,DATE_TERMINTAED,MASTER_DOCKET,TOTAL_ACTIONS,TYPE,APPOINTMENT_ORDER,APPOINTMENT_ORDER_CONTESTED,PLAINTIFF_LEAD_COUNSEL ,PLAINTIFF_LEAD_COUNSEL_AUTHORITY,PLAINTIFF_LEAD_COUNSEL_DUTIES,PLAINTIFF_LEADERSHIP_STRUCTURE, PLAINTIFF_LEADERSHIP_AUTHORITY ,PLAINTIFF_LEADERSHIP_DUTIES ,PLAINTIFF_LIAISON_COUNSEL ,DEFENSE_LEAD_COUNSEL,DEFENSE_LEADERSHIP_STRUCTURE  ,DEFENSE _LIAISON_COUNSEL ,RULE_23,MCL,LIMIT_NONLEADER_PRACTICE ,FINANCIAL_CONTRIBUTION,LEADERSHIP_COMPENSATION,RECORDKEEPING,COMMENTS_OLD,Notes,Assigned to,Complete,Order_Count,Sum_OU_Create,Sum_OU_Terminate,Net_OUs,YEARS_PENDING,Source_Table
875,875 IN RE: Asbestos Products Liability Litigation (No. VI),"Robreno, Eduardo C.",PAE,1991-01-17,1991-07-29,2006-07-10,2:91-md-875,192106,Products Liability,1,0,0,0,0,1,1,0,1,0,1,0,0,0,0,0,0,0,Order in sample vacates prior order and re-establishes leadersihp committees - UNABLE TO PULL FROM DOCKET ON BLOOMBERG,Excluded from study because orders aren't available electronically,,,0,0,0,0,,old
1431,1431 IN RE: Baycol Products Liability Litigation,"Davis, Michael James",MN,2001-08-21,2001-12-18,2002-02-01,0:01-md-1431,9107,Products Liability,1,1,1,1,0,1,1,0,1,1,0,1,0,1,0,0,0,0,Order recognizes non-leads; right to go their own way - UNABLE TO PULL FROM DOCKET ON BLOOMBERG ,,David Noll,checked,2,4,0,4,,old
1566,1566 IN RE: Western States Wholesale Natural Gas Antitrust Litigation,"Jones, Robert Clive",NV,2003-07-16,2003-11-06,2003-11-21,2:03-cv-01431,35,Antitrust,1,0,1,1,0,0,0,0,0,0,0,0,0,0,1,0,0,0,Stipulated order,"There are a lot of appointments in this MDL as plaintiffs got classes certified and class counsel appointments for the purposes of settlements with 1-2 defendants at a time. So there are lots of appointments, but they are generally the same firms appointed to represent the same classes, just for the purposes of settlement with a different defendant. The court also issued separate orders for preliminary and final approval of each settlement.",Robert Vogel,checked,18,17,0,17,,old
1570,"1570 IN RE: Terrorist Attacks on September 11, 2001","Daniels, George B.",NYS,2003-08-21,2003-12-09,,1:03-md-1570,329,Common Disaster,1,0,0,0,0,1,1,0,1,0,0,0,0,0,0,1,0,0,,,David Noll,checked,2,3,0,3,,old
1654,"1654 IN RE: Compression Labs, Inc., Patent Litigation",Jeremy D. Fogel,CAN,,2005-02-16 00:00:00,2007-06-05 00:00:00,5:05-md-01654,,Intellectual Property,,,,,,,,,,,,,,,,,,,,,DN/complete/manual,,,,,,2.3,new
1655,1655 IN RE: USF Red Star Inc. Worker Notification Litigation,Petrese B. Tucker,PAE,,2005-02-16 00:00:00,2006-03-14 00:00:00,2:05-md-01655,,,,,,,,,,,,,,,,,,,,,,,DN/complete/no matching orders,,,,,,1.08,new
1656,1656 IN RE: CP Ships Ltd. Securities Litigation,James D. Whittemore,FLM,,2005-02-17 00:00:00,2006-03-03 00:00:00,8:05-md-01656,,Securities,,,,,,,,,,,,,,,,,,,,,DN/complete/manual,,,,,,1.04,new
1657,"1657 IN RE: Vioxx Marketing, Sales Practices and Products Liability Litigation",Eldon E. Fallon,LAE,,2005-02-16 00:00:00,2018-09-20 00:00:00,2:05-md-01657,,Products Liability,,,,,,,,,,,,,,,,,,,,,Complete/already downloaded,,,,,,13.59,new
1658,"1658 IN RE: Merck & Co., Inc., Securities, Derivative & ERISA Litigation",Stanley R. Chesler,NJ,,2005-02-23 00:00:00,2016-09-23 00:00:00,2:05-cv-01151,,Securities,,,,,,,,,,,,,,,,,,,,,DN/complete/manual,,,,,,11.58,new
1659,1659 IN RE: Nortel Networks Corp. Securities Litigation,Loretta A. Preska,NYS,,2005-02-22 00:00:00,2006-12-26 00:00:00,1:05-md-01659,,Securities,,,,,,,,,,,,,,,,,,,,,DN/complete/manual,,,,,,1.84,new
1660,"1660 IN RE: PharmaStem Therapeutics, Inc., Patent Litigation",Gregory Moneta Sleet,DE,,2005-02-16 00:00:00,2010-08-03 00:00:00,"1:05-md-01660, 1:02-cv-00148",,Intellectual Property,,,,,,,,,,,,,,,,,,,,,DN/complete/no matching orders,,,,,,5.46,new
1661,1661 IN RE: Rivastigmine Patent Litigation,Harold Baer Jr,NYS,,2005-02-16 00:00:00,2008-09-25 00:00:00,1:05-md-01661,,Intellectual Property,,,,,,,,,,,,,,,,,,,,,DN/complete/co-work,,,,,,3.61,new
1663,1663 IN RE: Insurance Brokerage Antitrust Litigation,"Cecchi, Claire C.",NJ,2004-11-19,2005-02-17,,2:04-cv-5184,52,Antitrust,1,1,1,1,0,0,0,0,0,0,0,0,0,0,1,0,1,0,"""This Court expects that all attorneys will hereafter put aside their differences and work in harmony in the best interests of their clients and with the utmost professionalism.""",,David Noll,checked,4,5,0,5,,old
1665,1665 IN RE: Acacia Media Technologies Corp. Patent Litigation,James Ware,CAN,,2005-02-24 00:00:00,2010-05-02 00:00:00,"5:05-md-01665, 5:05-cv-01114",,Intellectual Property,,,,,,,,,,,,,,,,,,,,,DN/complete/co-work,,,,,,5.19,new
1668,"1668 IN RE: Federal National Mortgage Association Securities, Derivative & ERISA Litigation",Richard J. Leon,DC,,2005-05-17 00:00:00,2017-10-19 00:00:00,1:05-mc-00234,,Securities,,,,,,,,,,,,,,,,,,,,,DN/complete/co-work,,,,,,12.42,new
1671,1671 IN RE: Reformulated Gasoline (RFG) Antitrust & Patent Litigation,Christina A. Snyder,CAC,,2005-05-04 00:00:00,2008-12-17 00:00:00,2:05-ml-01671,,Antitrust,,,,,,,,,,,,,,,,,,,,,DN/complete/co-work,,,,,,3.62,new
1672,"1672 IN RE: Express Scripts, Inc., Pharmacy Benefits Management Litigation",Henry Edward Autrey,MOE,,2005-04-29 00:00:00,2015-12-10 00:00:00,4:05-md-01672,,Miscellaneous,,,,,,,,,,,,,,,,,,,,,DN/complete/co-work,,,,,,10.61,new
1673,1673 IN RE: Circular Thermostat Antitrust Litigation,William Haskell Alsup,CAN,,2005-05-03 00:00:00,2006-02-27 00:00:00,"3:05-md-01673, M:05-cv-01673",,,,,,,,,,,,,,,,,,,,,,,Not to be assigned,,,,,,0.82,new
1674,1674 IN RE: Community Bank of Northern Virginia Mortgage Lending Practices Litigation,Arthur J. Schwab,PAW,,2005-04-28 00:00:00,2017-02-09 00:00:00,2:03-cv-00425,,,,,,,,,,,,,,,,,,,,,,,DN/complete/co-work,,,,,,11.78,new
1675,1675 IN RE: ACE Limited Securities Litigation,Timothy J. Savage,PAE,,2005-05-02 00:00:00,2009-06-24 00:00:00,2:05-md-01675,,Securities,,,,,,,,,,,,,,,,,,,,,DN/complete/co-work,,,,,,4.14,new
1677,1677 IN RE: NovaStar Home Mortgage Inc. Mortgage Lending Practices Litigation,William T. Moore Jr,GAS,,2005-04-26 00:00:00,2007-09-18 00:00:00,4:05-cv-01677,,,,,,,,,,,,,,,,,,,,,,BHS manually downloaded electronic records from bloomberg on 6/8,BHS/complete/manual download,,,,,,2.39,new
1682,1682 IN RE: Hydrogen Peroxide Antitrust Litigation,Stewart R. Dalzell,PAE,,2005-06-16 00:00:00,2010-12-07 00:00:00,2:05-cv-00666,,Antitrust,,,,,,,,,,,,,,,,,,,,,DN/complete/co-work,,,,,,,new
1684,1684 IN RE: Plastics Additives Antitrust Litigation (No. II),Legrome D. Davis,PAE,,2005-06-16 00:00:00,2012-10-24 00:00:00,"2:05-md-01684, 2:03-cv-02038",,Antitrust,,,,,,,,,,,,,,,,,,,,,DN/complete/co-work,,,,,,,new
1686,1686 IN RE: Iraq and Afghanistan Detainees,Thomas F. Hogan,DC,,2005-06-17 00:00:00,2007-03-27 00:00:00,"1:06-mc-00145, 1:05-mc-00267",,Miscellaneous,,,,,,,,,,,,,,,,,,,,,DN/complete/co-work,,,,,,,new
1687,1687 IN RE: Ford Motor Co. E-350 Van PL (No. II),Esther Salas,NJ,,2005-06-16 00:00:00,2013-07-15 00:00:00,2:03-cv-04558,,Products Liability,,,,,,,,,,,,,,,,,,,,,DN/complete/co-work,,,,,,,new
1688,"1688 IN RE: Pfizer Inc. SEC, DER and ERISA",Laura Taylor Swain,NYS,,2005-06-16 00:00:00,2014-07-16 00:00:00,1:05-md-01688,,Securities,,,,,,,,,,,,,,,,,,,,,DN/complete/co-work,,,,,,,new
1689,1689 IN RE: Air Crash Near Woodbury,Charles P. Sifton,NYE,,2005-06-24 00:00:00,2007-09-06 00:00:00,1:05-md-01689,,Air Disaster,,,,,,,,,,,,,,,,,,,,Confirmed no electronic records available on Lexis 6/8/26; BHS confirmed no electronic records on Bloomberg on 6/8,DN/complete/no electronic records avail,,,,,,,new
1695,1695 IN RE: Veeco Instruments Inc. SEC,Colleen McMahon,NYS,,2005-08-22 00:00:00,2008-03-28 00:00:00,1:05-md-01695,,Securities,,,,,,,,,,,,,,,,,,,,,DN/complete/co-work,,,,,,,new
1696,"1696 IN RE: Sierra Wireless, Inc., SEC",Sidney H. Stein,NYS,,2005-08-22 00:00:00,2007-05-15 00:00:00,1:05-md-01696,,Securities,,,,,,,,,,,,,,,,,,,,,DN/complete/co-work,,,,,,,new
1698,"1698 IN RE: American General Life & Accident Insurance Co. Retiree Benefits ""ERISA""",Henry Lee Adams Jr.,FLM,,2005-08-17 00:00:00,2009-03-26 00:00:00,3:05-md-01698,,Employment Practices,,,,,,,,,,,,,,,,,,,,,BHS/complete/co-work,,,,,,,new
1699,"1699 IN RE: Bextra and Celebrex Marketing, SP & PL",Charles R. Breyer,CAN,,2005-09-06 00:00:00,2013-04-11 00:00:00,3:05-md-01699,,Sales Practices,,,,,,,,,,,,,,,,,,,,,BHS/complete/co-work,,,,,,,new
1700,"1700 IN RE: FedEx Ground Package System, Inc., Employment Practices Litigation (No. II)","Miller, Robert L.",INN,2005-05-13,2005-08-10,2005-09-27,3:05-md-527,72,Employment Practices ,1,0,1,1,0,1,1,0,1,1,0,1,0,0,0,0,0,0,Entered by magistrate judge,,David Noll,checked,3,6,0,6,,old
1702,"1702 IN RE: Air Crash Near Kirksville, Missouri - 10/19/04",Jean C. Hamilton,MOE,,2005-08-16 00:00:00,2008-02-04 00:00:00,4:05-md-01702,,Air Disaster,,,,,,,,,,,,,,,,,,,,,BHS/complete/co-work,,,,,,,new
1703,"1703 IN RE: Sears, Roebuck & Co. Tools Marketing & SP",John Francis Grady,ILN,,2005-08-12 00:00:00,2012-10-17 00:00:00,1:05-cv-04742,,Sales Practices,,,,,,,,,,,,,,,,,,,,,BHS/complete/co-work,,,,,,,new
1704,1704 IN RE: M3Power Razor System Marketing & SP,Douglas Preston Woodlock,MA,,2005-10-27 00:00:00,2011-04-12 00:00:00,1:05-cv-11177,,Sales Practices,,,,,,,,,,,,,,,,,,,,,BHS/complete/co-work,,,,,,,new
1705,1705 IN RE: Xybernaut Corp. SEC,Leonie M. Brinkema,VAE,,2005-11-04 00:00:00,2008-02-20 00:00:00,1:05-cv-01705,,Securities,,,,,,,,,,,,,,,,,,,,"Confirmed no electronic records available on Lexis 6/8/26; BHS downloaded only order available from Bloomberg on 6/8/26, rest are not available",BHS/complete/manual download,,,,,,,new
1706,1706 IN RE: Doral Financial Corp. SEC,Jed Saul Rakoff,NYS,,2005-10-31 00:00:00,2007-07-17 00:00:00,1:05-md-01706,,Securities,,,,,,,,,,,,,,,,,,,,,DN/complete/co-work,,,,,,,new
1708,1708 IN RE: Guidant Corp. Implantable Defibrillators PL,Donovan W. Frank,MN,,2005-11-07 00:00:00,2012-08-20 00:00:00,0:05-md-01708,,Products Liability,,,,,,,,,,,,,,,,,,,,,DN/complete/co-work,,,,,,,new
1712,1712 IN RE: American Investors Life Insurance Co. Annuity Marketing & SP,Mary A. McLaughlin,PAE,,2005-10-25 00:00:00,2011-08-16 00:00:00,2:05-md-01712,,Sales Practices,,,,,,,,,,,,,,,,,,,,,DN/complete/co-work,,,,,,,new
1713,1713 IN RE: Bank of America ATM Fee,Patti B. Saris,MA,,2005-10-31 00:00:00,2007-03-14 00:00:00,1:05-cv-10713,,(Double Check),,,,,,,,,,,,,,,,,,,,,DN/complete/co-work,,,,,,,new
1714,1714 IN RE: Rhodia S.A. SEC,Deborah A. Batts,NYS,,2005-10-21 00:00:00,2008-06-13 00:00:00,1:05-md-01714,,Securities,,,,,,,,,,,,,,,,,,,,,DN/complete/co-work,,,,,,,new
1715,1715 IN RE: Ameriquest Mortgage Co. Mortgage Lending Practices Litigation,Marvin E. Aspen,ILN,,2005-12-13 00:00:00,2018-01-17 00:00:00,1:05-cv-7097,,(Double Check),,,,,,,,,,,,,,,,,,,,,DN/complete/co-work,,,,,,,new
1717,1717 IN RE: Intel Corp. Microprocessor Antitrust Litigation,Leonard P. Stark,DE,,2005-11-08 00:00:00,2015-09-25 00:00:00,1:05-md-01717,,Antitrust,,,,,,,,,,,,,,,,,,,,,DN/complete/co-work,,,,,,,new
1718,1718 IN RE: Ford Motor Co. Speed Control Deactiviation Switch PL,Bernard A. Friedman,MIE,,2005-10-28 00:00:00,2013-08-06 00:00:00,2:05-md-01718,,Products Liability,,,,,,,,,,,,,,,,,,,,,DN/complete/co-work,,,,,,,new
1720,1720 IN RE: Payment Card Interchange Fee and Merchant Discount Antitrust Litigation,"Brodie, Margo K.",NYE,2005-07-28,2005-10-19,,1:05-md-1720,109,Antitrust,1,1,0,0,0,1,1,1,0,0,0,0,1,1,0,0,0,0,Decided by MJ Orenstein; lots of motion practice; interesting discussion of Payless only wanting to help Milberg; must quote discussion of duties,,Robert Vogel,checked,4,7,0,7,,old
1721,1721 IN RE: Cessna 208 Series Aircraft PL,Kathryn Hoefer Vratil,KS,,2005-12-07 00:00:00,2011-07-21 00:00:00,2:05-md-01721,,Products Liability,,,,,,,,,,,,,,,,,,,,,DN/complete/co-work,,,,,,,new
1724,1724 IN RE: Viagra PL,Paul Arthur Magnuson,MN,,2006-01-26 00:00:00,2011-11-14 00:00:00,0:06-md-01724,,Products Liability,,,,,,,,,,,,,,,,,,,,,DN/complete/co-work,,,,,,,new
1725,"1725 IN RE: Delphi Corp. SEC, DER & ""ERISA""",Gerald Ellis Rosen,MIE,,2005-12-12 00:00:00,2009-03-19 00:00:00,2:05-md-01725,,Securities,,,,,,,,,,,,,,,,,,,,,DN/complete/co-work,,,,,,,new
1726,"1726 IN RE: Medtronic, Inc., Implantable Defibrillators PL",James M. Rosenbaum,MN,,2008-12-07 00:00:00,2009-06-30 00:00:00,0:05-md-01726,,Products Liability,,,,,,,,,,,,,,,,,,,,,Not to be assigned,,,,,,,new
1727,1727 IN RE: COBRA Tax Shelters,William T. Lawrence,INS,,2005-12-06 00:00:00,2009-05-07 00:00:00,1:05-ml-09727,,(Double Check),,,,,,,,,,,,,,,,,,,,,DN/complete/co-work,,,,,,,new
1730,1730 IN RE: Hypodermic Products Antitrust Litigation,Jose L. Linares,NJ,,2005-12-19 00:00:00,2014-08-26 00:00:00,2:05-cv-01602,,Antitrust,,,,,,,,,,,,,,,,,,,,,DN/complete/co-work,,,,,,,new
1733,1733 IN RE: Teflon PL,Ronald Earl Longstaff,IAS,,2006-02-21 00:00:00,2009-05-05 00:00:00,4:06-md-01733,,Products Liability,,,,,,,,,,,,,,,,,,,,,DN/complete/co-work,,,,,,,new
1735,1735 IN RE: Wal-Mart Wage and Hour EP,Philip Martin Pro,NV,,2006-02-16 00:00:00,2009-11-02 00:00:00,2:06-cv-00225,,Employment Practices,,,,,,,,,,,,,,,,,,,,,DN/complete/co-work,,,,,,,new
1736,1736 IN RE: Celexa and Lexapro PL,Rodney W. Sippel,MOE,,2006-02-16 00:00:00,2013-09-04 00:00:00,4:06-md-01736,,Products Liability,,,,,,,,,,,,,,,,,,,,,DN/complete/co-work,,,,,,,new
1737,"1737 IN RE: American Honda Motor Co., Inc., Oil Filter PL",Christina A. Snyder,CAC,,2006-02-24 00:00:00,2009-10-26 00:00:00,2:06-ml-01737,,Products Liability,,,,,,,,,,,,,,,,,,,,,DN/complete/co-work,,,,,,,new
1738,1738 IN RE: Vitamin C Antitrust Litigation,"Cogan, Brian M.",NYE,2005-11-10,2006-02-14,,1:06-md-1738,10,Antitrust,1,0,1,0,0,0,0,0,0,0,0,0,1,0,0,0,0,0,Cursory order,Court grants class certification but does not specifically name class counsel.,Robert Vogel,checked,1,4,0,4,,old
1739,1739 IN RE: Grand Theft Auto Video Game Consumer (No. II),Richard Joseph Sullivan,NYS,,2006-02-13 00:00:00,2010-03-31 00:00:00,1:06-md-01739,,Miscellaneous,,,,,,,,,,,,,,,,,,,,,DN/complete/co-work,,,,,,,new
1740,"1740 IN RE: Canon U.S.A., Inc. Digital Cameras PL",Jed Saul Rakoff,NYS,,2006-02-24 00:00:00,2007-07-16 00:00:00,1:06-md-01740,,Products Liability,,,,,,,,,,,,,,,,,,,,,DN/complete/co-work,,,,,,,new
1741,"1741 IN RE: Isolagen, Inc., SEC & DER",Ronald Lawrence Buckwalter,PAE,,2006-02-23 00:00:00,2009-05-20 00:00:00,2:06-md-01741,,Securities,,,,,,,,,,,,,,,,,,,,,DN/complete/co-work,,,,,,,new
1742,1742 IN RE: Ortho Evra PL,David A. Katz,OHN,,2006-03-01 00:00:00,2015-01-07 00:00:00,1:06-cv-40000,,Products Liability,,,,,,,,,,,,,,,,,,,,,DN/complete/co-work,,,,,,,new
1743,1743 IN RE: American Family Mutual Insurance Co. Overtime Pay,Wiley Young Daniel,CO,,2006-02-13 00:00:00,2010-12-15 00:00:00,1:06-cv-17430,,Employment Practices,,,,,,,,,,,,,,,,,,,,,DN/complete/co-work,,,,,,,new
1744,"1744 IN RE: Marsh & McLennan Companies, Inc., SEC",Colleen McMahon,NYS,,2006-04-18 00:00:00,2009-12-23 00:00:00,1:06-md-01744,,Securities,,,,,,,,,,,,,,,,,,,,,DN/complete/co-work,,,,,,,new
1745,1745 IN RE: Live Concert Antitrust Litigation,Stephen V. Wilson,CAC,,2006-04-17 00:00:00,2012-08-27 00:00:00,2:06-ml-01745,,Antitrust,,,,,,,,,,,,,,,,,,,,,DN/complete/co-work,,,,,,,new
1748,1748 IN RE: Profiler PL,G. Patrick Murphy,ILS,,2006-04-24 00:00:00,2011-09-29 00:00:00,3:06-cv-01748,,Products Liability,,,,,,,,,,,,,,,,,,,,,DN/complete/co-work,,,,,,,new
1749,1749 IN RE: General Motors Corp. SEC & DER,Gerald Ellis Rosen,MIE,,2006-04-17 00:00:00,2009-01-06 00:00:00,2:06-md-01749,,Securities,,,,,,,,,,,,,,,,,,,,,DN/complete/co-work,,,,,,,new
1750,1750 IN RE: Sony BMG Audio Compact Disc,Naomi Reice Buchwald,NYS,,2006-04-19 00:00:00,2006-06-23 00:00:00,1:06-md-01750,,,,,,,,,,,,,,,,,,,,,,,Not to be assigned,,,,,,,new
1751,1751 IN RE: Jamster Marketing,Jeffrey T. Miller,CAS,,2006-04-14 00:00:00,2010-07-20 00:00:00,3:05-cv-00819,,Miscellaneous,,,,,,,,,,,,,,,,,,,,,DN/complete/co-work,,,,,,,new
1753,"1753 IN RE: Standard Automotive Corp. Retiree Benefits ""ERISA""",Nancy Gertner,MA,,2006-05-02 00:00:00,2007-08-30 00:00:00,"1:05-cv-10355, 1:06-cv-10812?",,,,,,,,,,,,,,,,,,,,,,Confirmed no electronic records available on Lexis 6/8/26; BHS confirmed no electronic records available on 6/8/2026,DN/complete/no electronic records avail,,,,,,,new
1754,1754 IN RE: Apple iPod nano PL,Ronald M. Whyte,CAN,,2006-04-17 00:00:00,2009-12-23 00:00:00,5:06-md-01754,,Products Liability,,,,,,,,,,,,,,,,,,,,"BHS downloaded four available records on 6/8/26. Rest are not available. Note that there were erroneous orders from a different MDL in the folder; BHS could not delete, received error message",BHS/complete/manual download,,,,,,,new
1755,1755 IN RE: Bayou Hedge Funds Investment,Colleen McMahon,NYS,,2006-04-18 00:00:00,2009-07-20 00:00:00,1:06-md-01755,,Securities,,,,,,,,,,,,,,,,,,,,,DN/complete/co-work,,,,,,,new
1760,1760 IN RE: Aredia and Zometa PL,Todd J. Campbell,TNM,,2006-04-18 00:00:00,2014-09-26 00:00:00,3:06-md-01760,,Products Liability,,,,,,,,,,,,,,,,,,,,,DN/complete/co-work,,,,,,,new
1761,1761 IN RE: Ditropan XL Antitrust Litigation,Jeffrey S. White,CAN,,2006-04-17 00:00:00,2008-01-24 00:00:00,3:06-md-01761,,Antitrust,,,,,,,,,,,,,,,,,,,,,GFB/complete/co-work,,,,,,,new
1763,1763 IN RE: Human Tissue PL,William J. Martini,NJ,,2006-06-21 00:00:00,2013-11-05 00:00:00,2:06-cv-00135,,Products Liability,,,,,,,,,,,,,,,,,,,,,BHS/complete/co-work,,,,,,,new
1767,1767 IN RE: H&R Block Mortgage Corp. Prescreening,Rudy J. Lozano,INN,,2006-06-20 00:00:00,2008-07-02 00:00:00,2:06-md-00230,,,,,,,,,,,,,,,,,,,,,,,BHS/complete/co-work,,,,,,,new
1768,1768 IN RE: Methyl Methacrylate (MMA) Antitrust Litigation,Timothy J. Savage,PAE,,2006-06-20 00:00:00,2009-09-29 00:00:00,"2:06-md-01768, 2:10-md-01768",,Antitrust,,,,,,,,,,,,,,,,,,,,,GFB/complete/co-work,,,,,,,new
1769,1769 IN RE: Seroquel Products Liability Litigation,Anne C. Conway,FLM,,2006-07-06 00:00:00,2013-02-14 00:00:00,6:06-md-01769,,Products Liability,,,,,,,,,,,,,,,,,,,,,DN/complete/supplemented RA download,,,,,,,new
1770,1770 IN RE: Wells Fargo Home Mortgage Overtime Pay,Edward Milton Chen,CAN,,2006-06-15 00:00:00,2011-12-08 00:00:00,3:06-md-01770,,,,,,,,,,,,,,,,,,,,,,,DN/complete/supplemented RA download,,,,,,,new
1771,"1771 IN RE: ""A Million Little Pieces""",Richard J. Holwell,NYS,,2006-06-14 00:00:00,2007-12-04 00:00:00,1:06-md-01771,,,,,,,,,,,,,,,,,,,,,,,DN/complete/supplemented RA download,,,,,,,new
1772,1772 IN RE: Series 7 Broker Qualification Exam Scoring,John D. Bates,DC,,2006-06-27 00:00:00,2007-09-07 00:00:00,1:06-mc-00355,,,,,,,,,,,,,,,,,,,,,,,DN/complete/supplemented RA download,,,,,,,new
1775,1775 IN RE: Air Cargo Shipping Services Antitrust Litigation,Brian Mark Cogan,NYE,,2006-06-20 00:00:00,2019-02-06 00:00:00,1:06-md-01775,,Antitrust,,,,,,,,,,,,,,,,,,,,,GFB/complete/co-work,,,,,,,new
1777,"1777 IN RE: SFBC International, Inc., SEC & DER",Stanley R. Chesler,NJ,,2006-06-21 00:00:00,2008-03-10 00:00:00,2:06-cv-00165,,Securities,,,,,,,,,,,,,,,,,,,,,DN/complete/supplemented RA download,,,,,,,new
1780,1780 IN RE: Digital Music Antitrust Litigation,Loretta A. Preska,NYS,,2006-08-16 00:00:00,2008-10-21 00:00:00,1:06-md-01780,,Antitrust,,,,,,,,,,,,,,,,,,,,,GFB/complete/co-work,,,,,,,new
1781,1781 IN RE: Cintas Corp. Overtime Pay Arbitration,Richard Gaylore Stearns,CAN,,2006-08-18 00:00:00,2011-06-14 00:00:00,3:06-md-01781,,,,,,,,,,,,,,,,,,,,,,,DN/complete/supplemented RA download,,,,,,,new
1782,1782 IN RE: Pharmacy Benefit Managers Antitrust Litigation,C. Darnell Jones II,PAE,,2006-08-24 00:00:00,2017-01-19 00:00:00,2:06-md-01782,,Antitrust,,,,,,,,,,,,,,,,,,,,,GFB/complete/co-work,,,,,,,new
1785,1785 IN RE: Bausch & Lomb Inc. Contact Lens Solution PL,David C. Norton,SC,,2006-08-14 00:00:00,2012-08-07 00:00:00,2:06-mn-77777,,Products Liability,,,,,,,,,,,,,,,,,,,,,DN/complete/supplemented RA download,,,,,,,new
1786,"1786 IN RE: H&R Block, Inc., Express IRA Marketing",Richard Everett Dorr,MOW,,2006-08-14 00:00:00,2010-05-17 00:00:00,4:06-md-01786,,Miscellaneous,,,,,,,,,,,,,,,,,,,,,DN/complete/supplemented RA download,,,,,,,new
1788,"1788 IN RE: Qwest Communications International, Inc. SEC & ""ERISA"" (No. II)",Robert E. Blackburn,CO,,2006-08-15 00:00:00,2009-05-27 00:00:00,1:06-cv-17880,,,,,,,,,,,,,,,,,,,,,,,DN/complete/supplemented RA download,,,,,,,new
1789,1789 IN RE: Fosamax PL,John Fontaine Keenan,NYS,,2006-08-16 00:00:00,2018-06-11 00:00:00,1:06-md-01789,,Products Liability,,,,,,,,,,,,,,,,,,,,,DN/complete/supplemented RA download,,,,,,,new
1790,1790 IN RE: Volkswagen and Audi Warranty Extension,William G. Young,MA,,2006-08-29 00:00:00,2011-03-31 00:00:00,1:07-md-01790,,Miscellaneous,,,,,,,,,,,,,,,,,,,,,DN/complete/supplemented RA download,,,,,,,new
1791,1791 IN RE: IN RE: National Security Agency Telecommunications Records Litigation,Vaughn R. Walker,CAN,,2006-08-09 00:00:00,2011-02-01 00:00:00,4:06-md-01791,,Miscellaneous,,,,,,,,,,,,,,,,,,,,,DN/complete/supplemented RA download,,,,,,,new
1792,"1792 IN RE: InPhonic, Inc., Wireless Phone Rebate",Ellen Segal Huvelle,DC,,2006-10-25 00:00:00,2010-02-15 00:00:00,1:06-mc-00507,,Miscellaneous,,,,,,,,,,,,,,,,,,,,,BHS/complete/co-work,,,,,,,new
1793,1793 IN RE: International Air Transportation Surcharge Antitrust Litigation,Charles R. Breyer,CAN,,2006-10-25 00:00:00,2009-11-19 00:00:00,3:06-md-01793,,Antitrust,,,,,,,,,,,,,,,,,,,,,BHS/complete/co-work,,,,,,,new
1794,1794 IN RE: Novartis Wage and Hour,Paul Austin Crotty,NYS,,2006-10-30 00:00:00,2009-01-13 00:00:00,1:06-md-01794,,Employment Practices,,,,,,,,,,,,,,,,,,,,,BHS/complete/co-work,,,,,,,new
1796,1796 IN RE: Department of Veterans Affairs (VA) Data Theft,James Robertson,DC,,2006-11-03 00:00:00,2009-09-29 00:00:00,1:06-mc-00506,,Miscellaneous,,,,,,,,,,,,,,,,,,,,,BHS/complete/co-work,,,,,,,new
1798,1798 IN RE: Long-Distance Telephone Service Federal Excise Tax Refund,Royce C. Lamberth,DC,,2006-12-28 00:00:00,2008-03-25 00:00:00,1:07-mc-00014,,Miscellaneous,,,,,,,,,,,,,,,,,,,,,GFB/complete/co-work,,,,,,,new
1799,1799 IN RE: Vonage Initial Public Offering (IPO) SEC,Freda L. Wolfson,NJ,,2007-01-09 00:00:00,2009-12-04 00:00:00,3:07-cv-00177,,Securities,,,,,,,,,,,,,,,,,,,,,GFB/complete/co-work,,,,,,,new
1803,"1803 IN RE: Banc of America Investment Services, Inc., Overtime Pay",Alicemarie H. Stotler,CAC,,2006-12-19 00:00:00,2008-03-24 00:00:00,"8:06-cv-00167, 8:07-ml-01803?",,,,,,,,,,,,,,,,,,,,,,,DN/complete/co-work,,,,,,,new
1804,1804 IN RE: Stand 'n Seal PL,Thomas W. Thrash Jr.,GAN,,2007-01-05 00:00:00,2013-01-10 00:00:00,1:07-md-01804,,Products Liability,,,,,,,,,,,,,,,,,,,,,DN/complete/co-work,,,,,,,new
1806,"1806 IN RE: Morgan Stanley & Co., Inc., Overtime Pay (No. II)",Roger T. Benitez,CAS,,2006-12-27 00:00:00,2009-07-10 00:00:00,3:04-cv-01858?,,,,,,,,,,,,,,,,,,,,,,,DN/complete/co-work,,,,,,,new
1807,"1807 IN RE: Wachovia Securities, LLC, Wage and Hour",David O. Carter,CAC,,2006-12-22 00:00:00,2009-10-06 00:00:00,8:07-ml-01807,,Employment Practices,,,,,,,,,,,,,,,,,,,,,DN/complete/co-work,,,,,,,new
1809,1809 IN RE: Terminix EP,Saundra Brown Armstrong,CAN,,2006-12-19 00:00:00,2008-10-17 00:00:00,"4:06-cv-00024, 4:07-cv-00656?",,Employment Practices,,,,,,,,,,,,,,,,,,,,Confirmed no matching orders 6/8/26,DN/complete/no marching orders,,,,,,,new
1810,"1810 IN RE: MERSCORP Inc., et al., Real Estate Settlement Procedures Act (RESPA)",Janis Graham Jack,TXS,,2007-01-10 00:00:00,2008-05-16 00:00:00,2:07-md-01810,,,,,,,,,,,,,,,,,,,,,,,DN/complete/co-work,,,,,,,new
1811,1811 IN RE: Genetically Modified Rice Litigation,Catherine D. Perry,MOE,,2006-12-19 00:00:00,2015-09-14 00:00:00,4:06-md-01811,,Miscellaneous,,,,,,,,,,,,,,,,,,,,"Massive docket. Most CMOs not available as PDFs, but got the initial order appointing leadership. ",DN/complete/co-work,,,,,,,new
1816,1816 IN RE: Katz Interactive Call Processing PAT,Robert Gary Klausner,CAC,,2007-03-20 00:00:00,2014-12-22 00:00:00,2:07-ml-01816,,Intellectual Property,,,,,,,,,,,,,,,,,,,,Large docket. Only grabbed CMOS.,DN/complete/co-work,,,,,,,new
1817,1817 IN RE: CertainTeed Corp. Roofing Shingle PL,Robert F. Kelly,PAE,,2007-02-15 00:00:00,2011-06-07 00:00:00,2:07-md-01817,,Products Liability,,,,,,,,,,,,,,,,,,,,,DN/complete/co-work,,,,,,,new
1818,1818 IN RE: CitiFinancial Services Incorporated Prescreened Offer,James F. Holderman,ILN,,2007-02-15 00:00:00,2008-05-06 00:00:00,1:07-cv-01018,,,,,,,,,,,,,,,,,,,,,,Confirmed no electronic records available on Lexis 6/8/26; BHS confirmed that there are no available records on Bloomberg on 6/8/2026,DN/complete/no electronic documents available,,,,,,,new
1819,1819 IN RE: Static Random Access Memory (SRAM) Antitrust Litigation,Claudia Ann Wilken,CAN,,2007-02-09 00:00:00,2012-08-02 00:00:00,4:07-md-01819,,Antitrust,,,,,,,,,,,,,,,,,,,,,DN/complete/co-work,,,,,,,new
1820,"1820 IN RE: Webloyalty.com, Inc., Marketing & SP",Joseph Louis Tauro,MA,,2007-02-15 00:00:00,2009-07-13 00:00:00,1:07-md-01820,,Sales Practices,,,,,,,,,,,,,,,,,,,,,DN/complete/co-work,,,,,,,new
1822,1822 IN RE: Bluetooth Headset PL,Dale S. Fischer,CAC,,2007-02-20 00:00:00,2009-09-25 00:00:00,2:07-ml-01822,,Products Liability,,,,,,,,,,,,,,,,,,,,,DN/complete/co-work,,,,,,,new
1824,1824 IN RE: Tri-State Water Rights,Paul Arthur Magnuson,FLM,,2007-03-20 00:00:00,2012-08-15 00:00:00,3:07-md-00001,,,,,,,,,,,,,,,,,,,,,,,DN/complete/co-work,,,,,,,new
1825,1825 IN RE: Midland National Life Insurance Co. Annuity SP,Christina A. Snyder,CAC,,2007-05-02 00:00:00,2011-07-12 00:00:00,2:07-ml-01825,,Sales Practices,,,,,,,,,,,,,,,,,,,,,DN/complete/co-work,,,,,,,new
1826,1826 IN RE: Graphics Processing Units Antitrust Litigation,William Haskell Alsup,CAN,,2007-04-18 00:00:00,2009-04-01 00:00:00,3:07-md-01826,,Antitrust,,,,,,,,,,,,,,,,,,,,,DN/complete/co-work,,,,,,,new
1827,1827 IN RE: TFT-LCD (Flat Panel) Antitrust Litigation,Susan Yvonne Illston,CAN,,2007-04-17 00:00:00,2016-06-01 00:00:00,3:07-md-01827,,Antitrust,,,,,,,,,,,,,,,,,,,,"Huge docket. Starting with Part III, limited to orders that contain appoint, remove, modify, or pretrial",DN/complete/co-work,,,,,,,new
1828,"1828 IN RE: Imagitas, Inc., Drivers' Privacy Protection Act",Timothy J. Corrigan,FLM,,2007-05-08 00:00:00,2010-09-02 00:00:00,3:07-md-00002,,Miscellaneous,,,,,,,,,,,,,,,,,,,,,DN/complete/co-work,,,,,,,new
1829,1829 IN RE: Vision Service Plan Tax,James L. Graham,OHS,,2007-05-02 00:00:00,2010-06-23 00:00:00,2:07-md-01829,,,,,,,,,,,,,,,,,,,,,,,DN/complete/co-work,,,,,,,new
1831,1831 IN RE: Orthopaedic Implant Device Antitrust Litigation,John Daniel Tinder,INS,,2007-04-18 00:00:00,2007-10-23 00:00:00,1:07-ml-9831,,,,,,,,,,,,,,,,,,,,,,,Not to be assigned,,,,,,,new
1832,1832 IN RE: Pilgrim's Pride Fair Labor Standards Act,Harry F. Barnes,ARW,,2007-05-10 00:00:00,2010-04-02 00:00:00,1:07-cv-01832,,Employment Practices,,,,,,,,,,,,,,,,,,,,,DN/complete/co-work,,,,,,,new
1836,1836 IN RE: Mirapex Products Liability Litigation,"Davis, Michael James",MN,2007-02-06,2007-06-22,,0:07-md-1836,441,Products Liability,1,0,1,1,1,0,0,0,1,1,0,1,0,0,0,0,0,0,Entered by MJ; uses case caption template,,David Noll,checked,1,4,0,4,,old
1838,"1838 IN RE: The TJX Companies, Inc., Customer Data Security Breach",William G. Young,MA,,2007-06-28 00:00:00,2009-09-11 00:00:00,1:07-cv-10162,,Miscellaneous,,,,,,,,,,,,,,,,,,,,,DN/complete/co-work,,,,,,,new
1840,1840 IN RE: Motor Fuel Temperature SP,Kathryn Hoefer Vratil,KS,,2007-06-18 00:00:00,2016-10-05 00:00:00,2:07-md-01840,,Sales Practices,,,,,,,,,,,,,,,,,,,,,DN/complete/co-work,,,,,,,new
1841,1841 IN RE: Wells Fargo Loan Processor Overtime Pay,Edward Milton Chen,CAN,,2007-06-22 00:00:00,2011-09-30 00:00:00,3:07-md-01841,,Employment Practices,,,,,,,,,,,,,,,,,,,,,DN/complete/co-work,,,,,,,new
1842,1842 IN RE: Kugel Mesh Hernia Patch PL,Mary M. Lisi,RI,,2007-06-22 00:00:00,2017-09-08 00:00:00,1:07-md-01842,,Products Liability,,,,,,,,,,,,,,,,,,,,,DN/complete/co-work,,,,,,,new
1844,"1844 IN RE: Air Crash Near Peixoto de Azeveda, Brazil - 9/29/06",Brian Mark Cogan,NYE,,2007-06-22 00:00:00,2008-07-03 00:00:00,1:07-md-01844,,Air Disaster,,,,,,,,,,,,,,,,,,,,,DN/complete/co-work,,,,,,,new
1845,1845 IN RE: ConAgra Peanut Butter PL,Thomas W. Thrash Jr.,GAN,,2007-07-17 00:00:00,2015-04-02 00:00:00,1:07-md-01845,,Products Liability,,,,,,,,,,,,,,,,,,,,,DN/complete/co-work,,,,,,,new
1846,"1846 IN RE: Trade Partners, Inc., Investors",Robert Holmes Bell,MIW,,2007-06-26 00:00:00,2015-05-04 00:00:00,1:07-md-01846,,Miscellaneous,,,,,,,,,,,,,,,,,,,,,DN/complete/co-work,,,,,,,new
1848,"1848 IN RE: Rembrandt Technologies, LP, PAT",Gregory Moneta Sleet,DE,,2007-06-18 00:00:00,2011-04-13 00:00:00,1:07-md-01848,,Intellectual Property,,,,,,,,,,,,,,,,,,,,,DN/complete/co-work,,,,,,,new
1849,"1849 IN RE: C.H. Robinson Worldwide, Inc., Overtime Pay",Joan N. Ericksen,MN,,2007-07-13 00:00:00,2008-02-21 00:00:00,0:07-md-01849,,,,,,,,,,,,,,,,,,,,,,,Not to be assigned,,,,,,,new
1850,1850 IN RE: Pet Food PL,Noel L. Hillman,NJ,,2007-06-22 00:00:00,2008-11-19 00:00:00,1:07-cv-02867,,Products Liability,,,,,,,,,,,,,,,,,,,,,DN/complete/co-work,,,,,,,new
1851,1851 IN RE: Desloratadine PAT,Mary Little Cooper,NJ,,2007-08-16 00:00:00,2009-09-15 00:00:00,3:07-cv-03930,,Intellectual Property,,,,,,,,,,,,,,,,,,,,,DN/complete/co-work,,,,,,,new
1853,"1853 IN RE: The TJX Companies, Inc., Fair and Accurate Credit Transactions Act (FACTA)",Kathryn Hoefer Vratil,KS,,2007-09-14 00:00:00,2008-07-02 00:00:00,2:07-md-01853,,,,,,,,,,,,,,,,,,,,,,,Not to be assigned,,,,,,,new
1854,"1854 IN RE: Tyson Foods, Inc., Fair Labor Standards Act (FLSA)",Clay D. Land,GAM,,2007-08-17 00:00:00,2011-09-16 00:00:00,4:07-md-01854,,Employment Practices,,,,,,,,,,,,,,,,,,,,,DN/complete/co-work,,,,,,,new
1857,1857 IN RE: Schering Marketing & SP (No. II),Stanley R Chesler,NJ,,2007-08-16 00:00:00,2010-06-09 00:00:00,2:06-cv-05774?,,Sales Practices,,,,,,,,,,,,,,,,,,,,,DN/complete/co-work,,,,,,,new
1861,1861 IN RE: Wellnx Marketing & SP,Richard Gaylore Stearns,MA,,2007-08-31 00:00:00,2011-12-08 00:00:00,1:07-md-01861,,Sales Practices,,,,,,,,,,,,,,,,,,,,,DN/complete/co-work,,,,,,,new
1862,1862 IN RE: Vonage Marketing & SP,Freda L. Wolfson,NJ,,2007-08-15 00:00:00,2011-05-19 00:00:00,3:07-cv-03906,,Sales Practices,,,,,,,,,,,,,,,,,,,,,DN/complete/co-work,,,,,,,new
1864,"1864 IN RE: Charlotte Russe, Inc., Fair and Accurate Credit Transactions Act (FACTA)",Robert Gary Klausner,CAC,,2007-08-30 00:00:00,2008-07-30 00:00:00,2:07-ml-01864,,,,,,,,,,,,,,,,,,,,,,,Not to be assigned,,,,,,,new
1865,1865 IN RE: Household Goods Movers Antitrust Litigation,David C. Norton,SC,,2007-08-16 00:00:00,2012-02-10 00:00:00,2:07-cv-00764,,Antitrust,,,,,,,,,,,,,,,,,,,,,DN/complete/co-work,,,,,,,new
1866,1866 IN RE: Brimonidine PAT,Gregory Moneta Sleet,DE,,2007-08-20 00:00:00,2009-11-23 00:00:00,1:07-md-01866,,Intellectual Property,,,,,,,,,,,,,,,,,,,,,DN/complete/co-work,,,,,,,new
1867,1867 IN RE: OnStar CONT,Sean Francis Cox,MIE,,2007-08-17 00:00:00,2013-08-02 00:00:00,"2:07-md-01867, 2:07-cv-11830",,Contract,,,,,,,,,,,,,,,,,,,,,DN/complete/co-work,,,,,,,new
1869,1869 IN RE: Rail Freight Fuel Surcharge Antitrust Litigation,"Friedman, Paul L.",DC,2007-06-06,2007-11-06,,1:07-mc-489,19,Antitrust,1,1,1,0,0,1,0,0,0,0,0,0,1,0,0,0,0,0,Contested,,Robert Vogel,checked,6,10,0,10,,old
1870,1870 IN RE: Greenwood Credit Union Prescreening,Joseph Louis Tauro,MA,,2007-10-24 00:00:00,2008-08-22 00:00:00,"1:07-md-01870,  2:07-cv-01983",,,,,,,,,,,,,,,,,,,,,,,Not to be assigned,,,,,,,new
1871,"1871 IN RE: Avandia Marketing, Sales Practices and Products Liability Litigation","Rufe, Cynthia M.",PAE,2007-06-11,2007-10-16,2008-04-09,2:07-md-1871,5299,Products Liability,1,1,0,0,0,1,0,0,1,0,0,0,0,0,0,0,0,0,,"There are some interesting motions in this litigation over fees and, in particular, taxes attorneys in state litigation to fund the MDL. Years after the MDL was formed, in 2016, third-party class litigation began and moved to appoint lead counsel and a leadership structure, but we don't have records about how the court resolved those motions.
",David Noll,checked,13,11,1,10,,old
1872,1872 IN RE: Wayne Farms LLC Fair Labor Standards Act,Keith Starrett,MSS,,2007-11-02 00:00:00,2010-03-31 00:00:00,2:07-md-01872,,Employment Practices,,,,,,,,,,,,,,,,,,,,,DN/complete/co-work,,,,,,,new
1873,1873 IN RE: FEMA Trailer Formaldehyde PL,Kurt Damian Engelhardt,LAE,,2007-10-24 00:00:00,2015-05-11 00:00:00,2:07-md-01873,,Products Liability,,,,,,,,,,,,,,,,,,,,Massive MDL. Only retrieved pre-trial orders.,DN/complete/co-work,,,,,,,new
1875,1875 IN RE: RadioShack Corp. ERISA,Terry R. Means,TXN,,2007-10-22 00:00:00,2011-05-10 00:00:00,4:08-md-01875,,Employment Practices,,,,,,,,,,,,,,,,,,,,,DN/complete/co-work,,,,,,,new
1876,1876 IN RE: Long Beach Mortgage Company Truth in Lending Act 1-4 Family Rider,Wayne R. Andersen,ILN,,2007-11-14 00:00:00,2010-02-22 00:00:00,1:07-cv-06543,,Miscellaneous,,,,,,,,,,,,,,,,,,,,,DN/complete/co-work,,,,,,,new
1877,1877 IN RE: ClassicStar Mare Lease,Joseph Martin Hood,KYE,,2007-10-19 00:00:00,2019-04-12 00:00:00,5:07-cv-00353,,Miscellaneous,,,,,,,,,,,,,,,,,,,,,DN/complete/co-work,,,,,,,new
1878,"1878 IN RE: Southwest Exchange, Inc., Internal Revenue Service § 1031 Tax Deferred Exchange",Robert Clive Jones,NV,,2007-10-18 00:00:00,2013-10-31 00:00:00,2:07-cv-01394,,Miscellaneous,,,,,,,,,,,,,,,,,,,,,DN/complete/co-work,,,,,,,new
1879,1879 IN RE: Sterling Financial Corp. SEC,Lawrence F. Stengel,PAE,,2007-10-26 00:00:00,2009-08-05 00:00:00,2:07-md-01879,,Securities,,,,,,,,,,,,,,,,,,,,,DN/complete/co-work,,,,,,,new
1880,1880 IN RE: Papst Licensing Digital Camera Patent Litigation,"Moss, Randolph D.",DC,2007-07-13,2007-11-05,,1:07-mc-493,21,Intellectual Property,0,0,0,0,0,0,0,0,0,0,0,0,0,0,0,0,0,0,No appointment order; patent case,No appointment order found,Reynold Orsua,checked,0,0,0,0,,old
1881,"1881 IN RE: Boscov's Department Store, LLC, Fair and Accurate Credit Transactions Act (FACTA)",Joseph E. Irenas,NJ,,2007-10-17 00:00:00,2008-09-05 00:00:00,1:07-cv-05093,,,,,,,,,,,,,,,,,,,,,,,Not to be assigned,,,,,,,new
1886,1886 IN RE: Refined Petroleum Products Antitrust Litigation,Simeon Timothy Lake III,TXS,,2007-12-18 00:00:00,2009-01-09 00:00:00,4:07-md-01886,,Antitrust,,,,,,,,,,,,,,,,,,,,,DN/complete/co-work,,,,,,,new
1888,1888 IN RE: Marine Hose Antitrust Litigation (No. II),Donald L. Graham,FLS,,2008-01-23 00:00:00,2011-07-19 00:00:00,1:08-md-01888,,Antitrust,,,,,,,,,,,,,,,,,,,,,DN/complete/co-work,,,,,,,new
1889,"1889 IN RE: Peregrine Systems, Inc., SEC",Roger T. Benitez,CAS,,2008-01-02 00:00:00,2017-10-16 00:00:00,3:02-cv-00870,,Securities,,,,,,,,,,,,,,,,,,,,,DN/complete/co-work,,,,,,,new
1891,"1891 IN RE: Korean Air Lines Co., Ltd., Antitrust Litigation",S. James Otero,CAC,,2007-12-19 00:00:00,2014-08-22 00:00:00,2:07-cv-05107,,Antitrust,,,,,,,,,,,,,,,,,,,,,DN/complete/co-work,,,,,,,new
1892,1892 IN RE: KFC Corp. Fair Labor Standards Act,David S. Doty,MN,,2008-01-03 00:00:00,2008-11-20 00:00:00,0:08-md-01892,,,,,,,,,,,,,,,,,,,,,,,Not to be assigned,,,,,,,new
1893,1893 IN RE: RC2 Corp. Toy Lead Paint PL,Harry D. Leinenweber,ILN,,2007-12-19 00:00:00,2008-10-17 00:00:00,1:07-cv-07184,,,,,,,,,,,,,,,,,,,,,,,Not to be assigned,,,,,,,new
1894,"1894 IN RE: U.S. Foodservice, Inc., Pricing",Alvin W. Thompson,CT,,2007-12-18 00:00:00,2014-12-18 00:00:00,3:07-md-01894,,Miscellaneous,,,,,,,,,,,,,,,,,,,,,DN/complete/co-work,,,,,,,new
1895,1895 IN RE: LTL Shipping Services Antitrust Litigation,"William S. Duffey, Jr.",GAN,,2007-12-20 00:00:00,2009-01-28 00:00:00,1:08-md-01895,,Antitrust,,,,,,,,,,,,,,,,,,,,,DN/complete/co-work,,,,,,,new
1896,1896 IN RE: General Motors Corp. Speedometer PL,John C. Coughenour,WAW,,2008-01-08 00:00:00,2008-12-02 00:00:00,2:07-cv-00291,,,,,,,,,,,,,,,,,,,,,,,Not to be assigned,,,,,,,new
1897,"1897 IN RE: Mattel, Inc., Toy Lead Paint PL",Dale S. Fischer,CAC,,2007-12-18 00:00:00,2010-03-26 00:00:00,2:07-ml-01897,,Products Liability,,,,,,,,,,,,,,,,,,,,,DN/complete/co-work,,,,,,,new
1898,1898 IN RE: American Home Mortgage SEC,Thomas Collier Platt Jr.,NYE,,2007-12-19 00:00:00,2012-08-03 00:00:00,2:07-md-01898,,Securities,,,,,,,,,,,,,,,,,,,,,DN/complete/co-work,,,,,,,new
1899,1899 IN RE: Southeastern Milk Antitrust Litigation,J. Ronnie Greer,TNE,,2008-01-07 00:00:00,2013-05-17 00:00:00,2:08-md-01000,,Antitrust,,,,,,,,,,,,,,,,,,,,,DN/complete/co-work,,,,,,,new
1902,1902 IN RE: Refco Inc. SEC,Jed Saul Rakoff,NYS,,2007-12-28 00:00:00,2014-10-23 00:00:00,1:07-md-01902,,Securities,,,,,,,,,,,,,,,,,,,,,DN/complete/co-work,,,,,,,new
1903,"1903 IN RE: PepsiCo, Inc., Bottled Water Marketing & SP",Cathy Seibel,NYS,,2008-02-14 00:00:00,2008-12-15 00:00:00,7:08-md-01903,,,,,,,,,,,,,,,,,,,,,,,Not to be assigned,,,,,,,new
1904,"1904 IN RE: OSI Restaurant Partners, LLC, Fair and Accurate Credit Transactions Act (FACTA)",Thomas N. O'Neill Jr. ,PAE,,2008-02-20 00:00:00,2008-09-24 00:00:00,2:08-md-01904,,,,,,,,,,,,,,,,,,,,,,,Not to be assigned,,,,,,,new
1905,"1905 IN RE: Medtronic, Inc., Sprint Fidelis Leads PL",Richard House Kyle,MN,,2008-02-21 00:00:00,2011-12-12 00:00:00,0:08-md-01905,,Products Liability,,,,,,,,,,,,,,,,,,,,,DN/complete/co-work,,,,,,,new
1907,1907 IN RE: Aurora Dairy Corp. Organic Milk Marketing & SP,E. Richard Webber,MOE,,2008-02-20 00:00:00,2013-02-28 00:00:00,4:08-md-01907,,Sales Practices,,,,,,,,,,,,,,,,,,,,,DN/complete/co-work,,,,,,,new
1909,1909 IN RE: Gadolinium Contrast Dyes PL,Dan A. Polster,OHN,,2008-02-27 00:00:00,2015-04-30 00:00:00,1:08-gd-50000,,Products Liability,,,,,,,,,,,,,,,,,,,,,DN/complete/co-work,,,,,,,new
1910,"1910 IN RE: Phoenix Licensing, L.L.C., PAT",Mary Helen Murguia,AZ,,2008-02-20 00:00:00,2009-03-16 00:00:00,2:08-md-01910,,Intellectual Property,,,,,,,,,,,,,,,,,,,,,DN/complete/co-work,,,,,,,new
1911,"1911 IN RE: Michelin North America, Inc., PAX Systems Marketing & SP",Roger W. Titus,MD,,2008-02-15 00:00:00,2010-12-21 00:00:00,8:08-md-01911,,Sales Practices,,,,,,,,,,,,,,,,,,,,,DN/complete/co-work,,,,,,,new
1912,1912 IN RE: Fasteners Antitrust Litigation,Richard Barclay Surrick,PAE,,2008-02-27 00:00:00,2014-11-20 00:00:00,2:08-md-01912,,Antitrust,,,,,,,,,,,,,,,,,,,,,DN/complete/co-work,,,,,,,new
1913,1913 IN RE: Transpacific Passenger Air Transportation Antitrust Litigation,"Breyer, Charles R.",CAN,2007-11-20,2008-02-19,,3:07-cv-5634,26,Antitrust,1,0,1,0,0,0,0,0,0,0,0,0,1,0,0,0,0,0,Class action; orders appoints interim lead counsel pursuant to Rule 23(g),,Robert Vogel,checked,2,2,0,2,,old
1914,1914 IN RE: Mercedes-Benz Tele Aid CONT,Dickinson Richards Debevoise,NJ,,2008-02-26 00:00:00,2012-08-03 00:00:00,2:07-cv-02720,,Contract,,,,,,,,,,,,,,,,,,,,,DN/complete/co-work,,,,,,,new
1916,"1916 IN RE: Chiquita Brands International, Inc., Alien Tort Statute and Shareholders Derivative Litigation - DERIVATIVE ACTION; THERE IS A SEPARATE APPOINTMENT ORDER FOR THE ""DC"" ACTION THAT I SHOULD NOTE","Marra, Kenneth A.",FLS,2007-11-28,2008-02-20,,0:08-md-1916,28,Miscellanous,1,0,1,0,0,0,0,0,0,0,0,0,0,0,0,0,0,0,"Two orders: ""DC"" and derivative actions. Both uncontested","There are appointments to be lead-counsel of specific groups of actions or a single action, but there was no lead counsel for the entire MDL. 
",Robert Vogel,checked,2,2,0,2,,old
1917,1917 IN RE: Cathode Ray Tube (CRT) Antitrust Litigation,"Tigar, Jon S.",CAN,2007-11-29,2008-02-15,,3:07-cv-5944,74,Antitrust,1,1,1,1,0,0,0,0,0,0,0,0,1,0,0,0,0,0,Class action; orders appoints interim lead counsel pursuant to Rule 23(g); declines to appoint co-leads becuase it would require creation of organizational structure that already exists in single lead's law firm,,Robert Vogel,checked,9,10,0,10,,old
1919,"1919 IN RE: Washington Mutual, Inc., SEC, DER & ERISA",Marsha J. Pechman,WAW,,2008-02-21 00:00:00,2011-12-15 00:00:00,2:08-md-01919,,Securities,,,,,,,,,,,,,,,,,,,,,DN/complete/co-work,,,,,,,new
1920,1920 IN RE: Saturn L-Series Timing Chain PL,Laurie Smith Camp,NE,,2008-02-19 00:00:00,2009-06-10 00:00:00,8:07-cv-00298,,Products Liability,,,,,,,,,,,,,,,,,,,,,DN/complete/co-work,,,,,,,new
1921,"1921 IN RE: Nissan North America, Inc., Odometer (No. II)",Aleta Arthur Trauger,TNM,,2008-04-07 00:00:00,2012-01-20 00:00:00,3:08-md-01921,,Miscellaneous,,,,,,,,,,,,,,,,,,,,,GFB/complete/co-work,,,,,,,new
1925,"1925 IN RE: Medan, Indonesia - 9/5/05 AD",John F. Grady,ILN,,2008-04-10 00:00:00,2009-01-09 00:00:00,"1:08-cv-02357, 1:07-cv-00250",,,,,,,,,,,,,,,,,,,,,,,Not to be assigned,,,,,,,new
1926,1926 IN RE: Halftone Color Separations ('809) PAT,Cormac J. Carney,CAC,,2008-04-10 00:00:00,2009-11-30 00:00:00,8:08-ml-01926,,Intellectual Property,,,,,,,,,,,,,,,,,,,,,DN/COMPLETE/co-work,,,,,,,new
1927,1927 IN RE: Texas Roadhouse Fair and Accurate Credit Transactions Act (FACTA),Charles Ronald Norgle Sr.,ILN,,2008-04-07 00:00:00,2009-09-08 00:00:00,1:08-cv-02361,,Miscellaneous,,,,,,,,,,,,,,,,,,,,Confirmed no matching orders 6/8/26,DN/complete/no matching orders,,,,,,,new
1928,1928 IN RE: Trasylol PL,Donald M. Middlebrooks,FLS,,2008-04-07 00:00:00,2015-08-10 00:00:00,1:08-md-01928,,Products Liability,,,,,,,,,,,,,,,,,,,,,DN/complete/co-work,,,,,,,new
1930,1930 IN RE: Wells Fargo Mortgage Lending Practices,Maxine M. Chesney,CAN,,2008-04-10 00:00:00,2012-03-22 00:00:00,3:08-md-01930,,Miscellaneous,,,,,,,,,,,,,,,,,,,,,DN/complete/co-work,,,,,,,new
1931,1931 IN RE: Virgin Mobile Initial Public Offering (IPO) SEC,Susan Davis Wigenton,NJ,,2008-04-07 00:00:00,2011-02-28 00:00:00,2:07-cv-05619,,Securities,,,,,,,,,,,,,,,,,,,,,DN/complete/co-work,,,,,,,new
1932,"1932 IN RE: Family Dollar Stores, Inc., Wage and Hour EP",Graham Calder Mullen,NCW,,2008-04-08 00:00:00,2016-03-31 00:00:00,3:08-md-01932,,Employment Practices,,,,,,,,,,,,,,,,,,,,,DN/complete/co-work,,,,,,,new
1933,"1933 IN RE: Merrill Lynch & Co., Inc., SEC, DER & ERISA",Jed Saul Rakoff,NYS,,2008-04-07 00:00:00,2012-08-15 00:00:00,1:07-cv-09633,,Securities,,,,,,,,,,,,,,,,,,,,,DN/complete/co-work,,,,,,,new
1934,1934 IN RE: Epogen and Aranesp Off-Label Marketing & SP,Philip S. Gutierrez,CAC,,2008-04-08 00:00:00,2009-06-17 00:00:00,2:08-ml-01934,,Sales Practices,,,,,,,,,,,,,,,,,,,,,DN/complete/co-work,,,,,,,new
1935,1935 IN RE: Chocolate Confectionary Antitrust Litigation,Christopher C. Conner,PAM,,2008-04-07 00:00:00,2014-04-17 00:00:00,1:08-mdl-01935,,Antitrust,,,,,,,,,,,,,,,,,,,,,DN/complete/co-work,,,,,,,new
1936,"1936 IN RE: Train Derailment near Tyrone, OK - 4/21/05",Barbara S. Jones,NYS,,2008-04-10 00:00:00,2011-04-28 00:00:00,1:08-md-01936,,Common Disaster,,,,,,,,,,,,,,,,,,,,,DN/complete/co-work,,,,,,,new
1937,1937 IN RE: United States Postal Service Privacy Act,James L. Robart,WAW,,2008-04-09 00:00:00,2009-08-25 00:00:00,2:08-md-01937,,Miscellaneous,,,,,,,,,,,,,,,,,,,,,DN/complete/co-work,,,,,,,new
1938,"1938 IN RE: Vytorin/Zetia Marketing, SP and PL",Dennis M. Cavanaugh,NJ,,2008-04-08 00:00:00,2010-02-09 00:00:00,2:08-cv-00285,,Products Liability,,,,,,,,,,,,,,,,,,,,,DN/complete/co-work,,,,,,,new
1939,1939 IN RE: Oilily Fair and Accurate Credit Transactions Act (FACTA),Susan Yvonne Illston,CAN,,2008-04-10 00:00:00,2008-08-28 00:00:00,3:08-md-01939,,,,,,,,,,,,,,,,,,,,,,,Not to be assigned,,,,,,,new
1940,1940 IN RE: Aqua Dots PL,James F. Holderman,ILN,,2008-04-09 00:00:00,2012-09-07 00:00:00,1:08-cv-02364,,Products Liability,,,,,,,,,,,,,,,,,,,,,DN/complete/co-work,,,,,,,new
1941,1941 IN RE: Alfuzosin Hydrochloride PAT,Gregory Moneta Sleet,DE,,2008-06-09 00:00:00,2010-08-03 00:00:00,1:08-md-01941,,Intellectual Property,,,,,,,,,,,,,,,,,,,,,DN/complete/co-work,,,,,,,new
1942,1942 IN RE: Flat Glass Antitrust Litigation (No. II),Donetta W. Ambrose,PAW,,2008-06-10 00:00:00,2015-08-12 00:00:00,2:08-mc-00180,,Antitrust,,,,,,,,,,,,,,,,,,,,,DN/complete/co-work,,,,,,,new
1943,1943 IN RE: Levaquin PL,John R. Tunheim,MN,,2008-06-13 00:00:00,2017-07-19 00:00:00,0:08-md-01943,,Products Liability,,,,,,,,,,,,,,,,,,,,,DN/complete/co-work,,,,,,,new
1945,1945 IN RE: State Street Bank and Trust Co. Fixed Income Funds Investment,Paul Austin Crotty,NYS,,2008-06-16 00:00:00,2013-08-12 00:00:00,1:08-md-01945,,Miscellaneous,,,,,,,,,,,,,,,,,,,,,DN/complete/co-work,,,,,,,new
1946,"1946 IN RE: BP Products North America, Inc., Antitrust Litigation (No. II)",James B. Zagel,ILN,,2008-06-09 00:00:00,2012-09-07 00:00:00,"1:08-cv-03361,  1:06-cv-03541, 1:06-cv-03621?",,Antitrust,,,,,,,,,,,,,,,,,,,,,DN/complete/co-work,,,,,,,new
1947,1947 IN RE: Make-up Art Cosmetics (M.A.C.) Fair and Accurate Credit Transactions Act (FACTA),Dean D. Pregerson,CAC,,2008-06-09 00:00:00,2008-09-19 00:00:00,2:08-ml-01947,,,,,,,,,,,,,,,,,,,,,,,Not to be assigned,,,,,,,new
1948,"1948 IN RE: Vtran Media Technologies, LLC, PAT",Michael M. Baylson,PAE,,2008-06-10 00:00:00,2010-12-15 00:00:00,2:08-md-01948,,Intellectual Property,,,,,,,,,,,,,,,,,,,,,DN/complete/co-work,,,,,,,new
1949,1949 IN RE: Rosuvastatin Calcium PAT,Joseph James Farnan Jr.,DE,,2008-06-13 00:00:00,2010-07-13 00:00:00,1:08-md-01949,,Intellectual Property,,,,,,,,,,,,,,,,,,,,,DN/complete/co-work,,,,,,,new
1950,1950 IN RE: Municipal Derivatives Antitrust Litigation,Victor Marrero,NYS,,2008-06-16 00:00:00,2018-08-24 00:00:00,"1:08-md-01950, 1:08-cv-02516",,Antitrust,,,,,,,,,,,,,,,,,,,,,DN/complete/co-work,,,,,,,new
1952,1952 IN RE: Packaged Ice Antitrust Litigation,Paul D. Borman,MIE,,2008-06-05 00:00:00,2017-10-16 00:00:00,2:08-md-01952,,Antitrust,,,,,,,,,,,,,,,,,,,,,DN/complete/co-work,,,,,,,new
1953,1953 IN RE: Heparin PL,James G. Carr,OHN,,2008-06-06 00:00:00,2016-09-23 00:00:00,1:08-hc-60000,,Products Liability,,,,,,,,,,,,,,,,,,,,,DN/complete/co-work,,,,,,,new
1954,1954 IN RE: Hannaford Bros. Co. Customer Data Security Breach,David Brock Hornby,ME,,2008-06-09 00:00:00,2010-10-28 00:00:00,2:08-md-01954,,Miscellaneous,,,,,,,,,,,,,,,,,,,,,DN/complete/co-work,,,,,,,new
1955,"1955 IN RE: Orleans Homebuilders, Inc., Fair Labor Standards Act (FLSA)",Jan Ely DuBois,PAE,,2008-06-10 00:00:00,2009-08-07 00:00:00,2:08-md-01955,,Employment Practices,,,,,,,,,,,,,,,,,,,,,DN/complete/co-work,,,,,,,new
1956,1956 IN RE: Toshiba America HD DVD Marketing & SP,Dickinson Richards Debevoise,NJ,,2008-08-18 00:00:00,2010-02-02 00:00:00,2:08-cv-00939,,Sales Practices,,,,,,,,,,,,,,,,,,,,,DN/complete/co-work,,,,,,,new
1957,1957 IN RE: Aftermarket Automotive Filters Antitrust Litigation,Robert William Gettleman,ILN,,2008-08-18 00:00:00,2013-09-04 00:00:00,1:08-cv-04883,,Antitrust,,,,,,,,,,,,,,,,,,,,,GFB/complete/co-work,,,,,,,new
1958,1958 IN RE: Zurn Pex Plumbing PL,Ann D. Montgomery,MN,,2008-08-21 00:00:00,2013-08-01 00:00:00,0:08-md-01958,,Products Liability,,,,,,,,,,,,,,,,,,,,,DN/complete/co-work,,,,,,,new
1959,1959 IN RE: Panacryl Sutures PL,Terrence William Boyle,NCE,,2008-08-18 00:00:00,2012-08-15 00:00:00,5:08-md-01959,,Products Liability,,,,,,,,,,,,,,,,,,,,,BHS/complete/co-work,,,,,,,new
1960,1960 IN RE: Puerto Rican Cabotage Antitrust Litigation,Daniel R. Dominguez,PR,,2008-08-13 00:00:00,2011-09-15 00:00:00,3:08-md-01960,,Antitrust,,,,,,,,,,,,,,,,,,,,,GFB/complete/co-work,,,,,,,new
1961,"1961 IN RE: Municipal Mortgage & Equity, LLC, SEC & DER",Marvin J. Garbis,MD,,2008-08-13 00:00:00,2015-10-15 00:00:00,1:08-md-01961,,Securities,,,,,,,,,,,,,,,,,,,,,BHS/complete/co-work,,,,,,,new
1963,"1963 IN RE: The Bear Stearns Companies, Inc., SEC, DER & ERISA",Robert Workman Sweet,NYS,,2008-08-18 00:00:00,2017-11-02 00:00:00,1:08-md-01963,,Securities,,,,,,,,,,,,,,,,,,,,,BHS/complete/co-work,,,,,,,new
1964,1964 IN RE: NuvaRing Products Liability Litigation,"Sippel, Rodney W.",MOE,2008-05-09,2008-08-22,2008-10-08,4:08-md-1964,2002,Products Liability,1,0,1,0,0,1,0,0,1,0,0,0,0,0,0,0,0,0,Insanely short order,"This is an interesting litigation. There are a lot of additions to the Pltf's Executive Committee and few replacements and removals. At the end, Lynn Baker gets a $175k fee for ethics consulting. ",Abby Wolfe,checked,9,4,0,4,,old
1967,1967 IN RE: Bisphenol-A (BPA) Polycarbonate Plastic PL,Ortrie D. Smith,MOW,,2008-08-13 00:00:00,2013-07-19 00:00:00,4:08-md-01967,,Products Liability,,,,,,,,,,,,,,,,,,,,,BHS/complete/co-work,,,,,,,new
1968,1968 IN RE: Digitek PL,Joseph Robert Goodwin,WVS,,2008-08-13 00:00:00,2012-07-03 00:00:00,2:08-md-01968 ,,Products Liability,,,,,,,,,,,,,,,,,,,,,BHS/complete/co-work,,,,,,,new
1972,1972 IN RE: Hawaiian and Guamanian Cabotage Antitrust Litigation,Thomas S. Zilly,WAW,,2008-08-13 00:00:00,2010-12-08 00:00:00,2:08-md-01972,,Antitrust,,,,,,,,,,,,,,,,,,,,,GFB/complete/co-work,,,,,,,new
1974,1974 IN RE: Countrywide Financial Corp. Mortgage Lending Practices,John Gilpin Heyburn II,KYW,,2008-08-07 00:00:00,2013-12-02 00:00:00,3:08-md-01974,,Miscellaneous,,,,,,,,,,,,,,,,,,,,,BHS/complete/co-work,,,,,,,new
1976,"1976 IN RE: Lending Tree, LLC, Consumer Data Security Breach",Frank DeArmon Whitney,NCW,,2008-10-07 00:00:00,2010-12-20 00:00:00,3:08-md-01976,,Miscellaneous,,,,,,,,,,,,,,,,,,,,,BHS/complete/co-work,,,,,,,new
1977,"1977 IN RE: LifeLock, Inc., Marketing & SP",Mary Helen Murguia,AZ,,2008-10-17 00:00:00,2010-08-31 00:00:00,2:08-md-01977,,Sales Practices,,,,,,,,,,,,,,,,,,,,,BHS/complete/co-work,,,,,,,new
1978,"1978 IN RE: Velocity Express, Inc., Wage and Hour EP",William C. Griesbach,WIE,,2008-10-08 00:00:00,2009-09-29 00:00:00,1:08-md-01978,,,,,,,,,,,,,,,,,,,,,,,Not to be assigned,,,,,,,new
1980,"1980 IN RE: Toys""R""Us - Delaware, Inc., Fair and Accurate Credit Transactions Act (FACTA)",Margaret M. Morrow,CAC,,2008-10-09 00:00:00,2014-08-21 00:00:00,2:08-ml-01980,,Miscellaneous,,,,,,,,,,,,,,,,,,,,,BHS/complete/co-work,,,,,,,new
1981,1981 IN RE: Aon Corp. Wage and Hour EP,Charles Petros Kocoras,ILN,,2008-10-09 00:00:00,2012-07-11 00:00:00,1:08-cv-05802,,Employment Practices,,,,,,,,,,,,,,,,,,,,,BHS/complete/co-work,,,,,,,new
1982,"1982 IN RE: Tyson Foods, Inc., Chicken Raised Without Antibiotics Consumer",Richard D. Bennett,MD,,2008-10-17 00:00:00,2010-06-02 00:00:00,1:08-md-01982,,Miscellaneous,,,,,,,,,,,,,,,,,,,,,BHS/complete/co-work,,,,,,,new
1983,1983 IN RE: Indianapolis Life Insurance Company I.R.S. § 412 (i) and § 419 Plans Life Insurance Marketing,Jane J. Boyle,TXN,,2008-10-07 00:00:00,2013-07-16 00:00:00,3:08-md-01983,,Sales Practices,,,,,,,,,,,,,,,,,,,,,BHS/complete/co-work,,,,,,,new
1984,"1984 IN RE: DirecTech Southwest, Inc., Fair Labor Standards Act (FLSA)",Martin Leach-Cross Feldman,LAE,,2008-10-08 00:00:00,2011-07-12 00:00:00,2:08-md-01984,,Employment Practices,,,,,,,,,,,,,,,,,,,,,BHS/complete/co-work,,,,,,,new
1985,1985 IN RE: Total Body Formula PL,R. David Proctor,ALN,,2008-10-21 00:00:00,2010-08-04 00:00:00,2:08-cv-01946,,Products Liability,,,,,,,,,,,,,,,,,,,,,GFB/complete/co-work,,,,,,,new
1987,1987 IN RE: Webkinz Antitrust Litigation,Richard G. Seeborg,CAN,,2008-10-17 00:00:00,2012-09-19 00:00:00, 3:08-md-01987,,Antitrust,,,,,,,,,,,,,,,,,,,,,GFB/complete/co-work,,,,,,,new
1988,1988 IN RE: Countrywide Financial Corp. Mortgage Marketing & SP,Dana Makoto Sabraw,CAS,,2008-10-14 00:00:00,2012-06-28 00:00:00,3:08-md-01988,,Sales Practices,,,,,,,,,,,,,,,,,,,,,GFB/complete/co-work,,,,,,,new
1989,"1989 IN RE: SemGroup Energy Partners, L.P., SEC",Gregory Kent Frizzell,OKN,,2008-10-10 00:00:00,2011-11-28 00:00:00,4:08-md-01989,,Securities,,,,,,,,,,,,,,,,,,,,,GFB/complete/co-work,,,,,,,new
1990,"1990 IN RE: NorthStar Education Finance, Inc., CONT",Donovan W. Frank,MN,,2008-12-03 00:00:00,2010-04-15 00:00:00,0:08-md-01990,,Contract,,,,,,,,,,,,,,,,,,,,,GFB/complete/co-work,,,,,,,new
1992,1992 IN RE: Comcast Corp. Peer-to-Peer (P2P) Transmission CONT,Legrome D. Davis,PAE,,2008-12-05 00:00:00,2011-09-15 00:00:00,2:08-md-01992,,Contract,,,,,,,,,,,,,,,,,,,,,GFB/complete/co-work,,,,,,,new
1993,1993 IN RE: Polar Bear Endangered Species Act and § 4(d) Rule,Emmet G. Sullivan,DC,,2008-12-03 00:00:00,2013-11-21 00:00:00,1:08-mc-00764,,Miscellaneous,,,,,,,,,,,,,,,,,,,,,GFB/complete/co-work,,,,,,,new
1994,1994 IN RE: VistaPrint Corp. Marketing & SP,Nancy Friedman Atlas,TXS,,2008-12-11 00:00:00,2009-08-31 00:00:00,4:08-md-01994,,,,,,,,,,,,,,,,,,,,,,,Not to be assigned,,,,,,,new
1995,1995 IN RE: Time Warner Inc. Set-Top Cable Television Box Antitrust Litigation,P. Kevin Castel,NYS,,2008-12-12 00:00:00,2016-10-05 00:00:00,1:08-md-01995,,Antitrust,,,,,,,,,,,,,,,,,,,,,GFB/complete/co-work,,,,,,,new
1996,1996 IN RE: Potash Antitrust Litigation (No. II),Ruben Castillo,ILN,,2008-12-02 00:00:00,2013-07-30 00:00:00,"1:08-cv-06910, 1:08-cv-05253",,Antitrust,,,,,,,,,,,,,,,,,,,,,GFB/complete/co-work,,,,,,,new
1997,1997 IN RE: Text Messaging Antitrust Litigation,Matthew F. Kennelly,ILN,,2008-12-03 00:00:00,2015-08-25 00:00:00,1:08-cv-07082,,Antitrust,,,,,,,,,,,,,,,,,,,,,GFB/complete/co-work,,,,,,,new
1998,1998 IN RE: Countrywide Financial Corp. Customer Data Security Breach,Thomas B. Russell,KYW,,2008-12-02 00:00:00,2010-08-23 00:00:00,3:08-md-01998,,Miscellaneous,,,,,,,,,,,,,,,,,,,,,DN/complete/co-work,,,,,,,new
1999,1999 IN RE: Lawnmower Engine Horsepower Marketing & SP (No. II),Lynn S. Adelman,WIE,,2008-12-05 00:00:00,2011-07-12 00:00:00,2:08-md-01999,,Sales Practices,,,,,,,,,,,,,,,,,,,,,DN/complete/co-work,,,,,,,new
2001,2001 IN RE: Whirlpool Corp. Front-Loading Washer PL,Christopher A. Boyko,OHN,,2008-12-02 00:00:00,2016-09-29 00:00:00,1:08-wp-65000,,Products Liability,,,,,,,,,,,,,,,,,,,,,DN/complete/co-work,,,,,,,new
2002,2002 IN RE: Processed Egg Products Antitrust Litigation,"Pratter, Gene E.K.",PAE,2008-10-09,2008-12-02,,2:08-md-2002,33,Antitrust,1,1,1,1,1,0,0,0,1,0,0,0,0,0,0,0,0,1,Multiple orders; coding based on first entered order; comprehensive order,,Reynold Orsua,checked,2,5,0,5,,old
2003,"2003 IN RE: National City Corp. SEC, DER & ERISA",Solomon Oliver Jr.,OHN,,2008-11-26 00:00:00,2013-06-10 00:00:00,"1:08-nc-70000, 1:08-nc-70015",,Securities,,,,,,,,,,,,,,,,,,,,,DN/complete/co-work,,,,,,,new
2004,2004 IN RE: Mentor Corp. ObTape Transobturator Sling Products Liability Litigation,Clay D. Land,GAM,,2008-12-03 00:00:00,2018-07-10 00:00:00,4:08-md-02004,,Products Liability,,,,,,,,,,,,,,,,,,,,,DN/complete/co-work,,,,,,,new
2005,"2005 IN RE: Air Crash at Tegucigalpa, Honduras, on May 30, 2008",Alan S. Gold,FLS,,2009-02-10 00:00:00,2010-08-06 00:00:00,1:09-md-02005,,Air Disaster,,,,,,,,,,,,,,,,,,,,,DN/complete/co-work,,,,,,,new
2006,2006 IN RE: Chrysler LLC 2.7 Liter V-6 Engine Oil Sludge PL,Faith S. Hochberg,NJ,,2009-02-10 00:00:00,2009-08-31 00:00:00,2:07-cv-01740,,,,,,,,,,,,,,,,,,,,,,,Not to be assigned,,,,,,,new
2007,2007 IN RE: Aftermarket Automotive Lighting Products Antitrust Litigation,George H. Wu,CAC,,2009-02-10 00:00:00,2014-07-10 00:00:00,2:09-ml-02007,,Antitrust,,,,,,,,,,,,,,,,,,,,,GFB/complete/co-work,,,,,,,new
2008,2008 IN RE: Land Rover LR3 Tire Wear PL,Andrew J. Guilford,CAC,,2009-02-23 00:00:00,2013-08-07 00:00:00,8:09-ml-02008,,Products Liability,,,,,,,,,,,,,,,,,,,,,DN/complete/co-work,,,,,,,new
2009,"2009 IN RE: Regions Morgan Keegan Securities, Derivative and Employee Retirement Income Security Act (ERISA) Litigation","Mays, Samuel H.",TNW,2008-10-31,2009-02-12,,2:09-md-2009,66,Securities ,1,0,1,0,0,0,0,0,1,0,0,0,0,0,0,0,0,0,Applies Rule 42,"Court appoints two firms to serve as lead and liaison counsel for a group of four actions, but does not name individual attorneys or appoint leadership of the MDL itself. ",Robert Vogel,checked,1,2,0,2,,old
2011,2011 IN RE: The Reserve Fund SEC & DER,Paul G. Gardephe,NYS,,2009-02-10 00:00:00,2016-10-05 00:00:00,1:09-md-02011,,Securities,,,,,,,,,,,,,,,,,,,,,DN/complete/co-work,,,,,,,new
2013,2013 IN RE: Fannie Mae SEC & ERISA,Paul Austin Crotty,NYS,,2009-02-11 00:00:00,2015-10-26 00:00:00,"1:09-md-02013, 1:08-cv-07831",,Securities,,,,,,,,,,,,,,,,,,,,,DN/complete/co-work,,,,,,,new
2014,2014 IN RE: Bank of America Corp. Auction Rate Securities (ARS) Marketing,Jeffrey Steven White,CAN,,2009-02-12 00:00:00,2012-02-14 00:00:00,4:09-md-02014,,Securities,,,,,,,,,,,,,,,,,,,,,DN/complete/co-work,,,,,,,new
2015,"2015 IN RE: Wachovia Corp. ""Pick-A-Payment"" Mortgage Marketing & SP",Jeremy D. Fogel,CAN,,2009-02-13 00:00:00,2015-12-07 00:00:00,3:09-md-02015,,Sales Practices,,,,,,,,,,,,,,,,,,,,,DN/complete/co-work,,,,,,,new
2016,2016 IN RE: Yamaha Motor Corp. Rhino ATV PL,Jennifer B. Coffman,KYW,,2009-02-13 00:00:00,2013-01-16 00:00:00,3:09-md-02016,,Products Liability,,,,,,,,,,,,,,,,,,,,,DN/complete/co-work,,,,,,,new
2017,"2017 IN RE: Lehman Brothers Holdings, Inc., SEC & ERISA",Lewis A. Kaplan,NYS,,2009-02-09 00:00:00,2017-06-26 00:00:00,1:09-md-02017,,Securities,,,,,,,,,,,,,,,,,,,,,GFB/complete/co-work,,,,,,,new
2020,"2020 IN RE: Aetna, Inc., Out-of-Network ""UCR"" Rates Litigation","Hayden, Katharine S",NJ,2008-12-11,2009-04-08,,2:07-cv-3541,13,Contract ,1,0,0,0,0,1,1,0,0,0,0,0,0,1,1,0,1,1,"Contested; really interesting, rejects proposal to give everyone a title",,Abby Wolfe,checked,2,4,0,4,,old
2021,"2021 IN RE: Le-Nature's, Inc., Commercial",Donetta W. Ambrose,PAW,,2009-04-09 00:00:00,2014-07-10 00:00:00,2:08-cv-01518,,Contract,,,,,,,,,,,,,,,,,,,,Confirmed no orders on Lexis 6/8; BHS manually downloaded available orders via Bloomberg 6/8/26,BHS/complete/manual download,,,,,,,new
2022,"2022 IN RE: Payless ShoeSource, Inc., California Song-Beverly Credit Card Act",Dale Alan Drozd,CAE,,2009-04-09 00:00:00,2011-06-24 00:00:00,"2:09-cv-02022, 2:09-cv-01040",,,,,,,,,,,,,,,,,,,,,,,GFB/complete/co-work,,,,,,,new
2023,2023 IN RE: Bayer Corp. Combination Aspirin Products Marketing & SP,Brian Mark Cogan,NYE,,2009-04-14 00:00:00,2014-05-14 00:00:00,1:09-md-02023,,Sales Practices,,,,,,,,,,,,,,,,,,,,,GFB/complete/co-work,,,,,,,new
2025,"2025 IN RE: Staples, Inc., Wage and Hour EP",Katharine Sweeney Hayden,NJ,,2009-04-14 00:00:00,2012-04-24 00:00:00,2:08-cv-05746,,Employment Practices,,,,,,,,,,,,,,,,,,,,,GFB/complete/co-work,,,,,,,new
2027,"2027 IN RE: Satyam Computer Services, Ltd., SEC",James Paul Oetken,NYS,,2009-04-09 00:00:00,2014-07-15 00:00:00,1:09-md-02027,,Securities,,,,,,,,,,,,,,,,,,,,,GFB/complete/co-work,,,,,,,new
2028,2028 IN RE: Edward H. Okun Internal Revenue Service § 1031 Tax Deferred Exchange,James Ware,CAN,,2009-04-15 00:00:00,2012-09-10 00:00:00,"3:09-md-02028,  3:09-cv-02079",,Miscellaneous,,,,,,,,,,,,,,,,,,,,,GFB/complete/co-work,,,,,,,new
2029,2029 IN RE: Online DVD Rental Antitrust Litigation,Phyllis J. Hamilton,CAN,,2009-04-10 00:00:00,2012-08-13 00:00:00,4:09-md-02029,,Antitrust,,,,,,,,,,,,,,,,,,,,,GFB/complete/co-work,,,,,,,new
2030,"2030 IN RE: Merrill Lynch & Co., Inc., Auction Rate Securities (ARS) Marketing",Loretta A. Preska,NYS,,2009-06-10 00:00:00,2014-05-02 00:00:00,1:09-md-02030,,Securities,,,,,,,,,,,,,,,,,,,,,GFB/complete/co-work,,,,,,,new
2031,"2031 IN RE: Dairy Farmers of America, Inc., Cheese Antitrust Litigation",Robert Michael Dow Jr.,ILN,,2009-06-15 00:00:00,2015-10-05 00:00:00,1:09-cv-03690,,Antitrust,,,,,,,,,,,,,,,,,,,,,GFB/complete/co-work,,,,,,,new
2032,"2032 IN RE: Chase Bank USA, N.A., ""Check Loan"" CONT",Maxine M. Chesney,CAN,,2009-06-26 00:00:00,2013-07-29 00:00:00,3:09-md-02032,,Contract,,,,,,,,,,,,,,,,,,,,,BHS/complete/co-work,,,,,,,new
2034,2034 IN RE: Comcast Corp. Set-Top Cable Television Box Antitrust Litigation,"Brody, Anita B.",PAE,2009-02-25,2009-06-17,,2:09-md-2034,24,Antitrust,1,0,0,0,0,0,0,0,0,0,0,0,0,0,0,0,0,0,"Uncontested, drafted by counsel; only appoints liason counsel",,Reynold Orsua,checked,5,5,0,5,,old
2035,"2035 IN RE: RBS WorldPay, Inc., Customer Data Security Breach",Charles A. Pannell Jr.,GAN,,2009-06-09 00:00:00,2010-06-22 00:00:00,1:09-md-02035,,Miscellaneous,,,,,,,,,,,,,,,,,,,,,BHS/complete/co-work,,,,,,,new
2036,2036 IN RE: Checking Account Overdraft Litigation,"King, James Lawrence",FLS,2009-02-26,2009-06-10,,1:09-md-2036,100,Contract ,1,1,1,1,0,1,0,0,1,0,0,1,0,0,0,0,0,0,,"All orders entered. A bunch of the class certification orders at the end of the case appoint counsel based on settlement agreements we don't have. Need to pull those, add appointments from them, and doublecheck the coding on the class certification orders. 
",David Noll,checked,27,37,0,37,,old
2037,"2037 IN RE: Air Crash Over Makassar Strait, Sulawesi, Indonesia - 1/1/97",Marvin E. Aspen,ILN,,2009-06-17 00:00:00,2011-07-27 00:00:00,1:09-cv-03805,,Air Disaster,,,,,,,,,,,,,,,,,,,,,BHS/complete/co-work,,,,,,,new
2039,2039 IN RE: Sepracor Inc. Fair Labor Standards Act (FLSA),David G. Campbell,AZ,,2009-06-24 00:00:00,2009-12-09 00:00:00,2:09-md-02039,,,,,,,,,,,,,,,,,,,,,,,Not to be assigned,,,,,,,new
2040,2040 IN RE: ConocoPhillips Co. Service Station Rent CONT,Ronald M. Whyte,CAN,,2009-06-11 00:00:00,2012-04-24 00:00:00,5:09-md-02040,,Contract,,,,,,,,,,,,,,,,,,,,,BHS/complete/co-work,,,,,,,new
2042,2042 IN RE: Refrigerant Compressors Antitrust Litigation,Sean Francis Cox,MIE,,2009-06-09 00:00:00,2017-05-08 00:00:00,2:09-md-02042,,Antitrust,,,,,,,,,,,,,,,,,,,,,BHS/complete/co-work,,,,,,,new
2043,"2043 IN RE: Citigroup, Inc., Auction Rate Securities (ARS) Marketing (No. II)",Laura Taylor Swain,NYS,,2009-06-10 00:00:00,2013-09-03 00:00:00,1:09-md-02043,,Securities,,,,,,,,,,,,,,,,,,,,,BHS/complete/co-work,,,,,,,new
2044,2044 IN RE: Vertrue Inc. Marketing and SP,Patricia Anne Gaughan,OHN,,2009-06-08 00:00:00,2018-11-02 00:00:00,1:09-vm-75000,,Sales Practices,,,,,,,,,,,,,,,,,,,,,GFB/manual/complete,,,,,,,new
2045,2045 IN RE: Apple iPhone 3G PL,James Ware,CAN,,2009-07-01 00:00:00,2014-07-10 00:00:00,5:09-md-02045,,Products Liability,,,,,,,,,,,,,,,,,,,,,BHS/complete/co-work,,,,,,,new
2046,"2046 IN RE: Heartland Payment Systems, Inc., Customer Data Security Breach",Lee Hyman Rosenthal,TXS,,2009-06-10 00:00:00,2015-04-23 00:00:00,4:09-md-02046,,Miscellaneous,,,,,,,,,,,,,,,,,,,,,BHS/complete/co-work,,,,,,,new
2047,2047 IN RE: Chinese-Manufactured Drywall Products Liability Litigation,"Fallon, Eldon E.",LAE,2009-03-13,2009-06-15,,2:09-md-2047,385,Products Liability,1,1,1,1,0,1,1,0,1,0,1,1,0,0,0,0,0,0,Different roles addressed in different orders,"Massive MDL. Coded all orders in Google Drive. Need to crosscheck Fallon's list of PTOs to make sure there aren't any orders RA missed. 
^MU: I didn't write the above; all orders in google drive have been inputted.",Mariah Uustal,checked,19,14,0,14,,old
2048,"2048 IN RE: Cox Enterprises, Inc., Set-Top Cable Television Box Antitrust Litigation",Robin J. Cauthron,OKW,,2009-06-11 00:00:00,2014-09-02 00:00:00,5:12-ml-02048,,Antitrust,,,,,,,,,,,,,,,,,,,,,BHS/complete/co-work,,,,,,,new
2050,2050 IN RE: Bill of Lading Transmission and Processing System Patent,Sandra Shank Beckwith,OHS,,2009-06-11 00:00:00,2018-12-14 00:00:00,1:09-md-02050,,Intellectual Property,,,,,,,,,,,,,,,,,,,,,BHS/complete/co-work,,,,,,,new
2051,2051 IN RE: Denture Cream PL,Cecilia M. Altonaga,FLS,,2009-06-09 00:00:00,2015-11-16 00:00:00,1:09-md-02051,,Products Liability,,,,,,,,,,,,,,,,,,,,,BHS/complete/co-work,,,,,,,new
2052,"2052 IN RE: Tremont Group Holdings, Inc., SEC",Thomas Poole Griesa,NYS,,2009-06-11 00:00:00,2016-10-14 00:00:00,"1:09-md-02052,  1:08-cv-11117",,Securities,,,,,,,,,,,,,,,,,,,,,BHS/complete/co-work,,,,,,,new
2053,"2053 IN RE: Helicopter Crash Near Weaverville, CA - 8/5/08",Michael W. Mosman,OR,,2009-06-18 00:00:00,2013-07-22 00:00:00,3:09-md-02053,,Air Disaster,,,,,,,,,,,,,,,,,,,,,BHS/complete/co-work,,,,,,,new
2054,"2054 IN RE: LandAmerica 1031 Exchange Services, Inc., Internal Revenue Service § 1031 Tax Deferred Exchange",Joseph Fletcher Anderson Jr.,SC,,2009-06-12 00:00:00,2013-07-22 00:00:00,8:09-mn-02054,,Miscellaneous,,,,,,,,,,,,,,,,,,,,,BHS/complete/co-work,,,,,,,new
2055,"2055 IN RE: Zimmer Holdings, Inc., SEC, DER & ERISA",Sarah Evans Barker,INS,,2009-06-09 00:00:00,2013-01-07 00:00:00,1:09-ml-06000,,Securities,,,,,,,,,,,,,,,,,,,,,BHS/complete/co-work,,,,,,,new
2056,2056 IN RE: Enterprise Rent-A-Car Wage and Hour EP,Joy Flowers Conti,PAW,,2009-06-10 00:00:00,2014-07-24 00:00:00,2:09-mc-00210,,Employment Practices,,,,,,,,,,,,,,,,,,,,,BHS/complete/co-work,,,,,,,new
2057,2057 IN RE: Kaplan Higher Education Corp. Qui Tam,Patricia A. Seitz,FLS,,2009-06-10 00:00:00,2012-08-24 00:00:00,1:09-md-02057,,Miscellaneous,,,,,,,,,,,,,,,,,,,,,BHS/complete/co-work,,,,,,,new
2058,"2058 IN RE: Bank of America Corp. SEC, DER & ERISA",P. Kevin Castel,NYS,,2009-06-10 00:00:00,2016-08-03 00:00:00,1:09-md-02058,,Securities,,,,,,,,,,,,,,,,,,,,,BHS/complete/co-work,,,,,,,new
2059,2059 IN RE: Activated Carbon-Based Hunting Clothing Marketing & SP,Richard House Kyle,MN,,2009-06-18 00:00:00,2013-05-24 00:00:00,0:09-md-02059,,Sales Practices,,,,,,,,,,,,,,,,,,,,,DN/complete/co-work,,,,,,,new
2063,2063 IN RE: Oppenheimer Rochester Funds Group SEC,John L. Kane Jr.,CO,,2009-06-17 00:00:00,2018-02-27 00:00:00,1:09-md-02063,,Securities,,,,,,,,,,,,,,,,,,,,,DN/complete/co-work,,,,,,,new
2066,2066 IN RE: Oral Sodium Phosphate Solution-Based PL,Dan A. Polster,OHN,,2009-06-23 00:00:00,2012-11-08 00:00:00,1:09-sp-80000,,Products Liability,,,,,,,,,,,,,,,,,,,,,DN/complete/co-work,,,,,,,new
2067,2067 IN RE: Celexa and Lexapro Marketing and Sales Practices Litigation,"Gorton, Nathaniel M.",MA,2009-04-21,2009-08-19,2009-12-30,1:09-md-2067,13,Sales Practices ,1,0,1,1,0,1,1,0,0,0,0,0,1,1,0,0,0,1,Pretty comprehensive; expansive legal std; follows standard caption template,,Abby Wolfe,checked,1,4,0,4,,old
2068,2068 IN RE: Light Cigarettes Marketing & SP,John A. Woodcock Jr.,ME,,2009-09-10 00:00:00,2012-04-16 00:00:00,1:09-md-02068,,Sales Practices,,,,,,,,,,,,,,,,,,,,,DN/complete/co-work,,,,,,,new
2070,"2070 IN RE: Citigroup, Inc., SEC",Sidney H. Stein,NYS,,2009-08-07 00:00:00,2017-04-24 00:00:00,"1:09-md-02070, 1:08-cv-09522",,Securities,,,,,,,,,,,,,,,,,,,,,DN/complete/co-work,,,,,,,new
2072,2072 IN RE: Federal Home Loan Mortgage Corp. (Freddie Mac) SEC,Miriam Goldman Cedarbaum,NYS,,2009-08-11 00:00:00,2015-04-13 00:00:00,1:09-md-02072,,Securities,,,,,,,,,,,,,,,,,,,,,DN/complete/co-work,,,,,,,new
2073,2073 IN RE: Optimal Strategic U.S. Equity Fund SEC,Paul C. Huck,FLS,,2009-08-11 00:00:00,2010-10-28 00:00:00,1:09-md-02073,,Securities,,,,,,,,,,,,,,,,,,,,,DN/complete/co-work,,,,,,,new
2074,"2074 IN RE: WellPoint, Inc., Out-of-Network ""UCR"" Rates",Philip S. Gutierrez,CAC,,2009-08-19 00:00:00,2016-10-21 00:00:00,2:09-ml-02074,,Contract,,,,,,,,,,,,,,,,,,,,,BHS/complete/co-work,,,,,,,new
2075,"2075 IN RE: Austin Capital Management, Ltd., SEC & ERISA",Thomas Poole Griesa,NYS,,2009-08-11 00:00:00,2015-05-12 00:00:00,1:09-md-02075,,Securities,,,,,,,,,,,,,,,,,,,,,BHS/complete/co-work,,,,,,,new
2076,"2076 IN RE: Park West Galleries, Inc., Marketing & SP",Robert S. Lasnik,WAW,,2009-08-11 00:00:00,2011-07-25 00:00:00,2:09-md-02076,,Sales Practices,,,,,,,,,,,,,,,,,,,,,BHS/complete/co-work,,,,,,,new
2081,2081 IN RE: Blood Reagents Antitrust Litigation,Joshua David Wolson,PAE,,2009-08-17 00:00:00,2018-10-30 00:00:00,2:09-md-02081,,Antitrust,,,,,,,,,,,,,,,,,,,,,GFB/complete/co-work,,,,,,,new
2082,2082 IN RE: Meridian Funds Group SEC & ERISA,Thomas Poole Griesa,NYS,,2009-08-11 00:00:00,2016-10-20 00:00:00,1:09-md-02082,,Securities,,,,,,,,,,,,,,,,,,,,,BHS/complete/co-work,,,,,,,new
2083,"2083 IN RE: KBR, Inc., Burn Pit",Roger W. Titus,MD,,2009-10-16 00:00:00,2019-01-16 00:00:00,8:09-md-02083,,Miscellaneous,,,,,,,,,,,,,,,,,,,,,BHS/complete/co-work,,,,,,,new
2084,2084 IN RE: AndroGel Antitrust Litigation (No. II),"Thrash, Thomas W.",GAN,2009-06-17,2009-10-05,,1:09-md-2084,2084,Antitrust,1,0,1,1,0,0,0,0,1,0,0,0,0,0,0,0,0,1,,,Robert Vogel,checked,1,2,0,2,,old
2085,"2085 IN RE: Air Crash Near Clarence Center, NY - 2/12/09",William M. Skretny,NYW,,2009-10-06 00:00:00,2014-08-22 00:00:00,1:09-md-02085,,Air Disaster,,,,,,,,,,,,,,,,,,,,,BHS/complete/co-work,,,,,,,new
2086,2086 IN RE: Pre-Filled Propane Tank Marketing & SP,Gary A. Fenner,MOW,,2009-10-06 00:00:00,2012-06-20 00:00:00,4:09-md-02086,,Sales Practices,,,,,,,,,,,,,,,,,,,,,BHS/complete/co-work,,,,,,,new
2087,2087 IN RE: Hydroxycut Marketing & SP,Barry Ted Moskowitz,CAS,,2009-10-06 00:00:00,2015-09-29 00:00:00,3:09-md-02087,,Sales Practices,,,,,,,,,,,,,,,,,,,,,BHS/complete/co-work,,,,,,,new
2088,2088 IN RE: Fairfield Greenwich Group SEC,Victor Marrero,NYS,,2009-10-06 00:00:00,2017-11-28 00:00:00,"1:09-md-02088, 1:09-cv-00118",,Securities,,,,,,,,,,,,,,,,,,,,,BHS/complete/co-work,,,,,,,new
2089,2089 IN RE: Delta/AirTran Baggage Fee Antitrust Litigation,Timothy C. Batten Sr,GAN,,2009-10-06 00:00:00,2017-03-30 00:00:00,1:09-md-02089,,Antitrust,,,,,,,,,,,,,,,,,,,,,GFB/complete/co-work,,,,,,,new
2090,2090 IN RE: Wholesale Grocery Products Antitrust Litigation,"Montgomery, Ann D.",MN,2009-07-02,2009-10-16,,0:09-md-2090,5,Antitrust,1,1,1,1,0,0,0,0,1,0,0,0,0,0,0,0,0,0,Contested; court appoints competing parties as co-leads and tells them to play nice,,Reynold Orsua,checked,2,3,0,3,,old
2092,2092 IN RE: Chantix (Varenicline) PL,Inge Prytz Johnson,ALN,,2009-10-01 00:00:00,2014-10-06 00:00:00,2:09-cv-02039,,Products Liability,,,,,,,,,,,,,,,,,,,,,BHS/complete/co-work,,,,,,,new
2093,"2093 IN RE: DirectTV, Inc., Early Cancellation Fee Marketing & SP",Andrew J. Guilford,CAC,,2009-10-09 00:00:00,2014-10-29 00:00:00,8:09-ml-02093,,Sales Practices,,,,,,,,,,,,,,,,,,,,,BHS/complete/co-work,,,,,,,new
2094,2094 IN RE: Cheerios Marketing & SP,Peter G. Sheridan,NJ,,2009-10-09 00:00:00,2013-01-03 00:00:00,3:09-cv-02413,,MDL x Docket Entries (2026-04-08),,,,,,,,,,,,,,,,,,,,,BHS/complete/co-work,,,,,,,new
2096,"2096 IN RE: Zicam Cold Remedy Marketing, SP & PL",Frederick J. Martone,AZ,,2009-10-09 00:00:00,2011-09-15 00:00:00,2:09-md-02096,,Sales Practices,,,,,,,,,,,,,,,,,,,,,GFB/complete/co-work,,,,,,,new
2098,2098 IN RE: Kitec Plumbing System Products Liability Litigation,Ada Elene Brown,TXN,,2009-10-07 00:00:00,2011-11-28 00:00:00,3:09-md-02098,,Products Liability,,,,,,,,,,,,,,,,,,,,,DN/complete/co-work,,,,,,,new
2099,2099 IN RE: Stanford Entities Securities Litigation,"Godbey, David C.",TXN,2009-07-29,2009-10-06,,3:09-md-2099,153,Securities ,0,0,0,0,0,0,0,0,0,0,0,0,0,0,0,0,0,0,No appointment order found; case settles quickly,This seems to have settled right away without any leadership appointments. ,David Noll,checked,0,0,0,0,,old
2100,"2100 IN RE: Yasmin and Yaz (Drospirenone) Marketing, Sales Practices and Products Liability Litigation",David R. Herndon,ILS,,2009-10-01 00:00:00,2019-01-04 00:00:00,3:09-md-02100,,Products Liability,,,,,,,,,,,,,,,,,,,,Massive docket; only grabbed case management orders,DN/complete/co-work,,,,,,,new
2102,"2102 IN RE: Sony Corp. SXRD Rear Projection Television Marketing, Sales Practices & Products Liability Litigation",Robert Porter Patterson Jr.,NYS,,2009-10-09 00:00:00,2011-01-05 00:00:00,1:09-md-02102,,Products Liability,,,,,,,,,,,,,,,,,,,,,DN/complete/co-work,,,,,,,new
2103,2103 IN RE: Kentucky Grilled Chicken Coupon Marketing & Sales Practices Litigation,James F. Holderman,ILN,,2009-12-04 00:00:00,2012-09-06 00:00:00,1:09-cv-07670,,Sales Practices,,,,,,,,,,,,,,,,,,,,,DN/complete/co-work,,,,,,,new
2104,2104 IN RE: IKO Roofing Shingle Products Liability Litigation,Harold Albert Baker,ILC,,2009-12-03 00:00:00,2019-04-17 00:00:00,2:09-md-02104,,Products Liability,,,,,,,,,,,,,,,,,,,,,DN/complete/co-work,,,,,,,new
2106,2106 IN RE: Fontainebleau Las Vegas Contract Litigation,Alan S. Gold,FLS,,2009-12-02 00:00:00,2012-03-26 00:00:00,1:09-md-02106,,Contract,,,,,,,,,,,,,,,,,,,,,DN/complete/co-work,,,,,,,new
2107,2107 IN RE: Budeprion XL Marketing & Sales Practices Litigation,Berle M. Schiller,PAE,,2009-12-02 00:00:00,2012-07-12 00:00:00,2:09-md-02107,,Sales Practices,,,,,,,,,,,,,,,,,,,,,DN/complete/co-work,,,,,,,new
2109,2109 IN RE: Plasma-Derivative Protein Therapies Antitrust Litigation,Joan B. Gottschall,ILN,,2009-12-02 00:00:00,2014-05-02 00:00:00,1:09-cv-07666,,Antitrust,,,,,,,,,,,,,,,,,,,,,DN/complete/co-work,,,,,,,new
2116,"2116 IN RE: Apple iPhone 3G and 3GS ""MMS"" Marketing & Sales Practices",Carl J. Barbier,LAE,,2009-12-03 00:00:00,2012-07-12 00:00:00,2:09-md-02116,,Sales Practices,,,,,,,,,,,,,,,,,,,,,DN/complete/co-work,,,,,,,new
2118,2118 IN RE: Cyclobenzaprine Hydrochloride Extended-Release Capsule Patent Litigation,Sue Lewis Robinson,DE,,2009-12-02 00:00:00,2011-05-19 00:00:00,1:09-md-02118,,Intellectual Property,,,,,,,,,,,,,,,,,,,,,DN/complete/co-work,,,,,,,new
2119,2119 IN RE: Mortgage Electronic Registration System (MERS),James A. Teilborg,AZ,,2009-12-07 00:00:00,2017-02-14 00:00:00,2:09-md-02119,,Miscellaneous,,,,,,,,,,,,,,,,,,,,,DN/complete/co-work,,,,,,,new
2120,2120 IN RE: Pamidronate Products Liability Litigation,Kiyo A. Matsumoto,NYE,,2009-12-02 00:00:00,2012-09-06 00:00:00,1:09-md-02120,,Products Liability,,,,,,,,,,,,,,,,,,,,,DN/complete/co-work,,,,,,,new
2121,2121 IN RE: Musical Instruments and Equipment Antitrust Litigation,Larry Alan Burns,CAS,,2009-12-09 00:00:00,2016-02-17 00:00:00,3:09-md-02121,,Antitrust,,,,,,,,,,,,,,,,,,,,,DN/complete/co-work,,,,,,,new
2122,2122 IN RE: National Arbitration Forum Trade Practices Litigation,Paul Arthur Magnuson,MN,,2010-02-03 00:00:00,2012-07-11 00:00:00,0:10-md-02122,,Miscellaneous,,,,,,,,,,,,,,,,,,,,,DN/complete/co-work,,,,,,,new
2124,2124 IN RE: Conseco Life Insurance Co. Lifetrend Insurance Marketing & Sales Practices Litigation,Susan Yvonne Illston,CAN,,2010-02-03 00:00:00,2015-09-09 00:00:00,3:10-md-02124,,Sales Practices,,,,,,,,,,,,,,,,,,,,,DN/complete/co-work,,,,,,,new
2126,2126 IN RE: Tramadol Hydrochloride Extended-Release Tablets Patent Litigation,Kent A. Jordan,DE,,2010-02-12 00:00:00,2011-06-06 00:00:00,1:10-md-02126,,Intellectual Property,,,,,,,,,,,,,,,,,,,,,DN/complete/co-work,,,,,,,new
2135,"2135 IN RE: Air Crash at Madrid, Spain - 8/20/08",Gary Allen Feess,CAC,,2010-02-12 00:00:00,2011-03-23 00:00:00,2:10-ml-02135,,Common Disaster,,,,,,,,,,,,,,,,,,,,,DN/complete/co-work,,,,,,,new
2137,"2137 IN RE: SIGG Switzerland (USA), Inc., Aluminum Bottles Marketing & Sales Practices Litigation",John Gilpin Heyburn II,KYW,,2010-02-03 00:00:00,2012-04-20 00:00:00,3:10-md-02137,,Sales Practices,,,,,,,,,,,,,,,,,,,,,DN/complete/co-work,,,,,,,new
2138,2138 IN RE: Bank of America Wage and Hour Employment Practices Litigation,John Watson Lungstrum,KS,,2010-04-14 00:00:00,2014-12-09 00:00:00,2:10-md-02138,,Employment Practices,,,,,,,,,,,,,,,,,,,,,DN/complete/co-work,,,,,,,new
2141,2141 IN RE: Verizon Wireless Data Charges,Freda L. Wolfson,NJ,,2010-04-02 00:00:00,2012-03-05 00:00:00,3:10-cv-01749,,Miscellaneous,,,,,,,,,,,,,,,,,,,,,DN/complete/co-work,,,,,,,new
2143,2143 IN RE: Optical Disk Drive Products Antitrust Litigation,Richard G. Seeborg,CAN,,2010-04-02 00:00:00,2018-05-25 00:00:00,3:10-md-02143,,Antitrust,,,,,,,,,,,,,,,,,,,,Large docket; only grabbed CMOs,DN/complete/co-work,,,,,,,new
2144,2144 IN RE: Air Crash Over the Mid-Atlantic - 6/1/09,Charles R. Breyer,CAN,,2010-04-14 00:00:00,2011-10-04 00:00:00,3:10-md-02144,,Common Disaster,,,,,,,,,,,,,,,,,,,,,DN/complete/co-work,,,,,,,new
2145,2145 IN RE: Medical Capital Securities Litigation,David O. Carter,CAC,,2010-04-15 00:00:00,2015-08-05 00:00:00,8:10-ml-02145,,Securities,,,,,,,,,,,,,,,,,,,,,DN/complete/co-work,,,,,,,new
2147,2147 IN RE: AT&T Mobility Wireless Data Services Sales Tax,Amy Joan St Eve,ILN,,2010-04-07 00:00:00,2011-08-04 00:00:00,1:10-cv-02278,,Miscellaneous,,,,,,,,,,,,,,,,,,,,,DN/complete/co-work,,,,,,,new
2151,"2151 IN RE: Toyota Motor Corp. Unintended Acceleration Marketing, Sales Practices, and Products Liability Litigation","Selna, James V.",CAC,2010-02-04,2010-04-09,,8:10-ml-2151,457,Products Liability,1,1,1,0,0,1,1,1,1,0,0,0,0,0,0,0,0,1,Contested; lots of applications; really bonkers structure -- good example of ad hocery,"After hearing concerns from counsel that the leadership structure, over time, would need to be replenished annually as lawyers took on other projects, Judge Seylna ordered lawyers to reapply for leadership annually. However, with the exception of only one or two lawyers--and the resolution of a class action--the lawyers on leadership remained mostly the same. Another notable feature of the litigation was that both plaintiff and defense counsel urged the MDL judge to create a larger leadership structure, particularly for the discovery involved in automotive cases. Defense attorneys observed that experienced lawyers in such cases were valuable to work with. Judge Seylna ultimately allowed the plaintiffs to enlarge the size of leadership. 
",Mariah Uustal,checked,7,19,3,16,,old
2153,"2153 IN RE: United Parcel Service ""Air-in-Ground"" Marketing and Sales Practices Litigation","Wu, George H.",CAC,2010-02-23,2010-06-08,,2:10-ml-2153,6,Sales Practices ,1,0,1,1,0,1,1,0,1,0,0,0,0,0,0,0,0,1,,,Abby Wolfe,checked,1,3,0,3,,old
2157,2157 IN RE: JPMorgan Auction Rate Securities (ARS) Marketing,Paul G. Gardephe,NYS,,2010-06-09 00:00:00,2015-03-20 00:00:00,1:10-md-02157,,Securities,,,,,,,,,,,,,,,,,,,,,DN/complete/co-work,,,,,,,new
2158,2158 IN RE: Zimmer Durom Hip Cup Products Liability Litigation,"Wigenton, Susan D.",NJ,2010-03-15,2010-06-09,2010-09-23,2:09-cv-4414,749,Products Liability,1,0,0,0,0,0,0,0,1,0,0,1,0,1,0,0,0,0,Orders rolling production of medical records before motion practice in anticipation of mediation,"Interesting litigation. The initial case management order sets up a mandatory mediation protocol which appears to have been used to resolve all the claims. After that, all the orders are skirmishes over common benefit fees, particularly the extent to which state court plaintiffs have to kick in to pay the MDL leaders' fees. It ends with a September 2018 order awarding about $2M, mainly to Seeger Weiss and Waters & Kraus 

--ASZ Note: It might be helpful to compare the Zimmer litigation structure to other hip implant cases, including Striker and Dupuy. Striker was resolved very similarly. So, it would be helpful to know if we're seeing the same structure proposed by the same kinds of plaintiff attorneys.

DN 2/25: Confirmed that no leadership orders entered after Doc No. 9. Lots of orders reducing common benefit fees at the end of the litigaiton.
",David Noll,checked,1,2,0,2,,old
2159,"2159 IN RE: AutoZone, Inc., Wage and Hour Employment Practices Litigation",Charles R. Breyer,CAN,,2010-06-15 00:00:00,2017-11-27 00:00:00,3:10-md-02159,,Employment Practices,,,,,,,,,,,,,,,,,,,,,DN/complete/co-work,,,,,,,new
2165,2165 IN RE: Endangered Species Act Section 4 Deadline Litigation,"Sullivan, Emmet G.",DC,2010-04-02,2010-06-08,,1:10-mc-377,35,Miscellanous,0,0,0,0,0,0,0,0,0,0,0,0,0,0,0,0,0,0,No appointment order found,Resolved via mediation; no leadership appointments,David Noll,checked,0,0,0,0,,old
2167,2167 IN RE: JP Morgan Chase Bank Home Equity Line of Credit,Rebecca R. Pallmeyer,ILN,,2010-06-07 00:00:00,2013-04-02 00:00:00,1:10-cv-03647,,Contract,,,,,,,,,,,,,,,,,,,,,DN/complete/co-work,,,,,,,new
2171,2171 IN RE: Capital One Bank Credit Card Interest Rate Litigation,Thomas W. Thrash Jr.,GAN,,2010-06-11 00:00:00,2014-10-01 00:00:00,1:10-md-02171,,Contract,,,,,,,,,,,,,,,,,,,,,DN/complete/co-work,,,,,,,new
2172,"2172 IN RE: Toyota Motor Corp. Hybrid Brake Marketing, Sales Practices & Products Liability",Cormac J. Carney,CAC,,2010-08-17 00:00:00,2013-08-06 00:00:00,8:10-ml-02172,,Products Liability,,,,,,,,,,,,,,,,,,,,,GFB/complete/co-work,,,,,,,new
2173,2173 IN RE: Photochromic Lens Antitrust Litigation,James D. Whittemore,FLM,,2010-08-06 00:00:00,2014-09-10 00:00:00,8:10-md-02173,,Antitrust,,,,,,,,,,,,,,,,,,,,,GFB/complete/co-work,,,,,,,new
2179,"2179 IN RE: Oil Spill by the Oil Rig ""Deepwater Horizon"" in the Gulf of Mexico, on April 20, 2010","Barbier, Carl J.",LAE,2010-05-06,2010-08-10,,2:10-md-2179,6072,Common Disaster,1,1,0,0,0,1,1,0,0,0,0,0,0,0,0,0,0,1,Pretty lightweight given the scale of the litigation,,Reynold Orsua,checked,13,10,0,10,,old
2181,2181 IN RE: Method of Processing Ethanol Byproducts and Related Subsystems ('858) Patent Litigation,"Miller, Robert L.",INS,2010-05-12,2010-08-06,,1:10-ml-2181,22,Intellectual Property,0,0,0,0,0,0,0,0,0,0,0,0,0,0,0,0,0,0,No apointment order found,Patent MDL. No leadership appointments. ,David Noll,checked,0,0,0,0,,old
2183,2183 IN RE: Brican America LLC Equipment Lease,Patricia A. Seitz,FLS,,2010-08-12 00:00:00,2015-08-11 00:00:00,1:10-md-02183,,Contract,,,,,,,,,,,,,,,,,,,,,DN/complete/co-work,,,,,,,new
2184,2184 IN RE: Google Inc. Street View Electronic Communications Litigation,"Breyer, Charles R.",CAN,2010-06-14,2010-08-17,,3:10-md-2184,21,Miscellanous,1,1,1,0,0,0,0,0,0,0,0,0,1,0,0,0,0,0,,,David Noll,checked,1,0,0,0,,old
2185,2185 IN RE: BP p.l.c. Securities Litigation,"Ellison, Keith P",TXS,2010-06-15,2010-08-10,,4:10-md-2185,59,Securities ,1,0,1,1,0,1,0,0,1,0,0,0,0,0,1,0,0,0,,,Abby Wolfe,checked,4,5,0,5,,old
2186,2186 IN RE: Fresh and Process Potatoes Antitrust Litigation,B. Lynn Winmill,ID,,2010-10-13 00:00:00,2016-12-19 00:00:00,4:10-md-02186,,Antitrust,,,,,,,,,,,,,,,,,,,,,DN/complete/co-work,,,,,,,new
2187,"2187 IN RE: C.R. Bard, Inc., Pelvic Repair System Products Liability Litigation","Goodwin, Joseph R.",WVS,2010-07-15,2010-10-12,2011-02-01,2:10-md-2187,15867,Products Liability,1,0,1,1,0,1,1,0,0,1,0,0,0,0,0,0,0,0,Stips to be docketed with court and become binding after 10 days,Interesting litigation. Starts small and turns into a massively complex MDL. There's a PSC that spans 6 different MDLs. Interesting colloquy in 6 about organization of federal and state counsel. The organizational structure here is extremely complex. The PSC is giant and the court keeps adding people to it and removing them from it.  ,Abby Wolfe,checked,12,5,0,5,,old
2188,"2188 IN RE: Apple Inc. iPhone 4 Marketing, Sales Practices and Products Liability Litigation","Ronald M. Whyte
Northern",CAN,,2010-10-08 00:00:00,2013-07-29 00:00:00,5:10-md-02188,,Products Liability,,,,,,,,,,,,,,,,,,,,,GFB/complete/co-work,,,,,,,new
2190,"2190 IN RE: McNeil Consumer Healthcare, et al., Marketing & Sales Practices Litigation",Mary A. McLaughlin,PAE,,2010-10-08 00:00:00,2012-07-25 00:00:00,2:10-md-02190,,Sales Practices,,,,,,,,,,,,,,,,,,,,,BHS/complete/co-work,,,,,,,new
2193,2193 IN RE: Bank of America Home Affordable Modification Program (HAMP) Contract Litigation,Rya Weickert Zobel,MA,,2010-10-08 00:00:00,2017-10-31 00:00:00,1:10-md-02193,,Contract,,,,,,,,,,,,,,,,,,,,,BHS/complete/co-work,,,,,,,new
2196,2196 IN RE: Polyurethane Foam Antitrust Litigation,Jack Zouhary,OHN,,2010-12-01 00:00:00,2016-11-07 00:00:00,1:10-md-02196,,Antitrust,,,,,,,,,,,,,,,,,,,,,DN/complete/co-work,,,,,,,new
2197,"2197 IN RE: DePuy Orthopaedics, Inc., ASR Hip Implant Products Liability Litigation","Helmick, Jeffrey J.",OHN,2010-09-03,2010-12-03,2011-01-26,1:10-md-2197,10237,Products Liability,1,0,1,0,0,1,0,0,1,1,0,1,0,0,0,0,0,0,Barebones: just a list of appointed attorneys,,Abby Wolfe,checked,2,10,0,10,,old
2199,2199 IN RE: POM Wonderful LLC Marketing and Sales Practices Litigation,Dean D. Pregerson,CAC,,2010-11-30 00:00:00,2019-01-23 00:00:00,2:10-ml-02199,,Sales Practices,,,,,,,,,,,,,,,,,,,,,DN/complete/co-work,,,,,,,new
2200,2200 IN RE: Armodafinil Patent Litigation,Gregory Moneta Sleet,DE,,2010-12-08 00:00:00,2014-02-19 00:00:00,1:10-md-02200,,Intellectual Property,,,,,,,,,,,,,,,,,,,,,DN/complete/co-work,,,,,,,new
2202,2202 IN RE: Regions Bank ATM Fee Notice,Keith Starrett,MSS,,2011-02-03 00:00:00,2012-01-27 00:00:00,2:11-md-02202,,,,,,,,,,,,,,,,,,,,,,,Not to be assigned,,,,,,,new
2208,2208 IN RE: Prudential Insurance Company of America SGLI/VGLI Contract Litigation,Michael Adrian Ponsor,MA,,2011-02-07 00:00:00,2015-02-19 00:00:00,3:11-md-02208,,Contract,,,,,,,,,,,,,,,,,,,,,GFB/complete/co-work,,,,,,,new
2210,2210 IN RE: Listerine Total Care Mouthwash Marketing and Sales Practices Litigation,William P. Dimitrouleas,FLS,,2011-02-09 00:00:00,2011-11-18 00:00:00,0:11-md-02210,,,,,,,,,,,,,,,,,,,,,,,Not to be assigned,,,,,,,new
2213,"2213 IN RE: Commodity Exchange, Inc., Silver Futures and Options Trading Litigation","Robert P. Patterson, Jr.",NYS,,2011-02-08 00:00:00,2015-03-19 00:00:00,1:11-md-02213,,Antitrust,,,,,,,,,,,,,,,,,,,,,DN/complete/supplemented RA download,,,,,,,new
2215,2215 IN RE: Glaceau Vitaminwater Marketing and Sales Practice Litigation (No. II),Dora L. Irizarry,NYE,,2011-02-08 00:00:00,2017-01-25 00:00:00,1:11-md-02215,,Sales Practices,,,,,,,,,,,,,,,,,,,,,DN/complete/supplemented RA download,,,,,,,new
2217,2217 IN RE: Discover Card Payment Protection Plan Marketing and Sales Practices Litigation,John W. Darrah,ILN,,2011-02-07 00:00:00,2012-09-21 00:00:00,"1:11-cv-01462,  1:10-cv-06994?",,Sales Practices,,,,,,,,,,,,,,,,,,,,,DN/complete/supplemented RA download,,,,,,,new
2218,"2218 IN RE: Camp Lejeune, North Carolina Water Contamination Litigation",Thomas W. Thrash Jr.,GAN,,2011-02-04 00:00:00,2016-12-09 00:00:00,1:11-md-02218,,Miscellaneous,,,,,,,,,,,,,,,,,,,,,DN/complete/supplemented RA download,,,,,,,new
2220,2220 IN RE: KABA Simplex Locks Marketing and Sales Practices Litigation,Donald C. Nugent,OHN,,2011-02-07 00:00:00,2015-06-01 00:00:00,1:11-md-02220,,Sales Practices,,,,,,,,,,,,,,,,,,,,,DN/complete/supplemented RA download,,,,,,,new
2221,2221 IN RE: American Express Anti-Steering Rules Antitrust Litigation (No. II),"Garaufis, Nicholas G",NYE,2010-12-07,2011-02-07,,1:11-md-2221,15,Antitrust,1,0,1,0,0,0,0,0,0,0,0,0,1,0,0,0,0,0,"Agreements with class counsel ""shall be binding on all plaintiffs""; follows the standard caption template","This MDL is a mess. Of the initial 3 appointees to co-lead counsel, one was removed after he shared confidential information with defense counsel, and one withdrew after a dispute with his former firm whether he or the firm had been appointed as lead counsel. Confusingly, both the firm and the new attorney they had working on the case ""withdrew"" as lead counsel despite never having been appointed. The court was extremely confused by all this and notes its exasperation in #6658. ",Robert Vogel,checked,3,3,0,3,,old
2222,2222 IN RE: Enfamil LIPIL Marketing and Sales Practices Litigation,James Cohn,FLS,,2011-02-09 00:00:00,2011-11-14 00:00:00,0:11-md-2222,,,,,,,,,,,,,,,,,,,,,,,Not to be assigned,,,,,,,new
2223,2223 IN RE: Navistar 6.0 L Diesel Engine Products Liability Litigation,Matthew F. Kennelly,ILN,,2011-04-13 00:00:00,2013-07-18 00:00:00,1:11-cv-02496,,Products Liability,,,,,,,,,,,,,,,,,,,,,GFB/complete/co-work,,,,,,,new
2226,"2226 IN RE: Darvocet, Darvon and Propoxyphene Products Liability Litigation",Danny C. Reeves,KYE,,2011-08-16 00:00:00,2017-03-16 00:00:00,2:11-md-02226,,Products Liability,,,,,,,,,,,,,,,,,,,,,DN/complete/supplemented RA download,,,,,,,new
2228,2228 IN RE: Sprint Premium Data Plan Marketing and Sales Practices Litigation,Susan Davis Wigenton,NJ,,2011-04-13 00:00:00,2014-09-03 00:00:00,2:10-cv-06334,,Sales Practices,,,,,,,,,,,,,,,,,,,,,GFB/complete/co-work,,,,,,,new
2231,2231 IN RE: Lead Contaminated Fruit Juice Products Marketing & SP,Michael Adrian Ponsor,MA,,2011-04-19 00:00:00,2011-12-23 00:00:00,3:11-md-02231,,,,,,,,,,,,,,,,,,,,,,,Not to be assigned,,,,,,,new
2233,"2233 IN RE: Porsche Cars North America, Inc., Plastic Coolant Tubes Products Liability Litigation",Gregory L. Frost,OHS,,2011-05-23 00:00:00,2014-03-19 00:00:00,2:11-md-02233,,Products Liability,,,,,,,,,,,,,,,,,,,,,DN/complete/supplemented RA download,,,,,,,new
2234,2234 IN RE: Wal-Mart ATM Fee Notice,Jon Phipps McCalla,TNW,,2011-05-20 00:00:00,2016-06-20 00:00:00,2:11-md-02234,,Miscellaneous,,,,,,,,,,,,,,,,,,,,,DN/complete/supplemented RA download,,,,,,,new
2235,"2235 IN RE: Foot Locker, Inc., Fair Labor Standards Act (FLSA) and Wage & Hour",J. Curtis Joyner,PAE,,2011-05-26 00:00:00,2015-07-22 00:00:00,"2:11-md-02235,  2:07-cv-02157?",,Employment Practices,,,,,,,,,,,,,,,,,,,,,GFB/complete/co-work,,,,,,,new
2238,"2238 IN RE: Groupon, Inc., Marketing and Sales Practices Litigation",Dana Makoto Sabraw,CAS,,2011-05-25 00:00:00,2013-01-08 00:00:00,3:11-md-02238,,Sales Practices,,,,,,,,,,,,,,,,,,,,,GFB/complete/co-work,,,,,,,new
2241,2241 IN RE: Fenofibrate Patent Litigation,Jed Saul Rakoff,NYS,,2011-05-23 00:00:00,2013-08-08 00:00:00,1:11-md-02241,,Intellectual Property,,,,,,,,,,,,,,,,,,,,,DN/complete/supplemented RA download,,,,,,,new
2242,2242 IN RE: Prograf Antitrust Litigation,Rya Weickert Zobel,MA,,2011-06-03 00:00:00,2018-03-13 00:00:00,1:11-md-02242,,Antitrust,,,,,,,,,,,,,,,,,,,,,DN/complete/supplemented RA download,,,,,,,new
2243,2243 IN RE: Fosamax (Alendronate Sodium) Products Liability Litigation (No. II),"Wolfson, Freda L.",NJ,2011-03-24,2011-05-23,2011-07-15,3:08-cv-8,1266,Products Liability,1,0,0,0,0,1,1,0,0,0,0,0,0,0,0,0,0,0,P attys are running the show,Orders entered here all appear to have been first entered in another MDL. Orders are all drafted by counsel. ,David Noll,checked,5,3,0,3,,old
2244,"2244 IN RE: DePuy Orthopaedics, Inc., Pinnacle Hip Implant Products Liability Litigation","Kinkeade, James Edgar",TXN,2011-03-28,2011-05-23,2012-01-09,3:11-md-2244,10170,Products Liability,1,0,1,0,0,1,0,0,0,0,0,0,0,0,0,0,0,0,Just appointments,"Complex leadership structure. Court re-enters the same order 6 times with modifications, which was a pain to code.",David Noll,checked,6,9,0,9,,old
2245,2245 IN RE: Cardtronics ATM Fee Notice,Roger T. Benitez,CAS,,2011-05-26 00:00:00,2014-09-02 00:00:00,3:11-md-02245,,Miscellaneous,,,,,,,,,,,,,,,,,,,,,GFB/complete/co-work,,,,,,,new
2246,"2246 IN RE: Air Crash Near Rio Grande, Puerto Rico, on December 3, 2008","Marra, Kenneth A.",FLS,2011-04-01,2011-05-25,,9:11-md-2246,7,Air Disaster,0,0,0,0,0,0,0,0,0,0,0,0,0,0,0,0,0,0,No appointment orders found,No leadership orders,David Noll,checked,0,0,0,0,,old
2247,"2247 IN RE: Uponor, Inc., F1807 Plumbing Fittings Products Liability Litigation",Ann D. Montgomery,MN,,2011-05-23 00:00:00,2012-08-22 00:00:00,0:11-md-02247,,Products Liability,,,,,,,,,,,,,,,,,,,,,DN/complete/supplemented RA download,,,,,,,new
2249,2249 IN RE: Vehicle Tracking and Security System ('844) Patent Litigation,Donovan W. Frank,MN,,2011-09-06 00:00:00,2013-07-08 00:00:00,0:11-md-02249,,Intellectual Property,,,,,,,,,,,,,,,,,,,,,DN/complete/supplemented RA download,,,,,,,new
2250,2250 IN RE: iPhone/iPad Application Consumer Privacy Litigation,Lucy Haeran Koh,CAN,,2011-08-08 00:00:00,2013-12-02 00:00:00,5:11-md-02250,,Miscellaneous,,,,,,,,,,,,,,,,,,,,,BHS/complete/co-work,,,,,,,new
2254,2254 IN RE: LivingSocial Marketing & Sales Practices Litigation,Ellen Segal Huvelle,DC,,2011-08-22 00:00:00,2013-07-23 00:00:00,1:11-mc-00472,,Sales Practices,,,,,,,,,,,,,,,,,,,,,BHS/complete/co-work,,,,,,,new
2258,2258 IN RE: Sony Gaming Networks and Customer Data Security Breach Litigation,Anthony Joseph Battaglia,CAS,,2011-08-08 00:00:00,2015-07-10 00:00:00,3:11-md-02258,,Miscellaneous,,,,,,,,,,,,,,,,,,,,,BHS/complete/co-work,,,,,,,new
2261,"2261 IN RE: Jiffy Lube International, Inc., Text Spam",Jeffrey T. Miller,CAS,,2011-08-08 00:00:00,2013-08-08 00:00:00,3:11-md-02261,,Miscellaneous,,,,,,,,,,,,,,,,,,,,,BHS/complete/co-work,,,,,,,new
2262,2262 IN RE: Libor-Based Financial Instruments Antitrust Litigation,"Buchwald, Naomi Reice",NYS,2011-05-13,2011-08-12,,1:11-md-2262,78,Antitrust,1,0,1,0,0,0,0,0,0,0,0,0,1,1,0,0,0,0,Class action,Class Cert denied for Berkshire in part because of an undisclosed fee arrangement involving interim class cousnel.,Mariah Uustal,checked,21,8,0,8,,old
2263,2263 IN RE: Dial Complete Marketing and Sales Practices Litigation,"McAuliffe, Steven J",NH,2011-05-23,2011-08-18,,1:11-md-2263,17,Sales Practices,1,1,1,0,0,1,0,0,0,0,0,0,1,0,0,0,0,0,Barebones,Class certified leading to settlement of the case but no attorneys appointed in connection with class certification.,David Noll,checked,1,3,0,3,,old
2264,2264 IN RE: Google Inc. Android Consumer Privacy Litigation,Jeffrey Steven White,CAN,,2011-08-08 00:00:00,2015-02-13 00:00:00,"3:11-md-02264, 5:10-cv-05878?",,Miscellaneous,,,,,,,,,,,,,,,,,,,,,GFB/complete/co-work,,,,,,,new
2265,2265 IN RE: Countrywide Financial Corp. Mortgage-Backed Securities Litigation,Mariana R. Pfaelzer,CAC,,2011-08-15 00:00:00,2015-08-04 00:00:00,2:11-ml-02265,,Securities,,,,,,,,,,,,,,,,,,,,,BHS/complete/co-work,,,,,,,new
2266,2266 IN RE: Wells Fargo Wage and Hour Employment Practices Litigation (No. III),Gray Hampton Miller,TXS,,2011-08-19 00:00:00,2016-07-15 00:00:00,4:11-md-02266,,Employment Practices,,,,,,,,,,,,,,,,,,,,,GFB/complete/co-work,,,,,,,new
2269,2269 IN RE: Bank of America Credit Protection Marketing & Sales Practices Litigation,Thelton Eugene Henderson,CAN,,2011-08-16 00:00:00,2013-01-17 00:00:00,3:11-md-02269,,Sales Practices,,,,,,,,,,,,,,,,,,,,,BHS/complete/co-work,,,,,,,new
2270,2270 IN RE: CertainTeed Fiber Cement Siding Litigation,Thomas Newman O'Neill Jr.,PAE,,2011-08-08 00:00:00,2014-10-06 00:00:00,2:11-md-02270,,Products Liability,,,,,,,,,,,,,,,,,,,,,BHS/complete/co-work,,,,,,,new
2272,2272 IN RE: Zimmer NexGen Knee Implant Products Liability Litigation,"Pallmeyer, Rebecca R.",ILN,2011-06-06,2011-08-08,2011-11-10,1:11-cv-5468,1743,Products Liability,1,0,1,1,0,1,1,1,1,0,0,0,0,1,1,0,0,0,Good order,,David Noll,checked,2,4,0,4,,old
2274,"2274 IN RE: CitiMortgage, Inc., Home Affordable Modification Program (HAMP) Contract Litigation",Dale S. Fischer,CAC,,2011-10-06 00:00:00,2018-11-19 00:00:00,2:11-ml-02274,,Contract,,,,,,,,,,,,,,,,,,,,,BHS/complete/co-work,,,,,,,new
2275,"2275 IN RE: Gerova Financial Group, Ltd., Securities Litigation",Shira A. Scheindlin,NYS,,2011-10-06 00:00:00,2014-07-18 00:00:00,1:11-md-02275,,Securities,,,,,,,,,,,,,,,,,,,,,GFB/complete/co-work,,,,,,,new
2280,2280 IN RE: Morgan Stanley Smith Barney LLC Wage and Hour Employment Practices Litigation,William J. Martini,NJ,,2011-10-12 00:00:00,2017-03-01 00:00:00,2:11-cv-03121,,Employment Practices,,,,,,,,,,,,,,,,,,,,,BHS/complete/co-work,,,,,,,new
2283,2283 IN RE: Building Materials Corporation of America Asphalt Roofing Shingle Products Liability Litigation,Julianna Michelle Childs,SC,,2011-10-11 00:00:00,2014-07-05 00:00:00,8:11-mn-02000,,Products Liability,,,,,,,,,,,,,,,,,,,,,GFB/complete/co-work,,,,,,,new
2284,"2284 IN RE: Imprelis Herbicide Marketing, Sales Practices and Products Liability Litigation",Gene E.K. Pratter,PAE,,2011-10-20 00:00:00,2018-07-25 00:00:00,2:11-md-02284,,Products Liability,,,,,,,,,,,,,,,,,,,,,GFB/complete/co-work,,,,,,,new
2286,"2286 IN RE: Midland Credit Management, Inc., Telephone Consumer Protection Act (TCPA) Litigation","Anello, Michael M.",CAS,2011-07-28,2011-10-11,,3:11-md-2286,345,Miscellanous,1,0,1,0,0,0,0,0,1,0,0,0,1,1,0,0,0,0,Uncontested,,Abby Wolfe,checked,3,2,0,2,,old
2290,2290 IN RE: JPMorgan Chase Mortgage Modification,Richard Gaylore Stearns,MA,,2011-10-11 00:00:00,2014-10-23 00:00:00,1:11-md-02290,,Contract,,,,,,,,,,,,,,,,,,,,,BHS/complete/co-work,,,,,,,new
2291,2291 IN RE: Wesson Oil Marketing and Sales Practices Litigation,"Carney, Cormac J.",CAC,2011-08-04,2011-10-13,,2:11-ml-2291,8,Sales Practices,0,0,0,0,0,0,0,0,0,0,0,0,0,0,0,0,0,0,No appointment order found,No appointment order found,Reynold Orsua,checked,0,0,0,0,,old
2293,2293 IN RE: Electronic Books Antitrust Litigation,Denise L. Cote,NYS,,2011-12-09 00:00:00,2016-12-14 00:00:00,1:11-md-02293,,Antitrust,,,,,,,,,,,,,,,,,,,,,GFB/complete/co-work,,,,,,,new
2294,2294 IN RE: Webvention LLC ('294) Patent Litigation,Catherine C. Blake,MD,,2011-12-15 00:00:00,2016-07-15 00:00:00,1:11-md-02294,,Intellectual Property,,,,,,,,,,,,,,,,,,,,,BHS/complete/co-work,,,,,,,new
2295,"2295 IN RE: Portfolio Recovery Associates, LLC, Telephone Consumer Protection Act (TCPA) Litigation","Houston, John A.",CAS,2011-08-19,2011-12-21,,3:11-md-2295,165,Miscellanous,1,0,1,0,0,0,0,0,1,0,0,0,0,0,0,0,0,0,Uncontested; ex parte! Later order does a normal leadership appointment,,Reynold Orsua,checked,3,4,0,4,,old
2296,2296 IN RE: Tribune Company Fraudulent Conveyance Litigation,"Cote, Denise L.",NYS,2011-08-16,2011-12-19,,1:11-md-2296,73,Miscellanous,1,0,1,1,0,0,0,0,1,1,0,1,0,0,0,0,0,0,Funny story about requiring lawyers to obtain local counsel; later order changes appointments,,Abby Wolfe,checked,6,8,0,8,,old
2299,2299 IN RE: Actos (Pioglitazone) Products Liability Litigation,Rebecca F. Doherty,LAW,,2011-12-29 00:00:00,2018-04-25 00:00:00,6:11-md-02299,,Products Liability,,,,,,,,,,,,,,,,,,,,,BHS/complete/co-work,,,,,,,new
2302,"2302 IN RE: A-Power Energy Generation Systems, Ltd., Securities Litigation",George H. Wu,CAC,,2011-12-15 00:00:00,2014-04-30 00:00:00,2:11-ml-02302,,Securities,,,,,,,,,,,,,,,,,,,,,GFB/complete/co-work,,,,,,,new
2303,"2303 IN RE: Innovatio IP Ventures, LLC, Patent Litigation",Elaine E. Bucklo,ILN,,2011-12-28 00:00:00,2018-03-15 00:00:00,1:11-cv-09308,,Intellectual Property,,,,,,,,,,,,,,,,,,,,,GFB/complete/co-work,,,,,,,new
2308,2308 IN RE: Skechers Toning Shoe Products Liability Litigation,Thomas B. Russell,KYW,,2011-12-19 00:00:00,2018-10-04 00:00:00,3:11-md-02308,,Products Liability,,,,,,,,,,,,,,,,,,,,,BHS/complete/co-work,,,,,,,new
2309,"2309 IN RE: Transdata, Inc., Smart Meters Patent Litigation",Robin J. Cauthron,OKW,,2011-12-13 00:00:00,2016-08-31 00:00:00,5:12-ml-02309,,Intellectual Property,,,,,,,,,,,,,,,,,,,,,BHS/complete/co-work,,,,,,,new
2311,2311 IN RE: Automotive Parts Antitrust Litigation,"Battani, Marianne O.",MIE,2011-10-11,2012-02-07,,2:12-md-2311,312,Antitrust,1,0,1,1,0,0,0,0,1,0,0,0,1,0,1,0,0,0,Good ex: of limits on non-lead practice,,Robert Vogel,checked,3,4,0,4,,old
2314,2314 IN RE: Facebook Internet Tracking,Edward John Davila,CAN,,2012-02-08 00:00:00,2017-11-21 00:00:00,5:12-md-02314,,Miscellaneous,,,,,,,,,,,,,,,,,,,,,BHS/complete/co-work,,,,,,,new
2316,2316 IN RE: Ford Motor Co. Defective Spark Plug and 3-Valve Engine Products Liability Litigation,Benita Yalonda Pearson,OHN,,2012-02-08 00:00:00,2016-02-05 00:00:00,1:12-md-02316,,Products Liability,,,,,,,,,,,,,,,,,,,,,BHS/complete/co-work,,,,,,,new
2317,2317 IN RE: Oreck Corporation Halo Vacuum and Air Purifiers Marketing and Sales Practices Litigation,Christina A. Snyder,CAC,,2012-02-03 00:00:00,2015-07-22 00:00:00,2:12-ml-02317,,Sales Practices,,,,,,,,,,,,,,,,,,,,,BHS/complete/co-work,,,,,,,new
2320,2320 IN RE: Colgate-Palmolive Softsoap Antibacterial Hand Soap Marketing and Sales Practices Litigation,Paul J. Barbadoro,NH,,2012-03-07 00:00:00,2016-02-05 00:00:00,1:12-md-02320,,Sales Practices,,,,,,,,,,,,,,,,,,,,,BHS/complete/co-work,,,,,,,new
2323,2323 IN RE: National Football League Players' Concussion Injury Litigation,"Brody, Anita B.",PAE,2011-11-15,2012-01-31,,2:12-md-2323,345,Miscellanous,1,0,1,0,0,1,0,0,1,0,0,1,0,0,0,0,0,0,Just appointments,,Reynold Orsua,checked,6,6,0,6,,old
2324,2324 IN RE: Horizon Organic Milk Plus DHA Omega-3 Marketing and Sales Practices Litigation,Joan A. Lenard,FLS,,2012-02-09 00:00:00,2016-02-22 00:00:00,1:12-md-02324,,Sales Practices,,,,,,,,,,,,,,,,,,,,,BHS/complete/co-work,,,,,,,new
2325,"2325 IN RE: American Medical Systems, Inc., Pelvic Repair System Products Liability Litigation","Goodwin, Joseph R.",WVS,2011-11-23,2012-02-07,2012-04-17,2:12-md-2325,21364,Products Liability,1,0,1,1,1,1,1,1,1,1,0,1,0,0,1,0,0,0,"Uses ""stips are binding after 10 day notice period"" procedure",,Mariah Uustal,checked,3,15,0,15,,old
2326,2326 IN RE: Boston Scientific Corp. Pelvic Repair System Products Liability Litigation,"Goodwin, Joseph R.",WVS,2011-11-28,2012-02-07,2012-04-17,2:12-md-2326,26586,Products Liability,1,0,1,1,1,1,1,1,1,1,0,1,0,0,1,0,0,0,Copies order in 2325,Finally got this one uploaded after some tech issues with Bloomberg!,Abby Wolfe,checked,6,8,0,8,,old
2327,"2327 IN RE: Ethicon, Inc., Pelvic Repair System Products Liability Litigation","Goodwin, Joseph R.",WVS,2011-11-28,2012-02-07,2012-04-17,2:12-md-2327,40722,Products Liability,1,0,1,1,1,1,1,1,1,1,0,1,0,0,1,0,0,0,Copies order in 2325,,David Noll,checked,4,8,0,8,,old
2328,2328 IN RE: Pool Products Distribution Market Antitrust Litigation,Sarah S. Vance,LAE,,2012-04-17 00:00:00,2016-09-08 00:00:00,2:12-md-02328,,Antitrust,,,,,,,,,,,,,,,,,,,,,BHS/complete/co-work,,,,,,,new
2329,"2329 IN RE: Wright Medical Technology, Inc., Conserve Hip Implant Products Liability Litigation","Thrash, Thomas W.",GAN,2011-11-29,2012-02-08,2012-05-03,1:12-md-2329,640,Products Liability,1,0,1,1,0,0,0,0,1,0,0,0,0,0,0,0,0,1,Interesting order. Requires co-leads to re-apply for leadership positions; authorizes non-leads to make applications to court if they disagree with positions taken by co-IiIleads,,Abby Wolfe,checked,1,2,0,2,,old
2330,"2330 IN RE: Carrier IQ, Inc., Consumer Privacy Litigation",Edward Milton Chen,CAN,,2012-04-16 00:00:00,2016-09-07 00:00:00,3:12-md-02330,,Miscellaneous,,,,,,,,,,,,,,,,,,,,,BHS/complete/co-work,,,,,,,new
2331,2331 IN RE: Propecia (Finasteride) Products Liability Litigation,"Cogan, Brian M.",NYE,2011-12-06,2012-04-16,2012-06-08,1:12-md-2331,1178,Products Liability,1,0,0,0,0,1,0,0,0,0,0,0,0,0,0,1,1,0,,,Reynold Orsua,checked,2,4,0,4,,old
2332,2332 IN RE: Lipitor Antitrust Litigation,"Sheridan, Peter G.",NJ,2011-12-06,2012-04-20,,3:12-cv-2389,33,Antitrust,1,1,1,1,0,1,1,0,0,0,0,0,1,0,1,0,0,1,Contested then judge urges attorneys to agree on structure,Oddly the court appoints firms for the direct-purchaser leadership but individual attorneys for the end-payor leadership. ,Robert Vogel,checked,3,6,0,6,,old
2333,"2333 IN RE: MI Windows and Doors, Inc., Products Liability Litigation",David C. Norton,SC,,2012-04-23 00:00:00,2015-08-04 00:00:00,2:12-mn-00001,,Products Liability,,,,,,,,,,,,,,,,,,,,,BHS/complete/co-work,,,,,,,new
2334,2334 IN RE: Liberty Refund Anticipation Loan,Joan B. Gottschall,ILN,,2012-04-16 00:00:00,2016-07-07 00:00:00,1:12-cv-02949,,Miscellaneous,,,,,,,,,,,,,,,,,,,,,BHS/complete/co-work,,,,,,,new
2335,2335 IN RE: Bank of New York Mellon Corp. Foreign Exchange Transactions,Lewis A. Kaplan,NYS,,2012-04-16 00:00:00,2015-12-16 00:00:00,1:12-md-02335,,Contract,,,,,,,,,,,,,,,,,,,,BHS: Documents won't download; download error every time,GFB/complete/co-work,,,,,,,new
2337,"2337 IN RE: Royal Alliance Associates, Inc., SEC",Juan Ramon Sánchez,PAE,,2012-04-16 00:00:00,2013-01-03 00:00:00,2:12-md-02337,,,,,,,,,,,,,,,,,,,,,,,Not to be assigned,,,,,,,new
2338,2338 IN RE: MF Global Holdings Ltd. Investment Litigation,"Marrero, Victor",NYS,2012-01-06,,,1:12-md-2338,25,Securities ,1,1,1,1,0,1,1,0,0,0,0,0,1,0,0,0,0,0,,,Abby Wolfe,checked,5,4,0,4,,old
2342,2342 IN RE: Zoloft (Sertraline Hydrochloride) Products Liability Litigation,Cynthia M. Rufe,PAE,,2012-04-17 00:00:00,2018-01-25 00:00:00,2:12-md-02342,,Products Liability,,,,,,,,,,,,,,,,,,,,,BHS/complete/co-work,,,,,,,new
2343,2343 IN RE: Skelaxin (Metaxalone) Antitrust Litigation,Curtis Lynn Collier,TNE,,2012-04-17 00:00:00,2017-08-03 00:00:00,1:12-md-02343,,Antitrust,,,,,,,,,,,,,,,,,,,,,BHS/complete/co-work,,,,,,,new
2344,"2344 IN RE: Bear Creek Technologies, Inc., ('722) Patent Litigation",Gregory Moneta Sleet,DE,,2012-05-02 00:00:00,2017-07-14 00:00:00,1:12-md-02344,,Intellectual Property,,,,,,,,,,,,,,,,,,,,,BHS/complete/co-work,,,,,,,new
2352,"2352 IN RE: Century 21 Department Stores, LLC, Fair and Accurate Credit Transactions Act (FACTA)",Robert Workman Sweet,NYS,,2012-06-11 00:00:00,2015-09-16 00:00:00,1:12-md-02352,,Miscellaneous,,,,,,,,,,,,,,,,,,,,,BHS/complete/co-work,,,,,,,new
2353,2353 IN RE: Tropicana Orange Juice Marketing and Sales Practices Litigation,"Martini, William J.",NJ,2012-02-22,2012-06-11,,2:11-cv-7382,15,Sales Practices,1,0,1,1,0,0,0,0,0,0,0,0,0,0,0,0,0,0,Uncontested; allows lead counsel to form an Executive Committee of other interested counsel as he deems appropriate -- delegation of the court's appointment power,,Reynold Orsua,checked,1,1,0,1,,old
2354,"2354 IN RE: Maxim Integrated Products, Inc., Patent Litigation",Joy Flowers Conti,PAW,,2012-06-08 00:00:00,2016-07-26 00:00:00,2:12-mc-00244,,Intellectual Property,,,,,,,,,,,,,,,,,,,,,BHS/complete/co-work,,,,,,,new
2355,"2355 IN RE: Parallel Networks, LLC, ('111) Patent Litigation",Leonard E. Davis,TXE,,2012-06-12 00:00:00,2016-08-29 00:00:00,6:10-cv-00111,,Intellectual Property,,,,,,,,,,,,,,,,,,,,,BHS/complete/co-work,,,,,,,new
2357,"2357 IN RE: Zappos.com, Inc., Customer Data Security Breach Litigation","Jones, Robert Clive",NV,2012-02-28,2012-06-13,2020-06-09 00:00:00,3:12-cv-325,11,Miscellanous,1,0,0,0,0,0,0,0,0,0,0,0,0,0,0,0,0,0,Simply grants Plaintiffs' joint motion with no analysis,,Reynold Orsua,checked,1,3,0,3,,both
2358,2358 IN RE: Google Inc. Cookie Placement Consumer Privacy Litigation,Joshua David Wolson,DE,,2012-06-12 00:00:00,2014-04-10 00:00:00,1:12-md-02358,,Miscellaneous,,,,,,,,,,,,,,,,,,,,,DN/complete/co-work,,,,,,,new
2359,2359 IN RE: HardiePlank Fiber Cement Siding,Michael James Davis,MN,,2012-06-11 00:00:00,2018-07-11 00:00:00,0:12-md-02359,,Products Liability,,,,,,,,,,,,,,,,,,,,,DN/complete/co-work,,,,,,,new
2361,2361 IN RE: Simply Orange Orange Juice Marketing and Sales Practices Litigation,Fernando J. Gaitan Jr.,MOW,,2012-06-11 00:00:00,2018-05-02 00:00:00,4:12-md-02361,,Sales Practices,,,,,,,,,,,,,,,,,,,,,DN/complete/co-work,,,,,,,new
2364,2364 IN RE: Nebivolol ('040) Patent Litigation,Elaine E. Bucklo,ILN,,2012-06-12 00:00:00,2014-02-19 00:00:00,1:12-cv-05026,,Intellectual Property,,,,,,,,,,,,,,,,,,,,,DN/complete/co-work,,,,,,,new
2371,2371 IN RE: Unified Messaging Solutions LLC Patent Litigation,Joan Humphrey Lefkow,ILN,,2012-08-03 00:00:00,2014-06-17 00:00:00,1:12-cv-06286,,Intellectual Property,,,,,,,,,,,,,,,,,,,,,DN/complete/co-work,,,,,,,new
2372,2372 IN RE: Watson Fentanyl Patch Products Liability Litigation,Matthew F. Kennelly,ILN,,2012-08-07 00:00:00,2014-08-15 00:00:00,1:12-cv-06296,,Products Liability,,,,,,,,,,,,,,,,,,,,,DN/complete/co-work,,,,,,,new
2373,2373 IN RE: H&R Block Refund Anticipation Loan,Joan B. Gottschall,ILN,,2012-04-16 00:00:00,2014-07-31 00:00:00,1:12-cv-02973,,Miscellaneous,,,,,,,,,,,,,,,,,,,,,DN/complete/co-work,,,,,,,new
2375,2375 IN RE: Body Science LLC Patent Litigation,F. Dennis Saylor IV,MA,,2012-08-06 00:00:00,2016-08-03 00:00:00,1:12-md-02375,,Intellectual Property,,,,,,,,,,,,,,,,,,,,,DN/complete/co-work,,,,,,,new
2378,"2378 IN RE: Park West Galleries, Inc.",Colleen McMahon,NYS,,2012-08-23 00:00:00,2013-08-15 00:00:00,1:12-md-02378,,,,,,,,,,,,,,,,,,,,,,,Not to be assigned,,,,,,,new
2380,2380 IN RE: Shop-Vac Marketing and Sales Practices Litigation,James Martin Munley,PAM,,2012-08-15 00:00:00,2017-02-09 00:00:00,3:12-cv-02380,,Sales Practices,,,,,,,,,,,,,,,,,,,,,GFB/complete/co-work,,,,,,,new
2382,2382 IN RE: Emerson Electric Co. Wet/Dry Vac Marketing and Sales Practices Litigation,"Autrey, Henry Edward",MOE,2012-05-09,2012-08-15,,4:12-md-2382,8,Sales Practices,1,1,1,0,0,1,0,0,0,0,0,0,1,1,0,0,0,0,Class action,,Abby Wolfe,checked,1,3,0,3,,old
2384,"2384 IN RE: Swisher Hygiene, Inc., Securities and Derivative Litigation",Graham Calder Mullen,NCW,,2012-08-13 00:00:00,2016-02-19 00:00:00,3:12-md-02384,,Securities,,,,,,,,,,,,,,,,,,,,,DN/complete/co-work,,,,,,,new
2385,2385 IN RE: Pradaxa (Dabigatran Etexilate) Products Liability Litigation,David R. Herndon,ILS,,2012-08-08 00:00:00,2017-12-18 00:00:00,3:12-md-02385,,Products Liability,,,,,,,,,,,,,,,,,,,,,DN/complete/co-work,,,,,,,new
2387,2387 IN RE: Coloplast Corp. Pelvic Support Systems Products Liability Litigation,"Goodwin, Joseph R.",WVS,2012-06-05,2012-08-06,2012-11-21,2:12-md-2387,2815,Products Liability,1,0,1,1,1,0,0,0,0,1,0,0,0,0,0,0,0,0,Talks about non-leads' duties,,Mariah Uustal,checked,5,5,0,5,,old
2389,"2389 IN RE: Facebook, Inc., IPO Securities and Derivative Litigation",Colleen McMahon,NYS,,2012-10-04 00:00:00,2019-04-03 00:00:00,1:12-md-02389,,Securities,,,,,,,,,,,,,,,,,,,,,DN/complete/co-work,,,,,,,new
2391,2391 IN RE: Biomet M2a Magnum Hip Implant Products Liability Litigation,"Miller, Robert L.",INN,2012-06-27,2012-10-02,2012-12-05,3:12-md-2391,2883,Products Liability,1,0,1,1,0,1,1,0,1,1,0,1,0,0,0,0,0,0,Adopts the stip binding on all procedure with a 5 day period,Lots of cases settle in the middle of the litigation and the PSC steps down. The judge invites applications for a new PSC and appoints one. ,David Noll,checked,10,16,1,15,,old
2395,"2395 IN RE: Air Crash at Georgetown, Guyana - 7/30/12",Allyne R. Ross,NYE,,2012-09-28 00:00:00,2017-02-09 00:00:00,1:12-md-02395,,Common Disaster,,,,,,,,,,,,,,,,,,,,,DN/complete/co-work,,,,,,,new
2396,2396 IN RE: TR Labs Patent Litigation,Peter G. Sheridan,NJ,,2012-10-01 00:00:00,2016-02-23 00:00:00,3:09-cv-03883,,Intellectual Property,,,,,,,,,,,,,,,,,,,,,DN/complete/co-work,,,,,,,new
2398,"2398 IN RE: Enhanced Recovery Company, LLC, Telephone Consumer Protection Act (TCPA)",Roy Bale Dalton Jr.,FLM,,2012-10-18 00:00:00,2014-11-21 00:00:00,6:13-md-02398,,Miscellaneous,,,,,,,,,,,,,,,,,,,,,DN/complete/co-work,,,,,,,new
2404,2404 IN RE: Nexium (Esomeprazole) Products Liability,Dale S. Fischer,CAC,,2012-12-06 00:00:00,2017-01-04 00:00:00,2:12-ml-02404,,Products Liability,,,,,,,,,,,,,,,,,,,,,DN/complete/co-work,,,,,,,new
2405,2405 IN RE: On-Line Travel Company (OTC)/Hotel Booking Antitrust Litigation,Jane J. Boyle,TXN,,2012-12-11 00:00:00,2016-03-14 00:00:00,"3:12-md-02405, 3:12-cv-03515",,Antitrust,,,,,,,,,,,,,,,,,,,,,DN/complete/co-work,,,,,,,new
2406,2406 IN RE: Blue Cross Blue Shield Antitrust Litigation,"Proctor, R. David",ALN,2012-09-06,2012-12-12,,2:13-cv-20000,84,Antitrust,1,1,1,1,0,1,1,0,1,1,0,1,0,1,1,0,0,0,"Based on magistrate R&R. Detailed and weird leadership structure. '""The Special Master interviewed all persons seeking an appointment""",This MDL has an absurdly large leadership team. Over 100 attorneys are appointed to various positions.,Robert Vogel,checked,9,16,0,16,,old
2407,2407 IN RE: Higher One OneAccount Marketing and Sales Practices Litigation,Vanessa Lynne Bryant,CT,,2012-12-11 00:00:00,2015-07-27 00:00:00,3:12-md-02407,,Sales Practices,,,,,,,,,,,,,,,,,,,,,DN/complete/co-work,,,,,,,new
2409,2409 IN RE: Nexium (Esomeprazole) Antitrust Litigation,William G. Young,MA,,2012-12-06 00:00:00,2019-01-08 00:00:00,1:12-md-02409,,Antitrust,,,,,,,,,,,,,,,,,,,,,DN/complete/co-work,,,,,,,new
2413,"2413 IN RE: Frito Lay North America, Inc., ""All Natural""",Roslynn Renee Mauskopf,NYE,,2012-12-12 00:00:00,2017-11-15 00:00:00,1:12-md-02413,,Sales Practices,,,,,,,,,,,,,,,,,,,,,DN/complete/manual,,,,,,,new
2415,2415 IN RE: L'Oreal Wrinkle Cream Marketing and Sales Practices Litigation,William J. Martini,NJ,,2012-12-12 00:00:00,2016-01-13 00:00:00,2:12-cv-03571,,Sales Practices,,,,,,,,,,,,,,,,,,,,,DN/complete/manual,,,,,,,new
2416,2416 IN RE: Capital One Telephone Consumer Protection Act,Elaine E. Bucklo,ILN,,2012-12-10 00:00:00,2017-08-14 00:00:00,1:12-cv-10064,,Miscellaneous,,,,,,,,,,,,,,,,,,,,,DN/complete/manual,,,,,,,new
2418,"2418 IN RE: Plavix Marketing, Sales Practices and Products Liability Litigation (No. II)","Wolfson, Freda L.",NJ,2012-10-15,2013-02-12,,3:13-cv-2418,347,Products Liability,1,0,0,0,0,0,0,0,1,1,0,0,0,0,0,0,0,0,Directs parties to work in out; appoints liason in the interim; did not find further appointments in later case management orders,Detailed common benefit order at Doc. No. 296,David Noll,checked,2,2,0,2,,old
2419,"2419 IN RE: New England Compounding Pharmacy, Inc., Products Liability Litigation","Zobel, Rya W.",MA,2012-10-16,2013-02-12,,1:13-md-2419,743,Products Liability,1,0,1,1,0,1,1,0,0,0,0,0,0,0,0,0,0,1,,,David Noll,checked,2,4,0,4,,old
2420,2420 IN RE: Lithium Ion Batteries Antitrust Litigation,"Rogers, Yvonne Gonzalez",CAN,2012-10-16,2013-02-06,,4:13-md-2420,85,Antitrust,1,0,1,1,0,1,1,0,1,0,0,0,0,0,0,0,0,1,Class action,,Robert Vogel,checked,12,16,0,16,,old
2424,2424 IN RE: Hyundai and Kia Fuel Economy,George H. Wu,CAC,,2013-02-05 00:00:00,2015-09-29 00:00:00,2:13-ml-02424,,Sales Practices,,,,,,,,,,,,,,,,,,,,,DN/complete/manual,,,,,,,new
2426,"2426 IN RE: TRS Recovery Services, Inc., and TeleCheck Services, Inc., FDCPA",David Brock Hornby,ME,,2013-02-07 00:00:00,2016-02-25 00:00:00,2:13-md-02426,,Miscellaneous,,,,,,,,,,,,,,,,,,,,,DN/complete/manual,,,,,,,new
2428,2428 IN RE: Fresenius GranuFlo/NaturaLyte Dialysate Products Liability Litigation,"Woodlock, Douglas P.",MA,2012-12-12,2013-03-29,2013-04-09,1:13-md-2428,4516,Products Liability,1,0,1,1,0,1,1,0,0,0,0,0,0,0,0,0,0,1,,,David Noll,checked,2,8,0,8,,old
2429,2429 IN RE: Automated Transactions LLC Patent Litigation,Sue L. Robinson,DE,,2013-04-01 00:00:00,2015-07-21 00:00:00,1:13-md-02429,,Intellectual Property,,,,,,,,,,,,,,,,,,,,,DN/complete/manual,,,,,,,new
2430,2430 IN RE: Google Inc. Gmail Litigation,Lucy Haeran Koh,CAN,,2013-04-01 00:00:00,2014-09-02 00:00:00,5:13-md-02430,,Miscellaneous,,,,,,,,,,,,,,,,,,,,,DN/complete/co-work,,,,,,,new
2432,2432 IN RE: Neurografix ('360) Patent Litigation,Richard Gaylore Stearns,MA,,2013-04-01 00:00:00,2018-07-02 00:00:00,1:13-md-02432,,Intellectual Property,,,,,,,,,,,,,,,,,,,,,DN/complete/co-work,,,,,,,new
2433,2433 IN RE: E. I. du Pont de Nemours and Company C-8 Personal Injury Litigation,"Sargus, Edmund A.",OHS,2013-01-11,2013-04-08,,2:13-md-2433,3671,Miscellanous,1,0,1,1,0,1,0,0,1,0,0,0,0,0,0,0,0,0,,,Reynold Orsua,checked,2,4,0,4,,old
2434,2434 IN RE: Mirena IUD Products Liability Litigation,"Seibel, Cathy",NYS,2013-01-16,2013-04-08,2013-07-10,7:13-md-2434,1777,Products Liability,1,0,1,1,0,1,1,0,1,0,0,0,0,0,0,1,1,1,Comprehensive order,,David Noll,checked,4,3,0,3,,old
2436,"2436 IN RE: Tylenol (Acetaminophen) Marketing, Sales Practices and Products Liability Litigation","Schiller, Berle M",PAE,2013-01-17,2013-04-01,2013-05-21,2:13-md-2436,233,Products Liability,1,1,1,1,0,1,1,0,1,0,0,0,0,0,0,0,0,0,,,Abby Wolfe,checked,2,6,0,6,,old
2437,2437 IN RE: Domestic Drywall Antitrust Litigation,"Baylson, Michael M",PAE,2013-01-18,2013-04-08,,2:13-md-2437,29,Antitrust,1,0,1,1,0,0,0,0,0,0,0,0,0,0,0,0,0,0,Interim order,,Abby Wolfe,checked,5,7,0,7,,old
2438,2438 IN RE: 5-Hour Energy Marketing and Sales Practices Litigation,Philip S. Gutierrez,CAC,,2013-06-05 00:00:00,2018-04-11 00:00:00,2:13-ml-02438,,Sales Practices,,,,,,,,,,,,,,,,,,,,,DN/complete/co-work,,,,,,,new
2439,2439 IN RE: Subway Footlong Sandwich Marketing and Sales Practices Litigation,Lynn S. Adelman,WIE,,2013-06-10 00:00:00,2017-10-25 00:00:00,2:13-md-02439,,Sales Practices,,,,,,,,,,,,,,,,,,,,,DN/complete/co-work,,,,,,,new
2440,"2440 IN RE: Cook Medical, Inc., Pelvic Repair System Products Liability Litigation","Goodwin, Joseph R.",WVS,2013-02-18,2013-06-11,2013-07-30,2:13-md-2440,645,Products Liability,1,0,1,0,0,0,0,0,0,1,0,1,0,0,0,0,0,0,,2440-691 has a nice description of the mesh litigation and sings the praises of the multi-MDL PSC. See also narrative in 703.,David Noll,checked,5,1,0,1,,old
2441,2441 IN RE: Stryker Rejuvenate and ABG II Hip Implant Products Liability Litigation,"Frank, Donovan W.",MN,2013-02-19,2013-06-12,,0:13-md-2441,3546,Products Liability,1,0,1,1,0,1,1,0,1,1,0,1,0,0,0,0,0,0,,Doc 85 is an interesting effort to mediate a dispute in the consensus slate,David Noll,checked,5,7,0,7,,old
2443,2443 IN RE: Nickelodeon Consumer Privacy,Stanley R. Chesler,NJ,,2013-06-11 00:00:00,2017-11-15 00:00:00,2:12-cv-07829,,Miscellaneous,,,,,,,,,,,,,,,,,,,,,DN/complete/co-work,,,,,,,new
2445,2445 IN RE: Suboxone (Buprenorphine Hydrochloride and Naloxone) Antitrust Litigation,"Goldberg, Mitchell S",PAE,2013-03-04,2013-06-06,,2:13-md-2445,15,Antitrust,1,0,1,1,0,1,1,0,1,0,0,0,0,0,0,0,0,1,,,Abby Wolfe,checked,2,7,0,7,,old
2446,2446 IN RE: Standard & Poor's Rating Agency Litigation,Jesse Matthew Furman,NYS,,2013-06-06 00:00:00,2014-06-24 00:00:00,1:13-md-02446,,Securities,,,,,,,,,,,,,,,,,,,,,DN/complete/co-work,,,,,,,new
2450,2450 IN RE: Ford Fusion and C-Max Fuel Economy Litigation,Kenneth M. Karas,NYS,,2013-06-07 00:00:00,2019-06-12 00:00:00,7:13-md-02450,,Sales Practices,,,,,,,,,,,,,,,,,,,,,DN/complete/co-work,,,,,,,new
2451,"2451 IN RE: HSBC Bank USA, N.A. Debit Card Overdraft Fee",Arthur Donald Spatt,NYE,,2013-06-05 00:00:00,2016-11-28 00:00:00,2:13-md-02451,,Contract,,,,,,,,,,,,,,,,,,,,,DN/complete/co-work,,,,,,,new
2452,2452 IN RE: Incretin-Based Therapies Products Liability Litigation,"Battaglia, Anthony J.",CAS,2013-04-05,2013-08-26,2013-10-17,3:13-md-2452,1001,Products Liability,1,0,1,1,0,1,0,0,1,0,0,0,0,0,0,0,0,1,,Defense win. Ds file a bill of costs at the end of the case.,David Noll,checked,1,5,0,5,,old
2454,"2454 IN RE: Franck's Lab, Inc., Products Liability Litigation",Kurt Damian Engelhardt,LAE,,2013-08-07 00:00:00,2016-07-15 00:00:00,2:13-md-02454,,Products Liability,,,,,,,,,,,,,,,,,,,,,DN/complete/co-work,,,,,,,new
2455,"2455 IN RE: Stericycle, Inc., Steri-Safe Contract Litigation",Robert William Gettleman,ILN,,2013-08-06 00:00:00,2018-07-16 00:00:00,1:13-cv-05795,,Contract,,,,,,,,,,,,,,,,,,,,,DN/complete/co-work,,,,,,,new
2458,2458 IN RE: Effexor (Venlafaxine Hydrochloride) Products Liability Litigation,Cynthia M. Rufe,PAE,,2013-08-06 00:00:00,2015-09-22 00:00:00,2:13-md-02458,,Products Liability,,,,,,,,,,,,,,,,,,,,,DN/complete/co-work,,,,,,,new
2460,2460 IN RE: Niaspan Antitrust Litigation,"DuBois, Jan E.",PAE,2013-04-26,2013-09-17,,2:13-md-2460,23,Antitrust,1,1,1,1,0,1,0,0,0,0,0,0,1,0,0,0,0,0,Class action,,Abby Wolfe,checked,4,8,0,8,,old
2461,2461 IN RE: MyKey Technology Inc. Patent Litigation,Gary Allen Feess,CAC,,2013-08-14 00:00:00,2017-01-10 00:00:00,2:13-ml-02461,,Intellectual Property,,,,,,,,,,,,,,,,,,,,,DN/complete/co-work,,,,,,,new
2470,"2470 IN RE: Schnuck Markets, Inc., Customer Data Security Breach",John Andrew Ross,MOE,,2013-10-18 00:00:00,2015-08-25 00:00:00,4:13-md-02470,,Miscellaneous,,,,,,,,,,,,,,,,,,,,,DN/complete/co-work,,,,,,,new
2471,2471 IN RE: Vehicle Carrier Services Antitrust Litigation,Esther Salas,NJ,,2013-10-18 00:00:00,2018-05-10 00:00:00,2:13-cv-03306,,Antitrust,,,,,,,,,,,,,,,,,,,,,DN/complete/co-work,,,,,,,new
2472,2472 IN RE: Loestrin 24 Fe Antitrust Litigation,"Smith, William E.",RI,2013-06-18,2013-10-02,,1:13-md-2472,14,Antitrust,0,0,0,0,0,0,0,0,0,0,0,0,0,0,0,0,0,0,"No formal appointment order; see doc. no 5 (TEXT ORDER denying as moot 4 Motion to Consolidate Cases: On November 1, 2013, the Direct Purchaser Class Plaintiffs filed a Motion for Consolidation and Appointment of Interim Class Council in MDL No. 2472 In re Loestrin Antitrust Litigation. In light of the Courts discussion with counsel at the recent Initial Status Conference on November 4, 2013 regarding docket management and the appointment of lead counsel, this motion is DENIED as moot. So Ordered by Judge William E. Smith on 11/5/13. (Jackson, Ryan) (Entered: 11/05/2013))",,Robert Vogel,checked,6,10,0,10,,old
2473,2473 IN RE: Monsanto Company Genetically-Engineered Wheat,Kathryn Hoefer Vratil,KS,,2013-10-16 00:00:00,2015-08-17 00:00:00,2:13-md-02473,,Miscellaneous,,,,,,,,,,,,,,,,,,,,,DN/complete/co-work,,,,,,,new
2474,2474 IN RE: H&R Block IRS Form 8863,Fernando J. Gaitan Jr.,MOW,,2013-10-10 00:00:00,2016-07-22 00:00:00,4:13-md-02474,,Miscellaneous,,,,,,,,,,,,,,,,,,,,,DN/complete/co-work,,,,,,,new
2475,2475 IN RE: North Sea Brent Crude Oil Futures Litigation,"Carter, Andrew L.",NYS,2013-07-11,2013-10-21,,1:13-md-2475,15,Antitrust,1,0,1,0,0,0,0,0,0,0,0,0,0,0,0,0,0,0,,,Reynold Orsua,checked,1,2,0,2,,old
2476,2476 IN RE: Credit Default Swaps Antitrust Litigation,Denise L. Cote,NYS,,2013-10-16 00:00:00,2016-07-28 00:00:00,1:13-md-02476,,Antitrust,,,,,,,,,,,,,,,,,,,,,DN/complete/co-work,,,,,,,new
2478,2478 IN RE: Convergent Telephone Consumer Protection Act (TCPA) Litigation,Alvin W. Thompson,CT,,2013-10-08 00:00:00,2019-01-16 00:00:00,3:13-md-02478,,Miscellaneous,,,,,,,,,,,,,,,,,,,,,DN/complete/co-work,,,,,,,new
2481,2481 IN RE: Aluminum Warehousing Antitrust Litigation,Paul Adam Engelmayer,NYS,,2013-12-16 00:00:00,2016-10-12 00:00:00,1:13-md-02481,,Antitrust,,,,,,,,,,,,,,,,,,,,,DN/complete/co-work,,,,,,,new
2485,"2485 IN RE: New Cingular Wireless, PCS, LLC, Data Services Sales Tax Refund",John C. Coughenour,WAW,,2013-12-19 00:00:00,2016-08-04 00:00:00,2:13-md-02485,,Miscellaneous,,,,,,,,,,,,,,,,,,,,,DN/complete/co-work,,,,,,,new
2488,2488 IN RE: Anheuser-Busch Beer Labeling Marketing and Sales Practices Litigation,DONALD C. NUGENT,OHN,,2013-06-10 00:00:00,2014-06-05 00:00:00,1:13-md-2448,,,,,,,,,,,,,,,,,,,,,,,Not to be assigned,,,,,,,new
2491,"2491 IN RE: GNC Corp. Triflex Products Marketing, SP & PL (No. II)",J. Frederick Motz,MD,,2013-12-17 00:00:00,2016-03-16 00:00:00,1:14-md-02491,,Sales Practices,,,,,,,,,,,,,,,,,,,,,DN/complete/co-work,,,,,,,new
2492,2492 IN RE: National Collegiate Athletic Association Student-Athlete Concussion Injury Litigation,"Lee, John Z.",ILN,2013-09-04,2013-12-18,,1:13-cv-9116,420,Miscellanous,1,0,1,0,0,0,0,0,0,0,0,0,0,0,0,0,0,0,"Consent order on ""joint agreed application""; good example of an order that does nothing",,David Noll,checked,3,4,0,4,,old
2493,"2493 IN RE: Monitronics International, Inc., Telephone Consumer Protection Act (TCPA) Litigation","Bailey, John P.",WVN,2013-09-06,2013-12-16,,1:13-md-2493,40,Miscellanous,1,0,0,0,0,0,0,0,1,0,0,1,0,0,0,0,0,0,Non-tempate order; summary of telephone conference,Interesting hearing on fees at the end of the case. Court awards progressively less fees on different parts of the recovery. ,David Noll,checked,1,3,0,3,,old
2494,2494 IN RE: Columbia and Snake River Dams Clean Water Act,Lonny R. Suko,WAE,,2013-12-13 00:00:00,2016-08-10 00:00:00,2:13-md-02494,,Miscellaneous,,,,,,,,,,,,,,,,,,,,,DN/complete/co-work,,,,,,,new
2495,2495 IN RE: Atlas Roofing Corporation Chalet Shingle Products Liability Litigation,"Thrash, Thomas W.",GAN,2013-09-17,2013-12-19,,1:13-md-2495,15,Products Liability,1,0,1,1,0,1,0,0,1,1,0,0,0,0,0,0,0,1,,Defense win following denial of motions for class certification,David Noll,checked,1,5,0,5,,old
2497,"2497 IN RE: Air Crash at San Francisco, CA - 7/6/13",Yvonne Gonzalez Rogers,CAN,,2013-12-13 00:00:00,2018-08-23 00:00:00,4:13-md-02497,,Common Disaster,,,,,,,,,,,,,,,,,,,,,DN/complete/co-work,,,,,,,new
2498,2498 IN RE: Nutramax Cosamin Marketing and Sales Practices Litigation,J. Frederick Motz,MD,,2013-12-17 00:00:00,2016-03-01 00:00:00,1:14-md-02498,,Sales Practices,,,,,,,,,,,,,,,,,,,,,DN/complete/co-work,,,,,,,new
2502,"2502 IN RE: Lipitor (Atorvastatin Calcium) Marketing, Sales Practices and Products Liability Litigation (No. II)",Richard Mark Gergel,SC,,2014-02-18 00:00:00,2017-02-27 00:00:00,2:14-mn-02502,,Products Liability,,,,,,,,,,,,,,,,,,,,,DN/complete/co-work,,,,,,,new
2503,2503 IN RE: Solodyn (Minocycline Hydrochloride) Antitrust Litigation,Denise Jefferson Casper,MA,,2014-02-25 00:00:00,2014-09-25 00:00:00,1:14-md-2503,,,,,,,,,,,,,,,,,,,,,,,Not to be assigned,,,,,,,new
2504,"2504 IN RE: Amazon.com, Inc., Fulfillment Center Fair Labor Standards Act (FLSA) and Wage and Hour Litigation","Hale, David J.",KYW,2013-10-12,2014-02-19,,3:14-md-2504,12,Employment Practices ,0,0,0,0,0,0,0,0,0,0,0,0,0,0,0,0,0,0,FLSA class action; lead counsel only appointed in connection with settlement approval,,David Noll,checked,3,1,0,1,,old
2506,"2506 IN RE: AZEK Building Products, Inc., Marketing & Sales Practices Litigation",Madeline Cox Arleo,NJ,,2014-02-18 00:00:00,2018-05-10 00:00:00,2:12-cv-06627,,Sales Practices,,,,,,,,,,,,,,,,,,,,,DN/complete/co-work,,,,,,,new
2508,2508 IN RE: Cast Iron Soil Pipe and Fittings Antitrust Litigation,Harry Sandlin Mattice Jr,TNE,,2014-02-18 00:00:00,2017-07-07 00:00:00,1:14-md-02508,,Antitrust,,,,,,,,,,,,,,,,,,,,,DN/complete/co-work,,,,,,,new
2510,2510 IN RE Brca1- And Brca2- Based Hereditary Cancer Test Patent Litigation,Robert James Shelby,UT,,2014-02-19 00:00:00,2015-03-09 00:00:00,2:14-md-02510,,Intellectual Property,,,,,,,,,,,,,,,,,,,,,DN/complete/co-work,,,,,,,new
2511,2511 IN RE: Neomedic Pelvic Repair System Products Liability Litigation,Joseph Robert Goodwin,WVS,,2014-02-18 00:00:00,2017-01-10 00:00:00,2:14-md-02511,,Products Liability,,,,,,,,,,,,,,,,,,,,,DN/complete/co-work,,,,,,,new
2513,"2513 IN RE: Collecto, Inc., Telephone Consumer Protection Act (TCPA)",Richard Gaylore Stearns,MA,,2014-02-18 00:00:00,2018-07-13 00:00:00,1:14-md-02513,,Miscellaneous,,,,,,,,,,,,,,,,,,,,,DN/complete/co-work,,,,,,,new
2514,"2514 IN RE: Pella Corporation Architect and Designer Series Windows Marketing, Sales Practices & Products Liability",David C. Norton,SC,,2014-02-14 00:00:00,2018-04-03 00:00:00,2:14-mn-00001,,Products Liability,,,,,,,,,,,,,,,,,,,,,DN/complete/co-work,,,,,,,new
2515,2515 IN RE: Pilot Flying J Fuel Rebate Contract Litigation (No. II),Amul Roger Thapar,KYE,,2014-04-07 00:00:00,2015-09-28 00:00:00,2:14-md-02515,,Contract,,,,,,,,,,,,,,,,,,,,,DN/complete/co-work,,,,,,,new
2516,2516 IN RE: Aggrenox Antitrust Litigation,"Underhill, Stefan R",CT,2013-12-13,2014-04-03,,3:14-md-2516,31,Antitrust,1,0,1,1,0,1,1,0,1,0,0,0,0,0,1,0,0,1,Possibe ex: of thin responsibilities list,Court appoints entire leadership slate as class counsel for two separate settlements,Robert Vogel,checked,4,7,0,7,,old
2519,2519 IN RE: AIG Workers Compensation Insurance Policyholder,Robert William Gettleman,ILN,,2014-04-07 00:00:00,2015-07-20 00:00:00,1:14-cv-02528,,Miscellaneous,,,,,,,,,,,,,,,,,,,,,DN/complete/co-work,,,,,,,new
2521,2521 IN RE: Lidoderm Antitrust Litigation,William Horsley Orrick III,CAN,,2014-04-03 00:00:00,2018-09-24 00:00:00,3:14-md-02521,,Antitrust,,,,,,,,,,,,,,,,,,,,,DN/complete/co-work,,,,,,,new
2522,2522 IN RE: Target Corporation Customer Data Security Breach Litigation,"Magnuson, Paul A.",MN,2013-12-24,2014-04-02,,0:14-md-2522,114,Miscellanous,1,0,1,1,0,1,1,0,1,0,0,0,1,0,0,0,1,1,Splits Ps into three separate classes,,Abby Wolfe,checked,6,15,0,15,,old
2524,"2524 IN RE: Health Management Associates, Inc., Qui Tam Litigation (No. II)","Walton, Reggie B.",DC,2014-01-14,2014-04-03,,1:14-mc-339,9,Miscellanous,0,0,0,0,0,0,0,0,0,0,0,0,0,0,0,0,0,0,No appointment order found ,No appointment order found,Reynold Orsua,checked,0,0,0,0,,old
2527,"2527 IN RE: First National Collection Bureau, Inc., Telephone Consumer Protection Act (TCPA)",Kent J. Dawson,NV,,2014-04-08 00:00:00,2015-07-13 00:00:00,2:14-cv-00557,,Miscellaneous,,,,,,,,,,,,,,,,,,,,,DN/complete/manual,,,,,,,new
2528,"2528 IN RE: Natrol, Inc., Glucosamine/Chondroitin Marketing and Sales Practices Litigation",J. Frederick Motz,MD,,2014-06-10 00:00:00,2018-09-05 00:00:00,1:14-md-02528,,Sales Practices,,,,,,,,,,,,,,,,,,,,,DN/complete/co-work,,,,,,,new
2531,"2531 IN RE: Michaels Stores, Inc., Wage & Hour EP",George H. Wu,CAC,,2014-06-04 00:00:00,2018-04-20 00:00:00,2:14-ml-02531,,Employment Practices,,,,,,,,,,,,,,,,,,,,,DN/complete/co-work,,,,,,,new
2532,2532 IN RE: Yosemite National Park Hantavirus Litigation,Maxine M. Chesney,CAN,,2014-06-04 00:00:00,2018-05-22 00:00:00,3:14-md-02532,,Miscellaneous,,,,,,,,,,,,,,,,,,,,,DN/complete/co-work,,,,,,,new
2534,2534 IN RE: TLI Communications LLC Patent Litigation,Thomas Selby Ellis III,VAE,,2014-06-12 00:00:00,2015-02-09 00:00:00,1:14-md-2534,,,,,,,,,,,,,,,,,,,,,,,Not to be assigned,,,,,,,new
2540,"2540 IN RE: Caterpillar, Inc., C13 and C15 Engine Products Liability Litigation",Jerome B. Simandle,NJ,,2014-06-11 00:00:00,2016-09-27 00:00:00,1:14-cv-03722,,Products Liability,,,,,,,,,,,,,,,,,,,,,DN/complete/co-work,,,,,,,new
2541,2541 IN RE: National Collegiate Athletic Association Athletic Grant-in-Aid Cap Antitrust Litigation,"Wilken, Claudia",CAN,2014-03-19,2014-06-04,,4:14-md-2541,10,Antitrust,1,1,1,1,0,0,0,0,0,0,0,0,0,0,1,0,0,1,Contested; reaffirms a prior unlocated apointment,,Robert Vogel,checked,2,2,0,2,,old
2542,2542 IN RE: Keurig Green Mountain Single-Serve Coffee Antitrust Litigation,"Broderick, Vernon S.",NYS,2014-03-20,2014-06-03,,1:14-md-2542,28,Antitrust,1,0,1,1,0,0,0,0,1,0,0,0,1,0,1,0,0,0,Class action; stips by lead are binding on counsel in the indirect purchaser action,,Robert Vogel,checked,2,3,0,3,,old
2543,2543 IN RE: General Motors LLC Ignition Switch Litigation,"Furman, Jesse M.",NYS,2014-03-24,2014-06-09,,1:14-md-2543,777,Sales Practices,1,1,1,1,0,1,1,0,1,0,0,0,0,1,1,0,0,1,Multiple orders,,Reynold Orsua,checked,3,5,0,5,,old
2545,2545 IN RE: Testosterone Replacement Therapy Products Liability Litigation,"Kennelly, Matthew F.",ILN,2014-03-28,2014-06-06,2014-08-13,1:14-cv-1748,7859,Products Liability,1,0,1,1,0,1,1,0,1,0,0,0,0,0,0,0,1,1,"Great recognition of the necessity of P leadership -- ""of course"" indiviudal attorneys have a role but the order goes on to tell leadership to do everything","2873: PSC asks to double the holdback. Court gives a heads-up to all P counsel/checks if anyone is paying attention and invites objections. 2894 grants the motion and approves a 20% holdback.

Some wrangling at the end of the case about additions to the PSC. There's no order on the motions because we reached the end of when we were reviewing dockets. 

MU: no new appointments",Mariah Uustal,checked,5,28,0,28,,old
2548,"2548 IN RE: Commodity Exchange, Inc., Gold Futures and Options Trading Litigation","Caproni, Valerie E.",NYS,2014-04-14,2014-08-13,,1:14-md-2548,29,Antitrust,0,0,0,0,0,0,0,0,0,0,0,0,0,0,0,0,0,0,Settled early,In CMO #1 the court affirms its previous appointment of interim class counsel without naming the appointees. The referenced order is not captured in the docket and appears to predate the MDL. ,Robert Vogel,checked,4,3,0,3,,old
2551,2551 IN RE: National Hockey League Players' Concussion Injury Litigation,"Nelson, Susan Richard",MN,2014-04-25,2014-08-19,,0:14-md-2551,21,Miscellanous,1,0,1,0,0,0,0,0,0,0,0,0,1,1,0,0,0,0,Class action,"Motion for certification of a medical monitoring class denied, following which the case appears to end ",David Noll,checked,3,4,0,4,,old
2555,2555 IN RE: Coca-Cola Products Marketing and Sales Practices Litigation (No. II),"White, Jeffrey S.",CAN,2014-05-21,2014-08-07,,4:14-md-2555,8,Sales Practices,1,0,1,1,0,1,1,0,0,0,0,0,0,0,1,1,1,1,Comprehensive order; drafted by counsel,,David Noll,checked,2,2,0,2,,old
2557,2557 IN RE: Auto Body Shop Antitrust Litigation,"Presnell, Gregory A",FLM,2014-05-21,2014-08-08,,6:14-md-2557,27,Antitrust,1,0,0,0,0,0,0,0,1,0,0,0,0,0,0,0,0,0,Settled early; only liason counsel appointed,,Robert Vogel,checked,2,2,0,2,,old
2562,"2562 IN RE: Blue Buffalo Company, Ltd., Marketing and Sales Practices Litigation",Rodney W. Sippel,MOE,,2014-10-17 00:00:00,2018-08-08 00:00:00,4:14-md-02562,,Sales Practices,,,,,,,,,,,,,,,,,,,,,DN/complete/co-work,,,,,,,new
2564,"2564 IN RE: Life Time Fitness, Inc., Telephone Consumer Protection Act (TCPA)",Joan N. Ericksen,MN,,2014-10-15 00:00:00,2016-02-17 00:00:00,0:14-md-02564,,Miscellaneous,,,,,,,,,,,,,,,,,,,,,DN/complete/co-work,,,,,,,new
2566,2566 IN RE: TelexFree Securities Litigation,"Hillman, Timothy S.",MA,2014-07-01,2014-10-21,,4:14-md-2566,12,Securities ,1,0,1,1,0,1,1,0,0,0,0,0,0,0,0,1,0,1,,,Reynold Orsua,checked,2,4,0,4,,old
2567,2567 IN RE: Pre-Filled Propane Tank Antitrust Litigation,"Fenner, Gary A.",MOW,2014-07-02,2014-10-16,,4:14-md-2567,38,Antitrust,1,1,1,0,0,1,0,0,0,0,0,0,0,0,0,0,0,1,,The judge in this MDL appoints individuals to be interim co-lead/class counsel but then appoints firms as final class counsel when approving settlements,Robert Vogel,checked,4,7,0,7,,old
2570,"2570 IN RE: Cook Medical, Inc., IVC Filters Marketing, Sales Practices and Products Liability Litigation","Young, Richard L.",INS,2014-07-21,2014-10-15,2014-11-25,1:14-ml-2570,6343,Products Liability,1,0,1,0,0,1,0,0,0,0,0,0,0,0,0,0,0,0,Joint proposed order so-ordered by magistrate,"This is a big MDL but there's only one order in the folder, from 2014; go back and pull relevant orders before finalizing article?
- Appointments/removals in this MDL are somewhat confusing and are done purely through case management orders.",Robert Vogel,checked,10,9,0,9,,old
2571,"2571 IN RE: Impulse Monitoring, Inc., Aetna Interoperative Monitoring Service Claims & ERISA",Edward George Smith,MD,,2014-10-14 00:00:00,2015-08-06 00:00:00,5:14-md-02571,,,,,,,,,,,,,,,,,,,,,,,Not to be assigned,,,,,,,new
2573,"2573 IN RE: London Silver Fixing, Ltd., Antitrust Litigation","Caproni, Valerie E.",NYS,2014-08-05,2014-10-09,,1:14-md-2573,8,Antitrust,1,1,1,0,0,0,0,0,0,0,0,0,1,0,0,0,0,0,Class action,The court approves a number of settlements here without explicitly naming or appointing class counsel.,Robert Vogel,checked,2,2,0,2,,old
2575,"2575 IN RE: Fluidmaster, Inc., Water Connector Components Products Liability Litigation","Dow, Robert M.",ILN,2014-08-18,2014-12-11,,1:14-cv-5696,36,Products Liability,1,0,1,1,0,0,0,0,0,0,0,0,0,0,1,0,0,1,,,David Noll,checked,4,5,0,5,,old
2577,"2577 IN RE: GAF Elk Cross Timbers Decking Marketing, Sales Practices and Products Liability Litigation",Jose L. Linares,NJ,,2014-12-12 00:00:00,2017-08-18 00:00:00,2:15-cv-00018,,Products Liability,,,,,,,,,,,,,,,,,,,,,DN/complete/co-work,,,,,,,new
2580,2580 IN RE: Opana ER Antitrust Litigation,"Leinenweber, Harry D.",ILN,2014-08-26,2014-12-12,,1:14-cv-10150,14,Antitrust,1,1,1,0,0,0,0,0,0,0,0,0,1,0,0,0,0,0,Class action,"Court grants class certification without appointing class counsel, and confusingly does not ""appoint"" class counsel in orders preliminarily approving subsequent settlements, but merely directs objections to be sent to specific counsel. In later settlements, the court then refers to these attorneys as ""previously appointed"" class counsel in the final settlement approvals. ",Robert Vogel,checked,4,3,0,3,,old
2581,"2581 IN RE: CTP Innovations, LLC, Patent Litigation",Marvin J. Garbis,MD,,2014-12-12 00:00:00,2018-08-10 00:00:00,1:14-md-02581,,Intellectual Property,,,,,,,,,,,,,,,,,,,,,DN/complete/co-work,,,,,,,new
2583,"2583 IN RE: The Home Depot, Inc., Customer Data Security Breach",Thomas W. Thrash Jr.,GAN,,2014-12-11 00:00:00,2017-10-11 00:00:00,1:14-md-02583,,Miscellaneous,,,,,,,,,,,,,,,,,,,,,DN/complete/co-work,,,,,,,new
2586,"2586 IN RE: Supervalu, Inc., Customer Data Security Breach Litigation","Montgomery, Ann D.",MN,2014-09-18,2014-12-16,,0:14-md-2586,4,Miscellanous,1,0,1,1,0,1,1,0,1,0,0,0,0,0,1,0,0,0,,,Abby Wolfe,checked,1,3,0,3,,old
2587,2587 IN RE: IntraMTA Switched Access Charges Litigation,"Fitzwater, Sidney A.",TXN,2014-09-19,2014-12-16,,3:14-md-2587,102,Miscellanous,1,1,0,0,0,0,0,0,0,1,1,0,0,0,0,0,0,0,Interesting. Creates defense leadership structure using standard P-side structure. FLAG THIS IN DESCRIPTIONS OF THE SAMPLE.,,Abby Wolfe,checked,2,4,0,4,,old
2588,"2588 IN RE: Whole Foods Market, Inc., Greek Yogurt Marketing and Sales Practices Litigation",Sam Sparks,TXW,,2014-12-10 00:00:00,2017-02-22 00:00:00,1:14-mc-02588,,Sales Practices,,,,,,,,,,,,,,,,,,,,,DN/complete/co-work,,,,,,,new
2589,2589 IN RE: Barclays Liquidity Cross and High Frequency Trading Litigation,"Furman, Jesse M.",NYS,2014-10-02,2014-12-12,,1:14-md-2589,5,Securities ,0,0,0,0,0,0,0,0,0,0,0,0,0,0,0,0,0,0,No appointment order found,No appointment order found.,Reynold Orsua,checked,0,0,0,0,,old
2590,"2590 IN RE: Navistar MaxxForce Engines Marketing, Sales Practices and Products Liability Litigation","Gottschall, Joan B.",ILN,2014-10-03,2014-12-17,,1:14-cv-10318,47,Products Liability,1,1,1,1,0,0,0,0,0,0,0,0,1,0,1,0,0,1,,2590-27 has a description of how two groups of P counsel tried to secure support of other plaintiff's counsel and the conflicts among counsel. Appoints lead counsel under Rule 23(g).,Abby Wolfe,checked,2,3,0,3,,old
2591,2591 IN RE: Syngenta AG MIR162 Corn Litigation,"Lungstrum, John W.",KS,2014-10-07,2014-12-11,,2:14-md-2591,2433,Miscellanous,1,1,1,1,0,1,1,0,1,1,0,1,1,1,1,0,0,1,"Interesting. Appoints PEC that includes attys who want to proceed as class, attys who want to proceed individually, and attys that want to seek remand. Rejects All-Star leadership team because of concernst that they wouldn't play well together.",,Abby Wolfe,checked,4,11,0,11,,old
2592,2592 IN RE: Xarelto (Rivaroxaban) Products Liability Litigation,"Fallon, Eldon E.",LAE,2014-10-09,2014-12-12,2015-01-16,2:14-md-2592,30566,Products Liability,1,1,0,0,0,1,1,0,1,0,0,0,0,0,0,0,0,0,Split across three orders,Very interesting common benefit order at 17634 awarding ~$93M in attorney's fees,Mariah Uustal,checked,7,7,0,7,,old
2595,"2595 IN RE: Community Health Systems, Inc., Customer Data Security Breach Litigation","Bowdre, Karon O.",ALN,2014-10-17,2015-02-04,,2:15-cv-222,18,Miscellanous,1,0,1,1,0,1,1,0,1,0,0,0,0,1,0,0,0,0,,,Reynold Orsua,checked,4,6,0,6,,old
2599,2599 IN RE: Takata Airbag Products Liability Litigation,"Moreno, Federico A.",FLS,2014-11-03,2015-02-05,,1:15-md-2599,327,Products Liability,1,0,1,1,0,1,1,0,0,0,0,0,0,0,0,0,0,0,"Dual tracks; places all non-lead cases in ""civil suspense"" and closes pending resolution of actions in which master complaints are filed",Economic claims settle through series of class action settlements. The same group of counsel is appointment settlement class counsel in all of them.,David Noll,checked,20,28,0,28,,old
2600,"2600 IN RE: Protegrity Corporation and Protegrity USA, Inc., Patent Litigation",James Donato,CAN,,2015-02-06 00:00:00,2017-11-06 00:00:00,3:15-md-02600,,Intellectual Property,,,,,,,,,,,,,,,,,,,,,DN/complete/co-work,,,,,,,new
2602,2602 IN RE: Rust-Oleum Restore Marketing Sales Practices & Products Liability Litigation,Amy Joan St Eve,ILN,,2015-02-06 00:00:00,2017-03-15 00:00:00,1:15-cv-01364,,Products Liability,,,,,,,,,,,,,,,,,,,,,DN/complete/co-work,,,,,,,new
2606,2606 IN RE: Benicar (Olmesartan) Products Liability Litigation,"Kugler, Robert B.",NJ,2014-12-18,2015-04-03,,1:15-md-2606,2309,Products Liability,1,0,0,0,0,1,0,0,1,0,0,0,0,0,0,0,0,0,Just adopts Ps' proposals,,Mariah Uustal,checked,5,6,0,6,,old
2613,"2613 IN RE: TD Bank, N.A., Debit Card Overdraft Fee Litigation","Hendricks, Bruce Howe",SC,2015-01-22,2015-04-02,,6:15-mn-2613,13,Contract ,1,0,1,0,0,1,0,0,1,0,0,0,0,0,0,0,0,0,"Minute Entry. Proceedings held before Honorable Bruce Howe Hendricks: Hearing held. The following counsel were appointed as Lead Counsel: Edward Webb and Richard McCune; Plaintiff's Executive Committee: Richard Golomb, Hassan Zavereei, Joseph Kohn, Francis Flynn and John Hargrove; Liaison Counsel: Mark Tanenbaum and William Hopkins; Status Conference held on 5/20/2015. Court Reporter Karen Martin. Associated Cases: 6:15-mn-02613-BHH et al.(fbos, ) (Entered: 05/20/2015)
",,David Noll,checked,2,2,0,2,,old
2614,"2614 IN RE: Industrial Print Technologies, LLC, Patent Litigation","Lynn, Barbara M.G.",TXN,2015-01-22,2015-04-07,,3:15-md-2614,7,Intellectual Property,0,0,0,0,0,0,0,0,0,0,0,0,0,0,0,0,0,0,Completely self-organized; courts asks counsel to announce their statuts,Patent MDL. No leadership orders.,David Noll,checked,0,0,0,0,,old
2615,"2615 IN RE: Michaels Stores, Inc., Fair Credit Reporting Act (FCRA) Litigation","McNulty, Kevin",NJ,2015-02-04,2015-04-02,,2:14-cv-7563,5,Miscellanous,1,0,1,0,0,0,0,0,0,0,0,0,0,0,0,0,0,0,Class action; uncontested,,Abby Wolfe,checked,1,3,0,3,,old
2617,"2617 IN RE: Anthem, Inc., Customer Data Security Breach Litigation",Lucy Haeran Koh,CAN,,2015-06-08 00:00:00,2018-08-23 00:00:00,5:15-md-02617,,Miscellaneous,,,,,,,,,,,,,,,,,,,,,DN/complete/co-work,,,,,,,new
2619,2619 IN RE: Herbal Supplements Marketing & Sales Practices Litigation,John W. Darrah,ILN,,2015-06-09 00:00:00,2017-09-13 00:00:00,1:15-cv-05070,,Sales Practices,,,,,,,,,,,,,,,,,,,,,DN/complete/co-work,,,,,,,new
2624,2624 IN RE: Lenovo Adware Litigation,"Gilliam, Haywood S.",CAN,2015-02-25,2015-06-08,,5:15-md-2624,28,Miscellanous,1,1,1,0,0,0,0,0,0,0,0,0,1,0,0,0,0,0,Class action,Interesting leadership fight and opinion resolving it at the beginning of the litigation. Settles as a class action for a ridiculously low figure. ,David Noll,checked,2,1,0,1,,old
2626,2626 IN RE: Disposable Contact Lens Antitrust Litigation,"Schlesinger, Harvey E.",FLM,2015-03-06,2015-06-08,,3:15-md-2626,59,Antitrust,1,1,1,1,0,0,0,0,1,0,0,0,1,1,0,0,0,0,Class action,,Robert Vogel,checked,7,7,0,7,,old
2627,"2627 IN RE: Lumber Liquidators Chinese-Manufactured Flooring Product Marketing, Sales Practices and Products Liability Litigation","Trenga, Anthony J.",VAE,2015-03-09,2015-06-12,,1:15-md-2627,193,Sales Practices,1,1,1,0,0,0,0,0,0,0,0,0,0,0,0,0,0,0,Says that court might appoint a PSC in the future,,Robert Vogel,checked,4,4,0,4,,old
2631,2631 IN RE: Alibaba Group Holding Limited Securities Litigation,Colleen McMahon,NYS,,2015-06-09 00:00:00,2016-07-08 00:00:00,1:15-md-02631,,Securities,,,,,,,,,,,,,,,,,,,,,DN/complete/co-work,,,,,,,new
2633,2633 IN RE: Premera Blue Cross Customer Data Security Breach Litigation,"Simon, Michael H.",OR,2015-03-31,2015-06-16,,3:15-md-2633,41,Miscellanous,1,0,1,1,0,1,1,0,1,0,0,0,0,0,1,0,0,1,,,Reynold Orsua,checked,2,5,0,5,,old
2639,2639 IN RE: Pacquiao-Mayweather Boxing Match Pay-Per-View Litigation,Robert Gary Klausner,CAC,,2015-08-14 00:00:00,2017-09-08 00:00:00,2:15-ml-02639,,Sales Practices,,,,,,,,,,,,,,,,,,,,,DN/complete/co-work,,,,,,,new
2641,2641 IN RE: Bard IVC Filters Products Liability Litigation,"Campbell, David G.",AZ,2015-05-18,2015-08-17,2015-10-30,2:15-md-2641,8644,Products Liability,1,1,1,1,0,1,1,0,1,0,0,0,0,0,1,0,1,0,,,Mariah Uustal,checked,2,8,0,8,,old
2642,2642 IN RE: Fluoroquinolone Products Liability Litigation,"Tunheim, John R.",MN,2015-05-19,2015-08-17,2016-03-17,0:15-md-2642,1261,Products Liability,1,1,1,1,0,1,1,0,1,0,0,0,0,0,1,0,0,0,,,Robert Vogel,checked,1,5,0,5,,old
2645,"2645 IN RE: Kind LLC ""All Natural"" Litigation","Pauley, William H.",NYS,2015-06-01,2015-08-07,,1:15-md-2645,12,Sales Practices,1,1,1,0,0,0,0,0,0,0,0,0,1,0,0,0,0,1,Class action,,Robert Vogel,checked,4,1,0,1,,old
2652,"2652 IN RE: Ethicon, Inc., Power Morcellator PL",Kathryn Hoefer Vratil,KS,,2015-10-15 00:00:00,2016-09-09 00:00:00,2:15-md-02652,,,,,,,,,,,,,,,,,,,,,,,Not to be assigned,,,,,,,new
2654,"2654 IN RE: Amtrak Train Derailment in Philadelphia, Pennsylvania, on May 12, 2015",Jan Ely DuBois,PAE,,2015-10-13 00:00:00,2017-09-27 00:00:00,2:15-md-02654,,Common Disaster,,,,,,,,,,,,,,,,,,,,,DN/complete/co-work,,,,,,,new
2656,2656 IN RE: Domestic Airline Travel Antitrust Litigation,"Kollar-Kotelly, Colleen",DC,2015-07-06,2015-10-13,,1:15-mc-1404,111,Antitrust,1,1,1,1,0,0,0,0,0,0,0,0,1,1,1,0,0,0,"Class action. First order says what lead's duties will be, second picks lead",Leadership reappointed yearly,Robert Vogel,checked,4,2,0,2,,old
2657,2657 IN RE: Zofran (Ondansetron) Products Liability Litigation,"Saylor, F. Dennis",MA,2015-07-06,2015-10-13,2015-11-18,1:15-md-2657,669,Products Liability,1,0,1,1,0,1,1,0,1,0,0,0,0,0,0,0,0,0,,,Robert Vogel,checked,4,3,0,3,,old
2661,"2661 IN RE: American Honda Motor Co., Inc., CR-V Vibration Marketing and Sales Practices Litigation",Michael H. Watson,OHS,,2015-10-09 00:00:00,2019-03-06 00:00:00,2:15-md-02661,,Sales Practices,,,,,,,,,,,,,,,,,,,,,DN/complete/co-work,,,,,,,new
2664,2664 IN RE: U.S. Office of Personnel Management Data Security Breach Litigation,"Jackson, Amy Berman",DC,2015-07-29,2015-10-09,,1:15-mc-1394,22,Miscellanous,1,1,1,0,0,1,0,0,0,0,0,0,0,0,0,0,0,0,Just announces picks,,Robert Vogel,checked,1,3,0,3,,old
2665,"2665 IN RE: McCormick & Company, Inc., Pepper Products Marketing and Sales Practices Litigation","Huvelle, Ellen Segal",DC,2015-08-10,2015-12-08,,1:15-mc-1825,16,Sales Practices,1,1,1,0,0,0,0,0,0,0,0,0,0,0,0,0,0,0,,,Robert Vogel,checked,2,2,0,2,,old
2666,2666 IN RE: Bair Hugger Forced Air Warming Devices Products Liability Litigation,"Ericksen, Joan N.",MN,2015-08-21,2015-12-11,2016-02-23,0:15-md-2666,5748,Products Liability,1,0,1,1,0,1,1,0,1,1,0,0,0,0,0,0,0,1,,,Mariah Uustal,checked,3,4,0,4,,old
2667,"2667 IN RE: Medical Informatics Engineering, Inc., Customer Data Security Breach Litigation","Miller, Robert L.",INN,2015-08-24,2015-12-10,,3:15-md-2667,21,Miscellanous,1,1,1,1,0,0,0,0,0,0,0,0,1,1,0,0,0,0,Interesting. Appoints just one lead counsel in an effort to preserve IME's assets. Discuss as example of structure,,Mariah Uustal,checked,6,1,0,1,,old
2668,"2668 IN RE: National Football League's ""Sunday Ticket"" Antitrust Litigation",Philip S. Gutierrez,CAC,,2015-12-08 00:00:00,2017-07-19 00:00:00,2:15-ml-02668,,Antitrust,,,,,,,,,,,,,,,,,,,,,DN/complete/co-work,,,,,,,new
2669,2669 IN RE: Ashley Madison Customer Data Security Breach Litigation,"Ross, John A.",MOE,2015-08-27,2015-12-09,,4:15-md-2669,24,Miscellanous,1,1,1,1,1,1,1,1,1,1,0,1,0,0,1,0,0,0,Super severe restriction on non-lead practice. Recognizes duties to non-leads!,,Mariah Uustal,checked,2,5,0,5,,old
2670, 2670 IN RE: Packaged Seafood Products Antitrust Litigation,"Sammartino, Janis L.",CAS,2015-08-28,2015-12-09,,3:15-md-2670,83,Antitrust,1,1,1,1,0,1,1,0,0,0,0,0,1,0,0,0,0,1,Class action,,Mariah Uustal,checked,9,11,0,11,,old
2672,"  2672 IN RE: Volkswagen ""Clean Diesel"" Marketing, Sales Practices, and Products Liability Litigation","Breyer, Charles R.",CAN,2015-09-23,2015-12-08,,3:15-md-2672,1877,Products Liability,1,1,1,1,0,1,1,0,0,0,0,0,0,0,1,0,0,1,Important to discuss,,Robert Vogel,checked,10,11,0,11,,old
2673,2673 IN RE: Treasury Securities Auction Antitrust Litigation,"Gardephe, Paul G.",NYS,2015-09-24,2015-12-08,,1:15-md-2673,42,Antitrust,1,1,1,0,0,0,0,0,0,0,0,0,1,0,0,0,0,0,Class action. Allows lead counsel to pick PSC,,Mariah Uustal,checked,2,3,0,3,,old
2677,2677 IN RE: Daily Fantasy Sports Litigation,"O'Toole, George A.",MA,2015-10-15,2016-02-04,,1:16-md-2677,86,Sales Practices,1,1,1,1,0,1,1,0,0,0,0,0,1,0,0,0,0,0,,,Robert Vogel,checked,1,3,0,3,,old
2687,2687 IN RE: Liquid Aluminum Sulfate Antitrust Litigation,"Arleo, Madeline C.",NJ,2015-12-02,2016-02-04,,2:16-md-2687,83,Antitrust,1,0,1,1,0,0,0,0,0,0,0,0,0,0,1,0,1,1,,,Mariah Uustal,checked,8,7,0,7,,old
2688,2688 IN RE: Windsor Wood Clad Window Products Liability Litigation,Lynn S. Adelman,WIE,,2016-04-07 00:00:00,2018-11-30 00:00:00,2:16-md-02688,,Products Liability,,,,,,,,,,,,,,,,,,,,,DN/complete/co-work,,,,,,,new
2691,2691 IN RE: Viagra (Sildenafil Citrate) and Cialis (Tadalafil) Products Liability Litigation,"Seeborg, Richard",CAN,2015-12-11,2016-04-07,,3:16-md-2691,975,Products Liability,1,0,1,1,0,1,1,0,1,0,0,0,0,0,0,0,0,0,,,Robert Vogel,checked,1,5,0,5,,old
2693,"2693 IN RE: Vizio, Inc., Consumer Privacy Litigation","Staton, Josephine L.",CAC,2015-12-30,2016-04-07,,8:16-ml-2693,27,Miscellanous,1,1,1,1,0,1,1,0,1,0,0,1,0,0,0,0,1,1,,,Robert Vogel,checked,2,4,0,4,,old
2695,2695 IN RE: Santa Fe Natural Tobacco Company Marketing and Sales Practices Litigation,"Browning, James O.",NM,2016-01-06,2016-04-11,,1:16-md-2695,17,Sales Practices,1,0,1,1,0,1,1,0,1,0,0,0,0,0,0,0,0,0,,,Abby Wolfe,checked,3,5,0,5,,old
2700,"2700 IN RE: Genentech, Inc., Herceptin (Trastuzumab) Marketing and Sales Practices Litigation",Terence C. Kern,OKN,,2016-04-07 00:00:00,2019-03-22 00:00:00,4:16-md-02700,,Sales Practices,,,,,,,,,,,,,,,,,,,,,DN/complete/co-work,,,,,,,new
2704, 2704 IN RE: Interest Rate Swaps Antitrust Litigation,"Engelmayer, Paul A.",NYS,2016-02-26,2016-06-02,,1:16-md-2704,11,Antitrust,1,1,1,1,0,1,1,0,1,0,0,1,1,1,0,0,0,0,Detailed Rule 23(g) analysis,,Mariah Uustal,checked,2,2,0,2,,old
2705, 2705 IN RE: 100% Grated Parmesan Cheese Marketing and Sales Practices Litigation,"Feinerman, Gary",ILN,2016-02-29,2016-06-02,,1:16-cv-5802,53,Sales Practices,1,1,1,1,0,1,1,0,0,0,0,0,0,0,0,0,1,1,Class action,,Robert Vogel,checked,1,2,0,2,,old
2709,2709 IN RE: Dollar General Corp. Motor Oil Marketing and Sales Practices Litigation,"Fenner, Gary A.",MOW,2016-03-07,2016-06-02,,4:16-md-2709,26,Sales Practices,1,0,1,1,0,0,0,0,1,0,0,0,1,0,0,0,1,1,Class action. Good example of deferring to private ordering,,Abby Wolfe,checked,3,20,0,20,,old
2712,"2712 IN RE: Air Crash Over the Southern Indian Ocean, on March 8, 2014",Ketanji Brown Jackson,DC,,2016-06-02 00:00:00,2018-11-28 00:00:00,1:16-mc-01184,,Common Disaster,,,,,,,,,,,,,,,,,,,,,DN/complete/co-work,,,,,,,new
2719,"2719 IN RE: The Honest Company, Inc., Sodium Lauryl Sulfate (SLS) Marketing and Sales Practices Litigation",Andre Birotte Jr.,CAC,,2016-08-05 00:00:00,2018-01-02 00:00:00,2:16-ml-02719,,Sales Practices,,,,,,,,,,,,,,,,,,,,,DN/complete/co-work,,,,,,,new
2722,"2722 IN RE: Mobile Telecommunications Technologies, LLC, Patent Litigation",Leonard P. Stark,DE,,2016-08-05 00:00:00,2018-07-03 00:00:00,1:16-md-02722,,Intellectual Property,,,,,,,,,,,,,,,,,,,,,DN/complete/co-work,,,,,,,new
2724, 2724 IN RE: Generic Pharmaceuticals Pricing Antitrust Litigation,"Rufe, Cynthia M.",PAE,2016-05-19,2016-08-05,,2:16-md-2724,184,Antitrust,1,1,1,0,0,1,0,0,0,0,0,0,0,0,0,0,0,0,"""The specific duties of Co-Lead Counsel may be set forth in future pretrial orders as necessary.""",,Mariah Uustal,checked,18,10,0,10,,old
2731,"2731 IN RE: Sprouts Farmers Market, Inc., Employee Data Security Breach Litigation",Douglas L. Rayes,AZ,,2016-10-06 00:00:00,2019-05-13 00:00:00,2:16-md-02731,,Miscellaneous,,,,,,,,,,,,,,,,,,,,,DN/complete/co-work,,,,,,,new
2734,2734 IN RE: Abilify (Aripiprazole) Products Liability Litigation,"Rodgers, M. Casey ",FLN,2016-06-24,2016-10-03,2016-12-16,3:16-md-2734,2606,Products Liability,1,1,1,0,0,1,0,0,0,0,0,0,0,0,0,0,0,0,,"79 creates a leadership structure without appointing anyone to it. 1219 is a very detailed special master report explaining how the litigation was financed. Members of PSC put in about $3 million to pay common benefit expenses during the litigation.
 ",David Noll,checked,4,19,0,19,,old
2737,2737 IN RE: 21st Century Oncology Customer Data Security Breach Litigation,"Scriven, Mary S.",FLM,2016-07-13,2016-10-06,,8:16-md-2737,18,Miscellanous,0,0,0,0,0,0,0,0,0,0,0,0,0,0,0,0,0,0,No appointment order found,,Abby Wolfe,checked,2,1,0,1,,old
2738,"2738 IN RE: Johnson & Johnson Talcum Powder Products Marketing, Sales Practices and Products Liability Litigation","Wolfson, Freda L.",NJ,2016-07-15,2016-10-04,2016-12-06,3:16-md-2738,12611,Products Liability,1,1,1,0,0,1,0,0,1,0,0,0,0,0,0,0,0,0,"Court reserves right to change structure if it learns of ""inefficiency""",,Reynold Orsua,checked,5,7,0,7,,old
2740,2740 IN RE: Taxotere (Docetaxel) Products Liability Litigation,"Milazzo, Jane Triche",LAE,2016-07-22,2016-10-04,2016-11-17,2:16-md-2740,13254,Products Liability,1,1,0,0,0,1,1,0,1,0,0,0,0,1,0,0,0,0,Defines duties in PTO 1 then appoints lawyers to positions--definition of duties as point of variation. Appointments for 1 year term.,,Mariah Uustal,checked,12,6,0,6,,old
2741,2741 IN RE: Roundup Products Liability Litigation,"Chhabria, Vince",CAN,2016-07-27,2016-10-03,,3:16-md-2741,1260,Products Liability,1,0,1,1,0,1,1,0,1,0,0,0,0,0,0,0,0,0,"Good ex of ambiguity of co-lead's duties--authorized to ""engage in settlement negotiations""",,Robert Vogel,checked,3,5,0,5,,old
2742,"2742 IN RE: SunEdison, Inc., Securities Litigation","Castel, P. Kevin",NYS,2016-07-27,2016-10-04,,1:16-md-2742,34,Securities ,1,0,1,1,0,0,0,0,0,0,0,0,1,0,0,0,0,0,Entered pursuant to PSLRA,,Robert Vogel,checked,3,4,0,4,,old
2743,2743 IN RE: Lumber Liquidators Chinese-Manufactured Laminate Flooring Durability Marketing and Sales Practices Litigation,"Trenga, Anthony J.",VAE,2016-07-28,2016-10-04,,1:16-md-2743,32,Sales Practices,1,0,1,0,0,0,0,0,0,1,0,0,0,0,0,0,0,0,,,Robert Vogel,checked,4,6,0,6,,old
2744,2744 IN RE: FCA US LLC Monostable Electronic Gearshift Litigation,"Lawson, David M.",MIE,2016-08-05,2016-10-05,,16-md-02744,37,Miscellanous,1,0,1,1,0,1,1,0,1,1,0,0,0,0,1,0,1,1,"By and through lead counsel. But ""Counsel for plaintiffs who have individual or divergent positions because of the status of
their clients may present written and oral argument with leave of the Court and provided that in
doing so they do not repeat arguments, questions, or actions of the Lead Counsel.""",,Robert Vogel,checked,2,4,0,4,,old
2750,2750 IN RE: Invokana (Canagliflozin) Products Liability Litigation,"Martinotti, Brian R. ",NJ,2016-09-20,2016-12-07,2017-01-24,3:16-md-2750,1190,Products Liability,1,1,1,1,0,1,1,0,0,0,0,0,0,0,0,0,0,0,"Good ex of tensions of leadership role. Discovery can be issued ""in the name of all plaintiffs."" Speak in court ""subject of course to the right of any plaintiff's counsel to present nonrepetitive individual or different
positions.",,Mariah Uustal,checked,2,3,0,3,,old
2752,2752 IN RE: Yahoo! Inc. Customer Data Security Breach Litigation,"Koh, Lucy H. ",CAN,2016-09-28,2016-12-07,,5:16-md-2752,31,Miscellanous,1,1,1,0,0,1,0,0,0,0,0,0,1,0,0,0,1,1,Lots of billing provisions; otherwise sparse,Daniel S. Robinson seems to be the class counsel or added to the PEC but I can't find the order appointing him.,Mariah Uustal,checked,1,2,0,2,,old
2753,2753 IN RE: Atrium Medical Corp. C-Qur Mesh Products Liability Litigation,"McCafferty, Landya B. ",NH,2016-10-10,2016-12-08,2017-03-13,1:16-md-2753,1406,Products Liability,1,0,1,1,0,1,1,0,1,0,0,0,0,0,1,0,0,0,"Duties set out in separate order. Directs leadership structure to submit a proposal re: common benefit fund. Weak limit on non-leader practice: do what you like, as long as it's not repetitive",,Mariah Uustal,checked,4,5,0,5,,old
2754,2754 IN RE: Eliquis (Apixaban) Products Liability Litigation,"Cote, Denise L.",NYS,2016-10-13,2017-02-07,2017-04-10,1:17-md-2754,283,Products Liability,1,0,1,1,0,1,1,0,1,0,0,0,0,0,0,0,0,0,All communications w/ court must be through co-lead or co-liason,,Abby Wolfe,checked,1,4,0,4,,old
2767,2767 IN RE: Mirena IUS Levonorgestrel-Related Products Liability Litigation (No. II),"Engelmayer, Paul A.",NYS,2016-12-29,2017-04-06,,1:17-md-2767,925,Products Liability,1,1,1,1,0,1,1,0,0,0,0,0,0,1,0,0,0,0,Says that lead and PSC will have duties specified by Judge Siebel in her Minera cases. Trims P attys' list of suggested ,"MDL is a follow on from another involving the same product

Transcript in 51 has an interesting explanation from P counsel about why they want a PSC and funding responsibilities.

Case ends with defense win on general causation",Robert Vogel,checked,2,5,0,5,,old
2768,2768 IN RE: Stryker LFIT V40 Femoral Head Products Liability Litigation,"Talwani, Indira ",MA,2017-01-13,2017-04-05,2017-06-09,1:17-md-2768,663,Products Liability,1,0,1,1,0,1,1,0,1,0,0,0,0,0,0,0,0,0,"Nice ex: of ad hockery -- administrative counsel and fed-state liaison counsel. ""To present, after consultation with the Plaintiffs’ Executive Committee, Plaintiffs
Steering Committee or other counsel as may be appropriate (in briefs, oral
argument, or as otherwise appropriate), personally or by a designee, the position
of the plaintiffs on all matters arising during pretrial proceedings;""",Ends with a confidential global settlement with law firms,Reynold Orsua,checked,3,6,0,6,,old
2773,2773 IN RE: Qualcomm Antitrust Litigation,"Koh, Lucy H. ",CAN,2017-01-26,2017-04-05,2017-05-15,5:17-md-2773,35,Antitrust,1,1,1,0,0,0,0,0,0,0,0,0,0,0,1,0,0,1,"Class action. ""Other than the Plaintiffs’ Steering Committee, no other law firms shall work on this MDL without prior approval of the Court.""",,Robert Vogel,checked,3,3,0,3,,old
2775,2775 IN RE: Smith & Nephew Birmingham Hip Resurfacing (BHR) Hip Implant Products Liability Litigation,"Blake, Catherine C.",MD,2017-02-01,2017-04-05,2018-06-12,1:17-md-2775,609,Products Liability,1,0,1,1,0,1,1,0,1,0,0,0,0,0,0,0,0,0,Determine and present P position; big structure--tons of committees; drafted by counsel,"46 is good description of diversity goals. A few leads drop out at the end and are replaced. Orders are all drafted by counsel.

RLO: Issues about propriety of different leadership groups for different types of plaintiffs. 
There is a missing link between lead counsels in Doc. 1789 and Doc. 2103. I tried looking at it again but I cannot find anything.
Some documents cannot be viewed for lack of permission.",Reynold Orsua,checked,7,6,0,6,,old
2776,2776 IN RE: Farxiga (Dapagliflozin) Products Liability Litigation,"Schofield, Lorna G.",NYS,2017-02-03,2017-04-06,2017-07-13,1:17-md-2776,66,Products Liability,1,0,1,0,0,1,0,0,0,0,0,0,0,0,0,0,0,0,Ellen Renkin. Adopts strucure proposed by P counsel. Schedules science day--add to MDL,Small MDL. Settles fairly quickly.,Mariah Uustal,checked,2,3,0,3,,old
2777,"2777 IN RE: Chrysler-Dodge-Jeep EcoDiesel Marketing, Sales Practices and Products Liability Litigation","Chen, Edward M.",CAN,2017-02-09,2017-04-05,2017-06-19,3:17-md-2777,46,Products Liability,1,1,1,1,0,1,0,0,0,0,0,0,0,1,0,0,0,0,More than 30 applications. Appoints government coordinating counsel. Selects Cabraser for lead because of effectiveness in VW.,"Interesting letters from Steve Berman talking about how great Cabraser, Seeger, etc are. See 124. All lead counsel and PSC members reappointed as settlement class counsel.",Robert Vogel,checked,2,4,0,4,,old
2779,2779 IN RE: FieldTurf Artificial Turf Marketing and Sales Practices Litigation,"Shipp, Michael A.",NJ,2017-03-01,2017-06-01,2017-08-22,3:17-md-2779,17,Sales Practices,1,1,1,1,0,1,1,0,1,0,0,0,1,0,0,0,0,0,,,Robert Vogel,checked,1,3,0,3,,old
2782,2782 IN RE: Ethicon Physiomesh Flexible Composite Hernia Mesh Products Liability Litigation,"Story, Richard W.",GAN,2017-03-09,2017-06-02,2017-08-16,1:17-md-2782,2243,Products Liability,1,1,1,1,0,1,1,0,1,1,0,1,0,0,0,0,0,0,,,Robert Vogel,checked,2,5,0,5,,old
2785,"2785 IN RE: EpiPen (Epinephrine Injection, USP) Marketing, Sales Practices and Antitrust Litigation","Crabtree, Daniel D.",KS,2017-04-24,2017-08-03,2017-09-12,2:17-md-2785,8,Sales Practices,1,1,1,1,0,1,0,0,1,0,0,0,0,1,1,0,0,1,Interesting. Explains that leadership is comprised of three distinct classes of Ps. Weak limitation on non-leader practice -- do what you want if not reptitious,,Robert Vogel,checked,6,5,0,5,,old
2789,2789 IN RE: Proton-Pump Inhibitor Products Liability Litigation (No. II),"Cecchi, Claire C.",NJ,2017-05-31,2017-08-02,2017-08-23,2:17-md-2789,13727,Products Liability,1,1,1,1,0,1,1,0,0,0,0,0,0,0,1,0,0,0,All communications through co-lead. DISCLAIMS PSC responsibilities toward individual clients. ***,,Robert Vogel,checked,4,4,0,4,,old
2792,"2792 IN RE: Samsung Top-Load Washing Machine Marketing, Sales Practices and Products Liability Litigation","DeGiusti, Timothy D.",OKW,2017-06-19,2017-10-04,2019-06-07,5:17-ml-2792,28,Products Liability,1,1,1,1,0,1,1,0,1,1,1,0,0,0,0,0,0,0,Creates similar structure for Ps and Ds (why is D structure neccessary?),,Robert Vogel,checked,4,6,0,6,,old
2795,2795 IN RE: CenturyLink Sales Practices and Securities Litigation,"Davis, Michael James",MN,2017-07-31,2017-10-05,2017-04-20,0:17-md-2795,29,Sales Practices,1,1,1,0,0,0,0,0,0,0,0,0,1,0,0,0,0,0,PSLRA. Good ex of interaction of PSLRA and MDL,,Robert Vogel,checked,4,10,0,10,,old
2796,2796 IN RE: German Automotive Manufacturers Antitrust Litigation,"Breyer, Charles R.",CAN,2017-08-01,2017-10-04,2017-12-14,3:17-md-2796,40,Antitrust,1,1,1,1,0,1,1,0,0,0,0,0,0,0,1,0,0,1,,,Reynold Orsua,checked,1,2,0,2,,old
2797,2797 IN RE: Wells Fargo Auto Insurance Marketing and Sales Practices Litigation,"Guilford, Andrew J.",CAC,2017-08-01,2017-10-05,2017-12-11,8:17-ml-2797,16,Sales Practices,1,1,1,1,0,1,1,0,1,0,0,0,1,1,1,0,0,1,"""Individual Plaintiffs and their attorneys who have positions diverging from the lead attorneys
may present written or oral argument with leave of the Court.""",,Robert Vogel,checked,1,0,0,0,,old
2800,"2800 IN RE: Equifax, Inc., Customer Data Security Breach Litigation","Thrash, Thomas W.",GAN,2017-09-11,2017-12-06,2018-02-12,1:17-md-2800,421,Miscellanous,1,1,1,1,0,1,1,0,1,0,0,0,1,1,0,0,0,1,Separate leads for consumer and financial institutions,One firm sued the Co-Lead Counsel alleging its fee award was too low and the method for determining fee allocation violated their ethical and fiduciary duties in a Chancery Court. This court enjoins the firm from proceeding saying they have exclusive jurisdiction.,Mariah Uustal,checked,4,8,0,8,,old
2801,2801 IN RE: Capacitors Antitrust Litigation (No. III),"Donato, James",CAN,2017-09-14,2017-12-05,,3:17-md-2801,21,Antitrust,0,0,0,0,0,0,0,0,0,0,0,0,0,0,0,0,0,0,Not much here - only seems to appoint class counsel and a settlement class counsel.,,Abby Wolfe,checked,4,2,0,2,,old
2804,2804 IN RE: National Prescription Opiate Litigation,"Polster, Dan A.",OHN,2017-09-25,2017-12-05,2018-01-03,1:17-md-2804,1924,Miscellanous,1,0,1,0,0,1,0,0,1,0,0,0,0,0,0,0,0,0,Says very little; incorporates content of P motion; motion is interesting -- use,,Abby Wolfe,checked,8,11,0,11,,old
2807,2807 IN RE: Sonic Corp. Customer Data Security Breach Litigation,"Gwin, James S.",OHN,2017-10-03,2017-12-06,2018-01-03,1:17-md-2807,11,Miscellanous,0,0,0,0,0,0,0,0,0,0,0,0,0,0,0,0,0,0,"Unopposed app, and the order was granted without a document",,Robert Vogel,checked,1,1,0,1,,old
2809,2809 IN RE: Onglyza (Saxagliptin) and Kombiglyze XR (Saxagliptin and Metformin) Products Liability Litigation,"Caldwell, Karen K.",KYE,2017-10-11,2018-02-02,2018-09-06,5:18-md-2809,290,Products Liability,1,0,1,1,0,1,1,0,1,0,0,0,0,0,0,0,0,0,"""Defendants' counsel may rely upon all agreements made with Plaintiffs' co-lead counsel and such agreements shall be binding on all Plainti ffS whose eases arc subject to the Court's jurisdiction.""",Interesting back and forth about the terms of the common benefit order beginning at 180,Reynold Orsua,checked,2,5,0,5,,old
2814,2814 IN RE: Ford Motor Co. DPS6 PowerShift Transmission Products Liability Litigation,"Birotte, Andre",CAC,2017-10-30,2018-02-02,2018-05-08,2:18-ml-2814,1022,Products Liability,1,0,1,1,0,0,0,0,1,0,0,0,0,0,0,0,0,0,Simple order. Appoints the same firm lead and liaison counsel.,,Robert Vogel,checked,1,2,0,2,,old
2816,2816 IN RE: Sorin 3T Heater-Cooler System Products Liability Litigation (No. II),"Jones, John E",PAM,2017-11-06,2018-02-01,2018-05-31,1:18-md-2816,89,Products Liability,1,0,1,0,0,1,0,0,1,0,0,0,0,0,0,0,0,0,"Leaders appointed to ""serve on behalf of all plaintiffs""; obligations subject to future motion",,Robert Vogel,checked,3,4,0,4,,old
2817,2817 IN RE: Dealer Management Systems Antitrust Litigation,"Dow, Robert M.",ILN,2017-11-07,2018-02-01,2018-04-16,1:18-cv-864,21,Antitrust,1,1,1,1,0,1,0,0,1,0,0,0,1,1,1,0,0,0,"""All communications from Plaintiffs with the Court shall be through Co-Lead Counsel or Liaison Counsel.""",,Robert Vogel,checked,8,5,0,5,,old
2818,2818 IN RE: General Motors Air Conditioning Marketing and Sales Practices Litigation,"Leitman, Matthew F.",MIE,2017-11-07,2018-02-01,2018-04-11,2:18-md-2818,15,Sales Practices,1,1,1,1,0,0,0,0,0,0,0,0,0,0,0,0,0,0,One atty proposes no leadership structure. Court says that it will use fee order from Electronic Gearshift Litigation as a template for dealing with common benefit work,,Reynold Orsua,checked,1,1,0,1,,old
2819,2819 IN RE: Restasis (Cyclosporine Ophthalmic Emulsion) Antitrust Litigation,"Gershon, Nina",NYE,2017-11-17,2018-01-31,2018-04-04,1:18-md-2819,19,Antitrust,1,1,1,1,0,1,1,0,0,0,0,0,1,0,1,0,0,1,Applies Rule 42. Interesting procedure for resolving conflicts beween lead counsel and executive committee. Non-leads can't communicate with court. Non-leads can't communicate with defendants! ***,,Mariah Uustal,checked,4,9,0,9,,old
2820,2820 IN RE: Dicamba Herbicides Litigation,"Limbaugh, Stephen N.",MOE,2017-11-22,2018-02-01,2018-04-17,1:18-md-2820,37,Miscellanous,1,1,1,1,0,1,1,0,1,0,0,0,1,1,1,0,0,0,"""As Chair of the Executive Committee, Mr. Downing will have the authority that is customary in that role."" Explains limitation on non-leader practice",,Robert Vogel,checked,2,0,0,0,,old
2824,"2824 IN RE: Gold King Mine Release in San Juan County, Colorado, on August 5, 2015","Johnson, William P.",NM,2017-12-11,2018-04-04,,1:18-md-2824,4,Common Disaster,0,0,0,0,0,0,0,0,0,0,0,0,0,0,0,0,0,0,Stipulated CMO appoints liaison counsel,No appointments. ,Robert Vogel,checked,0,0,0,0,,old
2826,"2826 IN RE: Uber Technologies, Inc., Data Security Breach Litigation","Gutierrez, Philip S",CAC,2017-12-26,2018-04-04,,2:18-ml-2826,17,Miscellanous,0,0,0,0,0,0,0,0,0,0,0,0,0,0,0,0,0,0,Court defers appointment of lead counsel until after it resolves motions to compel arbitration,"No appointment order, case was sent to arbitration. ",Robert Vogel,checked,0,0,0,0,,old
2827,2827 IN RE: Apple Inc. Device Performance Litigation,"Davila, Edward J.",CAN,2017-12-29,2018-04-04,2018-05-15,5:18-md-2827,66,Miscellanous,1,1,1,1,0,1,1,0,1,0,0,0,1,0,1,0,0,0,Lots of committees. Court explains why it creates a complex leadership structure.,,Robert Vogel,checked,2,15,0,15,,old
2828,"2828 IN RE: Intel Corp. CPU Marketing, Sales Practices and Products Liability Litigation","Simon, Michael H.",OR,2018-01-08,2018-04-05,2018-06-18,3:18-md-2828,38,Sales Practices,1,0,1,0,0,1,0,0,1,0,0,0,0,0,0,0,0,0,"Interim. Appointments only, no reasoning.",,Robert Vogel,checked,1,0,0,0,,old
2832,2832 IN RE: Liquid Toppings Dispensing System ('447) Patent Litigation,"Moore, K. Michael",FLS,2018-02-05,2018-04-05,,1:18-md-2832,15,Intellectual Property,0,0,0,0,0,0,0,0,0,0,0,0,0,0,0,0,0,0,Appointment in transcript,No appointments.,Mariah Uustal,checked,0,0,0,0,,old
2833,2833 IN RE: FedLoan Student Loan Servicing Litigation,"Jones, C. Darnell",PAE,2018-02-23,2018-06-18,2018-06-18,2:18-md-2833,10,Contract ,1,1,1,0,0,1,0,0,0,0,0,0,0,0,0,0,0,0,Good ex: of appoint-only order,,Robert Vogel,checked,2,3,0,3,,old
2834,"2834 IN RE: PersonalWeb Technologies, LLC, and Level 3 Communications, LLC, Patent Litigation","Freeman, Beth Labson",CAN,2018-02-27,2018-06-06,,5:18-md-2834,76,Intellectual Property,0,0,0,0,0,0,0,0,0,0,0,0,0,0,0,0,0,0,No appt lead counsel,No appointment order found.,Reynold Orsua,checked,0,0,0,0,,old
2835,"2835 IN RE: Iron Oak Technologies, LLC, Patent Litigation","Lynn, Barbara M.G.",TXN,2018-02-27,2018-06-11,,3:18-md-2835,12,Intellectual Property,0,0,0,0,0,0,0,0,0,0,0,0,0,0,0,0,0,0,Case stayed pending inter partes review before PTO,No appointment order found.,Reynold Orsua,checked,0,0,0,0,,old
2836,2836 IN RE: Zetia (Ezetimibe) Antitrust Litigation,"Smith, Rebecca Beach",VAE,2018-02-28,2018-06-08,2018-08-14,2:18-md-2836,16,Antitrust,1,1,1,0,0,1,0,0,0,1,0,0,1,1,0,0,0,0,Discusses relative advantages of different proposed structures,,Mariah Uustal,checked,4,14,0,14,,old
2841,"2841 IN RE: MONAT Hair Care Products Marketing, Sales Practices and Products Liability Litigation","Gayles, Darrin P.",FLS,2018-03-21,2018-06-06,2018-08-17,1:18-md-2841,11,Products Liability,1,0,1,1,0,1,1,0,1,0,0,0,0,0,0,0,0,0,"All  communications with court through lead and liason counsel. ""Counsel for Plaintiffs who disagree with Lead and Liason Counsel, or who have
individual or divergent positions, may not act separately on behalf of their clients without prior authorization of this Court.""""Lead Counsel shall determine the
particular duties to assign to individual members of the Steering Committee.""",,Robert Vogel,checked,1,3,0,3,,old
2842,2842 IN RE: Chicago Board Options Exchange Volatility Index Manipulation Antitrust Litigation,"Shah, Manish S.",ILN,2018-03-23,2018-06-14,2018-08-18,1:18-cv-4171,27,Antitrust,1,1,1,1,0,1,1,0,0,0,0,0,1,1,1,0,0,0,"Appoint a P leadership counsel that will best represent Ps in early stages of litigation. Co-lead counsel shall ""take the lead"" in performing certain tasks. Says that court has considered R23, MCL, and PSLRA",,Mariah Uustal,checked,7,2,0,2,,old
2843,"2843 IN RE: Facebook, Inc., Consumer Privacy User Profile Litigation","Chhabria, Vince",CAN,2018-03-30,2018-06-06,2018-07-27,3:18-md-2843,39,Miscellanous,1,1,1,0,0,0,0,0,0,0,0,0,0,0,0,0,0,0,"Court picks ""finalists"" and says that it will only consider their applications at the hearing. Requires finalists to submit bios of their core team and list of every ND Cal case that they have worked on. Ex of AHP",,Robert Vogel,checked,1,1,0,1,,old
2846,"2846 IN RE: Davol, Inc./C.R. Bard, Inc., Polypropylene Hernia Mesh Products Liability Litigation","Sargus, Edmund A.",OHS,2018-04-10,2018-08-02,2018-09-19,2:18-md-2846,2485,Products Liability,1,0,1,1,0,1,1,0,0,0,0,0,0,0,1,1,0,0,Says that PSC members are expected to advance common benefit costs and that failure to make payments is cause for removal from PSC. Contains admonition that indiviual attys are responsible for their own clients. Signed by DJ and MJ,,Reynold Orsua,checked,4,11,0,11,,old
2848,2848 IN RE: Zostavax (Zoster Vaccine Live) Products Liability Litigation,"Bartle, Harvey",PAE,2018-04-20,2018-08-02,2018-09-25,2:18-md-2848,673,Products Liability,1,0,1,1,0,1,1,0,1,0,0,0,0,0,1,0,0,0,Consensus order. Disclaims PSC and co-lead duties toward individual plaintiffs.,,Mariah Uustal,checked,5,6,0,6,,old
2850,2850 IN RE: Railway Industry Employee No-Poach Antitrust Litigation,"Conti, Joy Flowers",PAW,2018-04-25,2018-08-02,,2:18-mc-798,26,Antitrust,0,0,0,0,0,0,0,0,0,0,0,0,0,0,0,0,0,0,"Minute order indicates that court selected lead counsel at hearing. Court directs leads to file proposed order dealing with fees, communications. Proposed order docketed but never signed.",,Mariah Uustal,checked,3,3,0,3,,old
2859,2859 IN RE: Zimmer M/L Taper Hip Prosthesis or M/L Taper Hip Prosthesis with Kinectiv Technology and Versys Femoral Head Products Liability Litigation,"Crotty, Paul A.",NYS,2018-06-19,2018-10-03,2019-01-30,1:18-md-2859,107,Products Liability,1,0,1,1,0,1,1,0,0,0,0,0,0,0,0,0,0,0,"""PSC will be responsible for prosecuting any potential common benefit claims"" [wtf?]. Creates a PSC and puts it under the PEC. Super detailed list of responsibilities. SDNY appears to be a leader in MDL charters. ",,Robert Vogel,checked,4,3,0,3,,old
2862,2862 IN RE: Diisocyanates Antitrust Litigation,"Ambrose, Donetta W. ",PAW ,2018-07-10,2018-10-03,,2:18-mc-1001,12,Antitrust,1,0,1,1,0,0,0,0,0,0,0,0,1,1,1,0,0,1,"""Defendants' counsel may rely on all agreements made with Interim Co-Lead Class Counsel, and such agreements shall be binding on all other Plaintiffs' counsel in their respective actions."" ""Counsel for any of the Plaintiffs who have individual issues or divergent positions from those of other Plaintiffs as presented by Co-Lead Counsel may submit to the Court separate arguments, written or oral, provided that such submissions do not duplicate those presented by Co-Lead Counsel.",,Mariah Uustal,checked,5,2,0,2,,old
2865,2865 IN RE: Customs and Tax Administration of the Kingdom of Denmark (Skatteforvaltningen) Tax Refund Scheme Litigation,"Kaplan, Lewis A.",NYS,2018-07-23,2018-10-03,2018-11-20,1:18-md-2865,184,Miscellanous,0,0,0,0,0,0,0,0,0,0,0,0,0,0,0,0,0,0,Kaplan requests letters setting forth lead counsel's dutie but never so-orders them. Interesting exchange of letters.,,Robert Vogel,checked,1,1,0,1,,old
2867,2867 IN RE: Local TV Advertising Antitrust Litigation,"Kendall, Virginia M.",ILN,2018-07-31,2018-10-03,2018-11-02,1:18-cv-6785,20,Antitrust,1,0,1,1,0,1,1,0,1,0,0,0,1,1,0,1,1,0,Thin structure,,Mariah Uustal,checked,3,3,0,3,,old
2873,2873 IN RE: Aqueous Film-Forming Foams Products Liability Litigation,"Gergel, Richard M.",SC,2018-09-25,2018-12-07,2019-01-02,2:18-mn-2873,108,Products Liability,1,0,1,1,0,1,1,0,1,1,0,1,0,0,1,1,1,1,No pleadings or filings on behalf of all plaintiffs except as authorized by PEC. Comprehensive order.,2023-2024 Order Appointing Lead Counsels does not seem to exist. I double-checked in the docket and could not find it.,Mariah Uustal,checked,16,8,0,8,,old
2874,2874 IN RE: RAH Color Technologies LLC Patent Litigation,"Illston, Susan Yvonne",CAN,2018-10-01,2018-12-06,,3:18-md-2874,6,Intellectual Property,0,0,0,0,0,0,0,0,0,0,0,0,0,0,0,0,0,0,Patent case,,Robert Vogel,checked,1,1,0,1,,old
2875,2875 IN RE: Valsartan Products Liability Litigation,"Kugler, Robert B.",NJ,2018-10-22,2019-02-14,2019-05-06,1:19-md-2875,60,Products Liability,1,0,1,0,0,1,0,0,1,1,1,0,0,0,0,0,0,0,Split structure devised by Ps,,Robert Vogel,checked,9,10,0,10,,old
2878,2878 IN RE: Ranbaxy Generic Drug Application Antitrust Litigation,"Gorton, Nathaniel M.",MA,2018-11-30,2019-02-11,2019-04-22,1:19-md-2878,4,Antitrust,1,0,1,1,0,0,0,0,0,0,0,0,1,0,1,0,0,0,,,Mariah Uustal,checked,4,4,0,4,,old
2879,"2879 IN RE: Marriott International, Inc., Customer Data Security Breach Litigation","Grimm, Paul W.",MD,2018-12-03,2019-02-06,2019-02-13,8:19-md-2879,91,Miscellanous,1,1,1,1,0,1,0,0,1,1,0,1,1,1,0,0,0,1,"CMO 1 sets out MCL criteria. 4 categories of leads appointed: consumer, financial institution, derivative, securities",,Robert Vogel,checked,3,7,0,7,,old
2884,2884 IN RE: Kerydin (Tavaborole) Topical Solution 5% Patent Litigation,"Andrews, Richard G.",DE,2019-01-07,2019-04-03,,1:19-md-2884,3,Intellectual Property,0,0,0,0,0,0,0,0,0,0,0,0,0,0,0,0,0,0,No Orders (yet),No appointment order found,Reynold Orsua,checked,0,0,0,0,,old
2885,2885 IN RE: 3M Combat Arms Earplug Products Liability Litigation,"Rodgers, M. Casey",FLN,2019-01-25,2019-04-03,2019-04-05,3:19-md-2885,963,Products Liability,1,1,1,1,0,1,1,0,1,0,0,0,0,0,0,0,0,0,"13 different committees. Panel, including private attorney, person from Brown Greer, and MJ selects leaders. Really elaborate structure",,Robert Vogel,checked,11,18,11,7,,old
2886,2886 IN RE: Allura Fiber Cement Siding Products Liability Litigation,"Norton, David C.",SC,2019-01-28,2019-04-02,2019-04-29,2:19-mn-2886,11,Products Liability,0,0,0,0,0,0,0,0,0,0,0,0,0,0,0,0,0,0,"Conference held on 6/4/2019. Agenda items addressed. Parties in agreement re: the appointment of liaison counsel, the appointment of lead counsel and committees of counsel for plaintiffs and defendants, regularly scheduled status conferences, informal discovery exchanges and early mediation. Parties hope to complete early mediation by Labor Day. Next status conference to be scheduled in September.",,Reynold Orsua,checked,3,7,0,7,,old
2887,"2887 IN RE: Hill's Pet Nutrition, Inc., Dog Food Products Liability Litigation","Robinson, Julie A.",KS,2019-02-20,2019-06-04,2019-07-31,2:19-md-2887,30,Products Liability,0,0,0,0,0,0,0,0,0,0,0,0,0,0,0,0,0,0,No order; first statuts conference not held held as of 9/8/19,,Robert Vogel,checked,1,5,0,5,,old
2896,2896 IN RE: Auryxia (Ferric Citrate) Patent Litigation,"Stark, Leonard P.",DE,,2019-07-31 00:00:00,,1:19-md-02896,,Intellectual Property,,,,,,,,,,,,,,,,,,,,,DN/complete/co-work,,,,,,,new
2901,2901 IN RE: Ford Motor Co. F-150 and Ranger Truck Fuel Economy Marketing and Sales Practices Litigation,"Cox, Sean F.",MIE,,2019-08-01 00:00:00,,2:19-md-02901,,Sales Practices,,,,,,,,,,,,,,,,,,,,,DN/complete/co-work,,,,,,,new
2902,2902 IN RE: Sitagliptin Phosphate ('708 & '921) Patent Litigation,"Andrews, Richard G.",DE,,2019-08-08 00:00:00,,1:19-md-02902,,Intellectual Property,,,,,,,,,,,,,,,,,,,,,DN/complete/co-work,,,,,,,new
2903,"2903 IN RE: Fisher-Price Rock 'n Play Sleeper Marketing, Sales Practices, and Products Liability Litigation","Crawford, Geoffrey W.",NYW,,2019-08-01 00:00:00,,1:19-md-02903,,Products Liability,,,,,,,,,,,,,,,,,,,,,DN/complete/co-work,,,,,,,new
2904,"2904 IN RE: American Medical Collection Agency, Inc., Customer Data Security Breach Litigation","Arleo, Madeline C.",NJ,,2019-07-31 00:00:00,,2:19-md-02904,,Data Breach and Consumer Privacy,,,,,,,,,,,,,,,,,,,,,DN/complete/co-work,,,,,,,new
2905,2905 IN RE: ZF-TRW Airbag Control Units Products Liability Litigation,"Kronstadt, John A.",CAC,,2019-08-07 00:00:00,,2:19-ml-02905,,Products Liability,,,,,,,,,,,,,,,,,,,,,DN/complete/co-work,,,,,,,new
2909,2909 IN RE: Fairlife Milk Products Marketing and Sales Practices Litigation,"Dow, Robert M.",ILN,,2019-10-02 00:00:00,,1:19-cv-03924,,Sales Practices,,,,,,,,,,,,,,,,,,,,,DN/complete/co-work,,,,,,,new
2912,2912 IN RE: Palbociclib Patent Litigation,"Connolly, Colm F.",DE,,2019-10-02 00:00:00,,1:19-md-02912,,Intellectual Property,,,,,,,,,,,,,,,,,,,,,DN/complete/co-work,,,,,,,new
2913,"2913 IN RE: Juul Labs, Inc., Marketing, Sales Practices, and Products Liability Litigation","Orrick, William H.",CAN,,2019-10-02 00:00:00,,3:19-md-02913,,Products Liability,,,,,,,,,,,,,,,,,,,,Massive docket; only grabbed case management orders to avoid compliance issues with Lexis,DN/complete/co-work,,,,,,,new
2914,2914 IN RE: ERMI LLC ('289) Patent Litigation,"Altman, Roy K.",FLS,,2019-10-02 00:00:00,,0:19-md-02914,,Intellectual Property,,,,,,,,,,,,,,,,,,,,,DN/complete/co-work,,,,,,,new
2915,2915 IN RE: Capital One Consumer Data Security Breach Litigation,"Trenga, Anthony J.",VAE,,2019-10-02 00:00:00,,1:19-md-02915,,Miscellaneous,,,,,,,,,,,,,,,,,,,,,DN/complete/co-work,,,,,,,new
2918,2918 IN RE: Hard Disk Drive Suspension Assemblies Antitrust Litigation,"Chesney, Maxine M",CAN,,2019-10-08 00:00:00,,3:19-md-02918,,Antitrust,,,,,,,,,,,,,,,,,,,,,DN/complete/co-work,,,,,,,new
2921,2921 IN RE: Allergan Biocell Textured Breast Implant Products Liability Litigation,"Martinotti, Brian R.",NJ,,2019-12-18 00:00:00,,2:19-md-02921,,Products Liability,,,,,,,,,,,,,,,,,,,,,DN/complete/co-work,,,,,,,new
2924,2924 IN RE: Zantac (Ranitidine) Products Liability Litigation,"Rosenberg, Robin L.",FLS,,2020-02-06 00:00:00,,9:20-md-02924,,Products Liability,,,,,,,,,,,,,,,,,,,,Massive docket; only grabbed pre-trial orders,DN/complete/co-work,,,,,,,new
2925,2925 IN RE: Rail Freight Fuel Surcharge Antitrust Litigation (No. II),"Howell, Beryl A.",DC,,2020-02-06 00:00:00,,1:20-mc-00008,,Antitrust,,,,,,,,,,,,,,,,,,,,,DN/complete/co-work,,,,,,,new
2930,2930 IN RE: Entresto (Sacubitril/Valsartan) Patent Litigation,"Stark, Leonard P.",DE,,2020-03-27 00:00:00,,1:20-md-02930,,Intellectual Property,,,,,,,,,,,,,,,,,,,,,DN/complete/co-work,,,,,,,new
2931,2931 IN RE: Delta Dental Antitrust Litigation,"Bucklo, Elaine E.",ILN,,2020-03-27 00:00:00,,1:19-cv-06734,,Antitrust,,,,,,,,,,,,,,,,,,,,,DN/complete/co-work,,,,,,,new
2933,"2933 IN RE: TransUnion Rental Screening Solutions, Inc., Fair Credit Reporting Act","Boulee, Jean-Paul",GAN,,2020-03-30 00:00:00,,1:20-md-02933,,Miscellaneous,,,,,,,,,,,,,,,,,,,,,DN/complete/co-work,,,,,,,new
2936,"2936 IN RE: Smitty's/CAM2 303 Tractor Hydraulic Fluid Marketing, Sales Practices and Products Liability Litigation","Bough, Stephen R.",MOW,,2020-06-02 00:00:00,,4:20-md-02936,,Products Liability,,,,,,,,,,,,,,,,,,,,,DN/complete/co-work,,,,,,,new
2938,"2938 IN RE: Evenflo Company, Inc., Marketing, Sales Practices and","Casper, Denise J.",MA,,2020-06-02 00:00:00,,1:20-md-02938,,Products Liability,,,,,,,,,,,,,,,,,,,,,DN/complete/co-work,,,,,,,new
2941,2941 IN RE: Nine West LBO Securities Litigation,"Rakoff, Jed S.",NYS,,2020-06-02 00:00:00,,1:20-md-02941,,Securities,,,,,,,,,,,,,,,,,,,,,DN/complete/co-work,,,,,,,new
2945,"2945 IN RE: Ahern Rentals, Inc., Trade Secret Litigation","Phillips, Beth",MOW,,2020-08-07 00:00:00,,2:20-md-02945,,Miscellaneous,,,,,,,,,,,,,,,,,,,,,DN/complete/co-work,,,,,,,new
2946,2946 IN RE: Inclusive Access Course Materials Antitrust Litigation,"Cote, Denise L.",NYS,,2020-08-11 00:00:00,,1:20-md-02946,,Antitrust,,,,,,,,,,,,,,,,,,,,,DN/complete/co-work,,,,,,,new
2947,"2947 IN RE: Lowe's Companies, Inc., Fair Labor Standards Act (FLSA) and Wage and Hour Litigation","Bell, Kenneth D.",NCW,,2020-08-05 00:00:00,,5:20-md-02947,,Employment Practices,,,,,,,,,,,,,,,,,,,,,DN/complete/co-work,,,,,,,new
2948,"2948 IN RE: TikTok, Inc., Consumer Privacy Litigation","Lee, John Z.",ILN,,2020-08-04 00:00:00,,1:20-cv-04699,,Miscellaneous,,,,,,,,,,,,,,,,,,,,,DN/complete/co-work,,,,,,,new
2949,2949 IN RE: Profemur Hip Implant Products Liability Litigation,"Baker, Kristine G.",ARE,,2020-08-07 00:00:00,,4:20-md-02949,,Products Liability,,,,,,,,,,,,,,,,,,,,,DN/complete/co-work,,,,,,,new
2951,2951 IN RE: StubHub Refund Litigation,"Gilliam, Haywood S.",CAN,,2020-08-06 00:00:00,,4:20-md-02951,,Miscellaneous,,,,,,,,,,,,,,,,,,,,,DN/complete/co-work,,,,,,,new
2955,2955 IN RE: Arch Insurance Company Ski Pass Insurance Litigation,"Wimes, Brian C.",MOW,,2020-10-02 00:00:00,,4:20-md-02955,,Miscellaneous,,,,,,,,,,,,,,,,,,,,,DN/complete/co-work,,,,,,,new
2959,"2959 IN RE: Proven Networks, LLC, Patent Litigation","Albright, Alan D",TXW,,2020-10-01 00:00:00,,6:20-mc-02959,,Intellectual Property,,,,,,,,,,,,,,,,,,,,,DN/complete/co-work,,,,,,,new
2964,2964 IN RE: Society Insurance Company COVID-19 Business Interruption Protection Insurance Litigation,"Chang, Edmond E.",ILN,,2020-10-02 00:00:00,,1:20-cv-05965,,Miscellaneous,,,,,,,,,,,,,,,,,,,,,DN/complete/co-work,,,,,,,new
2966,2966 IN RE: Xyrem (Sodium Oxybate) Antitrust Litigation,"Koh, Lucy H.",CAN,,2020-12-16 00:00:00,,5:20-md-02966,,Antitrust,,,,,,,,,,,,,,,,,,,,,DN/complete/co-work,,,,,,,new
2967,"2967 IN RE: Clearview AI, Inc., Consumer Privacy Litigation","Coleman, Sharon Johnson",ILN,,2020-12-15 00:00:00,,1:21-cv-00135,,Data Breach and Consumer Privacy,,,,,,,,,,,,,,,,,,,,,DN/complete/co-work,,,,,,,new
2968,2968 IN RE: Generali COVID-19 Travel Insurance Litigation,"Koeltl, John G",NYS,,2020-12-15 00:00:00,,1:20-md-02968,,Contract,,,,,,,,,,,,,,,,,,,,,DN/complete/co-work,,,,,,,new
2969,2969 IN RE: Erie COVID-19 Business Interruption Protection Insurance Litigation,"Hornak, Mark R.",PAW,,2020-12-15 00:00:00,,1:21-mc-00001,,Miscellaneous,,,,,,,,,,,,,,,,,,,,,DN/complete/co-work,,,,,,,new
2972,"2972 IN RE: Blackbaud, Inc., Customer Data Security Breach Litigation","Childs, J Michelle",SC,,2020-12-15 00:00:00,,3:20-mn-02972,,Data Breach and Consumer Privacy,,,,,,,,,,,,,,,,,,,,,DN/complete/co-work,,,,,,,new
2973,2973 IN RE: Elmiron (Pentosan Polysulfate Sodium) Products Liability Litigation,"Martinotti, Brian R.",NJ,,2020-12-15 00:00:00,,2:20-md-02973,,Products Liability,,,,,,,,,,,,,,,,,,,,,DN/complete/co-work,,,,,,,new
2974,2974 IN RE: Paragard IUD Products Liability Litigation,"May, Leigh Martin",GAN,,2020-12-16 00:00:00,,1:20-md-02974,,Products Liability,,,,,,,,,,,,,,,,,,,,,DN/complete/co-work,,,,,,,new
2975,2975 IN RE: United Specialty Insurance Company Ski Pass Insurance Litigation,"Rogers, Yvonne Gonzalez",CAN,,2020-10-02 00:00:00,,4:20-md-02975,,Miscellaneous,,,,,,,,,,,,,,,,,,,,,DN/complete/co-work,,,,,,,new
2977,2977 IN RE: Broiler Chicken Grower Antitrust Litigation (No. II),"Shelby, Robert J.",OKE,,2020-12-15 00:00:00,,6:20-md-02977,,Antitrust,,,,,,,,,,,,,,,,,,,,,DN/complete/co-work,,,,,,,new
2981,2981 IN RE: Google Play Store Antitrust Litigation,"Donato, James",CAN,,2021-02-05 00:00:00,,3:21-md-02981,,Antitrust,,,,,,,,,,,,,,,,,,,,,DN/complete/co-work,,,,,,,new
2984,2984 IN RE: Folgers Coffee Marketing and Sales Practices Litigation,"Phillips, Beth",MOW,,2021-04-01 00:00:00,,4:21-md-02984,,Sales Practices,,,,,,,,,,,,,,,,,,,,,DN/complete/co-work,,,,,,,new
2985,2985 IN RE: Apple Inc. App Store Simulated Casino-Style Games Litigation,"Davila, Edward J.",CAN,,2021-03-30 00:00:00,,5:21-md-02985,,Miscellaneous,,,,,,,,,,,,,,,,,,,,,DN/complete/co-work,,,,,,,new
2988,"2988 IN RE: All-Clad Metalcrafters, LLC, Cookware Marketing and Sales Practices Litigation","Ranjan, J. Nicholas",PAW,,2021-03-31 00:00:00,,2:21-mc-00491,,Sales Practices,,,,,,,,,,,,,,,,,,,,,DN/complete/co-work,,,,,,,new
2989,2989 IN RE: January 2021 Short Squeeze Trading Litigation,"Altonaga, Cecilia M.",FLS,,2021-04-01 00:00:00,,1:21-md-02989,,Miscellaneous,,,,,,,,,,,,,,,,,,,,,DN/complete/co-work,,,,,,,new
2992,2992 IN RE: Bank of America California Unemployment Benefits Litigation,"Burns, Larry Alan",CAS,,2021-06-04 00:00:00,,3:21-md-02992,,Miscellaneous,,,,,,,,,,,,,,,,,,,,,GFB/complete/co-work,,,,,,,new
2993,2993 IN RE: Crop Inputs Antitrust Litigation,"Clark, Stephen R",MOE,,2021-06-08 00:00:00,,4:21-md-02993,,Antitrust,,,,,,,,,,,,,,,,,,,,,DN/complete/co-work,,,,,,,new
2994,"2994 IN RE: Mednax Services, Inc., Customer Data Security Breach Litigation","Ruiz, Rodolfo A.",FLS,,2021-06-04 00:00:00,,0:21-md-02994,,Miscellaneous,,,,,,,,,,,,,,,,,,,,,DN/complete/co-work,,,,,,,new
2996,"2996 IN RE: McKinsey & Company, Inc., National Prescription Opiate Consultant Litigation","Breyer, Charles R.",CAN,,2021-06-07 00:00:00,,3:21-md-02996,,Miscellaneous,,,,,,,,,,,,,,,,,,,,Big MDL; only retrieved pre-trial orders,DN/complete/co-work,,,,,,,new
2998,2998 IN RE: Pork Antitrust Litigation,"Tunheim, John R.",MN,,2021-06-09 00:00:00,,0:21-md-02998,,Antitrust,,,,,,,,,,,,,,,,,,,,,DN/complete/co-work,,,,,,,new
3001,3001 IN RE: Google Play Store Simulated Casino-Style Games Litigation,"Davila, Edward J.",CAN,,2021-06-03 00:00:00,,5:21-md-03001,,Miscellaneous,,,,,,,,,,,,,,,,,,,,,DN/complete/co-work,,,,,,,new
3004,3004 IN RE: Paraquat Products Liability Litigation,"Rosenstengel, Nancy J.",ILS,,2021-06-07 00:00:00,,3:21-md-03004,,Products Liability,,,,,,,,,,,,,,,,,,,,,DN/complete/co-work,,,,,,,new
3006,3006 IN RE: Tasigna (Nilotinib) Products Liability Litigation,"Dalton, Roy B.",FLM,,2021-08-10 00:00:00,,6:21-md-03006,,Products Liability,,,,,,,,,,,,,,,,,,,,,DN/complete/co-work,,,,,,,new
3009,"3009 IN RE: Seresto Flea and Tick Collar Marketing, Sales Practices and Products Liability Litigation","Blakey, John Robert",ILN,,2021-08-11 00:00:00,,1:21-cv-04447,,Products Liability,,,,,,,,,,,,,,,,,,,,,DN/complete/co-work,,,,,,,new
3010,3010 IN RE: Google Digital Advertising Antitrust Litigation,"Castel, P. Kevin",NYS,,2021-08-10 00:00:00,,1:21-md-03010,,Antitrust,,,,,,,,,,,,,,,,,,,,Massive docket; only grabbed pre-trial orders,DN/complete/co-work,,,,,,,new
3014,"3014 IN RE: Philips Recalled CPAP, Bi-Level PAP, and Mechanical Ventilator Products Liability Litigation","Conti, Joy Flowers",PAW,,2021-10-08 00:00:00,,2:21-mc-01230,,Products Liability,,,,,,,,,,,,,,,,,,,,,DN/complete/co-work,,,,,,,new
3015,"3015 IN RE: Johnson & Johnson Sunscreen Marketing, Sales Practices and Products Liability Litigation","Singhal, Raag",FLS,,2021-10-08 00:00:00,,0:21-md-03015,,Products Liability,,,,,,,,,,,,,,,,,,,,,DN/complete/co-work,,,,,,,new
3017,3017 IN RE: Xarelto (Rivaroxaban) ('310) Patent Litigation,"Andrews, Richard G.",DE,,2021-12-10 00:00:00,,1:21-md-03017,,Intellectual Property,,,,,,,,,,,,,,,,,,,,,DN/complete/co-work,,,,,,,new
3019,3019 IN RE: T-Mobile Customer Data Security Breach Litigation,"Wimes, Brian C.",MOW,,2021-12-03 00:00:00,,4:21-md-03019,,Miscellaneous,,,,,,,,,,,,,,,,,,,,,DN/complete/co-work,,,,,,,new
3021,"3021 IN RE: SoClean, Inc., Marketing, Sales Practices and Products Liability Litigation","Conti, Joy Flowers",PAW,,2022-02-02 00:00:00,,2:22-mc-00152,,Sales Practices,,,,,,,,,,,,,,,,,,,,,DN/complete/co-work,,,,,,,new
3023,3023 IN RE: Taxotere (Docetaxel) Eye Injury Products Liability Litigation,"Milazzo, Jane Triche",LAE,,2022-02-01 00:00:00,,2:22-md-03023,,Products Liability,,,,,,,,,,,,,,,,,,,,,DN/complete/co-work,,,,,,,new
3025,3025 IN RE: Procter & Gamble Aerosol Products Marketing and Sales Practices Litigation,"Watson, Michael H.",OHS,,2022-04-07 00:00:00,,2:22-md-03025,,Sales Practices,,,,,,,,,,,,,,,,,,,,,DN/complete/co-work,,,,,,,new
3026,"3026 IN RE: Abbott Laboratories, et al., Preterm Infant Nutrition Products Liability Litigation","Pallmeyer, Rebecca R.",ILN,,2022-04-08 00:00:00,,1:22-cv-00071,,Products Liability,,,,,,,,,,,,,,,,,,,,,DN/complete/co-work,,,,,,,new
3028,"3028 IN RE: ONE Apus Container Ship Incident on November 30, 2020","Engelmayer, Paul A.",NYS,,2022-06-01 00:00:00,,1:22-md-03028,,Common Disaster,,,,,,,,,,,,,,,,,,,,,DN/complete/co-work,,,,,,,new
3029,3029 IN RE: Covidien Hernia Mesh Products Liability Litigation (No. II),"Saris, Patti B.",MA,,2022-06-06 00:00:00,,1:22-md-03029,,Products Liability,,,,,,,,,,,,,,,,,,,,,DN/complete/co-work,,,,,,,new
3030,3030 IN RE: Deere & Company Repair Services Antitrust Litigation,"Johnston, Iain D.",ILN,,2022-06-01 00:00:00,,3:22-cv-50188,,Antitrust,,,,,,,,,,,,,,,,,,,,,DN/complete/co-work,,,,,,,new
3031,3031 IN RE: Cattle and Beef Antitrust Litigation,"Tunheim, John R.",MN,,2022-06-03 00:00:00,,0:22-md-03031,,Antitrust,,,,,,,,,,,,,,,,,,,,,DN/complete/co-work,,,,,,,new
3032,"3032 IN RE: Family Dollar Stores, Inc., Pest Infestation Litigation","Lipman, Sheryl H.",TNW,,2022-03-10 00:00:00,,2:22-md-03032,,Miscellaneous,,,,,,,,,,,,,,,,,,,,,BHS/complete/co-work,,,,,,,new
3034,"3034 IN RE: Neo Wireless, LLC, Patent Litigation","Berg, Terrence G.",MIE,,2022-03-31 00:00:00,,2:22-md-03034,,Intellectual Property,,,,,,,,,,,,,,,,,,,,,BHS/complete/co-work,,,,,,,new
3035,3035 IN RE: AME Church Employee Retirement Fund Litigation,"Anderson, S. Thomas",TNW,,2022-04-02 00:00:00,,1:22-md-03035,,Employment Practices,,,,,,,,,,,,,,,,,,,,,BHS/complete/co-work,,,,,,,new
3036,3036 IN RE: Gardasil Products Liability Litigation,"Conrad, Robert J.",NCW,,2022-08-04 00:00:00,,3:22-md-03036,,Products Liability,,,,,,,,,,,,,,,,,,,,,BHS/complete/co-work,,,,,,,new
3037,3037 IN RE: Recalled Abbott Infant Formula Products Liability Litigation,"Kennelly, Matthew F.",ILN,,2022-08-05 00:00:00,,1:22-cv-04148,,Products Liability,,,,,,,,,,,,,,,,,,,,,DN/complete/co-work,,,,,,,new
3038,3038 IN RE: Ozempic (Semaglutide) Patent Litigation,"Connolly, Colm F.",DE,,2022-08-05 00:00:00,,1:22-md-03038,,Intellectual Property,,,,,,,,,,,,,,,,,,,,,DN/complete/co-work,,,,,,,new
3040,3040 IN RE: Chrysler Pacifica Fire Recall Products Liability Litigation,"Lawson, David M.",MIE,,2022-08-03 00:00:00,,2:22-cv-03040,,Products Liability,,,,,,,,,,,,,,,,,,,,,DN/complete/co-work,,,,,,,new
3042,"3042 IN RE: Taasera Licensing, LLC, Patent Litigation","Gilstrap, James Rodney",TXE,,2022-08-03 00:00:00,,2:22-md-03042,,Intellectual Property,,,,,,,,,,,,,,,,,,,,,DN/complete/co-work,,,,,,,new
3043,3043 IN RE: Acetaminophen - ASD/ADHD Products Liability Litigation,"Cote, Denise L.",NYS,,2022-10-05 00:00:00,,1:22-md-03043,,Products Liability,,,,,,,,,,,,,,,,,,,,,DN/complete/co-work,,,,,,,new
3044,3044 IN RE: Exactech Polyethylene Orthopedic Products Liability Litigation,"Garaufis, Nicholas G.",NYE,,2022-10-07 00:00:00,,1:22-md-03044,,Products Liability,,,,,,,,,,,,,,,,,,,,,DN/complete/co-work,,,,,,,new
3047,3047 IN RE: Social Media Adolescent Addiction/Personal Injury Products Liability Litigation,"Rogers, Yvonne Gonzalez",CAN,,2022-10-06 00:00:00,,4:22-md-03047,,Products Liability,,,,,,,,,,,,,,,,,,,,Large docket; only retrieved CMOs,DN/complete/co-work,,,,,,,new
3050,"3050 IN RE: Chantix (Varenicline) Marketing, Sales Practices and Products Liability Litigation (No. II)","Failla, Katherine Polk",NYS,,2022-12-22 00:00:00,,1:22-md-03050,,Products Liability,,,,,,,,,,,,,,,,,,,,,DN/complete/co-work,,,,,,,new
3051,3051 IN RE: ARC Airbag Inflators Products Liability Litigation,"Ross, Eleanor L.",GAN,,2022-12-15 00:00:00,,1:22-md-03051,,Products Liability,,,,,,,,,,,,,,,,,,,,,DN/complete/co-work,,,,,,,new
3052,"3052 IN RE: Kia Hyundai Vehicle Theft Marketing, Sales Practices, and Products Liability Litigation","Selna, James V.",CAC,,2022-12-13 00:00:00,,8:22-ml-03052,,Products Liability,,,,,,,,,,,,,,,,,,,,,DN/complete/co-work,,,,,,,new
3055,3055 IN RE: Samsung Customer Data Security Breach Litigation,"O'Hearn, Christine P.",NJ,,2023-02-01 00:00:00,,1:23-md-03055,,Miscellaneous,,,,,,,,,,,,,,,,,,,,,DN/complete/co-work,,,,,,,new
3056,3056 IN RE: Overby-Seawell Company Customer Data Security Breach Litigation,"Grimberg, Steven D.",GAN,,2023-02-01 00:00:00,,1:23-md-03056,,Miscellaneous,,,,,,,,,,,,,,,,,,,,,DN/complete/co-work,,,,,,,new
3059,"3059 IN RE: Beyond Meat, Inc., Protein Content Marketing and Sales Practices Litigation","Ellis, Sara L.",ILN,,2023-02-01 00:00:00,,1:23-cv-00669,,Sales Practices,,,,,,,,,,,,,,,,,,,,,DN/complete/co-work,,,,,,,new
3060,"3060 IN RE: Hair Relaxer Marketing, Sales Practices, and Products Liability Litigation","Rowland, Mary M.",ILN,,2023-02-06 00:00:00,,1:23-cv-00818,,Products Liability,,,,,,,,,,,,,,,,,,,,Large docket; only retrieved CMOs,DN/complete/co-work,,,,,,,new
3062,3062 IN RE: Crop Protection Products Loyalty Program Antitrust Litigation,"Schroeder, Thomas D.",NCM,,2023-02-06 00:00:00,,1:23-md-03062,,Antitrust,,,,,,,,,,,,,,,,,,,,,GFB/complete/co-work,,,,,,,new
3064,"3064 IN RE: Harley-Davidson Aftermarket Parts Marketing, Sales Practices and Antitrust Litigation","Griesbach, William C.",WIE,,2023-02-08 00:00:00,,2:23-md-03064,,Sales Practices,,,,,,,,,,,,,,,,,,,,,DN/complete/co-work,,,,,,,new
3071,"3071 IN RE: RealPage, Inc., Rental Software Antitrust Litigation (No. II)","Crenshaw, Waverly D.",TNM,,2023-04-10 00:00:00,,3:23-md-03071,,Antitrust,,,,,,,,,,,,,,,,,,,,,DN/complete/co-work,,,,,,,new
3072,"3072 IN RE: Air Crash Into the Java Sea on January 9, 2021","Hilton, Claude M.",VAE,,2023-04-07 00:00:00,,1:23-md-03072,,Air Disaster,,,,,,,,,,,,,,,,,,,,,GFB/complete/co-work,,,,,,,new
3073,3073 IN RE: T-Mobile 2022 Customer Data Security Breach Litigation,"Wimes, Brian C.",MOW,,2023-06-02 00:00:00,,4:23-md-03073,,Data Breach and Consumer Privacy,,,,,,,,,,,,,,,,,,,,,BHS/complete/co-work,,,,,,,new
3074,"3074 IN RE: BPS Direct, LLC, and Cabela's, LLC, Wiretapping Litigation","Kearney, Mark A.",PAE,,2023-06-02 00:00:00,,2:23-md-03074,,Miscellaneous,,,,,,,,,,,,,,,,,,,,,BHS/complete/co-work,,,,,,,new
3075,"3075 IN RE: Prepared Food Photos, Inc., Copyright Litigation","Scriven, Mary S.",FLM,,2023-06-05 00:00:00,,8:23-md-03075,,Intellectual Property,,,,,,,,,,,,,,,,,,,,,BHS/complete/co-work,,,,,,,new
3076,3076 IN RE: FTX Cryptocurrency Exchange Collapse Litigation,"Moore, K. Michael",FLS,,2023-06-05 00:00:00,,1:23-md-03076,,Securities,,,,,,,,,,,,,,,,,,,,,BHS/complete/co-work,,,,,,,new
3078,"3078 IN RE: Generac Solar Power Systems Marketing, Sales Practices and Products Liability Litigation","Adelman, Lynn S.",WIE,,2023-06-02 00:00:00,,2:23-md-03078,,Products Liability,,,,,,,,,,,,,,,,,,,,,DN/complete/co-work,,,,,,,new
3079,"3079 IN RE: Tepezza Marketing, Sales Practices, and Products Liability Litigation","Durkin, Thomas M.",ILN,,2023-06-02 00:00:00,,1:23-cv-03568,,Products Liability,,,,,,,,,,,,,,,,,,,,,DN/complete/co-work,,,,,,,new
3080,3080 IN RE: Insulin Pricing Litigation,"Martinotti, Brian R.",NJ,,2023-08-03 00:00:00,,2:23-md-03080,,Sales Practices,,,,,,,,,,,,,,,,,,,,,DN/complete/co-work,,,,,,,new
3081,3081 IN RE: Bard Implanted Port Catheter Products Liability Litigation,"Campbell, David G.",AZ,,2023-08-08 00:00:00,,2:23-md-03081,,Products Liability,,,,,,,,,,,,,,,,,,,,,DN/complete/co-work,,,,,,,new
3083,3083 IN RE: MOVEit Customer Data Security Breach Litigation,"Burroughs, Allison D.",MA,,2023-10-04 00:00:00,,1:23-md-03083,,Data Breach and Consumer Privacy,,,,,,,,,,,,,,,,,,,,,DN/complete/co-work,,,,,,,new
3084,"3084 IN RE: Uber Technologies, Inc., Passenger Sexual Assault Litigation","Breyer, Charles R.",CAN,,2023-10-04 00:00:00,,3:23-md-03084,,Miscellaneous,,,,,,,,,,,,,,,,,,,,Huge docket; only retreived items labaelled pretrial order or case management order,DN/complete/co-work,,,,,,,new
3087,"3087 IN RE: Future Motion, Inc. Products Liability Litigation","Freeman, Beth Labson",CAN,,2023-12-08 00:00:00,,5:23-md-03087,,Products Liability,,,,,,,,,,,,,,,,,,,,,DN/complete/co-work,,,,,,,new
3089,3089 IN RE: Oral Phenylephrine Marketing and Sales Practices Litigation,"Cogan, Brian M.",NYE,,2023-12-06 00:00:00,,1:23-md-03089,,Sales Practices,,,,,,,,,,,,,,,,,,,,,DN/complete/co-work,,,,,,,new
3090,3090 IN RE: Fortra File Transfer Software Data Security Breach Litigation,"Ruiz, Rodolfo A.",FLS,,2024-02-05 00:00:00,,1:24-md-03090,,Data Breach and Consumer Privacy,,,,,,,,,,,,,,,,,,,,,DN/complete/co-work,,,,,,,new
3092,3092 IN RE: Suboxone (Buprenorphine/Naloxone) Film Products Liability Litigation,"Calabrese, J. Philip",OHN,,2024-02-02 00:00:00,,1:24-md-03092,,Products Liability,,,,,,,,,,,,,,,,,,,,,BHS/complete/co-work,,,,,,,new
3093,3093 IN RE: Pipe Flashing Patent Litigation,"Nugent, Donald C.",OHN,,2024-01-30 00:00:00,,1:24-md-03093,,Intellectual Property,,,,,,,,,,,,,,,,,,,,,BHS/complete/co-work,,,,,,,new
3094,3094 IN RE: Glucagon-like Peptide-1 Receptor Agonists (GLP-1 RAs) Products Liability Litigation,"Marston, Karen S.",PAE,,2024-02-02 00:00:00,,2:24-md-03094,,Products Liability,,,,,,,,,,,,,,,,,,,,,BHS/complete/co-work,,,,,,,new
3096,3096 IN RE: Perry Johnson & Associates Medical Transcription Data Security Breach Litigation,"Kovner, Rachel P.",NYE,,2024-01-30 00:00:00,,1:24-md-03096,,Data Breach and Consumer Privacy,,,,,,,,,,,,,,,,,,,,,BHS/complete/co-work,,,,,,,new
3097,3097 IN RE: Concrete and Cement Additives Antitrust Litigation,"Liman, Lewis J.",NYS,,2024-04-12 00:00:00,,1:24-md-03097,,Antitrust,,,,,,,,,,,,,,,,,,,,,BHS/complete/co-work,,,,,,,new
3098,"3098 IN RE: 23andMe, Inc., Customer Data Security Breach Litigation","Chen, Edward M.",CAN,,2024-04-11 00:00:00,,3:24-md-03098,,Data Breach and Consumer Privacy,,,,,,,,,,,,,,,,,,,,,BHS/complete/co-work,,,,,,,new
3101,3101 IN RE: Baby Food Products Liability Litigation,"Corley, Jacqueline Scott",CAN,,2024-04-11 00:00:00,,3:24-md-03101,,Products Liability,,,,,,,,,,,,,,,,,,,,,BHS/complete/co-work,,,,,,,new
3102,3102 IN RE: The Church of Jesus Christ of Latter-Day Saints Tithing Litigation,"Shelby, Robert J.",UT,,2024-04-11 00:00:00,,2:24-md-03102,,Miscellaneous,,,,,,,,,,,,,,,,,,,,,BHS/complete/co-work,,,,,,,new
3103,3103 IN RE: Aflibercept Patent Litigation,"Kleeh, Thomas S.",WVN,,2024-04-11 00:00:00,,1:24-md-03103,,Intellectual Property,,,,,,,,,,,,,,,,,,,,,BHS/complete/co-work,,,,,,,new
3107,3107 IN RE: Passenger Vehicle Replacement Tires Antitrust Litigation,"Lioi, Sara",OHN,,2024-06-07 00:00:00,,5:24-md-03107,,Antitrust,,,,,,,,,,,,,,,,,,,,,BHS/complete/co-work,,,,,,,new
3108,"3108 IN RE: Change Healthcare, Inc., Customer Data Security Breach Litigation","Frank, Donovan W.",MN,,2024-06-07 00:00:00,,0:24-md-03108,,Data Breach and Consumer Privacy,,,,,,,,,,,,,,,,,,,,,BHS/complete/co-work,,,,,,,new
3110,3110 IN RE: Granulated Sugar Antitrust Litigation,"Blackwell, Jerry W.",MN,,2024-06-07 00:00:00,,0:24-md-03110,,Antitrust,,,,,,,,,,,,,,,,,,,,,GFB/complete/co-work,,,,,,,new
3111,3111 IN RE: Capital One 360 Savings Account Interest Rate Litigation,"Novak, David J.",VAE,,2024-06-07 00:00:00,,1:24-md-03111,,Miscellaneous,,,,,,,,,,,,,,,,,,,,,BHS/complete/co-work,,,,,,,new
3113,3113 IN RE: Apple Inc. Smartphone Antitrust Litigation,"Neals, Julien Xavier",NJ,,2024-06-07 00:00:00,,2:24-md-03113,,Antitrust,,,,,,,,,,,,,,,,,,,,,BHS/complete/co-work,,,,,,,new
3114,3114 IN RE: AT&T Inc. Customer Data Security Breach Litigation,"Brown, Ada E.",TXN,,2024-06-05 00:00:00,,3:24-md-03114,,Data Breach and Consumer Privacy,,,,,,,,,,,,,,,,,,,,,BHS/complete/co-work,,,,,,,new
3115,3115 IN RE: Consumer Vehicle Driving Data Tracking Litigation,"Thrash, Thomas W.",GAN,,2024-06-07 00:00:00,,1:24-md-03115,,Data Breach and Consumer Privacy,,,,,,,,,,,,,,,,,,,,,BHS/complete/co-work,,,,,,,new
3119,3119 IN RE: Shale Oil Antitrust Litigation,"Garcia, Matthew L.",NM,,2024-08-01 00:00:00,,1:24-md-03119,,Antitrust,,,,,,,,,,,,,,,,,,,,,BHS/complete/co-work,,,,,,,new
3121,3121 IN RE: MultiPlan Health Insurance Provider Litigation,"Kennelly, Matthew F.",ILN,,2024-08-01 00:00:00,,1:24-cv-06795,,Antitrust,,,,,,,,,,,,,,,,,,,,,BHS/complete/co-work,,,,,,,new
3125,"3125 IN RE: AngioDynamics, Inc., and Navilyst Medical, Inc., Port Catheter Products Liability Litigation","Ohta, Jinsook",CAS,,2024-10-03 00:00:00,,3:24-md-03125,,Products Liability,,,,,,,,,,,,,,,,,,,,,BHS/complete/co-work,,,,,,,new
3126,"3126 IN RE: Snowflake, Inc., Data Security Breach Litigation","Morris, Brian",MT,,2024-10-04 00:00:00,,2:24-md-03126,,Data Breach and Consumer Privacy,,,,,,,,,,,,,,,,,,,,,BHS/complete/co-work,,,,,,,new
3127,3127 IN RE: Evolve Bank & Trust Customer Data Security Breach Litigation,"Lipman, Sheryl H.",TNW,,2024-10-04 00:00:00,,2:24-md-03127,,Data Breach and Consumer Privacy,,,,,,,,,,,,,,,,,,,,,BHS/complete/co-work,,,,,,,new
3128,"3128 IN RE: Dividend Solar Finance, LLC, and Fifth Third Bank Sales and Lending Practices Litigation","Menendez, Katherine Marie",MN,,2024-10-03 00:00:00,,0:24-md-03128,,Sales Practices,,,,,,,,,,,,,,,,,,,,,BHS/complete/co-work,,,,,,,new
3132,3132 IN RE: Midwest Energy Emissions Corp. Patent Litigation,"Locher, Stephen H.",IAS,,2024-12-12 00:00:00,,4:24-md-03132,,Intellectual Property,,,,,,,,,,,,,,,,,,,,,BHS/complete/co-work,,,,,,,new
3134,3134 IN RE: AVYCAZ (Ceftazidime and Avibactam) Patent Litigation,"Quraishi, Zahid N.",NJ,,2025-02-06 00:00:00,,3:25-md-03134,,Intellectual Property,,,,,,,,,,,,,,,,,,,,,BHS/complete/co-work,,,,,,,new
3138,3138 IN RE: Denosumab Patent Litigation,"O'Hearn, Christine P.",NJ,,2025-02-06 00:00:00,,1:25-md-03138,,Intellectual Property,,,,,,,,,,,,,,,,,,,,,BHS/complete/co-work,,,,,,,new
3140,3140 IN RE: Depo-Provera (Depot Medroxyprogesterone Acetate) Products Liability Litigation,"Rodgers, M. Casey",FLN,,2025-02-07 00:00:00,,3:25-md-03140,,Products Liability,,,,,,,,,,,,,,,,,,,,,BHS/complete/co-work,,,,,,,new
3143,"3143 IN RE: OpenAI, Inc., Copyright Infringement Litigation","Stein, Sidney H.",NYS,,2025-04-03 00:00:00,,1:25-md-03143,,Intellectual Property,,,,,,,,,,,,,,,,,,,,,BHS/complete/co-work,,,,,,,new
3144,"3144 IN RE: TikTok, Inc., Minor Privacy Litigation","Wu, George H.",CAC,,2025-04-03 00:00:00,,2:25-ml-03144,,Data Breach and Consumer Privacy,,,,,,,,,,,,,,,,,,,,,BHS/complete/co-work,,,,,,,new
3148,3148 IN RE: GoodRx and Pharmacy Benefit Manager Antitrust Litigation (No. II),"McElroy, Mary S.",RI,,2025-04-02 00:00:00,,1:25-md-03148,,Antitrust,,,,,,,,,,,,,,,,,,,,,BHS/complete/co-work,,,,,,,new
3149,"3149 IN RE: PowerSchool Holdings, Inc., and PowerSchool Group, LLC Customer Data Security Breach Litigation","Benitez, Roger T.",CAS,,2025-04-07 00:00:00,,3:25-md-03149,,Data Breach and Consumer Privacy,,,,,,,,,,,,,,,,,,,,,BHS/complete/co-work,,,,,,,new
